 -.190000E+01 -.146000E+01 0.348000E+01 -.818000E+00 0.259000E+01 0.345011E+02
 -.191069E+01 -.148028E+01 0.350000E+01 -.789773E+00 0.263045E+01 0.355496E+02
 -.193782E+01 -.150761E+01 0.346784E+01 -.772018E+00 0.261573E+01 0.424233E+02
 -.189549E+01 -.145000E+01 0.349601E+01 -.799068E+00 0.261931E+01 0.362194E+02
 -.190401E+01 -.144922E+01 0.348904E+01 -.822332E+00 0.258722E+01 0.358152E+02
 -.191538E+01 -.147303E+01 0.345803E+01 -.804104E+00 0.257000E+01 0.369632E+02
 -.187148E+01 -.143091E+01 0.347402E+01 -.825733E+00 0.258763E+01 0.378259E+02
 -.186667E+01 -.148616E+01 0.345480E+01 -.831623E+00 0.259139E+01 0.402476E+02
 -.191948E+01 -.141583E+01 0.349646E+01 -.820301E+00 0.262161E+01 0.409638E+02
 -.185753E+01 -.141944E+01 0.346298E+01 -.818307E+00 0.258738E+01 0.396846E+02
 -.185837E+01 -.142251E+01 0.346124E+01 -.831048E+00 0.257000E+01 0.389813E+02
 -.191819E+01 -.146011E+01 0.349266E+01 -.816351E+00 0.257000E+01 0.426942E+02
 -.191019E+01 -.153165E+01 0.347273E+01 -.820884E+00 0.258943E+01 0.404722E+02
 -.198187E+01 -.148228E+01 0.350000E+01 -.817133E+00 0.258425E+01 0.416993E+02
 -.189355E+01 -.154285E+01 0.346257E+01 -.818857E+00 0.258516E+01 0.421307E+02
 -.186266E+01 -.143040E+01 0.345838E+01 -.777101E+00 0.259427E+01 0.398537E+02
 -.185973E+01 -.146419E+01 0.342752E+01 -.742821E+00 0.261488E+01 0.416210E+02
 -.189702E+01 -.145000E+01 0.350000E+01 -.788919E+00 0.265309E+01 0.410014E+02
 -.193390E+01 -.145965E+01 0.348914E+01 -.782006E+00 0.262788E+01 0.363333E+02
 -.186737E+01 -.143006E+01 0.347282E+01 -.824368E+00 0.260201E+01 0.399258E+02
 -.194683E+01 -.146651E+01 0.347110E+01 -.757688E+00 0.262839E+01 0.420790E+02
 -.192427E+01 -.149877E+01 0.348991E+01 -.833481E+00 0.261071E+01 0.406374E+02
 -.189793E+01 -.146391E+01 0.347899E+01 -.811601E+00 0.261327E+01 0.368867E+02
 -.186736E+01 -.145068E+01 0.349138E+01 -.868023E+00 0.258958E+01 0.426869E+02
 -.190016E+01 -.147786E+01 0.350000E+01 -.776866E+00 0.264299E+01 0.371182E+02
 -.187673E+01 -.145438E+01 0.349074E+01 -.830446E+00 0.257418E+01 0.416304E+02
 -.190417E+01 -.145000E+01 0.350000E+01 -.813608E+00 0.259777E+01 0.372563E+02
 -.191767E+01 -.146074E+01 0.345347E+01 -.749285E+00 0.261686E+01 0.413354E+02
 -.194988E+01 -.145000E+01 0.349625E+01 -.833857E+00 0.257366E+01 0.387244E+02
 -.189729E+01 -.144140E+01 0.341741E+01 -.782328E+00 0.257000E+01 0.426393E+02
 -.188686E+01 -.145000E+01 0.349775E+01 -.889996E+00 0.257000E+01 0.420851E+02
 -.188632E+01 -.145817E+01 0.349788E+01 -.836124E+00 0.261394E+01 0.392757E+02
 -.187176E+01 -.143962E+01 0.347383E+01 -.852138E+00 0.258629E+01 0.397888E+02
 -.196141E+01 -.146145E+01 0.348433E+01 -.783687E+00 0.261614E+01 0.397421E+02
 -.194861E+01 -.145780E+01 0.349234E+01 -.859958E+00 0.257094E+01 0.385392E+02
 -.189609E+01 -.145014E+01 0.347541E+01 -.827633E+00 0.258319E+01 0.349355E+02
 -.181024E+01 -.149439E+01 0.344745E+01 -.817869E+00 0.257000E+01 0.418507E+02
 -.191894E+01 -.146476E+01 0.347930E+01 -.768750E+00 0.264777E+01 0.415439E+02
 -.192301E+01 -.149948E+01 0.347934E+01 -.813080E+00 0.257932E+01 0.372428E+02
 -.194527E+01 -.145365E+01 0.350000E+01 -.792572E+00 0.264736E+01 0.411449E+02
 -.194433E+01 -.149020E+01 0.350000E+01 -.795505E+00 0.262832E+01 0.368581E+02
 -.189151E+01 -.145208E+01 0.345284E+01 -.775000E+00 0.258526E+01 0.380956E+02
 -.186851E+01 -.144086E+01 0.348196E+01 -.801207E+00 0.260327E+01 0.385883E+02
 -.192992E+01 -.142116E+01 0.347561E+01 -.810807E+00 0.257000E+01 0.418762E+02
 -.190938E+01 -.146803E+01 0.348332E+01 -.799045E+00 0.258828E+01 0.368844E+02
 -.190442E+01 -.145660E+01 0.346861E+01 -.761159E+00 0.260528E+01 0.392433E+02
 -.193156E+01 -.152655E+01 0.347158E+01 -.787346E+00 0.258874E+01 0.422890E+02
 -.193575E+01 -.149147E+01 0.347977E+01 -.810596E+00 0.257619E+01 0.384257E+02
 -.190948E+01 -.152903E+01 0.346785E+01 -.808285E+00 0.259989E+01 0.415537E+02
 -.191557E+01 -.143114E+01 0.348004E+01 -.827992E+00 0.259126E+01 0.369997E+02
 -.187167E+01 -.145293E+01 0.347252E+01 -.761890E+00 0.261084E+01 0.408738E+02
 -.186322E+01 -.145483E+01 0.341971E+01 -.775000E+00 0.259315E+01 0.404830E+02
 -.189177E+01 -.143954E+01 0.348117E+01 -.816692E+00 0.260238E+01 0.362668E+02
 -.188195E+01 -.145615E+01 0.348207E+01 -.807774E+00 0.260676E+01 0.358845E+02
 -.190690E+01 -.146385E+01 0.348204E+01 -.862495E+00 0.257000E+01 0.365919E+02
 -.188396E+01 -.146569E+01 0.347645E+01 -.818663E+00 0.257282E+01 0.372268E+02
 -.191318E+01 -.146538E+01 0.345386E+01 -.799668E+00 0.257112E+01 0.370959E+02
 -.188947E+01 -.147335E+01 0.348203E+01 -.802294E+00 0.258681E+01 0.376339E+02
 -.192056E+01 -.140701E+01 0.348924E+01 -.839666E+00 0.257000E+01 0.425903E+02
 -.190508E+01 -.146880E+01 0.348147E+01 -.802463E+00 0.258216E+01 0.376767E+02
 -.183270E+01 -.146269E+01 0.345416E+01 -.820460E+00 0.257000E+01 0.382961E+02
 -.189819E+01 -.147651E+01 0.347819E+01 -.775000E+00 0.259485E+01 0.407092E+02
 -.188108E+01 -.143855E+01 0.347598E+01 -.825420E+00 0.257473E+01 0.374437E+02
 -.188548E+01 -.145903E+01 0.348046E+01 -.825187E+00 0.261495E+01 0.398460E+02
 -.186706E+01 -.144833E+01 0.348036E+01 -.819068E+00 0.260634E+01 0.383771E+02
 -.190619E+01 -.145373E+01 0.346510E+01 -.846171E+00 0.257994E+01 0.386212E+02
 -.190266E+01 -.145073E+01 0.348617E+01 -.828832E+00 0.257000E+01 0.383689E+02
 -.186305E+01 -.146590E+01 0.345502E+01 -.824358E+00 0.257045E+01 0.348010E+02
 -.190291E+01 -.145844E+01 0.348189E+01 -.812442E+00 0.257603E+01 0.378619E+02
 -.195267E+01 -.146342E+01 0.347895E+01 -.837147E+00 0.257000E+01 0.391453E+02
 -.193297E+01 -.146052E+01 0.350000E+01 -.826852E+00 0.257000E+01 0.419352E+02
 -.191635E+01 -.146705E+01 0.348113E+01 -.805889E+00 0.258576E+01 0.357321E+02
 -.184669E+01 -.147775E+01 0.342535E+01 -.816435E+00 0.257373E+01 0.382606E+02
 -.190495E+01 -.146848E+01 0.348194E+01 -.775000E+00 0.260587E+01 0.376555E+02
 -.189091E+01 -.145000E+01 0.346641E+01 -.801757E+00 0.257000E+01 0.387569E+02
 -.184888E+01 -.149219E+01 0.347630E+01 -.851097E+00 0.257920E+01 0.410224E+02
 -.192710E+01 -.147190E+01 0.347983E+01 -.816329E+00 0.259711E+01 0.358417E+02
 -.188836E+01 -.148917E+01 0.343149E+01 -.818475E+00 0.257263E+01 0.409666E+02
 -.185915E+01 -.146219E+01 0.347431E+01 -.807429E+00 0.258986E+01 0.379557E+02
 -.191762E+01 -.145828E+01 0.348016E+01 -.812404E+00 0.259242E+01 0.346872E+02
 -.189658E+01 -.145046E+01 0.348030E+01 -.883480E+00 0.257204E+01 0.410062E+02
 -.189919E+01 -.144785E+01 0.348040E+01 -.812370E+00 0.258752E+01 0.355212E+02
 -.189655E+01 -.144723E+01 0.345383E+01 -.816549E+00 0.258475E+01 0.369750E+02
 -.190970E+01 -.145076E+01 0.350000E+01 -.883144E+00 0.257000E+01 0.396321E+02
 -.192670E+01 -.148468E+01 0.350000E+01 -.824870E+00 0.258424E+01 0.371893E+02
 -.190847E+01 -.147082E+01 0.348011E+01 -.813857E+00 0.258764E+01 0.345932E+02
 -.197055E+01 -.146164E+01 0.349303E+01 -.858557E+00 0.257000E+01 0.416737E+02
 -.190927E+01 -.148600E+01 0.347978E+01 -.818656E+00 0.258804E+01 0.349053E+02
 -.189351E+01 -.144612E+01 0.347562E+01 -.800934E+00 0.257492E+01 0.404602E+02
 -.187595E+01 -.140595E+01 0.345671E+01 -.827306E+00 0.257000E+01 0.403010E+02
 -.189855E+01 -.147854E+01 0.347978E+01 -.818849E+00 0.258801E+01 0.346663E+02
 -.193739E+01 -.148097E+01 0.348641E+01 -.815798E+00 0.257228E+01 0.392722E+02
 -.186675E+01 -.146295E+01 0.350000E+01 -.819075E+00 0.261690E+01 0.408697E+02
 -.189454E+01 -.143909E+01 0.348032E+01 -.815320E+00 0.259060E+01 0.358787E+02
 -.192780E+01 -.150456E+01 0.350000E+01 -.818038E+00 0.258430E+01 0.395015E+02
 -.191345E+01 -.141297E+01 0.348036E+01 -.814550E+00 0.259085E+01 0.389613E+02
 -.186182E+01 -.144339E+01 0.348631E+01 -.795453E+00 0.260866E+01 0.407215E+02
 -.186909E+01 -.149021E+01 0.347055E+01 -.809921E+00 0.257000E+01 0.399733E+02
 -.191243E+01 -.152121E+01 0.346255E+01 -.808612E+00 0.257000E+01 0.398587E+02
 -.192609E+01 -.142629E+01 0.347993E+01 -.814964E+00 0.258568E+01 0.376825E+02
 -.189430E+01 -.146408E+01 0.347671E+01 -.821347E+00 0.257000E+01 0.368340E+02
 -.187543E+01 -.145389E+01 0.347921E+01 -.818659E+00 0.260195E+01 0.366106E+02
 -.190980E+01 -.149763E+01 0.347984E+01 -.817300E+00 0.258665E+01 0.357017E+02
 -.189552E+01 -.146798E+01 0.350000E+01 -.817826E+00 0.258187E+01 0.424301E+02
 -.190354E+01 -.144324E+01 0.347191E+01 -.775000E+00 0.262127E+01 0.370958E+02
 -.190765E+01 -.147919E+01 0.350000E+01 -.819485E+00 0.258564E+01 0.388413E+02
 -.186074E+01 -.146675E+01 0.348993E+01 -.817980E+00 0.259766E+01 0.401874E+02
 -.186411E+01 -.151115E+01 0.349209E+01 -.819645E+00 0.261191E+01 0.421318E+02
 -.188190E+01 -.148395E+01 0.347991E+01 -.815203E+00 0.258900E+01 0.359336E+02
 -.195954E+01 -.143639E+01 0.348017E+01 -.786356E+00 0.259158E+01 0.423184E+02
 -.192475E+01 -.148270E+01 0.348444E+01 -.818214E+00 0.260108E+01 0.358834E+02
 -.190443E+01 -.142512E+01 0.348023E+01 -.814267E+00 0.259006E+01 0.371433E+02
 -.189349E+01 -.147551E+01 0.344941E+01 -.816465E+00 0.258991E+01 0.392642E+02
 -.189703E+01 -.147034E+01 0.348728E+01 -.861821E+00 0.257100E+01 0.368053E+02
 -.192302E+01 -.147035E+01 0.348017E+01 -.818235E+00 0.258853E+01 0.349416E+02
 -.190029E+01 -.146191E+01 0.348521E+01 -.825339E+00 0.257000E+01 0.384191E+02
 -.191522E+01 -.148118E+01 0.349323E+01 -.853416E+00 0.257963E+01 0.362442E+02
 -.193196E+01 -.144059E+01 0.347229E+01 -.788859E+00 0.258950E+01 0.386791E+02
 -.191621E+01 -.151002E+01 0.347983E+01 -.819212E+00 0.258756E+01 0.370051E+02
 -.188311E+01 -.146788E+01 0.349000E+01 -.814445E+00 0.260612E+01 0.362622E+02
 -.189480E+01 -.149879E+01 0.347974E+01 -.814169E+00 0.258939E+01 0.359374E+02
 -.194260E+01 -.145998E+01 0.346709E+01 -.824646E+00 0.257000E+01 0.389188E+02
 -.188082E+01 -.144275E+01 0.348147E+01 -.834707E+00 0.259034E+01 0.369620E+02
 -.192712E+01 -.144347E+01 0.349681E+01 -.871783E+00 0.257000E+01 0.385751E+02
 -.186099E+01 -.147021E+01 0.348228E+01 -.819589E+00 0.262213E+01 0.424869E+02
 -.190103E+01 -.147304E+01 0.346975E+01 -.846597E+00 0.258893E+01 0.395797E+02
 -.189287E+01 -.145417E+01 0.347981E+01 -.810984E+00 0.258917E+01 0.353525E+02
 -.191464E+01 -.143162E+01 0.347484E+01 -.804380E+00 0.258378E+01 0.375063E+02
 -.187907E+01 -.143996E+01 0.350000E+01 -.867589E+00 0.259358E+01 0.426889E+02
 -.184350E+01 -.146334E+01 0.346742E+01 -.828276E+00 0.258439E+01 0.387280E+02
 -.190842E+01 -.142457E+01 0.348039E+01 -.816515E+00 0.258911E+01 0.371607E+02
 -.188036E+01 -.152680E+01 0.347688E+01 -.823457E+00 0.257981E+01 0.397533E+02
 -.187390E+01 -.152172E+01 0.347322E+01 -.824866E+00 0.259311E+01 0.397403E+02
 -.189508E+01 -.145743E+01 0.345874E+01 -.819091E+00 0.257000E+01 0.347301E+02
 -.192128E+01 -.141455E+01 0.348041E+01 -.821740E+00 0.258865E+01 0.389856E+02
 -.193146E+01 -.146531E+01 0.345888E+01 -.775000E+00 0.258496E+01 0.409783E+02
 -.191018E+01 -.150966E+01 0.347560E+01 -.829965E+00 0.258897E+01 0.380990E+02
 -.189335E+01 -.140620E+01 0.347696E+01 -.822336E+00 0.258786E+01 0.403948E+02
 -.185493E+01 -.150153E+01 0.346106E+01 -.862125E+00 0.257000E+01 0.408967E+02
 -.194766E+01 -.145414E+01 0.348192E+01 -.810126E+00 0.261632E+01 0.418758E+02
 -.186589E+01 -.143481E+01 0.348929E+01 -.864984E+00 0.257666E+01 0.423707E+02
 -.191129E+01 -.148955E+01 0.347989E+01 -.815994E+00 0.258893E+01 0.351272E+02
 -.187566E+01 -.144599E+01 0.348038E+01 -.826289E+00 0.258565E+01 0.369134E+02
 -.194427E+01 -.149355E+01 0.347842E+01 -.811938E+00 0.259288E+01 0.385278E+02
 -.191586E+01 -.145782E+01 0.347048E+01 -.809726E+00 0.261594E+01 0.414730E+02
 -.190024E+01 -.149227E+01 0.347960E+01 -.811316E+00 0.258842E+01 0.355173E+02
 -.193102E+01 -.146970E+01 0.350000E+01 -.818305E+00 0.257978E+01 0.395904E+02
 -.191966E+01 -.145359E+01 0.350000E+01 -.835843E+00 0.258790E+01 0.358252E+02
 -.188917E+01 -.150168E+01 0.348066E+01 -.816556E+00 0.258762E+01 0.365963E+02
 -.187917E+01 -.145068E+01 0.347044E+01 -.870912E+00 0.257000E+01 0.392588E+02
 -.191823E+01 -.143665E+01 0.347584E+01 -.778762E+00 0.260634E+01 0.374635E+02
 -.193310E+01 -.149202E+01 0.349727E+01 -.811022E+00 0.258818E+01 0.379306E+02
 -.187921E+01 -.146335E+01 0.345265E+01 -.823746E+00 0.257000E+01 0.344521E+02
 -.187814E+01 -.145000E+01 0.346383E+01 -.788299E+00 0.257496E+01 0.409876E+02
 -.186001E+01 -.144162E+01 0.346821E+01 -.813140E+00 0.257000E+01 0.404525E+02
 -.188094E+01 -.145461E+01 0.345855E+01 -.819759E+00 0.257000E+01 0.346705E+02
 -.187981E+01 -.144207E+01 0.346505E+01 -.826443E+00 0.259133E+01 0.371392E+02
 -.185298E+01 -.147153E+01 0.344883E+01 -.823991E+00 0.259527E+01 0.409261E+02
 -.188231E+01 -.148006E+01 0.345112E+01 -.799125E+00 0.257000E+01 0.358577E+02
 -.186451E+01 -.146435E+01 0.345215E+01 -.829152E+00 0.259877E+01 0.426587E+02
 -.190504E+01 -.145168E+01 0.345174E+01 -.819934E+00 0.257338E+01 0.365986E+02
 -.184003E+01 -.146621E+01 0.343037E+01 -.816408E+00 0.257000E+01 0.360519E+02
 -.191193E+01 -.145876E+01 0.346673E+01 -.813473E+00 0.257000E+01 0.360933E+02
 -.192147E+01 -.141089E+01 0.347329E+01 -.836921E+00 0.257669E+01 0.406576E+02
 -.191709E+01 -.148929E+01 0.345393E+01 -.817606E+00 0.257000E+01 0.378244E+02
 -.196408E+01 -.149061E+01 0.348170E+01 -.806253E+00 0.257645E+01 0.423804E+02
 -.190209E+01 -.146303E+01 0.346173E+01 -.813311E+00 0.259305E+01 0.364387E+02
 -.186984E+01 -.147926E+01 0.343910E+01 -.826300E+00 0.257530E+01 0.379890E+02
 -.196305E+01 -.144627E+01 0.348481E+01 -.834226E+00 0.257000E+01 0.407158E+02
 -.188929E+01 -.144056E+01 0.348499E+01 -.835844E+00 0.257002E+01 0.388778E+02
 -.185148E+01 -.145154E+01 0.347380E+01 -.825784E+00 0.259643E+01 0.393497E+02
 -.188623E+01 -.145336E+01 0.349563E+01 -.820715E+00 0.259070E+01 0.387384E+02
 -.184925E+01 -.146614E+01 0.343904E+01 -.842665E+00 0.257000E+01 0.388073E+02
 -.188853E+01 -.147484E+01 0.345255E+01 -.822724E+00 0.257000E+01 0.348245E+02
 -.196474E+01 -.145315E+01 0.350000E+01 -.818652E+00 0.257988E+01 0.406246E+02
 -.182407E+01 -.147418E+01 0.344310E+01 -.799394E+00 0.259183E+01 0.391061E+02
 -.188754E+01 -.146113E+01 0.347406E+01 -.815495E+00 0.258276E+01 0.349875E+02
 -.188786E+01 -.147092E+01 0.345118E+01 -.821228E+00 0.259547E+01 0.410056E+02
 -.193132E+01 -.147253E+01 0.346916E+01 -.809774E+00 0.260009E+01 0.391297E+02
 -.191690E+01 -.148274E+01 0.348466E+01 -.827379E+00 0.257143E+01 0.368847E+02
 -.191214E+01 -.145877E+01 0.346767E+01 -.804433E+00 0.257470E+01 0.365423E+02
 -.188987E+01 -.146417E+01 0.348492E+01 -.819433E+00 0.259181E+01 0.352979E+02
 -.185520E+01 -.145160E+01 0.345838E+01 -.786503E+00 0.258832E+01 0.380764E+02
 -.188711E+01 -.146317E+01 0.345039E+01 -.823560E+00 0.257000E+01 0.349345E+02
 -.180718E+01 -.148626E+01 0.341557E+01 -.770476E+00 0.258499E+01 0.398934E+02
 -.185324E+01 -.151777E+01 0.344705E+01 -.818489E+00 0.257572E+01 0.386076E+02
 -.193185E+01 -.146184E+01 0.346966E+01 -.834810E+00 0.259167E+01 0.415430E+02
 -.185176E+01 -.146747E+01 0.343630E+01 -.840921E+00 0.257539E+01 0.411133E+02
 -.186571E+01 -.147010E+01 0.349090E+01 -.833761E+00 0.260335E+01 0.396940E+02
 -.189438E+01 -.140103E+01 0.344855E+01 -.822536E+00 0.257000E+01 0.421707E+02
 -.186555E+01 -.146140E+01 0.346125E+01 -.826511E+00 0.257249E+01 0.351644E+02
 -.189596E+01 -.145980E+01 0.346854E+01 -.810424E+00 0.257000E+01 0.367111E+02
 -.190218E+01 -.147273E+01 0.347686E+01 -.814546E+00 0.257000E+01 0.377284E+02
 -.189228E+01 -.147988E+01 0.343971E+01 -.803188E+00 0.257000E+01 0.363737E+02
 -.192850E+01 -.152622E+01 0.350000E+01 -.841038E+00 0.257000E+01 0.426477E+02
 -.192036E+01 -.141373E+01 0.347762E+01 -.779596E+00 0.259659E+01 0.425483E+02
 -.191493E+01 -.144278E+01 0.345286E+01 -.840302E+00 0.257000E+01 0.404160E+02
 -.189241E+01 -.146305E+01 0.345432E+01 -.825349E+00 0.257261E+01 0.351259E+02
 -.182897E+01 -.150125E+01 0.343178E+01 -.842001E+00 0.257000E+01 0.425269E+02
 -.191484E+01 -.146021E+01 0.350000E+01 -.836427E+00 0.257000E+01 0.407605E+02
 -.191546E+01 -.153022E+01 0.346206E+01 -.811293E+00 0.257000E+01 0.410801E+02
 -.180482E+01 -.146001E+01 0.344771E+01 -.827406E+00 0.257114E+01 0.424412E+02
 -.186767E+01 -.147335E+01 0.344961E+01 -.781229E+00 0.257071E+01 0.400752E+02
 -.187140E+01 -.146626E+01 0.344015E+01 -.835223E+00 0.257117E+01 0.380201E+02
 -.189610E+01 -.145663E+01 0.346499E+01 -.824661E+00 0.258205E+01 0.350054E+02
 -.184158E+01 -.144804E+01 0.342474E+01 -.823246E+00 0.257702E+01 0.409596E+02
 -.186762E+01 -.146694E+01 0.346016E+01 -.835735E+00 0.257000E+01 0.351310E+02
 -.181400E+01 -.148762E+01 0.343572E+01 -.836936E+00 0.257282E+01 0.418842E+02
 -.189103E+01 -.145792E+01 0.343098E+01 -.825707E+00 0.257000E+01 0.413435E+02
 -.188267E+01 -.146199E+01 0.347172E+01 -.808180E+00 0.257133E+01 0.385043E+02
 -.190209E+01 -.146560E+01 0.343778E+01 -.820052E+00 0.257091E+01 0.396470E+02
 -.192138E+01 -.147518E+01 0.350000E+01 -.822165E+00 0.257442E+01 0.415917E+02
 -.191415E+01 -.144053E+01 0.350000E+01 -.886849E+00 0.257000E+01 0.405850E+02
 -.191905E+01 -.146907E+01 0.347849E+01 -.832136E+00 0.259828E+01 0.379863E+02
 -.188885E+01 -.146120E+01 0.345101E+01 -.813202E+00 0.257000E+01 0.346954E+02
 -.189889E+01 -.147641E+01 0.350000E+01 -.824652E+00 0.258126E+01 0.404127E+02
 -.191628E+01 -.145981E+01 0.350000E+01 -.879588E+00 0.257000E+01 0.387126E+02
 -.193137E+01 -.143392E+01 0.345893E+01 -.793627E+00 0.257833E+01 0.404106E+02
 -.189026E+01 -.145183E+01 0.349008E+01 -.832414E+00 0.258885E+01 0.363403E+02
 -.188449E+01 -.146221E+01 0.343454E+01 -.832943E+00 0.257066E+01 0.407099E+02
 -.195933E+01 -.143512E+01 0.349189E+01 -.809487E+00 0.260969E+01 0.394776E+02
 -.188300E+01 -.146928E+01 0.343544E+01 -.814327E+00 0.258168E+01 0.398577E+02
 -.188256E+01 -.148793E+01 0.347441E+01 -.829055E+00 0.257100E+01 0.363304E+02
 -.192462E+01 -.145220E+01 0.350000E+01 -.868346E+00 0.259585E+01 0.403806E+02
 -.183038E+01 -.152721E+01 0.345199E+01 -.823546E+00 0.257761E+01 0.425424E+02
 -.185854E+01 -.144576E+01 0.344692E+01 -.832063E+00 0.257529E+01 0.371694E+02
 -.187168E+01 -.146425E+01 0.344360E+01 -.835087E+00 0.257093E+01 0.370076E+02
 -.187779E+01 -.150175E+01 0.345838E+01 -.810529E+00 0.257000E+01 0.366076E+02
 -.187012E+01 -.145763E+01 0.342639E+01 -.812774E+00 0.257000E+01 0.376598E+02
 -.188011E+01 -.145252E+01 0.345951E+01 -.795364E+00 0.257000E+01 0.387975E+02
 -.189764E+01 -.147554E+01 0.346137E+01 -.856701E+00 0.257000E+01 0.385436E+02
 -.184086E+01 -.145106E+01 0.342115E+01 -.820494E+00 0.257000E+01 0.387690E+02
 -.185078E+01 -.142583E+01 0.343661E+01 -.800061E+00 0.257000E+01 0.375907E+02
 -.192107E+01 -.149695E+01 0.350000E+01 -.852311E+00 0.257000E+01 0.388661E+02
 -.187239E+01 -.146406E+01 0.346154E+01 -.822777E+00 0.257005E+01 0.349254E+02
 -.188173E+01 -.146060E+01 0.350000E+01 -.819527E+00 0.259646E+01 0.396079E+02
 -.191386E+01 -.150208E+01 0.349012E+01 -.872985E+00 0.257000E+01 0.393341E+02
 -.189688E+01 -.145664E+01 0.346575E+01 -.826540E+00 0.259198E+01 0.369662E+02
 -.188176E+01 -.146237E+01 0.346036E+01 -.813332E+00 0.257000E+01 0.350973E+02
 -.187426E+01 -.144915E+01 0.340789E+01 -.787086E+00 0.257105E+01 0.417853E+02
 -.188095E+01 -.141343E+01 0.345703E+01 -.801108E+00 0.257535E+01 0.399657E+02
 -.187737E+01 -.144390E+01 0.345825E+01 -.805024E+00 0.257574E+01 0.358877E+02
 -.193792E+01 -.146249E+01 0.350000E+01 -.834773E+00 0.258536E+01 0.358511E+02
 -.188688E+01 -.146299E+01 0.344391E+01 -.813927E+00 0.257036E+01 0.352821E+02
 -.191709E+01 -.145297E+01 0.346866E+01 -.821289E+00 0.257719E+01 0.355703E+02
 -.193483E+01 -.142208E+01 0.345861E+01 -.824696E+00 0.257031E+01 0.420451E+02
 -.190146E+01 -.145429E+01 0.344160E+01 -.792963E+00 0.257000E+01 0.374709E+02
 -.188314E+01 -.152249E+01 0.347916E+01 -.840850E+00 0.257000E+01 0.397458E+02
 -.191762E+01 -.146892E+01 0.345060E+01 -.827453E+00 0.257000E+01 0.389126E+02
 -.187757E+01 -.146412E+01 0.344414E+01 -.830584E+00 0.257000E+01 0.362473E+02
 -.185881E+01 -.142604E+01 0.345903E+01 -.814250E+00 0.257209E+01 0.387859E+02
 -.192830E+01 -.146758E+01 0.347110E+01 -.804600E+00 0.257000E+01 0.388984E+02
 -.187173E+01 -.146683E+01 0.349378E+01 -.819000E+00 0.261363E+01 0.388319E+02
 -.186927E+01 -.147317E+01 0.346166E+01 -.801731E+00 0.257000E+01 0.382145E+02
 -.183150E+01 -.148996E+01 0.341974E+01 -.799231E+00 0.257188E+01 0.371468E+02
 -.187624E+01 -.151467E+01 0.346044E+01 -.789358E+00 0.257276E+01 0.420802E+02
 -.186305E+01 -.147760E+01 0.347403E+01 -.822683E+00 0.257000E+01 0.391787E+02
 -.186376E+01 -.146904E+01 0.347257E+01 -.826397E+00 0.259891E+01 0.379718E+02
 -.186976E+01 -.146370E+01 0.345767E+01 -.839397E+00 0.257027E+01 0.354019E+02
 -.191318E+01 -.146199E+01 0.350000E+01 -.829150E+00 0.257256E+01 0.414527E+02
 -.190381E+01 -.147457E+01 0.346042E+01 -.820214E+00 0.258681E+01 0.367011E+02
 -.189202E+01 -.146193E+01 0.350000E+01 -.812222E+00 0.260919E+01 0.366743E+02
 -.184105E+01 -.150365E+01 0.345021E+01 -.833217E+00 0.257161E+01 0.386192E+02
 -.181940E+01 -.150974E+01 0.344223E+01 -.815570E+00 0.257436E+01 0.405792E+02
 -.185980E+01 -.146136E+01 0.349467E+01 -.828187E+00 0.259124E+01 0.423249E+02
 -.187818E+01 -.146302E+01 0.346424E+01 -.816061E+00 0.257014E+01 0.355891E+02
 -.186677E+01 -.143639E+01 0.345696E+01 -.793594E+00 0.257029E+01 0.406720E+02
 -.191031E+01 -.146234E+01 0.347921E+01 -.839237E+00 0.257000E+01 0.353280E+02
 -.187938E+01 -.147509E+01 0.345547E+01 -.762157E+00 0.260045E+01 0.383334E+02
 -.189290E+01 -.148322E+01 0.345015E+01 -.858542E+00 0.257021E+01 0.427232E+02
 -.195376E+01 -.145688E+01 0.350000E+01 -.827721E+00 0.257531E+01 0.396734E+02
 -.188688E+01 -.148524E+01 0.345167E+01 -.809808E+00 0.257006E+01 0.351309E+02
 -.188816E+01 -.146273E+01 0.346395E+01 -.808927E+00 0.257000E+01 0.361355E+02
 -.185640E+01 -.145675E+01 0.345943E+01 -.856908E+00 0.257563E+01 0.397609E+02
 -.183403E+01 -.145310E+01 0.341745E+01 -.813787E+00 0.257188E+01 0.388627E+02
 -.183759E+01 -.147643E+01 0.344203E+01 -.835013E+00 0.257844E+01 0.397528E+02
 -.190287E+01 -.144231E+01 0.346884E+01 -.848746E+00 0.257372E+01 0.371683E+02
 -.189107E+01 -.148224E+01 0.350000E+01 -.875502E+00 0.257000E+01 0.403877E+02
 -.191027E+01 -.141218E+01 0.349715E+01 -.829790E+00 0.260373E+01 0.398680E+02
 -.191733E+01 -.146604E+01 0.345340E+01 -.806367E+00 0.257148E+01 0.370934E+02
 -.188041E+01 -.146307E+01 0.343213E+01 -.818919E+00 0.257014E+01 0.379843E+02
 -.188711E+01 -.147623E+01 0.350000E+01 -.823960E+00 0.259862E+01 0.377951E+02
 -.187392E+01 -.143819E+01 0.347702E+01 -.825874E+00 0.257248E+01 0.390274E+02
 -.187834E+01 -.146869E+01 0.346124E+01 -.761493E+00 0.259783E+01 0.403599E+02
 -.184757E+01 -.142523E+01 0.346680E+01 -.821320E+00 0.257000E+01 0.424621E+02
 -.185041E+01 -.146627E+01 0.345169E+01 -.797770E+00 0.257000E+01 0.379830E+02
 -.187180E+01 -.146398E+01 0.343705E+01 -.834513E+00 0.257018E+01 0.385320E+02
 -.192761E+01 -.147251E+01 0.345606E+01 -.794868E+00 0.258400E+01 0.385779E+02
 -.185559E+01 -.151452E+01 0.345298E+01 -.826161E+00 0.257072E+01 0.379976E+02
 -.190204E+01 -.145824E+01 0.350000E+01 -.835336E+00 0.260513E+01 0.363854E+02
 -.188342E+01 -.148053E+01 0.346306E+01 -.866475E+00 0.257000E+01 0.396555E+02
 -.185670E+01 -.140083E+01 0.344462E+01 -.808588E+00 0.257000E+01 0.418687E+02
 -.189158E+01 -.145928E+01 0.345210E+01 -.799833E+00 0.257273E+01 0.355162E+02
 -.187622E+01 -.146465E+01 0.345167E+01 -.838928E+00 0.257000E+01 0.359674E+02
 -.189341E+01 -.147403E+01 0.350000E+01 -.800715E+00 0.259325E+01 0.427218E+02
 -.185720E+01 -.146184E+01 0.344200E+01 -.798186E+00 0.258221E+01 0.352500E+02
 -.190061E+01 -.148841E+01 0.347145E+01 -.847764E+00 0.257112E+01 0.362134E+02
 -.188259E+01 -.143992E+01 0.346872E+01 -.832924E+00 0.259468E+01 0.385712E+02
 -.193295E+01 -.145897E+01 0.349313E+01 -.815530E+00 0.258335E+01 0.371213E+02
 -.188371E+01 -.146299E+01 0.346577E+01 -.802535E+00 0.257012E+01 0.382049E+02
 -.186426E+01 -.144625E+01 0.345145E+01 -.780643E+00 0.257048E+01 0.422536E+02
 -.182036E+01 -.145313E+01 0.344349E+01 -.807932E+00 0.257207E+01 0.389059E+02
 -.190452E+01 -.146891E+01 0.350000E+01 -.816391E+00 0.259708E+01 0.364396E+02
 -.186850E+01 -.146706E+01 0.345182E+01 -.814023E+00 0.257039E+01 0.345061E+02
 -.189951E+01 -.143143E+01 0.345744E+01 -.799875E+00 0.257005E+01 0.385846E+02
 -.188232E+01 -.144003E+01 0.345182E+01 -.850836E+00 0.257000E+01 0.392853E+02
 -.191777E+01 -.151920E+01 0.348105E+01 -.830371E+00 0.257000E+01 0.392034E+02
 -.187951E+01 -.146365E+01 0.344783E+01 -.770502E+00 0.259648E+01 0.367543E+02
 -.190103E+01 -.145510E+01 0.344071E+01 -.808801E+00 0.257000E+01 0.372194E+02
 -.196117E+01 -.145992E+01 0.350000E+01 -.844366E+00 0.257000E+01 0.396613E+02
 -.188286E+01 -.146181E+01 0.345712E+01 -.788207E+00 0.257000E+01 0.397337E+02
 -.187914E+01 -.144618E+01 0.342338E+01 -.792592E+00 0.257000E+01 0.380305E+02
 -.183041E+01 -.146842E+01 0.345805E+01 -.806819E+00 0.257158E+01 0.413474E+02
 -.184108E+01 -.146440E+01 0.344700E+01 -.822627E+00 0.257000E+01 0.359778E+02
 -.180705E+01 -.147719E+01 0.341021E+01 -.768185E+00 0.259237E+01 0.410363E+02
 -.190986E+01 -.144939E+01 0.345333E+01 -.828455E+00 0.257096E+01 0.374651E+02
 -.191640E+01 -.150722E+01 0.348681E+01 -.841455E+00 0.260430E+01 0.416173E+02
 -.188048E+01 -.149035E+01 0.347106E+01 -.796089E+00 0.262176E+01 0.393186E+02
 -.188631E+01 -.148649E+01 0.347853E+01 -.824081E+00 0.259455E+01 0.357941E+02
 -.187580E+01 -.146280E+01 0.344082E+01 -.789063E+00 0.257007E+01 0.362160E+02
 -.195026E+01 -.144923E+01 0.348928E+01 -.832321E+00 0.260440E+01 0.405805E+02
 -.184949E+01 -.148092E+01 0.348185E+01 -.828965E+00 0.258938E+01 0.406378E+02
 -.192768E+01 -.147196E+01 0.345517E+01 -.810606E+00 0.258786E+01 0.407322E+02
 -.190397E+01 -.144924E+01 0.345290E+01 -.831521E+00 0.257002E+01 0.370688E+02
 -.188577E+01 -.152206E+01 0.346079E+01 -.848168E+00 0.257041E+01 0.403241E+02
 -.191773E+01 -.146045E+01 0.347577E+01 -.823276E+00 0.258622E+01 0.351113E+02
 -.187571E+01 -.146474E+01 0.343006E+01 -.830711E+00 0.257004E+01 0.405821E+02
 -.192067E+01 -.146272E+01 0.349439E+01 -.816285E+00 0.259709E+01 0.346524E+02
 -.188975E+01 -.149369E+01 0.348493E+01 -.862329E+00 0.259429E+01 0.420425E+02
 -.189483E+01 -.145434E+01 0.350000E+01 -.828538E+00 0.260275E+01 0.366419E+02
 -.185312E+01 -.147260E+01 0.345170E+01 -.795341E+00 0.257000E+01 0.382030E+02
 -.187955E+01 -.147496E+01 0.344389E+01 -.833559E+00 0.257000E+01 0.371086E+02
 -.188742E+01 -.144368E+01 0.343017E+01 -.816156E+00 0.257000E+01 0.396409E+02
 -.187988E+01 -.147782E+01 0.345511E+01 -.841947E+00 0.258170E+01 0.392738E+02
 -.192079E+01 -.141957E+01 0.348328E+01 -.824227E+00 0.257548E+01 0.395345E+02
 -.189048E+01 -.146057E+01 0.343895E+01 -.816351E+00 0.257000E+01 0.368230E+02
 -.192000E+01 -.145000E+01 0.347238E+01 -.785731E+00 0.258004E+01 0.410547E+02
 -.191081E+01 -.147269E+01 0.348558E+01 -.850501E+00 0.257005E+01 0.358515E+02
 -.187898E+01 -.146452E+01 0.345491E+01 -.854177E+00 0.257000E+01 0.382264E+02
 -.186135E+01 -.146840E+01 0.347709E+01 -.843720E+00 0.257000E+01 0.383591E+02
 -.188768E+01 -.144056E+01 0.344391E+01 -.813684E+00 0.257000E+01 0.361729E+02
 -.180848E+01 -.145914E+01 0.343651E+01 -.820950E+00 0.257000E+01 0.395641E+02
 -.187911E+01 -.141064E+01 0.346075E+01 -.817227E+00 0.257000E+01 0.400305E+02
 -.183625E+01 -.147644E+01 0.345683E+01 -.820655E+00 0.259320E+01 0.398245E+02
 -.183766E+01 -.147830E+01 0.345335E+01 -.813597E+00 0.257000E+01 0.378282E+02
 -.192897E+01 -.145854E+01 0.350000E+01 -.829727E+00 0.259520E+01 0.349667E+02
 -.188227E+01 -.146095E+01 0.347463E+01 -.869241E+00 0.257003E+01 0.381959E+02
 -.188847E+01 -.146140E+01 0.343503E+01 -.756324E+00 0.260761E+01 0.407272E+02
 -.193307E+01 -.147365E+01 0.344905E+01 -.801463E+00 0.257000E+01 0.406647E+02
 -.181275E+01 -.146796E+01 0.344228E+01 -.820002E+00 0.258761E+01 0.421418E+02
 -.185349E+01 -.147027E+01 0.345228E+01 -.796149E+00 0.257034E+01 0.380611E+02
 -.194645E+01 -.145953E+01 0.348915E+01 -.831514E+00 0.257744E+01 0.370609E+02
 -.180748E+01 -.145184E+01 0.344001E+01 -.812627E+00 0.257000E+01 0.404853E+02
 -.186537E+01 -.145685E+01 0.346239E+01 -.800921E+00 0.257988E+01 0.367253E+02
 -.187991E+01 -.149393E+01 0.343446E+01 -.773253E+00 0.259181E+01 0.388581E+02
 -.187901E+01 -.146178E+01 0.345711E+01 -.813255E+00 0.258673E+01 0.350763E+02
 -.191065E+01 -.144837E+01 0.345276E+01 -.824678E+00 0.257013E+01 0.372300E+02
 -.192087E+01 -.146015E+01 0.346885E+01 -.863922E+00 0.257000E+01 0.404389E+02
 -.188157E+01 -.146041E+01 0.346228E+01 -.827625E+00 0.257325E+01 0.345250E+02
 -.188542E+01 -.150506E+01 0.345199E+01 -.815093E+00 0.257000E+01 0.363775E+02
 -.183569E+01 -.145437E+01 0.342696E+01 -.813267E+00 0.257005E+01 0.364264E+02
 -.187586E+01 -.146600E+01 0.342745E+01 -.828489E+00 0.257000E+01 0.411447E+02
 -.184550E+01 -.143253E+01 0.347260E+01 -.838945E+00 0.257000E+01 0.421942E+02
 -.186476E+01 -.143991E+01 0.345540E+01 -.781146E+00 0.258798E+01 0.383348E+02
 -.193724E+01 -.145683E+01 0.346568E+01 -.810583E+00 0.257000E+01 0.387198E+02
 -.189682E+01 -.146780E+01 0.350000E+01 -.832228E+00 0.258844E+01 0.374433E+02
 -.191755E+01 -.145181E+01 0.345230E+01 -.848727E+00 0.257011E+01 0.426726E+02
 -.187163E+01 -.147271E+01 0.347562E+01 -.835814E+00 0.257060E+01 0.368344E+02
 -.189425E+01 -.146898E+01 0.345096E+01 -.829229E+00 0.258180E+01 0.387107E+02
 -.183320E+01 -.148590E+01 0.345434E+01 -.850191E+00 0.257005E+01 0.401983E+02
 -.187434E+01 -.146452E+01 0.349464E+01 -.829099E+00 0.258361E+01 0.407061E+02
 -.183093E+01 -.147207E+01 0.346230E+01 -.862135E+00 0.257020E+01 0.423067E+02
 -.187760E+01 -.146442E+01 0.345805E+01 -.788813E+00 0.257000E+01 0.401034E+02
 -.186922E+01 -.140395E+01 0.347355E+01 -.825045E+00 0.258124E+01 0.426943E+02
 -.186865E+01 -.146783E+01 0.346744E+01 -.818642E+00 0.259137E+01 0.357232E+02
 -.188483E+01 -.146537E+01 0.345161E+01 -.790853E+00 0.257005E+01 0.373726E+02
 -.190587E+01 -.148359E+01 0.350000E+01 -.832102E+00 0.257080E+01 0.423666E+02
 -.188218E+01 -.147323E+01 0.343345E+01 -.821355E+00 0.258003E+01 0.417158E+02
 -.187031E+01 -.146484E+01 0.344746E+01 -.822700E+00 0.258379E+01 0.372343E+02
 -.192858E+01 -.148353E+01 0.350000E+01 -.779706E+00 0.262324E+01 0.358482E+02
 -.188627E+01 -.146665E+01 0.345989E+01 -.828870E+00 0.257000E+01 0.344460E+02
 -.189087E+01 -.146899E+01 0.346601E+01 -.840506E+00 0.258113E+01 0.364507E+02
 -.192360E+01 -.144578E+01 0.349343E+01 -.863741E+00 0.257000E+01 0.376260E+02
 -.183611E+01 -.148044E+01 0.346223E+01 -.809336E+00 0.257011E+01 0.418914E+02
 -.190124E+01 -.145063E+01 0.348969E+01 -.862625E+00 0.257080E+01 0.373029E+02
 -.188900E+01 -.143382E+01 0.350000E+01 -.878186E+00 0.257000E+01 0.424664E+02
 -.184498E+01 -.145953E+01 0.346341E+01 -.824575E+00 0.257003E+01 0.384510E+02
 -.188621E+01 -.146674E+01 0.346137E+01 -.853080E+00 0.257000E+01 0.369569E+02
 -.189562E+01 -.146776E+01 0.344525E+01 -.822450E+00 0.257000E+01 0.365378E+02
 -.190165E+01 -.147217E+01 0.350000E+01 -.793092E+00 0.260336E+01 0.395584E+02
 -.184229E+01 -.146483E+01 0.346406E+01 -.830555E+00 0.257016E+01 0.385764E+02
 -.190728E+01 -.145461E+01 0.345107E+01 -.828738E+00 0.257066E+01 0.375127E+02
 -.193964E+01 -.147307E+01 0.347712E+01 -.848480E+00 0.257556E+01 0.391064E+02
 -.190147E+01 -.150854E+01 0.350000E+01 -.844574E+00 0.258843E+01 0.385657E+02
 -.193598E+01 -.145447E+01 0.345431E+01 -.809612E+00 0.258197E+01 0.413061E+02
 -.189463E+01 -.146741E+01 0.348772E+01 -.829539E+00 0.258052E+01 0.361796E+02
 -.191770E+01 -.146403E+01 0.347472E+01 -.836805E+00 0.257000E+01 0.354548E+02
 -.186599E+01 -.143744E+01 0.346113E+01 -.823297E+00 0.257905E+01 0.364091E+02
 -.187720E+01 -.150900E+01 0.345692E+01 -.817253E+00 0.257000E+01 0.366582E+02
 -.193576E+01 -.145094E+01 0.346485E+01 -.814121E+00 0.259497E+01 0.410232E+02
 -.191021E+01 -.145476E+01 0.344290E+01 -.825885E+00 0.257017E+01 0.400798E+02
 -.187178E+01 -.147544E+01 0.347985E+01 -.885294E+00 0.257080E+01 0.417886E+02
 -.188113E+01 -.150460E+01 0.345493E+01 -.783939E+00 0.257000E+01 0.418834E+02
 -.191012E+01 -.149328E+01 0.346478E+01 -.805028E+00 0.257000E+01 0.377512E+02
 -.190657E+01 -.146681E+01 0.345967E+01 -.858507E+00 0.257546E+01 0.421102E+02
 -.187959E+01 -.145831E+01 0.348414E+01 -.849335E+00 0.260623E+01 0.421625E+02
 -.187932E+01 -.146697E+01 0.346460E+01 -.802750E+00 0.258091E+01 0.354229E+02
 -.191658E+01 -.148978E+01 0.348121E+01 -.797875E+00 0.261871E+01 0.373561E+02
 -.187672E+01 -.146539E+01 0.344189E+01 -.816121E+00 0.257000E+01 0.350095E+02
 -.186760E+01 -.143131E+01 0.346850E+01 -.826328E+00 0.258863E+01 0.379579E+02
 -.184821E+01 -.146675E+01 0.347785E+01 -.817497E+00 0.259658E+01 0.397161E+02
 -.190379E+01 -.146493E+01 0.350000E+01 -.843445E+00 0.257000E+01 0.404535E+02
 -.182690E+01 -.144899E+01 0.345761E+01 -.838858E+00 0.257000E+01 0.405432E+02
 -.191598E+01 -.146722E+01 0.345273E+01 -.810629E+00 0.257023E+01 0.369401E+02
 -.188317E+01 -.146534E+01 0.345695E+01 -.787473E+00 0.257000E+01 0.398374E+02
 -.185021E+01 -.145117E+01 0.343966E+01 -.797927E+00 0.259338E+01 0.377475E+02
 -.188308E+01 -.146849E+01 0.346392E+01 -.860831E+00 0.257000E+01 0.379059E+02
 -.186681E+01 -.147068E+01 0.348867E+01 -.828920E+00 0.258596E+01 0.393742E+02
 -.182815E+01 -.145956E+01 0.346285E+01 -.823085E+00 0.257820E+01 0.408377E+02
 -.186321E+01 -.141892E+01 0.345904E+01 -.803501E+00 0.257000E+01 0.416360E+02
 -.188057E+01 -.146416E+01 0.345482E+01 -.798968E+00 0.257000E+01 0.363263E+02
 -.187744E+01 -.145576E+01 0.347278E+01 -.837786E+00 0.258344E+01 0.360515E+02
 -.188909E+01 -.148066E+01 0.344526E+01 -.825763E+00 0.257000E+01 0.366070E+02
 -.188739E+01 -.142402E+01 0.347618E+01 -.849148E+00 0.258597E+01 0.399144E+02
 -.186042E+01 -.147751E+01 0.345322E+01 -.819740E+00 0.257000E+01 0.349756E+02
 -.192736E+01 -.147856E+01 0.347253E+01 -.839843E+00 0.257051E+01 0.368819E+02
 -.188996E+01 -.148863E+01 0.346765E+01 -.852394E+00 0.257928E+01 0.386619E+02
 -.188204E+01 -.153086E+01 0.344548E+01 -.835271E+00 0.257000E+01 0.425168E+02
 -.189662E+01 -.145595E+01 0.349116E+01 -.849464E+00 0.257863E+01 0.365842E+02
 -.188362E+01 -.146580E+01 0.346430E+01 -.821635E+00 0.257000E+01 0.348086E+02
 -.190100E+01 -.146772E+01 0.345577E+01 -.802590E+00 0.257000E+01 0.360350E+02
 -.192365E+01 -.146084E+01 0.347450E+01 -.820218E+00 0.258633E+01 0.355767E+02
 -.190722E+01 -.150888E+01 0.345916E+01 -.842172E+00 0.257791E+01 0.417782E+02
 -.188557E+01 -.147780E+01 0.343203E+01 -.803049E+00 0.258997E+01 0.425617E+02
 -.193046E+01 -.145647E+01 0.346718E+01 -.858714E+00 0.257075E+01 0.416248E+02
 -.188401E+01 -.145658E+01 0.345095E+01 -.837522E+00 0.257120E+01 0.365843E+02
 -.188873E+01 -.146728E+01 0.346674E+01 -.849402E+00 0.257000E+01 0.357474E+02
 -.189070E+01 -.146711E+01 0.344477E+01 -.820263E+00 0.257103E+01 0.360484E+02
 -.193641E+01 -.143932E+01 0.349172E+01 -.847791E+00 0.257033E+01 0.380322E+02
 -.188862E+01 -.146992E+01 0.347266E+01 -.831143E+00 0.257026E+01 0.351551E+02
 -.193233E+01 -.150343E+01 0.346606E+01 -.809095E+00 0.257000E+01 0.398340E+02
 -.187943E+01 -.146749E+01 0.345663E+01 -.801893E+00 0.258605E+01 0.346192E+02
 -.190440E+01 -.148987E+01 0.346780E+01 -.844306E+00 0.257000E+01 0.364051E+02
 -.190012E+01 -.146585E+01 0.345777E+01 -.862569E+00 0.257000E+01 0.411516E+02
 -.192630E+01 -.146396E+01 0.349585E+01 -.822245E+00 0.257000E+01 0.416790E+02
 -.188204E+01 -.146694E+01 0.345254E+01 -.856909E+00 0.257000E+01 0.396992E+02
 -.187797E+01 -.146389E+01 0.350000E+01 -.854555E+00 0.260996E+01 0.426585E+02
 -.186470E+01 -.141755E+01 0.346169E+01 -.843927E+00 0.257000E+01 0.396916E+02
 -.187505E+01 -.143056E+01 0.344392E+01 -.804773E+00 0.257000E+01 0.366111E+02
 -.188280E+01 -.147176E+01 0.345734E+01 -.820954E+00 0.257000E+01 0.343742E+02
 -.188907E+01 -.144059E+01 0.347341E+01 -.814207E+00 0.257000E+01 0.388037E+02
 -.191354E+01 -.147403E+01 0.346083E+01 -.808096E+00 0.258740E+01 0.363880E+02
 -.187809E+01 -.146611E+01 0.345080E+01 -.825620E+00 0.257000E+01 0.346615E+02
 -.189647E+01 -.145904E+01 0.347161E+01 -.803861E+00 0.257000E+01 0.392001E+02
 -.187418E+01 -.145524E+01 0.344438E+01 -.815212E+00 0.257424E+01 0.351499E+02
 -.186849E+01 -.147424E+01 0.347736E+01 -.813662E+00 0.257720E+01 0.391512E+02
 -.187086E+01 -.146585E+01 0.347456E+01 -.806811E+00 0.257055E+01 0.418237E+02
 -.184829E+01 -.150667E+01 0.344047E+01 -.833631E+00 0.257917E+01 0.418075E+02
 -.184568E+01 -.146079E+01 0.346747E+01 -.818725E+00 0.257028E+01 0.403923E+02
 -.184962E+01 -.141909E+01 0.345342E+01 -.818484E+00 0.257000E+01 0.395945E+02
 -.189102E+01 -.146575E+01 0.345395E+01 -.789450E+00 0.257608E+01 0.366410E+02
 -.192422E+01 -.151919E+01 0.345373E+01 -.808266E+00 0.257000E+01 0.416509E+02
 -.187953E+01 -.147261E+01 0.346485E+01 -.813144E+00 0.259761E+01 0.359874E+02
 -.184933E+01 -.145979E+01 0.341930E+01 -.825211E+00 0.257351E+01 0.421501E+02
 -.188196E+01 -.146966E+01 0.346075E+01 -.790422E+00 0.257000E+01 0.402008E+02
 -.188747E+01 -.152326E+01 0.343867E+01 -.805774E+00 0.257000E+01 0.400193E+02
 -.188281E+01 -.148160E+01 0.346268E+01 -.826576E+00 0.257658E+01 0.348383E+02
 -.188066E+01 -.147251E+01 0.347143E+01 -.821408E+00 0.257181E+01 0.359812E+02
 -.190255E+01 -.147095E+01 0.346134E+01 -.816446E+00 0.258853E+01 0.361168E+02
 -.192406E+01 -.147286E+01 0.347428E+01 -.860799E+00 0.257015E+01 0.387986E+02
 -.186850E+01 -.147249E+01 0.344806E+01 -.824387E+00 0.257000E+01 0.347424E+02
 -.189531E+01 -.148031E+01 0.343777E+01 -.833741E+00 0.257000E+01 0.414777E+02
 -.190033E+01 -.146929E+01 0.350000E+01 -.789012E+00 0.260678E+01 0.396594E+02
 -.189031E+01 -.149275E+01 0.347117E+01 -.832020E+00 0.257766E+01 0.355197E+02
 -.189483E+01 -.146919E+01 0.344007E+01 -.827634E+00 0.257000E+01 0.387975E+02
 -.194843E+01 -.146907E+01 0.347355E+01 -.834633E+00 0.257000E+01 0.392205E+02
 -.192018E+01 -.144105E+01 0.346715E+01 -.831529E+00 0.258470E+01 0.386144E+02
 -.188962E+01 -.146717E+01 0.345852E+01 -.810638E+00 0.257580E+01 0.344958E+02
 -.196148E+01 -.147491E+01 0.349773E+01 -.820129E+00 0.257349E+01 0.416611E+02
 -.194004E+01 -.146763E+01 0.347710E+01 -.798576E+00 0.257000E+01 0.425768E+02
 -.188051E+01 -.146525E+01 0.345312E+01 -.839640E+00 0.257000E+01 0.359774E+02
 -.185284E+01 -.146229E+01 0.346487E+01 -.814551E+00 0.259269E+01 0.370854E+02
 -.184627E+01 -.149691E+01 0.347700E+01 -.830092E+00 0.257393E+01 0.423173E+02
 -.190411E+01 -.145990E+01 0.350000E+01 -.851623E+00 0.257000E+01 0.394168E+02
 -.192803E+01 -.148475E+01 0.346837E+01 -.818259E+00 0.258306E+01 0.372809E+02
 -.188601E+01 -.145930E+01 0.346459E+01 -.814713E+00 0.257000E+01 0.355464E+02
 -.187599E+01 -.146974E+01 0.343983E+01 -.822509E+00 0.257308E+01 0.366837E+02
 -.187862E+01 -.147176E+01 0.342173E+01 -.815273E+00 0.257000E+01 0.410672E+02
 -.192290E+01 -.144696E+01 0.345654E+01 -.811752E+00 0.257055E+01 0.378124E+02
 -.186840E+01 -.146600E+01 0.344323E+01 -.821504E+00 0.257011E+01 0.349470E+02
 -.189356E+01 -.147443E+01 0.346617E+01 -.870630E+00 0.257226E+01 0.408607E+02
 -.192058E+01 -.147701E+01 0.347643E+01 -.814110E+00 0.258158E+01 0.353997E+02
 -.193451E+01 -.141794E+01 0.348988E+01 -.834546E+00 0.257000E+01 0.413188E+02
 -.187284E+01 -.145865E+01 0.346197E+01 -.840988E+00 0.257000E+01 0.353747E+02
 -.186065E+01 -.143692E+01 0.345121E+01 -.827419E+00 0.257000E+01 0.362212E+02
 -.187479E+01 -.144191E+01 0.345448E+01 -.807171E+00 0.257544E+01 0.355529E+02
 -.187530E+01 -.147386E+01 0.347140E+01 -.815345E+00 0.257000E+01 0.378734E+02
 -.187124E+01 -.145345E+01 0.344224E+01 -.792911E+00 0.257063E+01 0.358936E+02
 -.194671E+01 -.146551E+01 0.346691E+01 -.845343E+00 0.257025E+01 0.421128E+02
 -.184953E+01 -.145823E+01 0.346728E+01 -.820238E+00 0.257000E+01 0.395048E+02
 -.188431E+01 -.147417E+01 0.346127E+01 -.816436E+00 0.257086E+01 0.347558E+02
 -.193757E+01 -.145685E+01 0.349028E+01 -.786508E+00 0.259772E+01 0.385861E+02
 -.193053E+01 -.142647E+01 0.346986E+01 -.825718E+00 0.259166E+01 0.412108E+02
 -.187833E+01 -.146651E+01 0.345087E+01 -.808451E+00 0.257000E+01 0.346178E+02
 -.192834E+01 -.147850E+01 0.345922E+01 -.803300E+00 0.260134E+01 0.420494E+02
 -.192643E+01 -.141766E+01 0.350000E+01 -.775000E+00 0.262371E+01 0.402245E+02
 -.181497E+01 -.147346E+01 0.341467E+01 -.776453E+00 0.257000E+01 0.377647E+02
 -.191137E+01 -.140511E+01 0.346294E+01 -.819694E+00 0.257520E+01 0.411405E+02
 -.188145E+01 -.152910E+01 0.345920E+01 -.828054E+00 0.257000E+01 0.391342E+02
 -.183694E+01 -.144839E+01 0.346650E+01 -.826647E+00 0.258271E+01 0.402305E+02
 -.187818E+01 -.149703E+01 0.345480E+01 -.808370E+00 0.257709E+01 0.356081E+02
 -.188085E+01 -.147365E+01 0.347852E+01 -.825742E+00 0.257135E+01 0.374495E+02
 -.191669E+01 -.146929E+01 0.346417E+01 -.832741E+00 0.258690E+01 0.392722E+02
 -.194054E+01 -.147108E+01 0.346323E+01 -.833207E+00 0.257612E+01 0.412835E+02
 -.188465E+01 -.146432E+01 0.344491E+01 -.775975E+00 0.259067E+01 0.365605E+02
 -.187977E+01 -.146718E+01 0.345332E+01 -.785949E+00 0.257000E+01 0.393094E+02
 -.191464E+01 -.147661E+01 0.350000E+01 -.787728E+00 0.261695E+01 0.359036E+02
 -.187690E+01 -.142735E+01 0.344593E+01 -.851214E+00 0.257000E+01 0.418719E+02
 -.188670E+01 -.151724E+01 0.346743E+01 -.834538E+00 0.257686E+01 0.380964E+02
 -.188987E+01 -.147049E+01 0.346798E+01 -.824670E+00 0.257071E+01 0.347997E+02
 -.186125E+01 -.147712E+01 0.345218E+01 -.788511E+00 0.257000E+01 0.394153E+02
 -.193516E+01 -.145109E+01 0.349507E+01 -.851929E+00 0.257000E+01 0.374680E+02
 -.188352E+01 -.145776E+01 0.344563E+01 -.803451E+00 0.257131E+01 0.350134E+02
 -.188538E+01 -.142950E+01 0.346225E+01 -.814989E+00 0.257000E+01 0.373119E+02
 -.183620E+01 -.147664E+01 0.341378E+01 -.774656E+00 0.257625E+01 0.372839E+02
 -.188392E+01 -.145000E+01 0.348796E+01 -.838820E+00 0.257102E+01 0.392082E+02
 -.188448E+01 -.148377E+01 0.345341E+01 -.749823E+00 0.259812E+01 0.425012E+02
 -.185059E+01 -.143940E+01 0.345938E+01 -.814709E+00 0.257000E+01 0.386995E+02
 -.187196E+01 -.149783E+01 0.344943E+01 -.837871E+00 0.257004E+01 0.375047E+02
 -.188152E+01 -.146758E+01 0.345682E+01 -.798296E+00 0.257000E+01 0.368254E+02
 -.193842E+01 -.143539E+01 0.349044E+01 -.832065E+00 0.257000E+01 0.395444E+02
 -.191837E+01 -.143966E+01 0.345740E+01 -.828560E+00 0.257000E+01 0.381257E+02
 -.188274E+01 -.146147E+01 0.345744E+01 -.797206E+00 0.257000E+01 0.372651E+02
 -.188474E+01 -.143726E+01 0.347344E+01 -.835107E+00 0.257000E+01 0.367851E+02
 -.188528E+01 -.146978E+01 0.344424E+01 -.819426E+00 0.257000E+01 0.354733E+02
 -.187358E+01 -.147400E+01 0.343360E+01 -.799493E+00 0.257000E+01 0.354617E+02
 -.189478E+01 -.147419E+01 0.344876E+01 -.823556E+00 0.257096E+01 0.360460E+02
 -.187920E+01 -.146554E+01 0.344325E+01 -.814661E+00 0.257033E+01 0.349029E+02
 -.189043E+01 -.148074E+01 0.345983E+01 -.844383E+00 0.257095E+01 0.364931E+02
 -.184881E+01 -.145559E+01 0.345687E+01 -.830447E+00 0.257815E+01 0.369588E+02
 -.193133E+01 -.148185E+01 0.347234E+01 -.822381E+00 0.258884E+01 0.378746E+02
 -.190599E+01 -.146017E+01 0.345924E+01 -.809636E+00 0.257020E+01 0.357010E+02
 -.188140E+01 -.146846E+01 0.345654E+01 -.821287E+00 0.257000E+01 0.343303E+02
 -.189556E+01 -.150298E+01 0.350000E+01 -.824254E+00 0.259220E+01 0.389513E+02
 -.190592E+01 -.146013E+01 0.345234E+01 -.844707E+00 0.257000E+01 0.395168E+02
 -.187616E+01 -.141501E+01 0.345433E+01 -.785871E+00 0.258841E+01 0.398567E+02
 -.186779E+01 -.148198E+01 0.346090E+01 -.798402E+00 0.257000E+01 0.391180E+02
 -.187484E+01 -.146943E+01 0.344569E+01 -.817917E+00 0.257072E+01 0.346742E+02
 -.188259E+01 -.144223E+01 0.344827E+01 -.813118E+00 0.257056E+01 0.353840E+02
 -.188925E+01 -.146990E+01 0.343660E+01 -.831863E+00 0.257000E+01 0.401731E+02
 -.188065E+01 -.146435E+01 0.348454E+01 -.822465E+00 0.257008E+01 0.410082E+02
 -.188877E+01 -.147258E+01 0.347129E+01 -.850516E+00 0.257727E+01 0.365553E+02
 -.187986E+01 -.150686E+01 0.344556E+01 -.815569E+00 0.257155E+01 0.370124E+02
 -.190555E+01 -.146806E+01 0.350000E+01 -.819806E+00 0.259319E+01 0.367488E+02
 -.189112E+01 -.147040E+01 0.343833E+01 -.775000E+00 0.257963E+01 0.379862E+02
 -.194632E+01 -.148382E+01 0.345819E+01 -.810759E+00 0.257014E+01 0.417059E+02
 -.188129E+01 -.146923E+01 0.345630E+01 -.841207E+00 0.257000E+01 0.357476E+02
 -.192212E+01 -.146914E+01 0.350000E+01 -.808805E+00 0.262509E+01 0.357317E+02
 -.184794E+01 -.149278E+01 0.345950E+01 -.807712E+00 0.257000E+01 0.394778E+02
 -.187765E+01 -.150793E+01 0.344763E+01 -.815897E+00 0.257870E+01 0.377521E+02
 -.193005E+01 -.144961E+01 0.346891E+01 -.783289E+00 0.258721E+01 0.393012E+02
 -.186996E+01 -.147009E+01 0.345718E+01 -.820685E+00 0.257000E+01 0.346497E+02
 -.191446E+01 -.146243E+01 0.350000E+01 -.832403E+00 0.260567E+01 0.355099E+02
 -.187178E+01 -.145250E+01 0.345890E+01 -.809707E+00 0.257000E+01 0.361121E+02
 -.186716E+01 -.146308E+01 0.346346E+01 -.851674E+00 0.257012E+01 0.366881E+02
 -.186508E+01 -.146196E+01 0.348176E+01 -.823051E+00 0.257005E+01 0.422791E+02
 -.187921E+01 -.146137E+01 0.346483E+01 -.791483E+00 0.257166E+01 0.410937E+02
 -.183889E+01 -.146071E+01 0.347696E+01 -.829960E+00 0.258599E+01 0.417651E+02
 -.187862E+01 -.144950E+01 0.344601E+01 -.804930E+00 0.257000E+01 0.351443E+02
 -.186510E+01 -.145283E+01 0.344311E+01 -.821262E+00 0.258240E+01 0.376481E+02
 -.190745E+01 -.147864E+01 0.345820E+01 -.818386E+00 0.257005E+01 0.355983E+02
 -.185887E+01 -.143994E+01 0.345405E+01 -.785868E+00 0.257009E+01 0.426701E+02
 -.184882E+01 -.145948E+01 0.344057E+01 -.857171E+00 0.257000E+01 0.420930E+02
 -.188146E+01 -.146886E+01 0.345655E+01 -.834156E+00 0.257000E+01 0.349056E+02
 -.189259E+01 -.147561E+01 0.345090E+01 -.789209E+00 0.258559E+01 0.357576E+02
 -.184267E+01 -.144894E+01 0.345240E+01 -.841650E+00 0.257000E+01 0.378978E+02
 -.187020E+01 -.147014E+01 0.346665E+01 -.823651E+00 0.257060E+01 0.357992E+02
 -.186731E+01 -.146218E+01 0.345371E+01 -.810511E+00 0.257029E+01 0.350246E+02
 -.196535E+01 -.144368E+01 0.350000E+01 -.838318E+00 0.257108E+01 0.410870E+02
 -.185938E+01 -.147406E+01 0.344773E+01 -.822226E+00 0.257000E+01 0.348088E+02
 -.189512E+01 -.147369E+01 0.345696E+01 -.822538E+00 0.257556E+01 0.351125E+02
 -.191784E+01 -.147059E+01 0.345225E+01 -.764987E+00 0.261562E+01 0.413858E+02
 -.187791E+01 -.147448E+01 0.345210E+01 -.814792E+00 0.257042E+01 0.344273E+02
 -.193192E+01 -.149994E+01 0.348176E+01 -.827752E+00 0.257974E+01 0.372038E+02
 -.184833E+01 -.145935E+01 0.345796E+01 -.828717E+00 0.257000E+01 0.365577E+02
 -.189781E+01 -.149863E+01 0.346397E+01 -.865613E+00 0.257000E+01 0.413010E+02
 -.182747E+01 -.146901E+01 0.344109E+01 -.846590E+00 0.257000E+01 0.403733E+02
 -.188152E+01 -.146774E+01 0.345675E+01 -.800390E+00 0.257000E+01 0.363728E+02
 -.187324E+01 -.145996E+01 0.341782E+01 -.815235E+00 0.257000E+01 0.417728E+02
 -.188203E+01 -.145769E+01 0.346119E+01 -.795914E+00 0.258235E+01 0.356490E+02
 -.184381E+01 -.146597E+01 0.346686E+01 -.840448E+00 0.258029E+01 0.391194E+02
 -.188400E+01 -.151917E+01 0.347659E+01 -.838906E+00 0.257000E+01 0.389058E+02
 -.188492E+01 -.147176E+01 0.346239E+01 -.823719E+00 0.257090E+01 0.344655E+02
 -.187670E+01 -.147732E+01 0.341959E+01 -.795345E+00 0.257000E+01 0.386915E+02
 -.187269E+01 -.147994E+01 0.345218E+01 -.819232E+00 0.257046E+01 0.345744E+02
 -.188906E+01 -.143835E+01 0.343884E+01 -.839530E+00 0.257000E+01 0.418177E+02
 -.185775E+01 -.146387E+01 0.341468E+01 -.796777E+00 0.257000E+01 0.377665E+02
 -.189193E+01 -.147486E+01 0.345020E+01 -.842969E+00 0.257099E+01 0.385415E+02
 -.193643E+01 -.147776E+01 0.345941E+01 -.824620E+00 0.257000E+01 0.397302E+02
 -.190413E+01 -.147451E+01 0.343343E+01 -.772639E+00 0.258079E+01 0.403392E+02
 -.188145E+01 -.146161E+01 0.345266E+01 -.832270E+00 0.257463E+01 0.359260E+02
 -.183084E+01 -.145363E+01 0.345633E+01 -.820916E+00 0.257005E+01 0.394827E+02
 -.193827E+01 -.145891E+01 0.346240E+01 -.813344E+00 0.257000E+01 0.389336E+02
 -.188143E+01 -.146817E+01 0.345643E+01 -.795759E+00 0.257000E+01 0.373194E+02
 -.188447E+01 -.144216E+01 0.345449E+01 -.824315E+00 0.257000E+01 0.353083E+02
 -.189572E+01 -.147222E+01 0.344999E+01 -.818291E+00 0.257000E+01 0.353509E+02
 -.188142E+01 -.149065E+01 0.345293E+01 -.827826E+00 0.257056E+01 0.355913E+02
 -.188722E+01 -.146765E+01 0.344442E+01 -.796619E+00 0.257027E+01 0.356648E+02
 -.186117E+01 -.146206E+01 0.343443E+01 -.823460E+00 0.257282E+01 0.371927E+02
 -.186055E+01 -.145998E+01 0.345805E+01 -.822956E+00 0.258576E+01 0.362355E+02
 -.193570E+01 -.149788E+01 0.345712E+01 -.811961E+00 0.257004E+01 0.407536E+02
 -.189165E+01 -.148115E+01 0.345577E+01 -.788475E+00 0.257000E+01 0.390775E+02
 -.193149E+01 -.145245E+01 0.346984E+01 -.794084E+00 0.257000E+01 0.421165E+02
 -.188133E+01 -.146923E+01 0.345624E+01 -.813941E+00 0.257000E+01 0.345671E+02
 -.193863E+01 -.147016E+01 0.350000E+01 -.809834E+00 0.261880E+01 0.354541E+02
 -.192069E+01 -.146565E+01 0.347609E+01 -.848527E+00 0.257152E+01 0.363533E+02
 -.194971E+01 -.146605E+01 0.347772E+01 -.802471E+00 0.257000E+01 0.423241E+02
 -.191271E+01 -.147588E+01 0.345860E+01 -.786370E+00 0.257000E+01 0.406944E+02
 -.188123E+01 -.146921E+01 0.344880E+01 -.821531E+00 0.257060E+01 0.347725E+02
 -.187943E+01 -.146893E+01 0.345262E+01 -.820415E+00 0.257056E+01 0.343704E+02
 -.194106E+01 -.146389E+01 0.346153E+01 -.835517E+00 0.257000E+01 0.410595E+02
 -.186072E+01 -.145723E+01 0.346822E+01 -.822530E+00 0.257002E+01 0.377444E+02
 -.187739E+01 -.146258E+01 0.346380E+01 -.787913E+00 0.257438E+01 0.408808E+02
 -.190038E+01 -.139745E+01 0.346156E+01 -.819916E+00 0.257002E+01 0.425485E+02
 -.184838E+01 -.146056E+01 0.347278E+01 -.824565E+00 0.260359E+01 0.405900E+02
 -.190307E+01 -.146781E+01 0.345669E+01 -.822176E+00 0.257027E+01 0.352308E+02
 -.188401E+01 -.143577E+01 0.345987E+01 -.839298E+00 0.257000E+01 0.364682E+02
 -.183627E+01 -.145721E+01 0.345394E+01 -.793672E+00 0.257000E+01 0.423612E+02
 -.187839E+01 -.145798E+01 0.346503E+01 -.806292E+00 0.257000E+01 0.376317E+02
 -.188134E+01 -.146844E+01 0.345645E+01 -.848473E+00 0.257000E+01 0.368764E+02
 -.189736E+01 -.147150E+01 0.343888E+01 -.794838E+00 0.257000E+01 0.369996E+02
 -.189380E+01 -.149065E+01 0.347902E+01 -.810585E+00 0.258345E+01 0.364026E+02
 -.192361E+01 -.146267E+01 0.345953E+01 -.824179E+00 0.257007E+01 0.372222E+02
 -.186719E+01 -.144995E+01 0.345268E+01 -.795746E+00 0.258387E+01 0.355274E+02
 -.189615E+01 -.149810E+01 0.345774E+01 -.799592E+00 0.257000E+01 0.377098E+02
 -.186999E+01 -.146618E+01 0.346179E+01 -.823413E+00 0.257000E+01 0.350662E+02
 -.187975E+01 -.144972E+01 0.345499E+01 -.815057E+00 0.257008E+01 0.348835E+02
 -.190925E+01 -.146309E+01 0.346324E+01 -.842542E+00 0.257054E+01 0.365940E+02
 -.189251E+01 -.145073E+01 0.346099E+01 -.805980E+00 0.257000E+01 0.364021E+02
 -.185871E+01 -.146470E+01 0.347418E+01 -.845049E+00 0.257000E+01 0.380621E+02
 -.187823E+01 -.143617E+01 0.341142E+01 -.775000E+00 0.257394E+01 0.418884E+02
 -.198381E+01 -.147056E+01 0.350000E+01 -.821660E+00 0.259937E+01 0.407649E+02
 -.193343E+01 -.144749E+01 0.345730E+01 -.829037E+00 0.257004E+01 0.403041E+02
 -.183846E+01 -.147364E+01 0.345215E+01 -.819823E+00 0.257000E+01 0.369638E+02
 -.188145E+01 -.146781E+01 0.345669E+01 -.816830E+00 0.257000E+01 0.344378E+02
 -.188263E+01 -.152067E+01 0.344692E+01 -.801128E+00 0.258031E+01 0.388061E+02
 -.187850E+01 -.146048E+01 0.348897E+01 -.804212E+00 0.261478E+01 0.369551E+02
 -.185831E+01 -.146707E+01 0.345431E+01 -.773961E+00 0.258388E+01 0.403240E+02
 -.181233E+01 -.143936E+01 0.343515E+01 -.809510E+00 0.258575E+01 0.415723E+02
 -.184784E+01 -.142604E+01 0.345565E+01 -.847328E+00 0.257000E+01 0.401403E+02
 -.187972E+01 -.147127E+01 0.346502E+01 -.821672E+00 0.257035E+01 0.350269E+02
 -.188164E+01 -.146271E+01 0.345725E+01 -.824393E+00 0.257000E+01 0.343680E+02
 -.185000E+01 -.147085E+01 0.345395E+01 -.811426E+00 0.257096E+01 0.362973E+02
 -.188953E+01 -.148250E+01 0.346307E+01 -.823610E+00 0.257002E+01 0.348004E+02
 -.190126E+01 -.147417E+01 0.345591E+01 -.793152E+00 0.257000E+01 0.378376E+02
 -.193065E+01 -.146872E+01 0.345829E+01 -.819271E+00 0.257196E+01 0.384828E+02
 -.188197E+01 -.140630E+01 0.345158E+01 -.808384E+00 0.257000E+01 0.405554E+02
 -.188239E+01 -.139711E+01 0.345981E+01 -.820328E+00 0.257955E+01 0.422226E+02
 -.182770E+01 -.148100E+01 0.345664E+01 -.813280E+00 0.257002E+01 0.407529E+02
 -.190142E+01 -.152123E+01 0.345857E+01 -.798418E+00 0.257005E+01 0.404568E+02
 -.183337E+01 -.147848E+01 0.344861E+01 -.831541E+00 0.257000E+01 0.375612E+02
 -.188149E+01 -.146806E+01 0.345671E+01 -.792507E+00 0.257000E+01 0.382460E+02
 -.191211E+01 -.146025E+01 0.350000E+01 -.839992E+00 0.261010E+01 0.374203E+02
 -.191298E+01 -.148159E+01 0.345613E+01 -.829152E+00 0.257006E+01 0.372719E+02
 -.181305E+01 -.148231E+01 0.343459E+01 -.811469E+00 0.257550E+01 0.389842E+02
 -.186426E+01 -.153308E+01 0.347174E+01 -.828442E+00 0.257000E+01 0.421241E+02
 -.188944E+01 -.147535E+01 0.345492E+01 -.818996E+00 0.257011E+01 0.346021E+02
 -.188317E+01 -.148102E+01 0.345849E+01 -.830641E+00 0.257011E+01 0.348350E+02
 -.184244E+01 -.147212E+01 0.344491E+01 -.793791E+00 0.257111E+01 0.375396E+02
 -.191705E+01 -.147579E+01 0.350000E+01 -.803061E+00 0.261586E+01 0.346488E+02
 -.188240E+01 -.147234E+01 0.346900E+01 -.865145E+00 0.257175E+01 0.383972E+02
 -.183168E+01 -.145244E+01 0.342957E+01 -.821640E+00 0.257000E+01 0.373381E+02
 -.184919E+01 -.141908E+01 0.345949E+01 -.839033E+00 0.257730E+01 0.410517E+02
 -.188166E+01 -.148295E+01 0.345640E+01 -.780178E+00 0.257000E+01 0.426207E+02
 -.184274E+01 -.146512E+01 0.345100E+01 -.821542E+00 0.257000E+01 0.361834E+02
 -.188146E+01 -.146914E+01 0.345658E+01 -.805647E+00 0.257000E+01 0.354504E+02
 -.189302E+01 -.148052E+01 0.345320E+01 -.820056E+00 0.259658E+01 0.412425E+02
 -.187356E+01 -.147295E+01 0.347781E+01 -.831511E+00 0.257000E+01 0.376768E+02
 -.187548E+01 -.148131E+01 0.348227E+01 -.820192E+00 0.257000E+01 0.413433E+02
 -.191117E+01 -.145303E+01 0.345529E+01 -.842852E+00 0.257000E+01 0.390437E+02
 -.188148E+01 -.148371E+01 0.349038E+01 -.810072E+00 0.258181E+01 0.421985E+02
 -.186171E+01 -.144931E+01 0.347956E+01 -.845997E+00 0.257000E+01 0.395361E+02
 -.189426E+01 -.146971E+01 0.344893E+01 -.819657E+00 0.257000E+01 0.354238E+02
 -.188154E+01 -.145663E+01 0.345844E+01 -.824672E+00 0.257002E+01 0.345060E+02
 -.192437E+01 -.146819E+01 0.344986E+01 -.811447E+00 0.257000E+01 0.388199E+02
 -.187491E+01 -.145786E+01 0.342970E+01 -.823479E+00 0.257000E+01 0.389924E+02
 -.187904E+01 -.147471E+01 0.347049E+01 -.804613E+00 0.257185E+01 0.390383E+02
 -.187063E+01 -.146094E+01 0.345948E+01 -.831716E+00 0.257110E+01 0.348734E+02
 -.187534E+01 -.154578E+01 0.344601E+01 -.823119E+00 0.257000E+01 0.425493E+02
 -.186566E+01 -.144119E+01 0.345147E+01 -.788146E+00 0.257011E+01 0.400818E+02
 -.190277E+01 -.145040E+01 0.346353E+01 -.810674E+00 0.257000E+01 0.361402E+02
 -.188128E+01 -.146853E+01 0.345637E+01 -.825428E+00 0.257000E+01 0.343827E+02
 -.189103E+01 -.145564E+01 0.345436E+01 -.836536E+00 0.257410E+01 0.367925E+02
 -.186505E+01 -.145460E+01 0.346183E+01 -.826438E+00 0.257000E+01 0.355932E+02
 -.193393E+01 -.147026E+01 0.347457E+01 -.796965E+00 0.257299E+01 0.408210E+02
 -.187888E+01 -.146503E+01 0.346084E+01 -.821379E+00 0.257015E+01 0.345957E+02
 -.188012E+01 -.143836E+01 0.345555E+01 -.816379E+00 0.257000E+01 0.356468E+02
 -.185771E+01 -.145395E+01 0.344540E+01 -.825781E+00 0.257001E+01 0.353128E+02
 -.187629E+01 -.146505E+01 0.346258E+01 -.790092E+00 0.257003E+01 0.415678E+02
 -.187136E+01 -.146714E+01 0.345340E+01 -.825735E+00 0.257128E+01 0.345685E+02
 -.182625E+01 -.146756E+01 0.345797E+01 -.825197E+00 0.257131E+01 0.401194E+02
 -.187154E+01 -.152346E+01 0.346844E+01 -.822119E+00 0.257493E+01 0.392229E+02
 -.188055E+01 -.145827E+01 0.344854E+01 -.820746E+00 0.258342E+01 0.370604E+02
 -.190076E+01 -.149621E+01 0.345294E+01 -.840147E+00 0.257008E+01 0.391482E+02
 -.192205E+01 -.146494E+01 0.347147E+01 -.815872E+00 0.257000E+01 0.366419E+02
 -.188133E+01 -.146794E+01 0.345654E+01 -.836822E+00 0.257000E+01 0.351633E+02
 -.188455E+01 -.142846E+01 0.347312E+01 -.817952E+00 0.257006E+01 0.396473E+02
 -.185787E+01 -.143354E+01 0.345614E+01 -.845051E+00 0.257000E+01 0.381809E+02
 -.187777E+01 -.149114E+01 0.346453E+01 -.827298E+00 0.257000E+01 0.354969E+02
 -.186630E+01 -.146486E+01 0.346768E+01 -.822434E+00 0.257007E+01 0.366818E+02
 -.188163E+01 -.145014E+01 0.345683E+01 -.812874E+00 0.257005E+01 0.351281E+02
 -.182426E+01 -.146411E+01 0.345199E+01 -.828365E+00 0.257123E+01 0.391635E+02
 -.187909E+01 -.148802E+01 0.347362E+01 -.826575E+00 0.257001E+01 0.368447E+02
 -.190672E+01 -.145766E+01 0.345664E+01 -.795575E+00 0.257000E+01 0.377476E+02
 -.190227E+01 -.147280E+01 0.345883E+01 -.824633E+00 0.257504E+01 0.354429E+02
 -.183244E+01 -.146913E+01 0.346165E+01 -.842637E+00 0.257000E+01 0.398420E+02
 -.188424E+01 -.140414E+01 0.345632E+01 -.818761E+00 0.257052E+01 0.406122E+02
 -.182098E+01 -.146775E+01 0.345962E+01 -.818084E+00 0.257060E+01 0.425720E+02
 -.195903E+01 -.143504E+01 0.347154E+01 -.818126E+00 0.257000E+01 0.426224E+02
 -.191974E+01 -.149759E+01 0.345777E+01 -.849399E+00 0.257000E+01 0.424574E+02
 -.186928E+01 -.146816E+01 0.346162E+01 -.806157E+00 0.257000E+01 0.372043E+02
 -.192705E+01 -.146881E+01 0.344577E+01 -.825980E+00 0.257000E+01 0.424494E+02
 -.188144E+01 -.146812E+01 0.345669E+01 -.821574E+00 0.257000E+01 0.343296E+02
 -.187673E+01 -.148213E+01 0.341543E+01 -.779952E+00 0.257913E+01 0.409773E+02
 -.188404E+01 -.150120E+01 0.346972E+01 -.831751E+00 0.257000E+01 0.363692E+02
 -.189169E+01 -.148015E+01 0.350000E+01 -.892525E+00 0.257051E+01 0.419140E+02
 -.189075E+01 -.147719E+01 0.345292E+01 -.821734E+00 0.257001E+01 0.349256E+02
 -.190070E+01 -.147303E+01 0.349135E+01 -.879509E+00 0.257110E+01 0.388403E+02
 -.188128E+01 -.151539E+01 0.344557E+01 -.832265E+00 0.257832E+01 0.421884E+02
 -.187743E+01 -.146968E+01 0.346779E+01 -.821385E+00 0.257000E+01 0.357429E+02
 -.188286E+01 -.147079E+01 0.345833E+01 -.838972E+00 0.257000E+01 0.352690E+02
 -.189188E+01 -.145692E+01 0.349608E+01 -.804095E+00 0.263290E+01 0.383189E+02
 -.188937E+01 -.147455E+01 0.344849E+01 -.819655E+00 0.257000E+01 0.351956E+02
 -.190327E+01 -.147110E+01 0.345316E+01 -.846219E+00 0.257596E+01 0.412026E+02
 -.186341E+01 -.146876E+01 0.345434E+01 -.828028E+00 0.257759E+01 0.355818E+02
 -.194573E+01 -.146829E+01 0.345635E+01 -.817312E+00 0.257000E+01 0.418020E+02
 -.188503E+01 -.143957E+01 0.345268E+01 -.815841E+00 0.257000E+01 0.355062E+02
 -.188171E+01 -.146476E+01 0.347010E+01 -.790964E+00 0.258030E+01 0.394656E+02
 -.181110E+01 -.147907E+01 0.342371E+01 -.803135E+00 0.257270E+01 0.380219E+02
 -.191922E+01 -.145502E+01 0.345184E+01 -.805083E+00 0.257005E+01 0.377761E+02
 -.188152E+01 -.146827E+01 0.345681E+01 -.808485E+00 0.257000E+01 0.351123E+02
 -.185539E+01 -.143789E+01 0.346547E+01 -.794329E+00 0.257817E+01 0.424295E+02
 -.181324E+01 -.147317E+01 0.345326E+01 -.831333E+00 0.257000E+01 0.417126E+02
 -.180719E+01 -.145768E+01 0.344079E+01 -.796111E+00 0.257000E+01 0.422548E+02
 -.187684E+01 -.151117E+01 0.345803E+01 -.818863E+00 0.257000E+01 0.368953E+02
 -.189347E+01 -.147341E+01 0.345014E+01 -.820493E+00 0.257005E+01 0.352952E+02
 -.188317E+01 -.148375E+01 0.345749E+01 -.822731E+00 0.257004E+01 0.347176E+02
 -.189948E+01 -.147013E+01 0.345008E+01 -.803782E+00 0.257098E+01 0.356945E+02
 -.189789E+01 -.146941E+01 0.350000E+01 -.819324E+00 0.258534E+01 0.401687E+02
 -.187877E+01 -.145895E+01 0.342808E+01 -.814601E+00 0.257000E+01 0.383939E+02
 -.187746E+01 -.145972E+01 0.345645E+01 -.806194E+00 0.257354E+01 0.350469E+02
 -.189856E+01 -.146594E+01 0.345004E+01 -.807336E+00 0.257524E+01 0.355104E+02
 -.184838E+01 -.146682E+01 0.345690E+01 -.809588E+00 0.257004E+01 0.376369E+02
 -.186722E+01 -.147572E+01 0.345288E+01 -.796439E+00 0.257008E+01 0.370367E+02
 -.188150E+01 -.146813E+01 0.345667E+01 -.815568E+00 0.257000E+01 0.344971E+02
 -.187454E+01 -.147088E+01 0.343913E+01 -.802582E+00 0.257431E+01 0.351364E+02
 -.185556E+01 -.145824E+01 0.346555E+01 -.834811E+00 0.257002E+01 0.369215E+02
 -.186939E+01 -.150330E+01 0.344765E+01 -.758431E+00 0.260229E+01 0.399194E+02
 -.190357E+01 -.151938E+01 0.345611E+01 -.788416E+00 0.257000E+01 0.422518E+02
 -.187180E+01 -.142391E+01 0.344183E+01 -.807809E+00 0.258529E+01 0.391377E+02
 -.186700E+01 -.141173E+01 0.347026E+01 -.823355E+00 0.257000E+01 0.425190E+02
 -.190520E+01 -.147522E+01 0.344628E+01 -.820911E+00 0.257000E+01 0.375032E+02
 -.188072E+01 -.145669E+01 0.345575E+01 -.810112E+00 0.257005E+01 0.350055E+02
 -.190746E+01 -.148159E+01 0.346842E+01 -.832359E+00 0.257000E+01 0.352679E+02
 -.186224E+01 -.145997E+01 0.344919E+01 -.826137E+00 0.257000E+01 0.348775E+02
 -.186002E+01 -.146022E+01 0.346061E+01 -.788010E+00 0.257281E+01 0.422310E+02
 -.191914E+01 -.146512E+01 0.345039E+01 -.823823E+00 0.257000E+01 0.387257E+02
 -.187860E+01 -.146456E+01 0.345263E+01 -.821273E+00 0.257000E+01 0.343573E+02
 -.186828E+01 -.150425E+01 0.346202E+01 -.862714E+00 0.257000E+01 0.405656E+02
 -.187805E+01 -.145901E+01 0.344827E+01 -.827335E+00 0.258118E+01 0.375426E+02
 -.185914E+01 -.144038E+01 0.345752E+01 -.815963E+00 0.257001E+01 0.369496E+02
 -.185682E+01 -.149930E+01 0.345457E+01 -.823123E+00 0.257001E+01 0.364527E+02
 -.188138E+01 -.146800E+01 0.345659E+01 -.826637E+00 0.257000E+01 0.344146E+02
 -.188017E+01 -.151329E+01 0.348918E+01 -.849321E+00 0.258198E+01 0.400255E+02
 -.188530E+01 -.142930E+01 0.347678E+01 -.816922E+00 0.257000E+01 0.410071E+02
 -.189947E+01 -.149657E+01 0.344020E+01 -.810210E+00 0.257075E+01 0.386033E+02
 -.184587E+01 -.152676E+01 0.341688E+01 -.781074E+00 0.257098E+01 0.409019E+02
 -.193035E+01 -.145540E+01 0.348254E+01 -.815100E+00 0.257926E+01 0.365927E+02
 -.188405E+01 -.142600E+01 0.347039E+01 -.826280E+00 0.258310E+01 0.372485E+02
 -.193608E+01 -.145904E+01 0.348870E+01 -.816430E+00 0.258987E+01 0.355096E+02
 -.188934E+01 -.146847E+01 0.346526E+01 -.830787E+00 0.257000E+01 0.345172E+02
 -.188146E+01 -.146644E+01 0.345267E+01 -.821673E+00 0.257003E+01 0.344076E+02
 -.187949E+01 -.144544E+01 0.345547E+01 -.820264E+00 0.257000E+01 0.349948E+02
 -.191863E+01 -.144683E+01 0.346785E+01 -.799307E+00 0.257000E+01 0.398025E+02
 -.188953E+01 -.146489E+01 0.345652E+01 -.830060E+00 0.257002E+01 0.348104E+02
 -.187858E+01 -.141396E+01 0.345411E+01 -.795245E+00 0.257000E+01 0.417687E+02
 -.186404E+01 -.147463E+01 0.346985E+01 -.832088E+00 0.257000E+01 0.367015E+02
 -.187477E+01 -.147703E+01 0.346168E+01 -.827853E+00 0.257052E+01 0.347709E+02
 -.191376E+01 -.146687E+01 0.345420E+01 -.836387E+00 0.257484E+01 0.397034E+02
 -.181511E+01 -.144420E+01 0.340984E+01 -.809712E+00 0.257094E+01 0.401554E+02
 -.193126E+01 -.144047E+01 0.345724E+01 -.828995E+00 0.257001E+01 0.402898E+02
 -.189200E+01 -.146311E+01 0.345625E+01 -.837127E+00 0.257000E+01 0.356902E+02
 -.188134E+01 -.146817E+01 0.345666E+01 -.827602E+00 0.257000E+01 0.344509E+02
 -.191993E+01 -.148286E+01 0.348255E+01 -.824294E+00 0.257000E+01 0.372676E+02
 -.188438E+01 -.149802E+01 0.345042E+01 -.824392E+00 0.257000E+01 0.362303E+02
 -.191301E+01 -.144649E+01 0.345989E+01 -.831821E+00 0.257022E+01 0.368328E+02
 -.186525E+01 -.147552E+01 0.345424E+01 -.840716E+00 0.257000E+01 0.359854E+02
 -.190108E+01 -.148003E+01 0.344431E+01 -.809666E+00 0.259152E+01 0.417073E+02
 -.189938E+01 -.151699E+01 0.345977E+01 -.835434E+00 0.257000E+01 0.388061E+02
 -.186278E+01 -.146828E+01 0.346177E+01 -.821454E+00 0.257000E+01 0.357730E+02
 -.188053E+01 -.146150E+01 0.345652E+01 -.834162E+00 0.257000E+01 0.349063E+02
 -.188386E+01 -.146886E+01 0.344831E+01 -.789234E+00 0.259010E+01 0.356139E+02
 -.188245E+01 -.147456E+01 0.347483E+01 -.870445E+00 0.257000E+01 0.384507E+02
 -.189373E+01 -.147681E+01 0.345721E+01 -.826030E+00 0.257000E+01 0.348661E+02
 -.190779E+01 -.146654E+01 0.345629E+01 -.844326E+00 0.257069E+01 0.385785E+02
 -.190814E+01 -.149860E+01 0.347599E+01 -.805044E+00 0.257000E+01 0.406659E+02
 -.189180E+01 -.146950E+01 0.345834E+01 -.820950E+00 0.257173E+01 0.344793E+02
 -.191678E+01 -.145712E+01 0.350000E+01 -.821604E+00 0.257917E+01 0.402111E+02
 -.188930E+01 -.148903E+01 0.345875E+01 -.832183E+00 0.257000E+01 0.354619E+02
 -.188096E+01 -.148856E+01 0.346429E+01 -.811966E+00 0.257000E+01 0.364541E+02
 -.191445E+01 -.145933E+01 0.345228E+01 -.806789E+00 0.257009E+01 0.369339E+02
 -.180218E+01 -.150044E+01 0.342191E+01 -.807831E+00 0.257151E+01 0.404933E+02
 -.188158E+01 -.146822E+01 0.345676E+01 -.819670E+00 0.257000E+01 0.343528E+02
 -.187957E+01 -.144079E+01 0.342414E+01 -.781221E+00 0.257230E+01 0.386503E+02
 -.190975E+01 -.146808E+01 0.345666E+01 -.811559E+00 0.257836E+01 0.359354E+02
 -.187611E+01 -.145659E+01 0.344183E+01 -.776866E+00 0.257000E+01 0.394895E+02
 -.186706E+01 -.147712E+01 0.345342E+01 -.817002E+00 0.257417E+01 0.346760E+02
 -.182745E+01 -.147597E+01 0.345710E+01 -.840880E+00 0.257000E+01 0.399672E+02
 -.182155E+01 -.146178E+01 0.343136E+01 -.825252E+00 0.257829E+01 0.404063E+02
 -.194889E+01 -.145795E+01 0.346106E+01 -.811824E+00 0.258588E+01 0.427241E+02
 -.189555E+01 -.148308E+01 0.345444E+01 -.820833E+00 0.257000E+01 0.352578E+02
 -.189366E+01 -.146995E+01 0.346328E+01 -.821367E+00 0.257002E+01 0.346141E+02
 -.188258E+01 -.148144E+01 0.345846E+01 -.827160E+00 0.257002E+01 0.346893E+02
 -.187190E+01 -.146434E+01 0.348008E+01 -.801681E+00 0.259436E+01 0.375682E+02
 -.190173E+01 -.147416E+01 0.343996E+01 -.817957E+00 0.257000E+01 0.384542E+02
 -.188438E+01 -.145788E+01 0.345361E+01 -.809363E+00 0.257651E+01 0.345748E+02
 -.186644E+01 -.147166E+01 0.345998E+01 -.807838E+00 0.257000E+01 0.366842E+02
 -.189131E+01 -.147264E+01 0.345945E+01 -.820435E+00 0.257056E+01 0.345009E+02
 -.185740E+01 -.146517E+01 0.344647E+01 -.822892E+00 0.257000E+01 0.348634E+02
 -.187381E+01 -.149839E+01 0.345559E+01 -.820405E+00 0.257158E+01 0.356516E+02
 -.188551E+01 -.146357E+01 0.345202E+01 -.784727E+00 0.259911E+01 0.360396E+02
 -.195821E+01 -.142416E+01 0.348139E+01 -.781490E+00 0.260235E+01 0.423749E+02
 -.191129E+01 -.150929E+01 0.345802E+01 -.801950E+00 0.257002E+01 0.390834E+02
 -.185709E+01 -.148179E+01 0.344867E+01 -.787198E+00 0.257011E+01 0.390858E+02
 -.188161E+01 -.146810E+01 0.345670E+01 -.815413E+00 0.257000E+01 0.345063E+02
 -.195984E+01 -.146851E+01 0.347712E+01 -.830311E+00 0.257000E+01 0.405327E+02
 -.186158E+01 -.145206E+01 0.345925E+01 -.813729E+00 0.257156E+01 0.362848E+02
 -.184738E+01 -.141968E+01 0.344050E+01 -.823898E+00 0.257265E+01 0.392923E+02
 -.189338E+01 -.141967E+01 0.345581E+01 -.829723E+00 0.257000E+01 0.382641E+02
 -.188199E+01 -.147755E+01 0.343161E+01 -.817794E+00 0.257523E+01 0.400146E+02
 -.188619E+01 -.144836E+01 0.346696E+01 -.818843E+00 0.257000E+01 0.359502E+02
 -.190484E+01 -.147014E+01 0.345876E+01 -.821022E+00 0.257001E+01 0.351618E+02
 -.182012E+01 -.147307E+01 0.344379E+01 -.809835E+00 0.257429E+01 0.385149E+02
 -.188285E+01 -.148140E+01 0.345740E+01 -.813219E+00 0.257001E+01 0.349377E+02
 -.189728E+01 -.147764E+01 0.350000E+01 -.817280E+00 0.260292E+01 0.363509E+02
 -.186148E+01 -.146648E+01 0.343869E+01 -.817534E+00 0.257000E+01 0.350310E+02
 -.188831E+01 -.143750E+01 0.345852E+01 -.800068E+00 0.257000E+01 0.381132E+02
 -.186453E+01 -.146207E+01 0.345281E+01 -.788222E+00 0.257566E+01 0.377166E+02
 -.188429E+01 -.147058E+01 0.345685E+01 -.815653E+00 0.257316E+01 0.343712E+02
 -.184878E+01 -.145744E+01 0.345578E+01 -.819596E+00 0.257000E+01 0.364628E+02
 -.187071E+01 -.148319E+01 0.345907E+01 -.804001E+00 0.257000E+01 0.370229E+02
 -.181630E+01 -.149475E+01 0.344994E+01 -.809512E+00 0.257000E+01 0.419442E+02
 -.188131E+01 -.146802E+01 0.345663E+01 -.822425E+00 0.257000E+01 0.343289E+02
 -.191063E+01 -.146247E+01 0.350000E+01 -.819267E+00 0.261267E+01 0.351567E+02
 -.187284E+01 -.148248E+01 0.345546E+01 -.825819E+00 0.257000E+01 0.347835E+02
 -.183016E+01 -.146309E+01 0.345630E+01 -.811202E+00 0.257001E+01 0.403933E+02
 -.186466E+01 -.146352E+01 0.347013E+01 -.797797E+00 0.257388E+01 0.421102E+02
 -.187561E+01 -.149289E+01 0.345637E+01 -.802282E+00 0.257000E+01 0.368896E+02
 -.187997E+01 -.144607E+01 0.346997E+01 -.818982E+00 0.257000E+01 0.371843E+02
 -.188201E+01 -.146871E+01 0.345252E+01 -.822348E+00 0.257000E+01 0.344598E+02
 -.187983E+01 -.147297E+01 0.345599E+01 -.818879E+00 0.257000E+01 0.343979E+02
 -.191586E+01 -.148546E+01 0.347071E+01 -.822068E+00 0.258912E+01 0.365720E+02
 -.187841E+01 -.142205E+01 0.344295E+01 -.800065E+00 0.257000E+01 0.380810E+02
 -.183032E+01 -.146709E+01 0.345232E+01 -.828420E+00 0.257000E+01 0.381260E+02
 -.187755E+01 -.147214E+01 0.345797E+01 -.837343E+00 0.257491E+01 0.357915E+02
 -.188200E+01 -.144357E+01 0.348250E+01 -.826086E+00 0.257000E+01 0.401980E+02
 -.189583E+01 -.146688E+01 0.345395E+01 -.826462E+00 0.257476E+01 0.358594E+02
 -.188156E+01 -.145001E+01 0.344509E+01 -.825536E+00 0.257000E+01 0.359323E+02
 -.184328E+01 -.148566E+01 0.346687E+01 -.827193E+00 0.260420E+01 0.426930E+02
 -.190679E+01 -.146617E+01 0.348018E+01 -.822486E+00 0.257310E+01 0.361337E+02
 -.187879E+01 -.154243E+01 0.345985E+01 -.819344E+00 0.257293E+01 0.410567E+02
 -.189578E+01 -.143479E+01 0.345913E+01 -.838680E+00 0.257004E+01 0.369988E+02
 -.194583E+01 -.145812E+01 0.350000E+01 -.823882E+00 0.257000E+01 0.426004E+02
 -.193228E+01 -.146905E+01 0.346981E+01 -.792369E+00 0.257000E+01 0.423099E+02
 -.186695E+01 -.143339E+01 0.346705E+01 -.823340E+00 0.257201E+01 0.379492E+02
 -.181507E+01 -.145587E+01 0.345373E+01 -.822117E+00 0.257000E+01 0.418961E+02
 -.188105E+01 -.146796E+01 0.345657E+01 -.828410E+00 0.257000E+01 0.344884E+02
 -.187757E+01 -.147726E+01 0.345864E+01 -.807943E+00 0.257313E+01 0.351916E+02
 -.188972E+01 -.148469E+01 0.345347E+01 -.827817E+00 0.257723E+01 0.366717E+02
 -.188576E+01 -.146306E+01 0.345232E+01 -.814867E+00 0.257000E+01 0.344931E+02
 -.187402E+01 -.149949E+01 0.345562E+01 -.793822E+00 0.257000E+01 0.390483E+02
 -.188158E+01 -.146632E+01 0.345911E+01 -.831789E+00 0.257000E+01 0.345659E+02
 -.186296E+01 -.147050E+01 0.345083E+01 -.823040E+00 0.257001E+01 0.346459E+02
 -.188160E+01 -.144964E+01 0.345600E+01 -.831358E+00 0.257000E+01 0.350892E+02
 -.190971E+01 -.148825E+01 0.347705E+01 -.804518E+00 0.261281E+01 0.373399E+02
 -.184071E+01 -.146863E+01 0.346174E+01 -.831877E+00 0.257000E+01 0.382228E+02
 -.188538E+01 -.140225E+01 0.345204E+01 -.836278E+00 0.257136E+01 0.423645E+02
 -.190630E+01 -.147536E+01 0.346279E+01 -.826758E+00 0.257000E+01 0.351649E+02
 -.188298E+01 -.146734E+01 0.345526E+01 -.819120E+00 0.257000E+01 0.343402E+02
 -.193605E+01 -.146102E+01 0.348670E+01 -.822632E+00 0.257000E+01 0.386199E+02
 -.188496E+01 -.149446E+01 0.344979E+01 -.773097E+00 0.257359E+01 0.420119E+02
 -.195914E+01 -.146512E+01 0.348654E+01 -.849061E+00 0.257011E+01 0.398109E+02
 -.186944E+01 -.146595E+01 0.345572E+01 -.804652E+00 0.261625E+01 0.425233E+02
 -.184876E+01 -.146972E+01 0.343766E+01 -.823367E+00 0.257077E+01 0.359379E+02
 -.188117E+01 -.146799E+01 0.345659E+01 -.830351E+00 0.257000E+01 0.345981E+02
 -.187460E+01 -.152142E+01 0.342762E+01 -.777275E+00 0.257000E+01 0.412974E+02
 -.187346E+01 -.146371E+01 0.345366E+01 -.814853E+00 0.257166E+01 0.344192E+02
 -.192835E+01 -.147297E+01 0.346269E+01 -.825888E+00 0.257000E+01 0.375133E+02
 -.188202E+01 -.148597E+01 0.345383E+01 -.833267E+00 0.257000E+01 0.356836E+02
 -.188214E+01 -.145956E+01 0.342889E+01 -.813470E+00 0.257000E+01 0.383832E+02
 -.188943E+01 -.148602E+01 0.345432E+01 -.836607E+00 0.257000E+01 0.364085E+02
 -.187816E+01 -.147273E+01 0.346380E+01 -.822945E+00 0.257001E+01 0.349055E+02
 -.188293E+01 -.145624E+01 0.345712E+01 -.826667E+00 0.257000E+01 0.345571E+02
 -.185636E+01 -.145695E+01 0.345380E+01 -.856247E+00 0.257001E+01 0.389022E+02
 -.188746E+01 -.147573E+01 0.348279E+01 -.789447E+00 0.258649E+01 0.420796E+02
 -.189387E+01 -.146959E+01 0.344229E+01 -.820471E+00 0.257000E+01 0.368739E+02
 -.190077E+01 -.146824E+01 0.345980E+01 -.804170E+00 0.257326E+01 0.355878E+02
 -.194019E+01 -.148447E+01 0.345651E+01 -.782209E+00 0.259865E+01 0.425040E+02
 -.186957E+01 -.146785E+01 0.345651E+01 -.813302E+00 0.257233E+01 0.347940E+02
 -.188183E+01 -.152017E+01 0.346692E+01 -.822391E+00 0.257000E+01 0.384537E+02
 -.191471E+01 -.150236E+01 0.345606E+01 -.811753E+00 0.257002E+01 0.381025E+02
 -.179317E+01 -.147055E+01 0.342743E+01 -.822607E+00 0.257374E+01 0.426022E+02
 -.190074E+01 -.147504E+01 0.347198E+01 -.801548E+00 0.257641E+01 0.373233E+02
 -.191716E+01 -.146442E+01 0.346758E+01 -.818906E+00 0.257000E+01 0.358381E+02
 -.188140E+01 -.146808E+01 0.345668E+01 -.827997E+00 0.257000E+01 0.344679E+02
 -.188047E+01 -.146263E+01 0.348402E+01 -.857264E+00 0.257340E+01 0.373732E+02
 -.184317E+01 -.146340E+01 0.346086E+01 -.841149E+00 0.258805E+01 0.407796E+02
 -.186574E+01 -.145228E+01 0.345689E+01 -.810387E+00 0.257000E+01 0.360495E+02
 -.192346E+01 -.147775E+01 0.346019E+01 -.832422E+00 0.257000E+01 0.380171E+02
 -.194055E+01 -.146181E+01 0.350000E+01 -.814123E+00 0.258038E+01 0.403054E+02
 -.183873E+01 -.145867E+01 0.345779E+01 -.809233E+00 0.258681E+01 0.379665E+02
 -.189176E+01 -.144171E+01 0.345652E+01 -.851519E+00 0.257000E+01 0.387552E+02
 -.189006E+01 -.147463E+01 0.345790E+01 -.815324E+00 0.257000E+01 0.346791E+02
 -.189856E+01 -.147143E+01 0.345998E+01 -.821704E+00 0.257000E+01 0.347286E+02
 -.188287E+01 -.146586E+01 0.345751E+01 -.821232E+00 0.257000E+01 0.343459E+02
 -.188230E+01 -.153375E+01 0.347117E+01 -.811131E+00 0.257000E+01 0.426964E+02
 -.193363E+01 -.147240E+01 0.344935E+01 -.814295E+00 0.257000E+01 0.410919E+02
 -.189127E+01 -.146170E+01 0.345487E+01 -.786491E+00 0.257406E+01 0.380429E+02
 -.188814E+01 -.146812E+01 0.345665E+01 -.816722E+00 0.257000E+01 0.344783E+02
 -.189353E+01 -.146248E+01 0.345303E+01 -.816288E+00 0.257020E+01 0.347877E+02
 -.180960E+01 -.147188E+01 0.341876E+01 -.822673E+00 0.257200E+01 0.409451E+02
 -.187144E+01 -.144535E+01 0.345020E+01 -.822080E+00 0.257000E+01 0.350767E+02
 -.192248E+01 -.147524E+01 0.344791E+01 -.807812E+00 0.257022E+01 0.389848E+02
 -.189054E+01 -.146486E+01 0.344742E+01 -.772513E+00 0.257000E+01 0.423173E+02
 -.187934E+01 -.151289E+01 0.345608E+01 -.792166E+00 0.257000E+01 0.405214E+02
 -.181479E+01 -.146722E+01 0.343636E+01 -.823136E+00 0.257010E+01 0.386182E+02
 -.187113E+01 -.148489E+01 0.348100E+01 -.822416E+00 0.257081E+01 0.407280E+02
 -.188142E+01 -.146807E+01 0.345673E+01 -.816541E+00 0.257000E+01 0.344530E+02
 -.186960E+01 -.145836E+01 0.345721E+01 -.813381E+00 0.257309E+01 0.349404E+02
 -.187572E+01 -.146212E+01 0.345699E+01 -.824882E+00 0.257000E+01 0.344348E+02
 -.185493E+01 -.151359E+01 0.345698E+01 -.804381E+00 0.257116E+01 0.397527E+02
 -.187730E+01 -.141144E+01 0.345656E+01 -.846389E+00 0.257000E+01 0.408630E+02
 -.188249E+01 -.147906E+01 0.345681E+01 -.820244E+00 0.257144E+01 0.345233E+02
 -.188243E+01 -.147376E+01 0.347447E+01 -.819387E+00 0.257000E+01 0.373976E+02
 -.188760E+01 -.145376E+01 0.347051E+01 -.822729E+00 0.257000E+01 0.358549E+02
 -.190704E+01 -.146677E+01 0.345087E+01 -.819539E+00 0.257000E+01 0.363839E+02
 -.188202E+01 -.147593E+01 0.345759E+01 -.817712E+00 0.257000E+01 0.345417E+02
 -.193729E+01 -.146031E+01 0.348076E+01 -.821042E+00 0.257000E+01 0.379892E+02
 -.184925E+01 -.147272E+01 0.346383E+01 -.817745E+00 0.257000E+01 0.384801E+02
 -.186854E+01 -.146598E+01 0.345363E+01 -.811118E+00 0.257237E+01 0.346870E+02
 -.185722E+01 -.147266E+01 0.347270E+01 -.798958E+00 0.259432E+01 0.381512E+02
 -.189490E+01 -.146803E+01 0.345647E+01 -.823425E+00 0.257174E+01 0.348115E+02
 -.194650E+01 -.146856E+01 0.345606E+01 -.822933E+00 0.257033E+01 0.426706E+02
 -.187912E+01 -.153476E+01 0.346235E+01 -.821084E+00 0.257000E+01 0.400624E+02
 -.193031E+01 -.147594E+01 0.350000E+01 -.803582E+00 0.261715E+01 0.346154E+02
 -.186486E+01 -.146469E+01 0.347854E+01 -.822668E+00 0.257000E+01 0.407945E+02
 -.188999E+01 -.147257E+01 0.345060E+01 -.751403E+00 0.261568E+01 0.391223E+02
 -.189212E+01 -.144816E+01 0.345898E+01 -.814048E+00 0.257008E+01 0.353002E+02
 -.195733E+01 -.144644E+01 0.348119E+01 -.823038E+00 0.257323E+01 0.400131E+02
 -.187923E+01 -.147358E+01 0.350000E+01 -.813497E+00 0.260821E+01 0.386252E+02
 -.191088E+01 -.152300E+01 0.350000E+01 -.864536E+00 0.257000E+01 0.415781E+02
 -.188134E+01 -.146798E+01 0.345653E+01 -.815832E+00 0.257000E+01 0.344759E+02
 -.187679E+01 -.145784E+01 0.343802E+01 -.791517E+00 0.257000E+01 0.358625E+02
 -.189283E+01 -.144434E+01 0.345219E+01 -.861591E+00 0.257000E+01 0.425519E+02
 -.188119E+01 -.148156E+01 0.345204E+01 -.821050E+00 0.257040E+01 0.347548E+02
 -.183667E+01 -.145054E+01 0.345394E+01 -.817624E+00 0.257000E+01 0.382178E+02
 -.184646E+01 -.148586E+01 0.342070E+01 -.808997E+00 0.257115E+01 0.378617E+02
 -.187104E+01 -.145451E+01 0.345640E+01 -.792294E+00 0.257000E+01 0.392106E+02
 -.188453E+01 -.146208E+01 0.345932E+01 -.839956E+00 0.257000E+01 0.352878E+02
 -.189586E+01 -.146779E+01 0.345569E+01 -.819150E+00 0.257000E+01 0.347492E+02
 -.188224E+01 -.147984E+01 0.345619E+01 -.818601E+00 0.257000E+01 0.345763E+02
 -.183200E+01 -.146903E+01 0.346611E+01 -.825664E+00 0.257000E+01 0.417147E+02
 -.187771E+01 -.147055E+01 0.346022E+01 -.838909E+00 0.257120E+01 0.351982E+02
 -.187261E+01 -.146731E+01 0.345558E+01 -.827802E+00 0.257123E+01 0.345916E+02
 -.186923E+01 -.150370E+01 0.345546E+01 -.821125E+00 0.257029E+01 0.362058E+02
 -.187879E+01 -.149681E+01 0.344803E+01 -.825869E+00 0.257000E+01 0.363341E+02
 -.186209E+01 -.146629E+01 0.346054E+01 -.823434E+00 0.257000E+01 0.355073E+02
 -.190053E+01 -.141423E+01 0.345920E+01 -.837246E+00 0.257012E+01 0.397990E+02
 -.187547E+01 -.146333E+01 0.344490E+01 -.822101E+00 0.257000E+01 0.349894E+02
 -.188124E+01 -.146796E+01 0.345644E+01 -.822741E+00 0.257000E+01 0.343298E+02
 -.188586E+01 -.146125E+01 0.345598E+01 -.804555E+00 0.261215E+01 0.414275E+02
 -.189012E+01 -.145864E+01 0.344894E+01 -.820763E+00 0.257000E+01 0.351913E+02
 -.182253E+01 -.146719E+01 0.345540E+01 -.816666E+00 0.257000E+01 0.409093E+02
 -.186059E+01 -.143791E+01 0.342863E+01 -.824582E+00 0.257053E+01 0.392768E+02
 -.188653E+01 -.149092E+01 0.345572E+01 -.827065E+00 0.257001E+01 0.354031E+02
 -.187889E+01 -.147605E+01 0.345097E+01 -.826137E+00 0.257000E+01 0.348497E+02
 -.185798E+01 -.147014E+01 0.346059E+01 -.820862E+00 0.257000E+01 0.360781E+02
 -.188176E+01 -.146913E+01 0.345627E+01 -.825814E+00 0.257000E+01 0.344053E+02
 -.186203E+01 -.145666E+01 0.343005E+01 -.790291E+00 0.257000E+01 0.356153E+02
 -.190001E+01 -.149285E+01 0.348118E+01 -.775685E+00 0.260014E+01 0.399424E+02
 -.188083E+01 -.146158E+01 0.347417E+01 -.837789E+00 0.257000E+01 0.357104E+02
 -.189132E+01 -.146852E+01 0.346444E+01 -.844702E+00 0.257128E+01 0.356191E+02
 -.189886E+01 -.148337E+01 0.347335E+01 -.795243E+00 0.258151E+01 0.378880E+02
 -.186819E+01 -.146707E+01 0.345511E+01 -.821892E+00 0.257000E+01 0.345477E+02
 -.191142E+01 -.143654E+01 0.344999E+01 -.811119E+00 0.257000E+01 0.379431E+02
 -.188109E+01 -.144176E+01 0.344189E+01 -.826425E+00 0.257000E+01 0.371343E+02
 -.182157E+01 -.146483E+01 0.345299E+01 -.826962E+00 0.257000E+01 0.398600E+02
 -.190401E+01 -.145567E+01 0.345820E+01 -.841269E+00 0.257009E+01 0.370026E+02
 -.186547E+01 -.152340E+01 0.345977E+01 -.844151E+00 0.257000E+01 0.399331E+02
 -.188123E+01 -.146806E+01 0.345657E+01 -.828351E+00 0.257000E+01 0.344875E+02
 -.187593E+01 -.152844E+01 0.344188E+01 -.813517E+00 0.257000E+01 0.396768E+02
 -.189013E+01 -.145021E+01 0.345672E+01 -.816067E+00 0.257107E+01 0.348914E+02
 -.185756E+01 -.147719E+01 0.345957E+01 -.828889E+00 0.257000E+01 0.357565E+02
 -.187932E+01 -.143563E+01 0.344739E+01 -.825037E+00 0.257072E+01 0.364415E+02
 -.187437E+01 -.145344E+01 0.346728E+01 -.808593E+00 0.258732E+01 0.353028E+02
 -.189022E+01 -.144829E+01 0.345534E+01 -.854655E+00 0.257001E+01 0.392676E+02
 -.188216E+01 -.147549E+01 0.345657E+01 -.816841E+00 0.257000E+01 0.345169E+02
 -.186713E+01 -.147129E+01 0.346428E+01 -.823965E+00 0.257000E+01 0.356717E+02
 -.188172E+01 -.145515E+01 0.345770E+01 -.823535E+00 0.257000E+01 0.345363E+02
 -.188704E+01 -.140076E+01 0.346211E+01 -.828769E+00 0.257000E+01 0.414358E+02
 -.189233E+01 -.146451E+01 0.346143E+01 -.826841E+00 0.257117E+01 0.344809E+02
 -.187497E+01 -.146745E+01 0.345677E+01 -.815566E+00 0.257111E+01 0.345555E+02
 -.188824E+01 -.142747E+01 0.345471E+01 -.815852E+00 0.257000E+01 0.368213E+02
 -.188061E+01 -.145357E+01 0.344813E+01 -.818358E+00 0.257000E+01 0.347919E+02
 -.185768E+01 -.144543E+01 0.346641E+01 -.822131E+00 0.257000E+01 0.383321E+02
 -.186783E+01 -.149435E+01 0.345540E+01 -.808022E+00 0.257000E+01 0.363528E+02
 -.186601E+01 -.147512E+01 0.350000E+01 -.821933E+00 0.262042E+01 0.415830E+02
 -.190072E+01 -.148263E+01 0.348826E+01 -.823025E+00 0.257029E+01 0.400106E+02
 -.188135E+01 -.146812E+01 0.345671E+01 -.822558E+00 0.257000E+01 0.343301E+02
 -.188463E+01 -.142072E+01 0.348109E+01 -.837741E+00 0.257000E+01 0.404301E+02
 -.187237E+01 -.146417E+01 0.346056E+01 -.820863E+00 0.257178E+01 0.347628E+02
 -.190772E+01 -.146915E+01 0.345696E+01 -.833404E+00 0.257000E+01 0.365262E+02
 -.189596E+01 -.143442E+01 0.346851E+01 -.824111E+00 0.257027E+01 0.365133E+02
 -.188228E+01 -.143039E+01 0.345513E+01 -.859297E+00 0.257000E+01 0.411739E+02
 -.187864E+01 -.147340E+01 0.347247E+01 -.851541E+00 0.257000E+01 0.360954E+02
 -.188491E+01 -.147191E+01 0.346141E+01 -.810162E+00 0.257000E+01 0.355149E+02
 -.188427E+01 -.147137E+01 0.345031E+01 -.823894E+00 0.257000E+01 0.348630E+02
 -.188183E+01 -.147059E+01 0.345797E+01 -.819556E+00 0.257000E+01 0.344136E+02
 -.184826E+01 -.147301E+01 0.345785E+01 -.818323E+00 0.257000E+01 0.368819E+02
 -.188097E+01 -.150819E+01 0.345700E+01 -.847893E+00 0.257075E+01 0.392269E+02
 -.188386E+01 -.146350E+01 0.345213E+01 -.807368E+00 0.257029E+01 0.347918E+02
 -.189063E+01 -.146805E+01 0.345639E+01 -.820536E+00 0.257000E+01 0.344900E+02
 -.188656E+01 -.146850E+01 0.345736E+01 -.827949E+00 0.257054E+01 0.345497E+02
 -.187824E+01 -.148635E+01 0.346855E+01 -.814669E+00 0.257000E+01 0.371525E+02
 -.187981E+01 -.147817E+01 0.343700E+01 -.823498E+00 0.257133E+01 0.377885E+02
 -.187458E+01 -.144292E+01 0.342525E+01 -.775000E+00 0.257103E+01 0.387210E+02
 -.182964E+01 -.146337E+01 0.345845E+01 -.822270E+00 0.257036E+01 0.398855E+02
 -.189220E+01 -.146383E+01 0.344168E+01 -.799442E+00 0.259750E+01 0.409989E+02
 -.189236E+01 -.145930E+01 0.345355E+01 -.821993E+00 0.257325E+01 0.350838E+02
 -.188139E+01 -.146807E+01 0.345677E+01 -.817542E+00 0.257000E+01 0.344141E+02
 -.187497E+01 -.144428E+01 0.342769E+01 -.767452E+00 0.257332E+01 0.399098E+02
 -.187067E+01 -.147605E+01 0.345620E+01 -.817115E+00 0.257042E+01 0.347244E+02
 -.193852E+01 -.145506E+01 0.345454E+01 -.830406E+00 0.257000E+01 0.423238E+02
 -.189191E+01 -.143541E+01 0.346240E+01 -.822241E+00 0.257030E+01 0.360010E+02
 -.185635E+01 -.146909E+01 0.346665E+01 -.805888E+00 0.261281E+01 0.394480E+02
 -.187714E+01 -.144476E+01 0.345641E+01 -.834481E+00 0.257001E+01 0.355425E+02
 -.190502E+01 -.146359E+01 0.346366E+01 -.801265E+00 0.258974E+01 0.350390E+02
 -.188185E+01 -.146982E+01 0.345893E+01 -.813854E+00 0.257000E+01 0.348147E+02
 -.189807E+01 -.146742E+01 0.344383E+01 -.819054E+00 0.257000E+01 0.368082E+02
 -.188145E+01 -.148125E+01 0.345663E+01 -.818845E+00 0.257000E+01 0.346310E+02
 -.189593E+01 -.149975E+01 0.345619E+01 -.822907E+00 0.257000E+01 0.362800E+02
 -.187671E+01 -.146617E+01 0.345120E+01 -.821782E+00 0.257009E+01 0.344097E+02
 -.191793E+01 -.146831E+01 0.348806E+01 -.803516E+00 0.261088E+01 0.346708E+02
 -.189301E+01 -.146749E+01 0.345529E+01 -.824448E+00 0.257077E+01 0.348135E+02
 -.188120E+01 -.150478E+01 0.347358E+01 -.816118E+00 0.257000E+01 0.392931E+02
 -.189685E+01 -.147891E+01 0.344469E+01 -.824287E+00 0.257083E+01 0.375322E+02
 -.187550E+01 -.148434E+01 0.345535E+01 -.870526E+00 0.257006E+01 0.427240E+02
 -.184128E+01 -.149858E+01 0.343172E+01 -.809314E+00 0.257001E+01 0.367010E+02
 -.181052E+01 -.145663E+01 0.344095E+01 -.821472E+00 0.257031E+01 0.398695E+02
 -.188132E+01 -.146799E+01 0.345667E+01 -.818413E+00 0.257000E+01 0.343807E+02
 -.187798E+01 -.145295E+01 0.346390E+01 -.788687E+00 0.257441E+01 0.409586E+02
 -.189944E+01 -.146566E+01 0.350000E+01 -.818087E+00 0.259915E+01 0.364698E+02
 -.189679E+01 -.143414E+01 0.345449E+01 -.850178E+00 0.257000E+01 0.400786E+02
 -.192060E+01 -.145531E+01 0.346675E+01 -.825964E+00 0.257630E+01 0.362110E+02
 -.188477E+01 -.147244E+01 0.345240E+01 -.820966E+00 0.257000E+01 0.345488E+02
 -.191009E+01 -.146067E+01 0.345412E+01 -.811770E+00 0.257000E+01 0.360902E+02
 -.187339E+01 -.147358E+01 0.345502E+01 -.820764E+00 0.257009E+01 0.344390E+02
 -.190847E+01 -.146387E+01 0.345950E+01 -.816824E+00 0.259088E+01 0.377443E+02
 -.187566E+01 -.148650E+01 0.345696E+01 -.805897E+00 0.257001E+01 0.360788E+02
 -.188151E+01 -.146663E+01 0.342999E+01 -.824153E+00 0.257000E+01 0.398941E+02
 -.188184E+01 -.146529E+01 0.348193E+01 -.823472E+00 0.257138E+01 0.389632E+02
 -.192109E+01 -.145991E+01 0.345302E+01 -.761973E+00 0.258965E+01 0.420237E+02
 -.187923E+01 -.146833E+01 0.345335E+01 -.826639E+00 0.257000E+01 0.345518E+02
 -.189848E+01 -.147097E+01 0.345832E+01 -.819311E+00 0.257000E+01 0.347902E+02
 -.188276E+01 -.146506E+01 0.345655E+01 -.821075E+00 0.257000E+01 0.343358E+02
 -.188887E+01 -.146879E+01 0.347201E+01 -.824643E+00 0.257000E+01 0.355502E+02
 -.187312E+01 -.146976E+01 0.345684E+01 -.834758E+00 0.257000E+01 0.349269E+02
 -.192477E+01 -.147943E+01 0.348737E+01 -.840372E+00 0.257000E+01 0.364486E+02
 -.187931E+01 -.146734E+01 0.345568E+01 -.825072E+00 0.257076E+01 0.344016E+02
 -.183181E+01 -.145068E+01 0.345122E+01 -.817663E+00 0.259911E+01 0.420776E+02
 -.189468E+01 -.146845E+01 0.345657E+01 -.821835E+00 0.257003E+01 0.346718E+02
 -.188155E+01 -.142055E+01 0.345291E+01 -.824560E+00 0.257000E+01 0.376744E+02
 -.189472E+01 -.145615E+01 0.347076E+01 -.821797E+00 0.257000E+01 0.356161E+02
 -.187712E+01 -.145312E+01 0.345775E+01 -.867057E+00 0.257000E+01 0.406763E+02
 -.187280E+01 -.146494E+01 0.346601E+01 -.804568E+00 0.257860E+01 0.363556E+02
 -.185236E+01 -.147822E+01 0.345234E+01 -.825614E+00 0.257678E+01 0.360759E+02
 -.183814E+01 -.145156E+01 0.346276E+01 -.829537E+00 0.257336E+01 0.392237E+02
 -.197243E+01 -.148550E+01 0.350000E+01 -.814699E+00 0.261435E+01 0.403911E+02
 -.188124E+01 -.146799E+01 0.345648E+01 -.824753E+00 0.257000E+01 0.343601E+02
 -.188438E+01 -.146668E+01 0.348480E+01 -.848830E+00 0.257288E+01 0.368070E+02
 -.183800E+01 -.146332E+01 0.341747E+01 -.806761E+00 0.257000E+01 0.370917E+02
 -.185944E+01 -.143154E+01 0.344017E+01 -.809332E+00 0.257322E+01 0.365586E+02
 -.188953E+01 -.146684E+01 0.345282E+01 -.816238E+00 0.257112E+01 0.345951E+02
 -.183340E+01 -.146784E+01 0.345533E+01 -.815830E+00 0.257000E+01 0.387822E+02
 -.186777E+01 -.150033E+01 0.345009E+01 -.821654E+00 0.257000E+01 0.359308E+02
 -.190224E+01 -.145503E+01 0.346103E+01 -.819998E+00 0.257000E+01 0.350646E+02
 -.188546E+01 -.144161E+01 0.345465E+01 -.815835E+00 0.257000E+01 0.353675E+02
 -.189193E+01 -.146296E+01 0.345894E+01 -.832930E+00 0.257000E+01 0.348958E+02
 -.188170E+01 -.147074E+01 0.345652E+01 -.819695E+00 0.257000E+01 0.343625E+02
 -.186790E+01 -.147142E+01 0.346884E+01 -.821633E+00 0.257000E+01 0.368860E+02
 -.188216E+01 -.145316E+01 0.345658E+01 -.823137E+00 0.257000E+01 0.345974E+02
 -.186688E+01 -.147283E+01 0.345901E+01 -.857566E+00 0.257000E+01 0.381046E+02
 -.187783E+01 -.145182E+01 0.345837E+01 -.824111E+00 0.257000E+01 0.347374E+02
 -.187760E+01 -.147080E+01 0.345701E+01 -.828134E+00 0.257011E+01 0.344866E+02
 -.186533E+01 -.147010E+01 0.346896E+01 -.804756E+00 0.260532E+01 0.367757E+02
 -.186936E+01 -.146815E+01 0.345588E+01 -.817574E+00 0.257000E+01 0.346695E+02
 -.188331E+01 -.145449E+01 0.348422E+01 -.820328E+00 0.257108E+01 0.409456E+02
 -.185454E+01 -.146780E+01 0.345447E+01 -.824622E+00 0.257054E+01 0.353583E+02
 -.188137E+01 -.146802E+01 0.345650E+01 -.828937E+00 0.257000E+01 0.345223E+02
 -.188135E+01 -.149029E+01 0.344680E+01 -.854764E+00 0.257000E+01 0.420052E+02
 -.183698E+01 -.147481E+01 0.342987E+01 -.793412E+00 0.257530E+01 0.358902E+02
 -.192644E+01 -.142382E+01 0.345379E+01 -.824073E+00 0.257085E+01 0.415710E+02
 -.187265E+01 -.145821E+01 0.346411E+01 -.804906E+00 0.257000E+01 0.381592E+02
 -.187972E+01 -.145878E+01 0.345845E+01 -.820523E+00 0.257110E+01 0.344798E+02
 -.187003E+01 -.146633E+01 0.346023E+01 -.838736E+00 0.257000E+01 0.352224E+02
 -.188887E+01 -.150377E+01 0.345866E+01 -.823138E+00 0.257018E+01 0.361668E+02
 -.187272E+01 -.144980E+01 0.345644E+01 -.824160E+00 0.259173E+01 0.380182E+02
 -.189021E+01 -.140587E+01 0.345286E+01 -.836197E+00 0.257001E+01 0.415171E+02
 -.188351E+01 -.147121E+01 0.345935E+01 -.816768E+00 0.257000E+01 0.346180E+02
 -.186374E+01 -.146852E+01 0.345298E+01 -.822721E+00 0.257000E+01 0.346430E+02
 -.188103E+01 -.146894E+01 0.345666E+01 -.822223E+00 0.257000E+01 0.343325E+02
 -.185432E+01 -.147273E+01 0.341720E+01 -.817234E+00 0.257000E+01 0.401686E+02
 -.188574E+01 -.146905E+01 0.345360E+01 -.812808E+00 0.257017E+01 0.345307E+02
 -.189671E+01 -.146148E+01 0.346709E+01 -.795355E+00 0.262797E+01 0.422911E+02
 -.187980E+01 -.146800E+01 0.345620E+01 -.818808E+00 0.257052E+01 0.343451E+02
 -.187650E+01 -.142474E+01 0.344725E+01 -.823356E+00 0.257015E+01 0.373526E+02
 -.190684E+01 -.146808E+01 0.345798E+01 -.827428E+00 0.257090E+01 0.357376E+02
 -.187822E+01 -.152300E+01 0.344678E+01 -.827109E+00 0.257000E+01 0.394954E+02
 -.184659E+01 -.147941E+01 0.345519E+01 -.823381E+00 0.257015E+01 0.364370E+02
 -.182642E+01 -.148562E+01 0.343479E+01 -.777004E+00 0.257006E+01 0.411135E+02
 -.186541E+01 -.152424E+01 0.344924E+01 -.820526E+00 0.257458E+01 0.390049E+02
 -.185665E+01 -.145757E+01 0.348278E+01 -.858900E+00 0.257004E+01 0.408838E+02
 -.184108E+01 -.146052E+01 0.347198E+01 -.799801E+00 0.261995E+01 0.422027E+02
 -.188142E+01 -.146805E+01 0.345687E+01 -.826114E+00 0.257000E+01 0.343900E+02
 -.187656E+01 -.146465E+01 0.342466E+01 -.812246E+00 0.257620E+01 0.409219E+02
 -.186365E+01 -.150134E+01 0.344192E+01 -.805677E+00 0.257066E+01 0.360953E+02
 -.180859E+01 -.147382E+01 0.344333E+01 -.826706E+00 0.257000E+01 0.406316E+02
 -.184429E+01 -.152586E+01 0.344862E+01 -.821271E+00 0.257079E+01 0.398940E+02
 -.187120E+01 -.146129E+01 0.345913E+01 -.823298E+00 0.257076E+01 0.347125E+02
 -.190685E+01 -.146098E+01 0.346346E+01 -.825169E+00 0.257000E+01 0.350583E+02
 -.189140E+01 -.146148E+01 0.346049E+01 -.822561E+00 0.257019E+01 0.344864E+02
 -.187975E+01 -.146083E+01 0.345778E+01 -.823806E+00 0.258723E+01 0.363348E+02
 -.188768E+01 -.144076E+01 0.345725E+01 -.832062E+00 0.257001E+01 0.357266E+02
 -.188162E+01 -.146613E+01 0.343083E+01 -.815498E+00 0.257160E+01 0.384108E+02
 -.188200E+01 -.146795E+01 0.345492E+01 -.824744E+00 0.257000E+01 0.344146E+02
 -.190732E+01 -.146881E+01 0.344391E+01 -.822234E+00 0.257000E+01 0.385574E+02
 -.188035E+01 -.148091E+01 0.345670E+01 -.821730E+00 0.257000E+01 0.345902E+02
 -.183217E+01 -.147109E+01 0.345307E+01 -.814924E+00 0.257000E+01 0.384445E+02
 -.182192E+01 -.146762E+01 0.345317E+01 -.802421E+00 0.257000E+01 0.424529E+02
 -.189037E+01 -.148481E+01 0.345734E+01 -.811227E+00 0.257000E+01 0.352589E+02
 -.188598E+01 -.146591E+01 0.345420E+01 -.803996E+00 0.257006E+01 0.353260E+02
 -.192926E+01 -.146035E+01 0.346679E+01 -.800528E+00 0.259377E+01 0.372525E+02
 -.189485E+01 -.146776E+01 0.345564E+01 -.825040E+00 0.257060E+01 0.349067E+02
 -.190049E+01 -.148819E+01 0.346161E+01 -.787948E+00 0.259151E+01 0.361277E+02
 -.182431E+01 -.146826E+01 0.345696E+01 -.832211E+00 0.257091E+01 0.401716E+02
 -.187964E+01 -.152634E+01 0.347197E+01 -.820118E+00 0.257000E+01 0.405920E+02
 -.183329E+01 -.149755E+01 0.343369E+01 -.825295E+00 0.257000E+01 0.383812E+02
 -.185753E+01 -.146604E+01 0.345476E+01 -.825633E+00 0.257153E+01 0.351811E+02
 -.188608E+01 -.146787E+01 0.345937E+01 -.821978E+00 0.257008E+01 0.343810E+02
 -.192448E+01 -.146914E+01 0.348739E+01 -.869320E+00 0.257000E+01 0.378288E+02
 -.188139E+01 -.146803E+01 0.345683E+01 -.815647E+00 0.257000E+01 0.345038E+02
 -.187450E+01 -.145425E+01 0.346032E+01 -.784472E+00 0.257681E+01 0.402842E+02
 -.188847E+01 -.148651E+01 0.347014E+01 -.826123E+00 0.257073E+01 0.354514E+02
 -.187544E+01 -.147173E+01 0.345067E+01 -.813849E+00 0.257094E+01 0.343807E+02
 -.190068E+01 -.146094E+01 0.345391E+01 -.812084E+00 0.257000E+01 0.352726E+02
 -.187921E+01 -.142983E+01 0.345514E+01 -.821263E+00 0.257000E+01 0.363742E+02
 -.191693E+01 -.147166E+01 0.346151E+01 -.821920E+00 0.257000E+01 0.360486E+02
 -.187325E+01 -.147190E+01 0.345928E+01 -.822155E+00 0.257000E+01 0.346586E+02
 -.188244E+01 -.146315E+01 0.347916E+01 -.825171E+00 0.257169E+01 0.375378E+02
 -.188242E+01 -.148063E+01 0.344508E+01 -.827963E+00 0.257049E+01 0.364635E+02
 -.187985E+01 -.146751E+01 0.345320E+01 -.827896E+00 0.257000E+01 0.346524E+02
 -.190277E+01 -.147066E+01 0.347017E+01 -.820637E+00 0.257000E+01 0.353437E+02
 -.180873E+01 -.147190E+01 0.343103E+01 -.799833E+00 0.257000E+01 0.386275E+02
 -.188147E+01 -.147194E+01 0.345669E+01 -.822653E+00 0.257000E+01 0.343641E+02
 -.192822E+01 -.152040E+01 0.347247E+01 -.821839E+00 0.258971E+01 0.410359E+02
 -.192837E+01 -.146911E+01 0.348155E+01 -.822436E+00 0.257000E+01 0.373068E+02
 -.190162E+01 -.150231E+01 0.350000E+01 -.888792E+00 0.257355E+01 0.421124E+02
 -.187803E+01 -.146524E+01 0.345412E+01 -.831673E+00 0.257000E+01 0.348331E+02
 -.194072E+01 -.146882E+01 0.346032E+01 -.827662E+00 0.257000E+01 0.404035E+02
 -.189100E+01 -.146714E+01 0.345550E+01 -.826926E+00 0.257000E+01 0.347718E+02
 -.184928E+01 -.147830E+01 0.346004E+01 -.791844E+00 0.259914E+01 0.374400E+02
 -.187302E+01 -.154142E+01 0.345642E+01 -.816937E+00 0.257073E+01 0.409567E+02
 -.181918E+01 -.146839E+01 0.345621E+01 -.822890E+00 0.257000E+01 0.413873E+02
 -.188080E+01 -.141136E+01 0.345345E+01 -.817000E+00 0.257000E+01 0.391564E+02
 -.188307E+01 -.149317E+01 0.343581E+01 -.822705E+00 0.257035E+01 0.390186E+02
 -.187941E+01 -.146452E+01 0.343982E+01 -.753779E+00 0.261870E+01 0.406713E+02
 -.180789E+01 -.147633E+01 0.344920E+01 -.819765E+00 0.257000E+01 0.420901E+02
 -.188116E+01 -.146800E+01 0.345636E+01 -.820816E+00 0.257000E+01 0.343290E+02
 -.186791E+01 -.147236E+01 0.346276E+01 -.859400E+00 0.257000E+01 0.379532E+02
 -.190764E+01 -.145517E+01 0.348540E+01 -.839835E+00 0.257000E+01 0.363434E+02
 -.191443E+01 -.142535E+01 0.346652E+01 -.824572E+00 0.257574E+01 0.378376E+02
 -.188239E+01 -.147867E+01 0.344737E+01 -.814412E+00 0.257025E+01 0.348351E+02
 -.183926E+01 -.147115E+01 0.345055E+01 -.803467E+00 0.257000E+01 0.380350E+02
 -.186240E+01 -.146369E+01 0.345230E+01 -.820424E+00 0.257021E+01 0.346840E+02
 -.193330E+01 -.148126E+01 0.346938E+01 -.822162E+00 0.257000E+01 0.375128E+02
 -.191717E+01 -.147365E+01 0.346191E+01 -.818972E+00 0.258271E+01 0.368945E+02
 -.187120E+01 -.149660E+01 0.345896E+01 -.814150E+00 0.257000E+01 0.362314E+02
 -.188164E+01 -.148742E+01 0.348442E+01 -.823076E+00 0.257094E+01 0.405307E+02
 -.188076E+01 -.147235E+01 0.345381E+01 -.822656E+00 0.257000E+01 0.344219E+02
 -.188183E+01 -.145712E+01 0.345661E+01 -.823004E+00 0.257000E+01 0.344633E+02
 -.187488E+01 -.146826E+01 0.345594E+01 -.837521E+00 0.257064E+01 0.353130E+02
 -.188075E+01 -.148039E+01 0.348495E+01 -.881851E+00 0.257000E+01 0.403422E+02
 -.191634E+01 -.147015E+01 0.344917E+01 -.830090E+00 0.257000E+01 0.396032E+02
 -.188070E+01 -.148094E+01 0.345770E+01 -.832967E+00 0.257000E+01 0.349980E+02
 -.186927E+01 -.150228E+01 0.345645E+01 -.833379E+00 0.257000E+01 0.365452E+02
 -.187558E+01 -.146501E+01 0.345546E+01 -.846828E+00 0.257011E+01 0.366078E+02
 -.186356E+01 -.147453E+01 0.349391E+01 -.815927E+00 0.261019E+01 0.400490E+02
 -.187563E+01 -.146758E+01 0.345673E+01 -.823462E+00 0.257032E+01 0.343848E+02
 -.187619E+01 -.145590E+01 0.345853E+01 -.820738E+00 0.257030E+01 0.346886E+02
 -.188164E+01 -.143638E+01 0.344120E+01 -.819614E+00 0.257000E+01 0.369186E+02
 -.190409E+01 -.146721E+01 0.348133E+01 -.821275E+00 0.257013E+01 0.375547E+02
 -.191150E+01 -.149281E+01 0.346636E+01 -.822328E+00 0.259081E+01 0.380834E+02
 -.187599E+01 -.146358E+01 0.347214E+01 -.856446E+00 0.257000E+01 0.366785E+02
 -.186366E+01 -.149588E+01 0.346376E+01 -.825113E+00 0.257044E+01 0.367178E+02
 -.189802E+01 -.144752E+01 0.346269E+01 -.828772E+00 0.257000E+01 0.351647E+02
 -.187619E+01 -.146325E+01 0.345677E+01 -.821717E+00 0.257030E+01 0.343990E+02
 -.179581E+01 -.143905E+01 0.342658E+01 -.820204E+00 0.257000E+01 0.421205E+02
 -.188105E+01 -.146802E+01 0.345624E+01 -.825872E+00 0.257000E+01 0.343959E+02
 -.188279E+01 -.148533E+01 0.344029E+01 -.783349E+00 0.257420E+01 0.371603E+02
 -.187795E+01 -.148633E+01 0.350000E+01 -.877545E+00 0.257000E+01 0.425734E+02
 -.188552E+01 -.147006E+01 0.345637E+01 -.832368E+00 0.257090E+01 0.349785E+02
 -.188324E+01 -.145849E+01 0.345471E+01 -.821754E+00 0.257000E+01 0.344504E+02
 -.185911E+01 -.146675E+01 0.345072E+01 -.830703E+00 0.257000E+01 0.352063E+02
 -.186097E+01 -.150050E+01 0.345155E+01 -.820800E+00 0.257000E+01 0.361127E+02
 -.189155E+01 -.146918E+01 0.345403E+01 -.821737E+00 0.258208E+01 0.362936E+02
 -.188025E+01 -.149392E+01 0.345780E+01 -.818332E+00 0.257000E+01 0.353614E+02
 -.188139E+01 -.148097E+01 0.344372E+01 -.818669E+00 0.257027E+01 0.355757E+02
 -.184434E+01 -.146730E+01 0.346255E+01 -.810150E+00 0.257000E+01 0.401836E+02
 -.188293E+01 -.147346E+01 0.345739E+01 -.815603E+00 0.257000E+01 0.345769E+02
 -.186789E+01 -.147260E+01 0.342588E+01 -.820579E+00 0.257000E+01 0.390796E+02
 -.188087E+01 -.145332E+01 0.345658E+01 -.822665E+00 0.257000E+01 0.345892E+02
 -.185616E+01 -.141301E+01 0.345132E+01 -.823020E+00 0.257405E+01 0.397126E+02
 -.188749E+01 -.146510E+01 0.348124E+01 -.795169E+00 0.262041E+01 0.362944E+02
 -.181989E+01 -.147178E+01 0.343174E+01 -.818571E+00 0.257000E+01 0.375342E+02
 -.188032E+01 -.148540E+01 0.350000E+01 -.859507E+00 0.257025E+01 0.422491E+02
 -.188229E+01 -.147312E+01 0.345985E+01 -.871501E+00 0.257000E+01 0.414752E+02
 -.187433E+01 -.146952E+01 0.345101E+01 -.795794E+00 0.257019E+01 0.363295E+02
 -.187290E+01 -.146832E+01 0.345767E+01 -.815109E+00 0.257017E+01 0.348423E+02
 -.191464E+01 -.147224E+01 0.345787E+01 -.809388E+00 0.257225E+01 0.362641E+02
 -.188640E+01 -.142409E+01 0.345627E+01 -.816623E+00 0.257000E+01 0.372527E+02
 -.187764E+01 -.151099E+01 0.346171E+01 -.824553E+00 0.257000E+01 0.369513E+02
 -.192713E+01 -.147054E+01 0.350000E+01 -.763649E+00 0.263200E+01 0.370324E+02
 -.186146E+01 -.148013E+01 0.345839E+01 -.843916E+00 0.257000E+01 0.364130E+02
 -.186714E+01 -.148028E+01 0.345974E+01 -.795289E+00 0.257542E+01 0.378664E+02
 -.191287E+01 -.142342E+01 0.345724E+01 -.822784E+00 0.257000E+01 0.387678E+02
 -.188129E+01 -.146804E+01 0.345684E+01 -.825858E+00 0.257000E+01 0.343825E+02
 -.192597E+01 -.146508E+01 0.344021E+01 -.797167E+00 0.257423E+01 0.416387E+02
 -.188354E+01 -.145660E+01 0.343088E+01 -.820306E+00 0.257000E+01 0.390840E+02
 -.186606E+01 -.148060E+01 0.343203E+01 -.811249E+00 0.257056E+01 0.361482E+02
 -.190904E+01 -.150695E+01 0.348388E+01 -.826301E+00 0.257000E+01 0.389199E+02
 -.187586E+01 -.146018E+01 0.345652E+01 -.827218E+00 0.257146E+01 0.345653E+02
 -.191955E+01 -.145941E+01 0.345976E+01 -.839050E+00 0.257000E+01 0.381686E+02
 -.188291E+01 -.151651E+01 0.345931E+01 -.822013E+00 0.257016E+01 0.374043E+02
 -.187774E+01 -.144463E+01 0.345317E+01 -.823162E+00 0.257021E+01 0.350740E+02
 -.188068E+01 -.148680E+01 0.345885E+01 -.829320E+00 0.257000E+01 0.350006E+02
 -.188170E+01 -.146217E+01 0.343469E+01 -.816545E+00 0.257000E+01 0.369731E+02
 -.182461E+01 -.147014E+01 0.345557E+01 -.854563E+00 0.257357E+01 0.424783E+02
 -.188206E+01 -.146591E+01 0.345963E+01 -.810682E+00 0.257000E+01 0.352404E+02
 -.191370E+01 -.146994E+01 0.343739E+01 -.823511E+00 0.257000E+01 0.426334E+02
 -.188082E+01 -.147297E+01 0.345662E+01 -.822163E+00 0.257000E+01 0.343769E+02
 -.183910E+01 -.146696E+01 0.345273E+01 -.802572E+00 0.257000E+01 0.389270E+02
 -.192239E+01 -.145470E+01 0.347035E+01 -.770986E+00 0.260769E+01 0.375411E+02
 -.180466E+01 -.146838E+01 0.344393E+01 -.819242E+00 0.257000E+01 0.414046E+02
 -.188094E+01 -.147608E+01 0.345728E+01 -.820440E+00 0.257000E+01 0.344632E+02
 -.188678E+01 -.144361E+01 0.346034E+01 -.841321E+00 0.257000E+01 0.360691E+02
 -.188314E+01 -.147178E+01 0.345339E+01 -.804779E+00 0.257004E+01 0.351608E+02
 -.192676E+01 -.146390E+01 0.346867E+01 -.809228E+00 0.258344E+01 0.362274E+02
 -.188604E+01 -.146821E+01 0.345521E+01 -.822026E+00 0.257000E+01 0.344135E+02
 -.187723E+01 -.145366E+01 0.344854E+01 -.813466E+00 0.257072E+01 0.346286E+02
 -.191184E+01 -.146829E+01 0.345737E+01 -.831398E+00 0.257000E+01 0.366918E+02
 -.187798E+01 -.154274E+01 0.346129E+01 -.826755E+00 0.257000E+01 0.411962E+02
 -.186958E+01 -.145460E+01 0.346439E+01 -.824559E+00 0.257016E+01 0.357064E+02
 -.194499E+01 -.145581E+01 0.350000E+01 -.824672E+00 0.261339E+01 0.370613E+02
 -.191403E+01 -.143454E+01 0.345895E+01 -.821331E+00 0.257000E+01 0.373800E+02
 -.190139E+01 -.145851E+01 0.346026E+01 -.786433E+00 0.257000E+01 0.409984E+02
 -.192493E+01 -.147394E+01 0.345568E+01 -.822675E+00 0.258438E+01 0.412884E+02
 -.185301E+01 -.148303E+01 0.345550E+01 -.822283E+00 0.257613E+01 0.359835E+02
 -.189585E+01 -.147205E+01 0.345702E+01 -.824055E+00 0.257000E+01 0.348044E+02
 -.195455E+01 -.142928E+01 0.348362E+01 -.821551E+00 0.257000E+01 0.419719E+02
 -.184049E+01 -.148549E+01 0.345455E+01 -.816792E+00 0.257000E+01 0.376512E+02
 -.188152E+01 -.146803E+01 0.345701E+01 -.818459E+00 0.257000E+01 0.343923E+02
 -.189646E+01 -.146282E+01 0.350000E+01 -.836050E+00 0.258744E+01 0.374590E+02
 -.187099E+01 -.144694E+01 0.343006E+01 -.797684E+00 0.257000E+01 0.361207E+02
 -.188423E+01 -.146938E+01 0.345449E+01 -.818696E+00 0.257018E+01 0.343742E+02
 -.187477E+01 -.147708E+01 0.345766E+01 -.817092E+00 0.257141E+01 0.346613E+02
 -.192992E+01 -.146494E+01 0.346211E+01 -.828193E+00 0.257000E+01 0.379286E+02
 -.188806E+01 -.143208E+01 0.345864E+01 -.822999E+00 0.257007E+01 0.361815E+02
 -.188766E+01 -.145707E+01 0.345672E+01 -.823298E+00 0.257000E+01 0.345410E+02
 -.187537E+01 -.146703E+01 0.345889E+01 -.821734E+00 0.257000E+01 0.345325E+02
 -.188226E+01 -.147402E+01 0.342892E+01 -.815492E+00 0.257242E+01 0.396026E+02
 -.188198E+01 -.149158E+01 0.346305E+01 -.817997E+00 0.257042E+01 0.356171E+02
 -.185359E+01 -.146643E+01 0.345553E+01 -.838886E+00 0.257000E+01 0.361915E+02
 -.188002E+01 -.146662E+01 0.345557E+01 -.824751E+00 0.257000E+01 0.343694E+02
 -.192089E+01 -.146536E+01 0.347349E+01 -.823331E+00 0.257000E+01 0.359806E+02
 -.188156E+01 -.148387E+01 0.345669E+01 -.821992E+00 0.257000E+01 0.347122E+02
 -.188981E+01 -.148325E+01 0.347301E+01 -.825339E+00 0.258998E+01 0.354228E+02
 -.182348E+01 -.146670E+01 0.345602E+01 -.821786E+00 0.257000E+01 0.404547E+02
 -.187946E+01 -.145297E+01 0.344543E+01 -.772503E+00 0.257000E+01 0.421818E+02
 -.190571E+01 -.141305E+01 0.345700E+01 -.815341E+00 0.257000E+01 0.397485E+02
 -.187818E+01 -.145830E+01 0.345619E+01 -.795974E+00 0.257000E+01 0.375269E+02
 -.188721E+01 -.146675E+01 0.345466E+01 -.838110E+00 0.257000E+01 0.358130E+02
 -.188971E+01 -.146720E+01 0.345530E+01 -.825295E+00 0.257019E+01 0.346528E+02
 -.189374E+01 -.149045E+01 0.346193E+01 -.811700E+00 0.259662E+01 0.373066E+02
 -.187124E+01 -.150961E+01 0.344852E+01 -.813430E+00 0.257049E+01 0.366809E+02
 -.183526E+01 -.146829E+01 0.345647E+01 -.828706E+00 0.257137E+01 0.380334E+02
 -.187921E+01 -.150945E+01 0.344979E+01 -.817929E+00 0.257000E+01 0.367840E+02
 -.189289E+01 -.149395E+01 0.343374E+01 -.821124E+00 0.257001E+01 0.408764E+02
 -.186861E+01 -.147558E+01 0.345286E+01 -.782062E+00 0.257000E+01 0.412006E+02
 -.188734E+01 -.149479E+01 0.345880E+01 -.837827E+00 0.257000E+01 0.363046E+02
 -.185025E+01 -.145864E+01 0.346229E+01 -.806032E+00 0.257000E+01 0.401617E+02
 -.191224E+01 -.147095E+01 0.346102E+01 -.819805E+00 0.257000E+01 0.356109E+02
 -.188150E+01 -.146801E+01 0.345650E+01 -.819866E+00 0.257000E+01 0.343422E+02
 -.186537E+01 -.144487E+01 0.344104E+01 -.788492E+00 0.257000E+01 0.371710E+02
 -.189844E+01 -.145894E+01 0.347339E+01 -.827400E+00 0.257000E+01 0.353390E+02
 -.194104E+01 -.145293E+01 0.350000E+01 -.793434E+00 0.264192E+01 0.388961E+02
 -.188231E+01 -.147370E+01 0.345041E+01 -.809661E+00 0.257000E+01 0.346321E+02
 -.191277E+01 -.146649E+01 0.344940E+01 -.810693E+00 0.257000E+01 0.370317E+02
 -.186816E+01 -.139732E+01 0.345496E+01 -.821919E+00 0.257000E+01 0.424629E+02
 -.189419E+01 -.147701E+01 0.345966E+01 -.822659E+00 0.257442E+01 0.347658E+02
 -.187330E+01 -.145164E+01 0.345827E+01 -.815864E+00 0.257000E+01 0.352608E+02
 -.188188E+01 -.148723E+01 0.345839E+01 -.824837E+00 0.257137E+01 0.349226E+02
 -.192035E+01 -.146516E+01 0.345655E+01 -.812229E+00 0.257167E+01 0.369708E+02
 -.188189E+01 -.147355E+01 0.345411E+01 -.830238E+00 0.257000E+01 0.348795E+02
 -.188160E+01 -.145462E+01 0.345667E+01 -.822178E+00 0.257000E+01 0.345407E+02
 -.188185E+01 -.149607E+01 0.346280E+01 -.853973E+00 0.257000E+01 0.380276E+02
 -.188340E+01 -.148964E+01 0.344753E+01 -.828586E+00 0.257000E+01 0.364857E+02
 -.193224E+01 -.146689E+01 0.346291E+01 -.825080E+00 0.257000E+01 0.379466E+02
 -.190350E+01 -.148200E+01 0.345681E+01 -.820403E+00 0.257000E+01 0.355489E+02
 -.187109E+01 -.147851E+01 0.345365E+01 -.825954E+00 0.257000E+01 0.346934E+02
 -.188977E+01 -.146252E+01 0.345184E+01 -.858674E+00 0.257011E+01 0.410978E+02
 -.187778E+01 -.147493E+01 0.347805E+01 -.807426E+00 0.260058E+01 0.356479E+02
 -.187407E+01 -.146739E+01 0.345692E+01 -.825175E+00 0.257011E+01 0.344390E+02
 -.188575E+01 -.151559E+01 0.345092E+01 -.826801E+00 0.257008E+01 0.382447E+02
 -.183220E+01 -.146841E+01 0.345595E+01 -.817953E+00 0.257122E+01 0.388327E+02
 -.188047E+01 -.141835E+01 0.344639E+01 -.815579E+00 0.257000E+01 0.380928E+02
 -.187703E+01 -.145397E+01 0.345909E+01 -.821693E+00 0.257000E+01 0.347621E+02
 -.182439E+01 -.151173E+01 0.343361E+01 -.822231E+00 0.257000E+01 0.399571E+02
 -.189743E+01 -.148272E+01 0.345415E+01 -.831347E+00 0.257000E+01 0.362314E+02
 -.185852E+01 -.152954E+01 0.345710E+01 -.801369E+00 0.257000E+01 0.421060E+02
 -.193760E+01 -.146262E+01 0.345216E+01 -.820273E+00 0.257016E+01 0.415337E+02
 -.184892E+01 -.149660E+01 0.343822E+01 -.821530E+00 0.257000E+01 0.367590E+02
 -.188120E+01 -.146800E+01 0.345620E+01 -.822054E+00 0.257000E+01 0.343258E+02
 -.187680E+01 -.145908E+01 0.345481E+01 -.791287E+00 0.257235E+01 0.376985E+02
 -.188888E+01 -.141921E+01 0.344108E+01 -.790252E+00 0.257000E+01 0.400280E+02
 -.185838E+01 -.146696E+01 0.347437E+01 -.799572E+00 0.261172E+01 0.381080E+02
 -.187577E+01 -.146711E+01 0.343937E+01 -.794184E+00 0.257000E+01 0.354382E+02
 -.188367E+01 -.145979E+01 0.347029E+01 -.827486E+00 0.257048E+01 0.353277E+02
 -.190840E+01 -.143633E+01 0.345862E+01 -.825218E+00 0.258075E+01 0.380674E+02
 -.188186E+01 -.146072E+01 0.344558E+01 -.824745E+00 0.257212E+01 0.358525E+02
 -.185080E+01 -.146404E+01 0.345557E+01 -.805907E+00 0.257000E+01 0.375629E+02
 -.186100E+01 -.153276E+01 0.345267E+01 -.820479E+00 0.257007E+01 0.398715E+02
 -.188066E+01 -.146970E+01 0.345674E+01 -.822276E+00 0.257000E+01 0.343388E+02
 -.188145E+01 -.148223E+01 0.345633E+01 -.821483E+00 0.257000E+01 0.346403E+02
 -.188217E+01 -.147119E+01 0.348254E+01 -.828772E+00 0.257000E+01 0.385729E+02
 -.194064E+01 -.146395E+01 0.345990E+01 -.806772E+00 0.257037E+01 0.398853E+02
 -.188304E+01 -.147532E+01 0.345640E+01 -.823378E+00 0.257000E+01 0.344492E+02
 -.182910E+01 -.146930E+01 0.341998E+01 -.820776E+00 0.257000E+01 0.388189E+02
 -.188143E+01 -.144762E+01 0.345598E+01 -.822264E+00 0.257000E+01 0.348552E+02
 -.192714E+01 -.147768E+01 0.350000E+01 -.808889E+00 0.259090E+01 0.377949E+02
 -.192426E+01 -.146958E+01 0.344955E+01 -.827306E+00 0.257000E+01 0.405508E+02
 -.187903E+01 -.153071E+01 0.345621E+01 -.827118E+00 0.257000E+01 0.394304E+02
 -.187195E+01 -.148897E+01 0.345500E+01 -.849358E+00 0.257000E+01 0.378362E+02
 -.188350E+01 -.146588E+01 0.345178E+01 -.826477E+00 0.257003E+01 0.347999E+02
 -.187265E+01 -.146823E+01 0.345585E+01 -.814349E+00 0.257000E+01 0.347111E+02
 -.189071E+01 -.142972E+01 0.346152E+01 -.826973E+00 0.257000E+01 0.364992E+02
 -.189349E+01 -.146824E+01 0.345772E+01 -.822783E+00 0.257052E+01 0.345753E+02
 -.188097E+01 -.144235E+01 0.345360E+01 -.819310E+00 0.257000E+01 0.351904E+02
 -.184789E+01 -.152071E+01 0.346720E+01 -.821097E+00 0.259593E+01 0.422292E+02
 -.185781E+01 -.146846E+01 0.345513E+01 -.816980E+00 0.257000E+01 0.353784E+02
 -.190940E+01 -.147058E+01 0.346703E+01 -.871311E+00 0.257000E+01 0.414350E+02
 -.190282E+01 -.149341E+01 0.347017E+01 -.825427E+00 0.258299E+01 0.357671E+02
 -.183296E+01 -.146731E+01 0.346543E+01 -.822300E+00 0.257008E+01 0.416319E+02
 -.189322E+01 -.147286E+01 0.344901E+01 -.803275E+00 0.259275E+01 0.377625E+02
 -.184191E+01 -.147318E+01 0.342312E+01 -.822373E+00 0.257000E+01 0.385387E+02
 -.188096E+01 -.146800E+01 0.345595E+01 -.823893E+00 0.257000E+01 0.343488E+02
 -.191443E+01 -.146279E+01 0.350000E+01 -.827897E+00 0.260772E+01 0.352749E+02
 -.189132E+01 -.148692E+01 0.346037E+01 -.831308E+00 0.257000E+01 0.352189E+02
 -.187107E+01 -.146720E+01 0.346066E+01 -.815667E+00 0.257064E+01 0.352944E+02
 -.187753E+01 -.145934E+01 0.345442E+01 -.820537E+00 0.257043E+01 0.343959E+02
 -.185584E+01 -.146267E+01 0.346214E+01 -.827992E+00 0.257000E+01 0.362978E+02
 -.191950E+01 -.143220E+01 0.347049E+01 -.831224E+00 0.257274E+01 0.373085E+02
 -.186957E+01 -.146138E+01 0.345370E+01 -.821834E+00 0.257376E+01 0.346049E+02
 -.188438E+01 -.147029E+01 0.345468E+01 -.827023E+00 0.257000E+01 0.346142E+02
 -.188148E+01 -.146646E+01 0.345817E+01 -.813150E+00 0.257000E+01 0.347993E+02
 -.190275E+01 -.147063E+01 0.343235E+01 -.820074E+00 0.257000E+01 0.418529E+02
 -.188099E+01 -.145890E+01 0.345621E+01 -.822239E+00 0.257000E+01 0.344127E+02
 -.188048E+01 -.147703E+01 0.343134E+01 -.765309E+00 0.257000E+01 0.412543E+02
 -.185740E+01 -.147308E+01 0.344697E+01 -.820006E+00 0.257000E+01 0.347845E+02
 -.188050E+01 -.148353E+01 0.342657E+01 -.780859E+00 0.257000E+01 0.380462E+02
 -.185907E+01 -.145948E+01 0.345676E+01 -.821127E+00 0.257000E+01 0.354143E+02
 -.187411E+01 -.147118E+01 0.345606E+01 -.829905E+00 0.257000E+01 0.346254E+02
 -.187328E+01 -.146970E+01 0.345432E+01 -.790264E+00 0.257000E+01 0.386009E+02
 -.193122E+01 -.147611E+01 0.346535E+01 -.809619E+00 0.259286E+01 0.388349E+02
 -.188009E+01 -.146783E+01 0.345501E+01 -.816156E+00 0.257011E+01 0.343895E+02
 -.187833E+01 -.142633E+01 0.345411E+01 -.808344E+00 0.257017E+01 0.374767E+02
 -.192520E+01 -.146834E+01 0.345769E+01 -.827782E+00 0.257000E+01 0.381926E+02
 -.183969E+01 -.145782E+01 0.346713E+01 -.790294E+00 0.259179E+01 0.417457E+02
 -.190764E+01 -.144912E+01 0.344002E+01 -.816251E+00 0.257000E+01 0.393083E+02
 -.188159E+01 -.150962E+01 0.346161E+01 -.826502E+00 0.257000E+01 0.367115E+02
 -.187304E+01 -.146755E+01 0.346301E+01 -.822341E+00 0.257001E+01 0.350946E+02
 -.194047E+01 -.149087E+01 0.350000E+01 -.822680E+00 0.259063E+01 0.364200E+02
 -.190623E+01 -.146196E+01 0.345423E+01 -.831504E+00 0.257000E+01 0.367081E+02
 -.186665E+01 -.152424E+01 0.345615E+01 -.825419E+00 0.257137E+01 0.386879E+02
 -.184723E+01 -.153703E+01 0.343403E+01 -.784811E+00 0.258238E+01 0.418682E+02
 -.187493E+01 -.144695E+01 0.346577E+01 -.820815E+00 0.257000E+01 0.362830E+02
 -.188135E+01 -.146800E+01 0.345589E+01 -.822883E+00 0.257000E+01 0.343349E+02
 -.188067E+01 -.149202E+01 0.342451E+01 -.801683E+00 0.257556E+01 0.405708E+02
 -.189837E+01 -.148115E+01 0.347285E+01 -.861416E+00 0.257000E+01 0.373714E+02
 -.186996E+01 -.147684E+01 0.344786E+01 -.811208E+00 0.257000E+01 0.345433E+02
 -.183110E+01 -.148905E+01 0.342012E+01 -.821635E+00 0.257000E+01 0.397550E+02
 -.187615E+01 -.147547E+01 0.345803E+01 -.808266E+00 0.257000E+01 0.355624E+02
 -.190919E+01 -.146173E+01 0.345586E+01 -.845096E+00 0.257000E+01 0.388743E+02
 -.189034E+01 -.154342E+01 0.345848E+01 -.821396E+00 0.257010E+01 0.413732E+02
 -.187968E+01 -.147266E+01 0.345442E+01 -.821867E+00 0.257000E+01 0.343783E+02
 -.187636E+01 -.145576E+01 0.345617E+01 -.826775E+00 0.257000E+01 0.345995E+02
 -.188214E+01 -.151158E+01 0.347944E+01 -.825114E+00 0.257012E+01 0.401002E+02
 -.187072E+01 -.146797E+01 0.345647E+01 -.860092E+00 0.257083E+01 0.392346E+02
 -.188008E+01 -.146076E+01 0.345805E+01 -.824511E+00 0.257000E+01 0.344124E+02
 -.192519E+01 -.146943E+01 0.346577E+01 -.822182E+00 0.257000E+01 0.365240E+02
 -.188082E+01 -.147309E+01 0.345690E+01 -.822168E+00 0.257000E+01 0.343814E+02
 -.183910E+01 -.147152E+01 0.344773E+01 -.815472E+00 0.257000E+01 0.362848E+02
 -.187961E+01 -.150339E+01 0.342500E+01 -.765897E+00 0.257007E+01 0.419778E+02
 -.188070E+01 -.143193E+01 0.345763E+01 -.816701E+00 0.257000E+01 0.364186E+02
 -.187729E+01 -.145411E+01 0.345712E+01 -.806033E+00 0.257000E+01 0.359275E+02
 -.187988E+01 -.146894E+01 0.345615E+01 -.819328E+00 0.257016E+01 0.343474E+02
 -.188775E+01 -.146744E+01 0.345588E+01 -.820656E+00 0.257000E+01 0.344164E+02
 -.191773E+01 -.149081E+01 0.345794E+01 -.806949E+00 0.257390E+01 0.373951E+02
 -.186968E+01 -.150404E+01 0.344910E+01 -.819427E+00 0.257035E+01 0.362238E+02
 -.191203E+01 -.146831E+01 0.345701E+01 -.824981E+00 0.257089E+01 0.362925E+02
 -.187815E+01 -.146502E+01 0.346144E+01 -.830705E+00 0.257000E+01 0.345693E+02
 -.188672E+01 -.148862E+01 0.343780E+01 -.821728E+00 0.257000E+01 0.382503E+02
 -.188438E+01 -.147500E+01 0.344920E+01 -.821302E+00 0.257006E+01 0.349127E+02
 -.188735E+01 -.144951E+01 0.346181E+01 -.809662E+00 0.257000E+01 0.361128E+02
 -.188043E+01 -.147563E+01 0.344380E+01 -.774078E+00 0.258427E+01 0.372007E+02
 -.188731E+01 -.152083E+01 0.345323E+01 -.820642E+00 0.257000E+01 0.382409E+02
 -.188841E+01 -.146966E+01 0.344989E+01 -.822662E+00 0.257005E+01 0.350433E+02
 -.188846E+01 -.150413E+01 0.349821E+01 -.822687E+00 0.262376E+01 0.408555E+02
 -.193091E+01 -.142129E+01 0.346466E+01 -.811308E+00 0.258136E+01 0.402399E+02
 -.191524E+01 -.145645E+01 0.349171E+01 -.819372E+00 0.257000E+01 0.416214E+02
 -.188141E+01 -.146801E+01 0.345617E+01 -.819815E+00 0.257000E+01 0.343361E+02
 -.188683E+01 -.147657E+01 0.345831E+01 -.810658E+00 0.257047E+01 0.350198E+02
 -.188712E+01 -.141213E+01 0.346288E+01 -.814645E+00 0.257000E+01 0.400682E+02
 -.187539E+01 -.148038E+01 0.345680E+01 -.810249E+00 0.257082E+01 0.351735E+02
 -.189013E+01 -.147857E+01 0.345887E+01 -.822264E+00 0.257181E+01 0.346160E+02
 -.187060E+01 -.145171E+01 0.345937E+01 -.819954E+00 0.257000E+01 0.352702E+02
 -.188164E+01 -.148829E+01 0.342627E+01 -.821256E+00 0.257094E+01 0.420676E+02
 -.188084E+01 -.147007E+01 0.345377E+01 -.829808E+00 0.257000E+01 0.347913E+02
 -.188089E+01 -.148117E+01 0.345708E+01 -.821990E+00 0.257000E+01 0.346031E+02
 -.187386E+01 -.144596E+01 0.346150E+01 -.812418E+00 0.257000E+01 0.365294E+02
 -.184177E+01 -.146813E+01 0.345349E+01 -.824828E+00 0.257000E+01 0.366109E+02
 -.188237E+01 -.149905E+01 0.347143E+01 -.846777E+00 0.257005E+01 0.367837E+02
 -.189932E+01 -.143371E+01 0.345760E+01 -.815904E+00 0.257000E+01 0.365048E+02
 -.187923E+01 -.145565E+01 0.345698E+01 -.801207E+00 0.257000E+01 0.366048E+02
 -.188670E+01 -.146693E+01 0.345776E+01 -.843759E+00 0.257012E+01 0.360864E+02
 -.186781E+01 -.145543E+01 0.348466E+01 -.807187E+00 0.259373E+01 0.392238E+02
 -.189101E+01 -.146778E+01 0.345644E+01 -.825215E+00 0.257006E+01 0.346094E+02
 -.189757E+01 -.150556E+01 0.345538E+01 -.786276E+00 0.257000E+01 0.411299E+02
 -.187341E+01 -.151148E+01 0.345206E+01 -.826620E+00 0.257010E+01 0.371815E+02
 -.183707E+01 -.146800E+01 0.345595E+01 -.822667E+00 0.257083E+01 0.377542E+02
 -.187963E+01 -.142772E+01 0.344618E+01 -.822760E+00 0.257000E+01 0.371577E+02
 -.188516E+01 -.147326E+01 0.344829E+01 -.821384E+00 0.257003E+01 0.350350E+02
 -.184681E+01 -.148573E+01 0.343881E+01 -.825221E+00 0.258530E+01 0.407979E+02
 -.194888E+01 -.146474E+01 0.345855E+01 -.821950E+00 0.257000E+01 0.422002E+02
 -.185027E+01 -.147397E+01 0.346944E+01 -.864871E+00 0.257000E+01 0.401726E+02
 -.186242E+01 -.146544E+01 0.346580E+01 -.803852E+00 0.257000E+01 0.401223E+02
 -.188128E+01 -.148058E+01 0.345641E+01 -.826561E+00 0.257000E+01 0.346834E+02
 -.194251E+01 -.146707E+01 0.345456E+01 -.819119E+00 0.257000E+01 0.417495E+02
 -.186188E+01 -.148980E+01 0.344771E+01 -.818888E+00 0.257509E+01 0.356888E+02
 -.188115E+01 -.146800E+01 0.345647E+01 -.819080E+00 0.257000E+01 0.343571E+02
 -.187700E+01 -.145094E+01 0.346482E+01 -.814339E+00 0.257000E+01 0.364884E+02
 -.185159E+01 -.146832E+01 0.344818E+01 -.794798E+00 0.257745E+01 0.361589E+02
 -.187002E+01 -.147424E+01 0.344930E+01 -.831157E+00 0.257000E+01 0.352827E+02
 -.189628E+01 -.147319E+01 0.346114E+01 -.823382E+00 0.257057E+01 0.346193E+02
 -.187634E+01 -.147070E+01 0.344863E+01 -.816643E+00 0.257109E+01 0.344605E+02
 -.189040E+01 -.146937E+01 0.345412E+01 -.812555E+00 0.257000E+01 0.346805E+02
 -.186328E+01 -.146885E+01 0.346332E+01 -.799208E+00 0.258628E+01 0.361921E+02
 -.192949E+01 -.150727E+01 0.347533E+01 -.836477E+00 0.257631E+01 0.388270E+02
 -.188002E+01 -.147457E+01 0.345760E+01 -.822424E+00 0.257094E+01 0.344151E+02
 -.187294E+01 -.148370E+01 0.346080E+01 -.819243E+00 0.257000E+01 0.352877E+02
 -.188112E+01 -.149999E+01 0.345874E+01 -.830989E+00 0.257030E+01 0.360108E+02
 -.186386E+01 -.146376E+01 0.346047E+01 -.789604E+00 0.257063E+01 0.419327E+02
 -.188293E+01 -.147715E+01 0.345412E+01 -.816775E+00 0.257000E+01 0.345134E+02
 -.183743E+01 -.147218E+01 0.346345E+01 -.820224E+00 0.257000E+01 0.401770E+02
 -.188124E+01 -.146514E+01 0.345575E+01 -.822266E+00 0.257000E+01 0.343296E+02
 -.189299E+01 -.145822E+01 0.344663E+01 -.852725E+00 0.257000E+01 0.418646E+02
 -.188195E+01 -.150770E+01 0.346055E+01 -.804252E+00 0.257000E+01 0.382657E+02
 -.187449E+01 -.146864E+01 0.345865E+01 -.829844E+00 0.257000E+01 0.345751E+02
 -.186614E+01 -.148986E+01 0.345973E+01 -.812639E+00 0.257000E+01 0.364707E+02
 -.188122E+01 -.148579E+01 0.345657E+01 -.817832E+00 0.257000E+01 0.348494E+02
 -.188100E+01 -.148935E+01 0.345510E+01 -.827699E+00 0.257000E+01 0.352377E+02
 -.194772E+01 -.148367E+01 0.347274E+01 -.841325E+00 0.258164E+01 0.425753E+02
 -.187848E+01 -.146696E+01 0.345618E+01 -.813660E+00 0.257007E+01 0.346142E+02
 -.188019E+01 -.146794E+01 0.345555E+01 -.825051E+00 0.257006E+01 0.343846E+02
 -.187715E+01 -.148139E+01 0.346042E+01 -.819141E+00 0.259723E+01 0.379333E+02
 -.187762E+01 -.146817E+01 0.345545E+01 -.819176E+00 0.257025E+01 0.343431E+02
 -.181935E+01 -.146804E+01 0.345568E+01 -.823894E+00 0.257000E+01 0.411199E+02
 -.188114E+01 -.145794E+01 0.343433E+01 -.815200E+00 0.257000E+01 0.368816E+02
 -.187993E+01 -.144996E+01 0.347126E+01 -.821997E+00 0.257004E+01 0.368449E+02
 -.181407E+01 -.144453E+01 0.345231E+01 -.828692E+00 0.257033E+01 0.421690E+02
 -.187937E+01 -.145910E+01 0.346559E+01 -.803910E+00 0.257000E+01 0.382656E+02
 -.183508E+01 -.148500E+01 0.344999E+01 -.860939E+00 0.257058E+01 0.424471E+02
 -.187980E+01 -.151914E+01 0.345431E+01 -.811198E+00 0.257654E+01 0.378057E+02
 -.188686E+01 -.146113E+01 0.345745E+01 -.800576E+00 0.258347E+01 0.346965E+02
 -.191233E+01 -.146394E+01 0.346280E+01 -.821078E+00 0.257000E+01 0.354692E+02
 -.190953E+01 -.154026E+01 0.350000E+01 -.805427E+00 0.260043E+01 0.425668E+02
 -.185087E+01 -.147057E+01 0.342506E+01 -.820505E+00 0.257000E+01 0.379175E+02
 -.188097E+01 -.146800E+01 0.345648E+01 -.824313E+00 0.257000E+01 0.343500E+02
 -.187751E+01 -.147528E+01 0.344015E+01 -.836217E+00 0.257453E+01 0.400943E+02
 -.189287E+01 -.147834E+01 0.346131E+01 -.787633E+00 0.257000E+01 0.409282E+02
 -.186727E+01 -.146734E+01 0.345303E+01 -.831554E+00 0.257000E+01 0.349326E+02
 -.192528E+01 -.146399E+01 0.346286E+01 -.788482E+00 0.259974E+01 0.377527E+02
 -.192492E+01 -.144766E+01 0.348471E+01 -.817236E+00 0.257000E+01 0.396658E+02
 -.187861E+01 -.146172E+01 0.344752E+01 -.826123E+00 0.257116E+01 0.352999E+02
 -.183112E+01 -.146524E+01 0.346047E+01 -.814988E+00 0.257000E+01 0.411586E+02
 -.188927E+01 -.151518E+01 0.347337E+01 -.839722E+00 0.257000E+01 0.378669E+02
 -.187289E+01 -.146146E+01 0.345441E+01 -.822090E+00 0.257000E+01 0.344216E+02
 -.188125E+01 -.148548E+01 0.345747E+01 -.823427E+00 0.257000E+01 0.347967E+02
 -.188284E+01 -.147065E+01 0.348467E+01 -.823506E+00 0.257001E+01 0.404273E+02
 -.190387E+01 -.146795E+01 0.346360E+01 -.820136E+00 0.257029E+01 0.349248E+02
 -.188391E+01 -.147063E+01 0.345594E+01 -.811518E+00 0.257000E+01 0.347122E+02
 -.185695E+01 -.146641E+01 0.343119E+01 -.821516E+00 0.257000E+01 0.367287E+02
 -.188152E+01 -.145489E+01 0.345491E+01 -.822282E+00 0.257000E+01 0.345335E+02
 -.191034E+01 -.146897E+01 0.346158E+01 -.824736E+00 0.257000E+01 0.354203E+02
 -.186566E+01 -.151818E+01 0.345635E+01 -.826800E+00 0.257000E+01 0.379637E+02
 -.187511E+01 -.149811E+01 0.345502E+01 -.845589E+00 0.257000E+01 0.378792E+02
 -.187519E+01 -.146796E+01 0.345485E+01 -.793125E+00 0.257008E+01 0.378297E+02
 -.194189E+01 -.148180E+01 0.346477E+01 -.814436E+00 0.257000E+01 0.395071E+02
 -.187423E+01 -.146729E+01 0.345492E+01 -.820149E+00 0.257000E+01 0.343690E+02
 -.188504E+01 -.143184E+01 0.345864E+01 -.815963E+00 0.257036E+01 0.364628E+02
 -.189526E+01 -.146867E+01 0.345602E+01 -.825707E+00 0.257119E+01 0.349810E+02
 -.189717E+01 -.145337E+01 0.347821E+01 -.813343E+00 0.257000E+01 0.391862E+02
 -.187996E+01 -.150056E+01 0.344247E+01 -.820019E+00 0.257000E+01 0.371031E+02
 -.187215E+01 -.144749E+01 0.346901E+01 -.822504E+00 0.257000E+01 0.370863E+02
 -.189713E+01 -.144215E+01 0.345776E+01 -.812218E+00 0.257000E+01 0.358945E+02
 -.183846E+01 -.146565E+01 0.345806E+01 -.821697E+00 0.257000E+01 0.381723E+02
 -.183561E+01 -.145606E+01 0.344640E+01 -.821702E+00 0.257000E+01 0.366902E+02
 -.188109E+01 -.146800E+01 0.345621E+01 -.824772E+00 0.257000E+01 0.343648E+02
 -.188174E+01 -.149563E+01 0.344023E+01 -.827927E+00 0.257742E+01 0.407911E+02
 -.187431E+01 -.146301E+01 0.345054E+01 -.825360E+00 0.257032E+01 0.346392E+02
 -.185476E+01 -.147241E+01 0.345877E+01 -.823992E+00 0.257000E+01 0.359325E+02
 -.187946E+01 -.146185E+01 0.345187E+01 -.827536E+00 0.257080E+01 0.348368E+02
 -.188627E+01 -.145970E+01 0.346198E+01 -.828725E+00 0.257000E+01 0.345037E+02
 -.187101E+01 -.145845E+01 0.345580E+01 -.822034E+00 0.257060E+01 0.345800E+02
 -.188570E+01 -.146047E+01 0.345411E+01 -.824893E+00 0.257000E+01 0.345999E+02
 -.188241E+01 -.145475E+01 0.346297E+01 -.811771E+00 0.257060E+01 0.358266E+02
 -.187941E+01 -.146338E+01 0.345761E+01 -.823678E+00 0.257000E+01 0.343708E+02
 -.188113E+01 -.146825E+01 0.345548E+01 -.821967E+00 0.257000E+01 0.343282E+02
 -.184751E+01 -.146547E+01 0.345007E+01 -.835186E+00 0.257000E+01 0.363119E+02
 -.188898E+01 -.147275E+01 0.350000E+01 -.803081E+00 0.261517E+01 0.370995E+02
 -.191579E+01 -.146871E+01 0.345842E+01 -.824725E+00 0.257000E+01 0.364135E+02
 -.186852E+01 -.144167E+01 0.345615E+01 -.826672E+00 0.257000E+01 0.355714E+02
 -.187541E+01 -.145629E+01 0.345634E+01 -.833557E+00 0.257000E+01 0.349541E+02
 -.189086E+01 -.147718E+01 0.345065E+01 -.784107E+00 0.257823E+01 0.370152E+02
 -.187868E+01 -.146914E+01 0.345405E+01 -.809140E+00 0.257005E+01 0.347829E+02
 -.187871E+01 -.146693E+01 0.345453E+01 -.817211E+00 0.257004E+01 0.343508E+02
 -.189914E+01 -.148142E+01 0.345733E+01 -.778121E+00 0.257442E+01 0.412831E+02
 -.188190E+01 -.144273E+01 0.345436E+01 -.816733E+00 0.257000E+01 0.352200E+02
 -.194345E+01 -.146889E+01 0.345706E+01 -.828879E+00 0.257133E+01 0.425517E+02
 -.187882E+01 -.147429E+01 0.345865E+01 -.825956E+00 0.257000E+01 0.344676E+02
 -.188382E+01 -.146391E+01 0.344175E+01 -.821740E+00 0.257003E+01 0.360631E+02
 -.185695E+01 -.144707E+01 0.345760E+01 -.822624E+00 0.257000E+01 0.362241E+02
 -.189705E+01 -.146446E+01 0.344904E+01 -.819821E+00 0.257000E+01 0.356375E+02
 -.191207E+01 -.148036E+01 0.346188E+01 -.795686E+00 0.257059E+01 0.385858E+02
 -.188564E+01 -.146220E+01 0.346023E+01 -.835363E+00 0.257757E+01 0.357653E+02
 -.190038E+01 -.146872E+01 0.345396E+01 -.822490E+00 0.257004E+01 0.353578E+02
 -.189140E+01 -.147403E+01 0.349982E+01 -.798629E+00 0.260496E+01 0.391282E+02
 -.195527E+01 -.145753E+01 0.348598E+01 -.820708E+00 0.257000E+01 0.403272E+02
 -.188140E+01 -.146801E+01 0.345598E+01 -.821650E+00 0.257000E+01 0.343247E+02
 -.188278E+01 -.147809E+01 0.344802E+01 -.797670E+00 0.257265E+01 0.354165E+02
 -.188419E+01 -.147710E+01 0.345675E+01 -.840759E+00 0.257000E+01 0.358877E+02
 -.190041E+01 -.147143E+01 0.345745E+01 -.817177E+00 0.257049E+01 0.349555E+02
 -.185823E+01 -.148378E+01 0.349416E+01 -.838610E+00 0.259901E+01 0.419572E+02
 -.180965E+01 -.148680E+01 0.343620E+01 -.829152E+00 0.257000E+01 0.404930E+02
 -.188566E+01 -.142728E+01 0.344180E+01 -.820930E+00 0.258328E+01 0.415205E+02
 -.191834E+01 -.145979E+01 0.348062E+01 -.866455E+00 0.258016E+01 0.399213E+02
 -.187704E+01 -.146582E+01 0.346069E+01 -.813770E+00 0.257000E+01 0.352502E+02
 -.191265E+01 -.146715E+01 0.345423E+01 -.834237E+00 0.257000E+01 0.379689E+02
 -.188922E+01 -.147586E+01 0.345830E+01 -.821776E+00 0.257042E+01 0.345209E+02
 -.187538E+01 -.144917E+01 0.345701E+01 -.820070E+00 0.257000E+01 0.349320E+02
 -.188157E+01 -.148488E+01 0.343996E+01 -.821746E+00 0.257176E+01 0.372530E+02
 -.187860E+01 -.146674E+01 0.345800E+01 -.831223E+00 0.257000E+01 0.345742E+02
 -.188118E+01 -.147928E+01 0.345667E+01 -.821644E+00 0.257000E+01 0.345327E+02
 -.186097E+01 -.146766E+01 0.345230E+01 -.824562E+00 0.257000E+01 0.347866E+02
 -.187840E+01 -.148231E+01 0.343684E+01 -.834996E+00 0.257000E+01 0.398283E+02
 -.188301E+01 -.142567E+01 0.345739E+01 -.822887E+00 0.257000E+01 0.369074E+02
 -.187786E+01 -.145750E+01 0.345712E+01 -.818249E+00 0.257000E+01 0.345989E+02
 -.180890E+01 -.147582E+01 0.341591E+01 -.823772E+00 0.257311E+01 0.423780E+02
 -.188466E+01 -.146899E+01 0.345495E+01 -.842769E+00 0.257003E+01 0.363499E+02
 -.188739E+01 -.145698E+01 0.347312E+01 -.802743E+00 0.259246E+01 0.350242E+02
 -.188859E+01 -.146805E+01 0.345648E+01 -.818450E+00 0.257000E+01 0.344430E+02
 -.187479E+01 -.149444E+01 0.345178E+01 -.824064E+00 0.257034E+01 0.355241E+02
 -.185821E+01 -.146806E+01 0.345707E+01 -.820106E+00 0.257060E+01 0.354243E+02
 -.187245E+01 -.146677E+01 0.344585E+01 -.815007E+00 0.257000E+01 0.344294E+02
 -.188073E+01 -.144114E+01 0.346183E+01 -.822677E+00 0.257000E+01 0.356200E+02
 -.188620E+01 -.147505E+01 0.343731E+01 -.821047E+00 0.257000E+01 0.375619E+02
 -.187662E+01 -.148841E+01 0.344703E+01 -.826361E+00 0.257000E+01 0.358514E+02
 -.194108E+01 -.146970E+01 0.345646E+01 -.821312E+00 0.257004E+01 0.410581E+02
 -.183810E+01 -.148029E+01 0.343134E+01 -.818566E+00 0.257050E+01 0.366372E+02
 -.188166E+01 -.146801E+01 0.345579E+01 -.819042E+00 0.257000E+01 0.343407E+02
 -.187890E+01 -.145592E+01 0.346899E+01 -.802719E+00 0.257000E+01 0.400534E+02
 -.188104E+01 -.153503E+01 0.345553E+01 -.818846E+00 0.257000E+01 0.398854E+02
 -.190396E+01 -.146894E+01 0.350000E+01 -.798312E+00 0.259358E+01 0.417372E+02
 -.189201E+01 -.147482E+01 0.346141E+01 -.814507E+00 0.257003E+01 0.349742E+02
 -.196183E+01 -.146468E+01 0.348382E+01 -.798473E+00 0.259566E+01 0.391554E+02
 -.186785E+01 -.146653E+01 0.347262E+01 -.823208E+00 0.257000E+01 0.378587E+02
 -.183961E+01 -.146566E+01 0.345356E+01 -.825816E+00 0.257204E+01 0.369285E+02
 -.188024E+01 -.147309E+01 0.345323E+01 -.808686E+00 0.257054E+01 0.347325E+02
 -.186812E+01 -.147321E+01 0.345166E+01 -.830584E+00 0.257000E+01 0.349842E+02
 -.191147E+01 -.151537E+01 0.346393E+01 -.840640E+00 0.257114E+01 0.397788E+02
 -.188713E+01 -.147748E+01 0.345630E+01 -.821853E+00 0.257000E+01 0.345616E+02
 -.187168E+01 -.147044E+01 0.345916E+01 -.817444E+00 0.257000E+01 0.349518E+02
 -.188106E+01 -.150439E+01 0.345579E+01 -.829008E+00 0.257121E+01 0.365479E+02
 -.186331E+01 -.145958E+01 0.345890E+01 -.858392E+00 0.257000E+01 0.383443E+02
 -.188304E+01 -.147272E+01 0.345419E+01 -.808957E+00 0.257000E+01 0.348202E+02
 -.189665E+01 -.147196E+01 0.347812E+01 -.819703E+00 0.257000E+01 0.373405E+02
 -.188150E+01 -.147384E+01 0.345617E+01 -.821551E+00 0.257000E+01 0.343903E+02
 -.184190E+01 -.146702E+01 0.345781E+01 -.862725E+00 0.257023E+01 0.408240E+02
 -.190242E+01 -.148638E+01 0.343283E+01 -.816589E+00 0.257000E+01 0.416018E+02
 -.183106E+01 -.146753E+01 0.345655E+01 -.821706E+00 0.257000E+01 0.390772E+02
 -.188337E+01 -.148661E+01 0.349709E+01 -.884011E+00 0.257002E+01 0.416352E+02
 -.189312E+01 -.154166E+01 0.345642E+01 -.818503E+00 0.257000E+01 0.412798E+02
 -.188331E+01 -.146252E+01 0.345670E+01 -.806259E+00 0.257000E+01 0.353972E+02
 -.188370E+01 -.146867E+01 0.345664E+01 -.850041E+00 0.257002E+01 0.372382E+02
 -.189189E+01 -.146852E+01 0.345637E+01 -.823098E+00 0.257003E+01 0.345828E+02
 -.189305E+01 -.145679E+01 0.346122E+01 -.810071E+00 0.257840E+01 0.346442E+02
 -.188080E+01 -.148153E+01 0.345622E+01 -.823907E+00 0.257018E+01 0.346433E+02
 -.183280E+01 -.146795E+01 0.345721E+01 -.823571E+00 0.257000E+01 0.388142E+02
 -.188036E+01 -.146341E+01 0.345188E+01 -.816995E+00 0.257000E+01 0.343619E+02
 -.187374E+01 -.145110E+01 0.344865E+01 -.821388E+00 0.257003E+01 0.348208E+02
 -.186208E+01 -.149203E+01 0.343893E+01 -.822951E+00 0.257000E+01 0.365243E+02
 -.187761E+01 -.145699E+01 0.344975E+01 -.822979E+00 0.257000E+01 0.346835E+02
 -.188360E+01 -.143474E+01 0.345407E+01 -.822712E+00 0.257702E+01 0.364055E+02
 -.188376E+01 -.147317E+01 0.346596E+01 -.779495E+00 0.258694E+01 0.390321E+02
 -.186717E+01 -.150169E+01 0.345564E+01 -.849878E+00 0.257001E+01 0.387883E+02
 -.187947E+01 -.146881E+01 0.345852E+01 -.820974E+00 0.257003E+01 0.344202E+02
 -.188159E+01 -.146801E+01 0.345587E+01 -.820709E+00 0.257000E+01 0.343252E+02
 -.187719E+01 -.146532E+01 0.346837E+01 -.821309E+00 0.257347E+01 0.353675E+02
 -.188678E+01 -.143764E+01 0.345620E+01 -.815020E+00 0.257000E+01 0.358008E+02
 -.189069E+01 -.146909E+01 0.345429E+01 -.807038E+00 0.257000E+01 0.350683E+02
 -.186914E+01 -.146985E+01 0.345931E+01 -.825570E+00 0.257000E+01 0.347749E+02
 -.193849E+01 -.146228E+01 0.345971E+01 -.792547E+00 0.259280E+01 0.401762E+02
 -.192084E+01 -.145951E+01 0.349108E+01 -.817456E+00 0.257000E+01 0.414572E+02
 -.190819E+01 -.149086E+01 0.347106E+01 -.827137E+00 0.257000E+01 0.357856E+02
 -.187803E+01 -.147790E+01 0.344844E+01 -.818904E+00 0.257079E+01 0.347468E+02
 -.184020E+01 -.146375E+01 0.345797E+01 -.808353E+00 0.257000E+01 0.395647E+02
 -.187784E+01 -.146096E+01 0.345485E+01 -.822087E+00 0.257046E+01 0.343777E+02
 -.187046E+01 -.148662E+01 0.345694E+01 -.821769E+00 0.257000E+01 0.350495E+02
 -.188290E+01 -.146644E+01 0.347070E+01 -.822953E+00 0.257000E+01 0.358263E+02
 -.188103E+01 -.144297E+01 0.345933E+01 -.819036E+00 0.257020E+01 0.353940E+02
 -.188434E+01 -.147542E+01 0.345308E+01 -.807157E+00 0.257000E+01 0.349588E+02
 -.188153E+01 -.145478E+01 0.345483E+01 -.822077E+00 0.257000E+01 0.345360E+02
 -.183868E+01 -.146843E+01 0.346217E+01 -.824513E+00 0.257000E+01 0.390603E+02
 -.188326E+01 -.146251E+01 0.350000E+01 -.870832E+00 0.257001E+01 0.412647E+02
 -.188253E+01 -.146833E+01 0.345551E+01 -.825390E+00 0.257000E+01 0.344232E+02
 -.188115E+01 -.146839E+01 0.345726E+01 -.837054E+00 0.257020E+01 0.351368E+02
 -.188818E+01 -.146813E+01 0.345537E+01 -.824866E+00 0.257000E+01 0.345589E+02
 -.187566E+01 -.143449E+01 0.345591E+01 -.859355E+00 0.257582E+01 0.421826E+02
 -.188355E+01 -.143955E+01 0.345925E+01 -.818876E+00 0.257000E+01 0.356348E+02
 -.181793E+01 -.146825E+01 0.345676E+01 -.827252E+00 0.257060E+01 0.415779E+02
 -.186583E+01 -.146867E+01 0.345177E+01 -.819623E+00 0.257000E+01 0.344964E+02
 -.188015E+01 -.148906E+01 0.344599E+01 -.818072E+00 0.257000E+01 0.355084E+02
 -.186998E+01 -.145878E+01 0.347718E+01 -.822061E+00 0.257003E+01 0.396274E+02
 -.186684E+01 -.148080E+01 0.347128E+01 -.882052E+00 0.257002E+01 0.421060E+02
 -.187460E+01 -.146908E+01 0.345486E+01 -.817883E+00 0.257000E+01 0.344061E+02
 -.188342E+01 -.144069E+01 0.345817E+01 -.818645E+00 0.257000E+01 0.354748E+02
 -.188267E+01 -.149790E+01 0.344856E+01 -.785640E+00 0.257084E+01 0.389278E+02
 -.190140E+01 -.153071E+01 0.346120E+01 -.829976E+00 0.257000E+01 0.401083E+02
 -.183009E+01 -.146608E+01 0.345872E+01 -.821892E+00 0.257003E+01 0.399061E+02
 -.183057E+01 -.146082E+01 0.345292E+01 -.821826E+00 0.257000E+01 0.383521E+02
 -.190143E+01 -.148297E+01 0.348333E+01 -.823532E+00 0.257550E+01 0.365728E+02
 -.188117E+01 -.146800E+01 0.345607E+01 -.823524E+00 0.257000E+01 0.343415E+02
 -.187744E+01 -.148917E+01 0.345235E+01 -.825219E+00 0.257366E+01 0.355984E+02
 -.186720E+01 -.146461E+01 0.345600E+01 -.826945E+00 0.257037E+01 0.346917E+02
 -.183743E+01 -.147312E+01 0.345622E+01 -.810523E+00 0.260114E+01 0.400855E+02
 -.187951E+01 -.147711E+01 0.343559E+01 -.817592E+00 0.257000E+01 0.368850E+02
 -.192809E+01 -.148823E+01 0.347168E+01 -.821108E+00 0.257227E+01 0.369911E+02
 -.187297E+01 -.146726E+01 0.345547E+01 -.826507E+00 0.257081E+01 0.345054E+02
 -.186889E+01 -.148197E+01 0.348129E+01 -.822686E+00 0.257068E+01 0.411439E+02
 -.187801E+01 -.146102E+01 0.345699E+01 -.822226E+00 0.257040E+01 0.344015E+02
 -.187731E+01 -.147725E+01 0.345689E+01 -.825193E+00 0.257000E+01 0.345251E+02
 -.188372E+01 -.145402E+01 0.347032E+01 -.816385E+00 0.257189E+01 0.364677E+02
 -.188134E+01 -.146324E+01 0.345915E+01 -.817674E+00 0.257000E+01 0.345956E+02
 -.186826E+01 -.146799E+01 0.344274E+01 -.823030E+00 0.257000E+01 0.351433E+02
 -.197704E+01 -.146759E+01 0.350000E+01 -.818613E+00 0.258563E+01 0.402056E+02
 -.188139E+01 -.144565E+01 0.345460E+01 -.822290E+00 0.257000E+01 0.349770E+02
 -.188937E+01 -.146906E+01 0.346178E+01 -.834667E+00 0.257000E+01 0.347180E+02
 -.187750E+01 -.144881E+01 0.344285E+01 -.796428E+00 0.257000E+01 0.358187E+02
 -.188056E+01 -.147298E+01 0.345470E+01 -.839789E+00 0.257000E+01 0.358305E+02
 -.187742E+01 -.146810E+01 0.345504E+01 -.809741E+00 0.257015E+01 0.348367E+02
 -.188078E+01 -.147039E+01 0.347002E+01 -.836479E+00 0.258651E+01 0.362550E+02
 -.187586E+01 -.146696E+01 0.345535E+01 -.819801E+00 0.257001E+01 0.343587E+02
 -.187757E+01 -.144278E+01 0.345895E+01 -.800064E+00 0.257000E+01 0.382065E+02
 -.188074E+01 -.143942E+01 0.345565E+01 -.817321E+00 0.257031E+01 0.354973E+02
 -.190578E+01 -.146834E+01 0.345586E+01 -.825308E+00 0.257088E+01 0.358258E+02
 -.187717E+01 -.146748E+01 0.347810E+01 -.818772E+00 0.257000E+01 0.394785E+02
 -.187982E+01 -.144982E+01 0.345946E+01 -.822868E+00 0.257000E+01 0.348681E+02
 -.188332E+01 -.147002E+01 0.347683E+01 -.821537E+00 0.257003E+01 0.376717E+02
 -.193726E+01 -.149690E+01 0.349621E+01 -.822677E+00 0.257000E+01 0.421362E+02
 -.189441E+01 -.143878E+01 0.343423E+01 -.822299E+00 0.257000E+01 0.406413E+02
 -.181464E+01 -.147305E+01 0.345201E+01 -.817829E+00 0.257000E+01 0.414457E+02
 -.187946E+01 -.145656E+01 0.345109E+01 -.818171E+00 0.257000E+01 0.344976E+02
 -.190757E+01 -.149938E+01 0.347960E+01 -.828560E+00 0.257025E+01 0.370978E+02
 -.187564E+01 -.146736E+01 0.345861E+01 -.822684E+00 0.257005E+01 0.344782E+02
 -.188811E+01 -.148714E+01 0.348307E+01 -.825755E+00 0.257430E+01 0.376817E+02
 -.188106E+01 -.146800E+01 0.345610E+01 -.824778E+00 0.257000E+01 0.343670E+02
 -.187858E+01 -.146589E+01 0.344879E+01 -.804884E+00 0.257000E+01 0.347888E+02
 -.188271E+01 -.139536E+01 0.345582E+01 -.819860E+00 0.257000E+01 0.426209E+02
 -.190463E+01 -.146394E+01 0.345179E+01 -.818272E+00 0.257000E+01 0.358649E+02
 -.183437E+01 -.148210E+01 0.343830E+01 -.825386E+00 0.257000E+01 0.369826E+02
 -.190146E+01 -.148624E+01 0.344963E+01 -.817004E+00 0.257223E+01 0.366587E+02
 -.187128E+01 -.146307E+01 0.345501E+01 -.826666E+00 0.257000E+01 0.345338E+02
 -.194544E+01 -.146947E+01 0.346145E+01 -.837658E+00 0.257000E+01 0.425123E+02
 -.185682E+01 -.142594E+01 0.345982E+01 -.823891E+00 0.257000E+01 0.386595E+02
 -.187977E+01 -.150500E+01 0.345496E+01 -.820621E+00 0.257019E+01 0.361821E+02
 -.188204E+01 -.148200E+01 0.345831E+01 -.822133E+00 0.257000E+01 0.346520E+02
 -.188321E+01 -.146044E+01 0.345633E+01 -.825021E+00 0.257000E+01 0.344355E+02
 -.188198E+01 -.147806E+01 0.344741E+01 -.815378E+00 0.257054E+01 0.348357E+02
 -.189330E+01 -.147407E+01 0.345373E+01 -.838801E+00 0.257005E+01 0.366707E+02
 -.187918E+01 -.145717E+01 0.345954E+01 -.829192E+00 0.257000E+01 0.346008E+02
 -.188122E+01 -.147919E+01 0.345542E+01 -.821373E+00 0.257000E+01 0.345312E+02
 -.183453E+01 -.146993E+01 0.344586E+01 -.842489E+00 0.257000E+01 0.385560E+02
 -.191500E+01 -.144975E+01 0.345320E+01 -.809443E+00 0.257525E+01 0.372029E+02
 -.188096E+01 -.145496E+01 0.344927E+01 -.843411E+00 0.257000E+01 0.376000E+02
 -.192062E+01 -.146895E+01 0.345321E+01 -.830358E+00 0.257000E+01 0.390348E+02
 -.190892E+01 -.149290E+01 0.345031E+01 -.817314E+00 0.257000E+01 0.376557E+02
 -.188119E+01 -.147210E+01 0.345616E+01 -.840857E+00 0.257000E+01 0.357598E+02
 -.187823E+01 -.146780E+01 0.345438E+01 -.795764E+00 0.257002E+01 0.369451E+02
 -.188028E+01 -.146725E+01 0.345597E+01 -.817525E+00 0.257001E+01 0.343852E+02
 -.187644E+01 -.150420E+01 0.345277E+01 -.818676E+00 0.257017E+01 0.361071E+02
 -.188165E+01 -.145674E+01 0.346397E+01 -.825310E+00 0.257000E+01 0.348243E+02
 -.188785E+01 -.145794E+01 0.345067E+01 -.821381E+00 0.257000E+01 0.348815E+02
 -.191839E+01 -.145989E+01 0.350000E+01 -.824103E+00 0.257718E+01 0.402105E+02
 -.185802E+01 -.147417E+01 0.345777E+01 -.818387E+00 0.257000E+01 0.357434E+02
 -.189148E+01 -.147330E+01 0.345525E+01 -.838615E+00 0.257000E+01 0.361421E+02
 -.187812E+01 -.147581E+01 0.345012E+01 -.820606E+00 0.257000E+01 0.345748E+02
 -.192641E+01 -.144664E+01 0.346293E+01 -.842115E+00 0.257033E+01 0.392757E+02
 -.192786E+01 -.146917E+01 0.345824E+01 -.821888E+00 0.257002E+01 0.380396E+02
 -.187555E+01 -.146920E+01 0.344908E+01 -.819028E+00 0.257000E+01 0.344191E+02
 -.187387E+01 -.148114E+01 0.343112E+01 -.823118E+00 0.257296E+01 0.396954E+02
 -.188159E+01 -.146801E+01 0.345592E+01 -.822736E+00 0.257000E+01 0.343341E+02
 -.188291E+01 -.144869E+01 0.344774E+01 -.791816E+00 0.257175E+01 0.367318E+02
 -.187966E+01 -.144163E+01 0.345544E+01 -.823677E+00 0.257000E+01 0.352601E+02
 -.188292E+01 -.147850E+01 0.345630E+01 -.812288E+00 0.257000E+01 0.348287E+02
 -.191198E+01 -.146989E+01 0.345393E+01 -.812837E+00 0.257021E+01 0.362987E+02
 -.183258E+01 -.147526E+01 0.344882E+01 -.829334E+00 0.257000E+01 0.374580E+02
 -.186703E+01 -.148494E+01 0.346085E+01 -.825968E+00 0.257000E+01 0.354260E+02
 -.187149E+01 -.146474E+01 0.346577E+01 -.850685E+00 0.257000E+01 0.362615E+02
 -.188386E+01 -.147214E+01 0.345485E+01 -.818435E+00 0.257047E+01 0.343936E+02
 -.188445E+01 -.148459E+01 0.345625E+01 -.821662E+00 0.257038E+01 0.347809E+02
 -.188651E+01 -.144970E+01 0.345547E+01 -.822680E+00 0.257000E+01 0.348203E+02
 -.188074E+01 -.148696E+01 0.344812E+01 -.822710E+00 0.257021E+01 0.354823E+02
 -.190450E+01 -.146726E+01 0.345751E+01 -.865250E+00 0.257000E+01 0.425906E+02
 -.187954E+01 -.147423E+01 0.345644E+01 -.821486E+00 0.257000E+01 0.344014E+02
 -.193399E+01 -.147540E+01 0.345539E+01 -.819664E+00 0.257000E+01 0.398638E+02
 -.188109E+01 -.149312E+01 0.345667E+01 -.821141E+00 0.257000E+01 0.352243E+02
 -.190453E+01 -.146711E+01 0.345599E+01 -.819324E+00 0.257040E+01 0.353489E+02
 -.192087E+01 -.148672E+01 0.346193E+01 -.822275E+00 0.257000E+01 0.370104E+02
 -.187919E+01 -.146726E+01 0.345465E+01 -.821559E+00 0.257000E+01 0.343204E+02
 -.188767E+01 -.142134E+01 0.345975E+01 -.803202E+00 0.257000E+01 0.397525E+02
 -.188930E+01 -.147186E+01 0.344586E+01 -.799194E+00 0.257000E+01 0.355762E+02
 -.189126E+01 -.149209E+01 0.345780E+01 -.821099E+00 0.257000E+01 0.353279E+02
 -.188363E+01 -.146315E+01 0.345709E+01 -.803618E+00 0.257000E+01 0.358418E+02
 -.188332E+01 -.146845E+01 0.345642E+01 -.799355E+00 0.257000E+01 0.364595E+02
 -.185709E+01 -.146136E+01 0.347457E+01 -.810073E+00 0.258603E+01 0.386769E+02
 -.188436E+01 -.146819E+01 0.345640E+01 -.817332E+00 0.257000E+01 0.344065E+02
 -.191000E+01 -.149592E+01 0.346260E+01 -.812845E+00 0.257247E+01 0.365559E+02
 -.187496E+01 -.145862E+01 0.345823E+01 -.822158E+00 0.257014E+01 0.345948E+02
 -.189168E+01 -.146794E+01 0.345609E+01 -.822201E+00 0.257000E+01 0.345645E+02
 -.187736E+01 -.146669E+01 0.343709E+01 -.816400E+00 0.257000E+01 0.359549E+02
 -.188167E+01 -.147379E+01 0.344402E+01 -.820760E+00 0.257000E+01 0.354481E+02
 -.188097E+01 -.145180E+01 0.343827E+01 -.821744E+00 0.257002E+01 0.368547E+02
 -.184295E+01 -.145063E+01 0.343892E+01 -.822699E+00 0.258374E+01 0.393520E+02
 -.192473E+01 -.146958E+01 0.346165E+01 -.822277E+00 0.257000E+01 0.369594E+02
 -.188237E+01 -.147843E+01 0.345626E+01 -.821868E+00 0.257000E+01 0.345116E+02
 -.186741E+01 -.140522E+01 0.345598E+01 -.817875E+00 0.257000E+01 0.410166E+02
 -.192259E+01 -.146769E+01 0.345724E+01 -.821131E+00 0.257003E+01 0.373567E+02
 -.188169E+01 -.146801E+01 0.345585E+01 -.818265E+00 0.257000E+01 0.343571E+02
 -.188104E+01 -.146339E+01 0.345927E+01 -.799127E+00 0.257162E+01 0.368550E+02
 -.187847E+01 -.148429E+01 0.345537E+01 -.824572E+00 0.257000E+01 0.347840E+02
 -.187514E+01 -.147585E+01 0.345370E+01 -.854521E+00 0.257000E+01 0.386310E+02
 -.188658E+01 -.147332E+01 0.345944E+01 -.820076E+00 0.257025E+01 0.344697E+02
 -.187032E+01 -.145681E+01 0.347039E+01 -.825855E+00 0.257000E+01 0.367881E+02
 -.185906E+01 -.145934E+01 0.346324E+01 -.831575E+00 0.257138E+01 0.360553E+02
 -.188450E+01 -.147335E+01 0.345052E+01 -.807650E+00 0.257088E+01 0.347379E+02
 -.188765E+01 -.147521E+01 0.350000E+01 -.843803E+00 0.257092E+01 0.424044E+02
 -.187784E+01 -.146266E+01 0.345272E+01 -.821749E+00 0.257051E+01 0.343915E+02
 -.188120E+01 -.146684E+01 0.345410E+01 -.822403E+00 0.257000E+01 0.343621E+02
 -.187925E+01 -.145707E+01 0.345908E+01 -.826996E+00 0.257048E+01 0.345524E+02
 -.187982E+01 -.144944E+01 0.342335E+01 -.819078E+00 0.257018E+01 0.415373E+02
 -.189201E+01 -.146092E+01 0.345941E+01 -.815645E+00 0.257005E+01 0.347400E+02
 -.188191E+01 -.148381E+01 0.345121E+01 -.813391E+00 0.257000E+01 0.348199E+02
 -.191077E+01 -.147409E+01 0.347443E+01 -.821932E+00 0.257000E+01 0.358777E+02
 -.187830E+01 -.148748E+01 0.345403E+01 -.821601E+00 0.257000E+01 0.349008E+02
 -.189284E+01 -.142485E+01 0.347184E+01 -.819453E+00 0.258086E+01 0.372258E+02
 -.189713E+01 -.144859E+01 0.344552E+01 -.791198E+00 0.257001E+01 0.375074E+02
 -.189088E+01 -.148427E+01 0.346390E+01 -.823815E+00 0.258482E+01 0.356300E+02
 -.184474E+01 -.146587E+01 0.345584E+01 -.814242E+00 0.257000E+01 0.372732E+02
 -.183952E+01 -.146191E+01 0.346737E+01 -.816683E+00 0.257000E+01 0.420501E+02
 -.188330E+01 -.145972E+01 0.345464E+01 -.808261E+00 0.257000E+01 0.349779E+02
 -.188211E+01 -.146854E+01 0.345520E+01 -.854744E+00 0.257010E+01 0.384893E+02
 -.188087E+01 -.146737E+01 0.345399E+01 -.824712E+00 0.257001E+01 0.344390E+02
 -.187787E+01 -.146963E+01 0.346384E+01 -.850154E+00 0.257146E+01 0.363250E+02
 -.187708E+01 -.143400E+01 0.345639E+01 -.821994E+00 0.257022E+01 0.359799E+02
 -.182767E+01 -.146765E+01 0.345471E+01 -.827820E+00 0.257028E+01 0.390244E+02
 -.186754E+01 -.146742E+01 0.342526E+01 -.816649E+00 0.257000E+01 0.383894E+02
 -.188061E+01 -.148095E+01 0.343078E+01 -.817771E+00 0.257000E+01 0.386725E+02
 -.187052E+01 -.145510E+01 0.344626E+01 -.821836E+00 0.257000E+01 0.348330E+02
 -.187617E+01 -.146235E+01 0.345541E+01 -.823391E+00 0.257000E+01 0.343827E+02
 -.187800E+01 -.144575E+01 0.345403E+01 -.819743E+00 0.257000E+01 0.349591E+02
 -.187926E+01 -.146652E+01 0.345585E+01 -.821172E+00 0.257003E+01 0.343231E+02
 -.187530E+01 -.148841E+01 0.344445E+01 -.820620E+00 0.257000E+01 0.356335E+02
 -.188003E+01 -.146706E+01 0.345575E+01 -.820743E+00 0.257000E+01 0.343210E+02
 -.187376E+01 -.148207E+01 0.346515E+01 -.830055E+00 0.257000E+01 0.352853E+02
 -.187844E+01 -.149761E+01 0.345520E+01 -.822652E+00 0.257000E+01 0.355665E+02
 -.187821E+01 -.146371E+01 0.345591E+01 -.844055E+00 0.257000E+01 0.361209E+02
 -.185474E+01 -.146961E+01 0.345012E+01 -.825910E+00 0.257000E+01 0.351371E+02
 -.189597E+01 -.144875E+01 0.346972E+01 -.815228E+00 0.257000E+01 0.366146E+02
 -.188765E+01 -.147271E+01 0.345341E+01 -.827951E+00 0.257005E+01 0.349869E+02
 -.186998E+01 -.147220E+01 0.345098E+01 -.809732E+00 0.257079E+01 0.346271E+02
 -.183508E+01 -.146662E+01 0.345771E+01 -.820804E+00 0.257000E+01 0.387287E+02
 -.187129E+01 -.140379E+01 0.345605E+01 -.820377E+00 0.257012E+01 0.409638E+02
 -.187626E+01 -.145436E+01 0.345198E+01 -.822224E+00 0.257000E+01 0.345865E+02
 -.187397E+01 -.148167E+01 0.345378E+01 -.820964E+00 0.257000E+01 0.346356E+02
 -.188259E+01 -.145424E+01 0.346463E+01 -.823441E+00 0.257001E+01 0.350427E+02
 -.188280E+01 -.147138E+01 0.345698E+01 -.819268E+00 0.257000E+01 0.343890E+02
 -.188212E+01 -.146748E+01 0.347530E+01 -.822988E+00 0.257000E+01 0.370825E+02
 -.187843E+01 -.144400E+01 0.345249E+01 -.822104E+00 0.257000E+01 0.351029E+02
 -.193248E+01 -.147213E+01 0.344773E+01 -.792637E+00 0.257000E+01 0.412868E+02
 -.185437E+01 -.145099E+01 0.348350E+01 -.810816E+00 0.260853E+01 0.402434E+02
 -.183940E+01 -.146658E+01 0.345351E+01 -.815965E+00 0.257000E+01 0.373115E+02
 -.188061E+01 -.146845E+01 0.345378E+01 -.851426E+00 0.257000E+01 0.380153E+02
 -.187663E+01 -.146657E+01 0.345352E+01 -.823721E+00 0.257000E+01 0.343808E+02
 -.187049E+01 -.143352E+01 0.346084E+01 -.813512E+00 0.257772E+01 0.366034E+02
 -.188154E+01 -.146159E+01 0.345299E+01 -.817712E+00 0.257014E+01 0.343806E+02
 -.183754E+01 -.146735E+01 0.345699E+01 -.831209E+00 0.257023E+01 0.377928E+02
 -.186929E+01 -.146761E+01 0.345722E+01 -.820117E+00 0.257000E+01 0.346985E+02
 -.187611E+01 -.147959E+01 0.345521E+01 -.820642E+00 0.257000E+01 0.345525E+02
 -.186776E+01 -.145999E+01 0.347334E+01 -.821411E+00 0.257002E+01 0.385463E+02
 -.191952E+01 -.149989E+01 0.347491E+01 -.823078E+00 0.260096E+01 0.398067E+02
 -.187405E+01 -.143539E+01 0.346367E+01 -.825085E+00 0.257000E+01 0.365904E+02
 -.183850E+01 -.146347E+01 0.345013E+01 -.823149E+00 0.257000E+01 0.366005E+02
 -.187505E+01 -.142450E+01 0.345058E+01 -.816122E+00 0.257000E+01 0.370397E+02
 -.184320E+01 -.146618E+01 0.345425E+01 -.821513E+00 0.257000E+01 0.366221E+02
 -.185722E+01 -.144689E+01 0.344625E+01 -.806025E+00 0.259738E+01 0.388145E+02
 -.187744E+01 -.146643E+01 0.345436E+01 -.822964E+00 0.257000E+01 0.343435E+02
 -.187069E+01 -.149344E+01 0.345071E+01 -.829362E+00 0.257115E+01 0.360209E+02
 -.187943E+01 -.146642E+01 0.345467E+01 -.821876E+00 0.257000E+01 0.343239E+02
 -.183804E+01 -.146568E+01 0.344383E+01 -.825469E+00 0.257015E+01 0.362824E+02
 -.188861E+01 -.147035E+01 0.344007E+01 -.806959E+00 0.257000E+01 0.357580E+02
 -.190495E+01 -.147578E+01 0.344557E+01 -.815981E+00 0.257000E+01 0.371851E+02
 -.187634E+01 -.146868E+01 0.345370E+01 -.830778E+00 0.257000E+01 0.347839E+02
 -.192984E+01 -.145760E+01 0.345809E+01 -.812012E+00 0.257000E+01 0.382272E+02
 -.182279E+01 -.144257E+01 0.345164E+01 -.823141E+00 0.258238E+01 0.408983E+02
 -.188361E+01 -.147833E+01 0.345695E+01 -.822235E+00 0.257030E+01 0.345171E+02
 -.187520E+01 -.149198E+01 0.345375E+01 -.820836E+00 0.257000E+01 0.351579E+02
 -.188287E+01 -.148963E+01 0.344913E+01 -.816739E+00 0.257108E+01 0.353442E+02
 -.188129E+01 -.145995E+01 0.345810E+01 -.827028E+00 0.257000E+01 0.344576E+02
 -.185772E+01 -.146421E+01 0.345073E+01 -.821795E+00 0.257000E+01 0.348596E+02
 -.187991E+01 -.144100E+01 0.345620E+01 -.821880E+00 0.257000E+01 0.353098E+02
 -.189422E+01 -.153500E+01 0.344076E+01 -.811384E+00 0.257000E+01 0.424212E+02
 -.190795E+01 -.147088E+01 0.343844E+01 -.814952E+00 0.257000E+01 0.395604E+02
 -.193598E+01 -.146821E+01 0.345283E+01 -.828368E+00 0.257000E+01 0.420434E+02
 -.189164E+01 -.151181E+01 0.345070E+01 -.809011E+00 0.257000E+01 0.375173E+02
 -.187711E+01 -.143810E+01 0.343551E+01 -.808221E+00 0.257000E+01 0.366085E+02
 -.189334E+01 -.140186E+01 0.345745E+01 -.822920E+00 0.257000E+01 0.411925E+02
 -.188038E+01 -.147410E+01 0.345446E+01 -.848287E+00 0.257000E+01 0.373184E+02
 -.187741E+01 -.146782E+01 0.345510E+01 -.830548E+00 0.257005E+01 0.346722E+02
 -.188073E+01 -.146643E+01 0.345672E+01 -.815752E+00 0.257000E+01 0.344994E+02
 -.187942E+01 -.142214E+01 0.345577E+01 -.780732E+00 0.257781E+01 0.424504E+02
 -.187917E+01 -.149303E+01 0.345156E+01 -.819902E+00 0.257013E+01 0.353124E+02
 -.192406E+01 -.146862E+01 0.345880E+01 -.830994E+00 0.257017E+01 0.380931E+02
 -.188502E+01 -.146619E+01 0.347046E+01 -.821682E+00 0.257000E+01 0.357828E+02
 -.187596E+01 -.145584E+01 0.347314E+01 -.823212E+00 0.257000E+01 0.373132E+02
 -.187628E+01 -.146519E+01 0.344816E+01 -.821165E+00 0.257001E+01 0.345766E+02
 -.194312E+01 -.147541E+01 0.349067E+01 -.823263E+00 0.257000E+01 0.396168E+02
 -.187169E+01 -.146621E+01 0.346607E+01 -.821467E+00 0.257000E+01 0.358433E+02
 -.191124E+01 -.146674E+01 0.344991E+01 -.821602E+00 0.257000E+01 0.373389E+02
 -.189154E+01 -.149577E+01 0.345276E+01 -.782902E+00 0.257000E+01 0.407612E+02
 -.187805E+01 -.142717E+01 0.345117E+01 -.816504E+00 0.257000E+01 0.366892E+02
 -.188876E+01 -.145828E+01 0.345413E+01 -.820166E+00 0.257000E+01 0.346001E+02
 -.183979E+01 -.147168E+01 0.342117E+01 -.785121E+00 0.257010E+01 0.359502E+02
 -.185094E+01 -.146654E+01 0.345488E+01 -.821332E+00 0.257002E+01 0.358065E+02
 -.187238E+01 -.145330E+01 0.345018E+01 -.819700E+00 0.257000E+01 0.346106E+02
 -.187943E+01 -.146625E+01 0.345485E+01 -.822321E+00 0.257000E+01 0.343281E+02
 -.188469E+01 -.146334E+01 0.344332E+01 -.812361E+00 0.257134E+01 0.352226E+02
 -.187993E+01 -.144136E+01 0.345423E+01 -.821016E+00 0.257000E+01 0.352592E+02
 -.188442E+01 -.148205E+01 0.345683E+01 -.823069E+00 0.257000E+01 0.346700E+02
 -.187911E+01 -.146308E+01 0.345341E+01 -.812430E+00 0.257012E+01 0.345140E+02
 -.193874E+01 -.147971E+01 0.348416E+01 -.861103E+00 0.257000E+01 0.387796E+02
 -.188208E+01 -.148577E+01 0.343253E+01 -.817473E+00 0.257000E+01 0.384857E+02
 -.187667E+01 -.147060E+01 0.345194E+01 -.816397E+00 0.257051E+01 0.343425E+02
 -.188281E+01 -.146544E+01 0.345281E+01 -.830955E+00 0.257110E+01 0.351816E+02
 -.188321E+01 -.148976E+01 0.345758E+01 -.821337E+00 0.257023E+01 0.350244E+02
 -.187834E+01 -.144182E+01 0.345532E+01 -.822901E+00 0.257000E+01 0.352431E+02
 -.188168E+01 -.149187E+01 0.344986E+01 -.817921E+00 0.257102E+01 0.354127E+02
 -.188046E+01 -.146963E+01 0.345713E+01 -.828592E+00 0.257005E+01 0.344853E+02
 -.187818E+01 -.146421E+01 0.345600E+01 -.828086E+00 0.257000E+01 0.344848E+02
 -.187655E+01 -.146501E+01 0.344333E+01 -.820564E+00 0.257000E+01 0.351302E+02
 -.182030E+01 -.147174E+01 0.345094E+01 -.818234E+00 0.258548E+01 0.404071E+02
 -.188263E+01 -.147801E+01 0.345762E+01 -.821662E+00 0.257000E+01 0.345050E+02
 -.187955E+01 -.150097E+01 0.345600E+01 -.830425E+00 0.257771E+01 0.372835E+02
 -.184581E+01 -.145968E+01 0.342665E+01 -.825099E+00 0.257000E+01 0.381359E+02
 -.192168E+01 -.146798E+01 0.345374E+01 -.829596E+00 0.257000E+01 0.389294E+02
 -.191733E+01 -.143381E+01 0.345044E+01 -.798616E+00 0.257000E+01 0.394965E+02
 -.187735E+01 -.147424E+01 0.348039E+01 -.891692E+00 0.257000E+01 0.426226E+02
 -.188210E+01 -.146868E+01 0.345644E+01 -.816489E+00 0.257000E+01 0.344381E+02
 -.187800E+01 -.146706E+01 0.345562E+01 -.782215E+00 0.257004E+01 0.415357E+02
 -.188283E+01 -.146776E+01 0.345508E+01 -.813728E+00 0.257000E+01 0.345036E+02
 -.189880E+01 -.146705E+01 0.345148E+01 -.851393E+00 0.257268E+01 0.413469E+02
 -.187599E+01 -.147568E+01 0.345792E+01 -.821436E+00 0.257005E+01 0.345402E+02
 -.189149E+01 -.146955E+01 0.345513E+01 -.820874E+00 0.257046E+01 0.346099E+02
 -.189277E+01 -.146632E+01 0.344577E+01 -.813410E+00 0.257000E+01 0.354323E+02
 -.188187E+01 -.144550E+01 0.345543E+01 -.823633E+00 0.257000E+01 0.349983E+02
 -.188705E+01 -.147110E+01 0.343444E+01 -.821408E+00 0.257000E+01 0.385570E+02
 -.192219E+01 -.145311E+01 0.346819E+01 -.796091E+00 0.257230E+01 0.397257E+02
 -.188444E+01 -.148306E+01 0.344948E+01 -.804657E+00 0.257005E+01 0.352577E+02
 -.192470E+01 -.146446E+01 0.345366E+01 -.822125E+00 0.257000E+01 0.385945E+02
 -.188228E+01 -.147534E+01 0.345496E+01 -.819628E+00 0.257000E+01 0.344314E+02
 -.195017E+01 -.143810E+01 0.346457E+01 -.809629E+00 0.257000E+01 0.419806E+02
 -.188904E+01 -.147152E+01 0.345938E+01 -.814172E+00 0.257000E+01 0.347779E+02
 -.189500E+01 -.146730E+01 0.345601E+01 -.821202E+00 0.257004E+01 0.347073E+02
 -.191174E+01 -.148599E+01 0.350000E+01 -.836137E+00 0.257212E+01 0.403052E+02
 -.188101E+01 -.146702E+01 0.345526E+01 -.820982E+00 0.257000E+01 0.343197E+02
 -.188777E+01 -.144552E+01 0.344285E+01 -.794412E+00 0.257000E+01 0.366121E+02
 -.187986E+01 -.144302E+01 0.345484E+01 -.820700E+00 0.257000E+01 0.351405E+02
 -.191776E+01 -.146562E+01 0.346325E+01 -.820097E+00 0.257002E+01 0.359331E+02
 -.188127E+01 -.146998E+01 0.344886E+01 -.821200E+00 0.257000E+01 0.346997E+02
 -.185432E+01 -.146311E+01 0.346048E+01 -.819360E+00 0.257044E+01 0.366050E+02
 -.191818E+01 -.148906E+01 0.346332E+01 -.781999E+00 0.257450E+01 0.421724E+02
 -.187448E+01 -.146583E+01 0.345326E+01 -.816611E+00 0.257140E+01 0.343426E+02
 -.184727E+01 -.146899E+01 0.345360E+01 -.850239E+00 0.257000E+01 0.382386E+02
 -.196851E+01 -.146503E+01 0.348991E+01 -.821979E+00 0.257000E+01 0.420039E+02
 -.187848E+01 -.149165E+01 0.345543E+01 -.820181E+00 0.257000E+01 0.351228E+02
 -.188681E+01 -.142063E+01 0.345518E+01 -.822094E+00 0.257000E+01 0.376295E+02
 -.188152E+01 -.146568E+01 0.345396E+01 -.820131E+00 0.257000E+01 0.343352E+02
 -.188172E+01 -.147289E+01 0.345365E+01 -.815365E+00 0.257000E+01 0.344328E+02
 -.189479E+01 -.146899E+01 0.345357E+01 -.820736E+00 0.257000E+01 0.348986E+02
 -.188332E+01 -.149475E+01 0.345649E+01 -.821064E+00 0.257000E+01 0.353521E+02
 -.183505E+01 -.145460E+01 0.343207E+01 -.815980E+00 0.257000E+01 0.362301E+02
 -.182939E+01 -.146710E+01 0.345410E+01 -.825519E+00 0.257000E+01 0.386198E+02
 -.182487E+01 -.146719E+01 0.345636E+01 -.808577E+00 0.257000E+01 0.419281E+02
 -.184540E+01 -.144119E+01 0.345733E+01 -.819907E+00 0.257000E+01 0.381901E+02
 -.188500E+01 -.147944E+01 0.348277E+01 -.832543E+00 0.257000E+01 0.378476E+02
 -.186263E+01 -.154022E+01 0.345390E+01 -.819900E+00 0.257000E+01 0.409815E+02
 -.188368E+01 -.146260E+01 0.345633E+01 -.808822E+00 0.257000E+01 0.350292E+02
 -.188137E+01 -.146714E+01 0.345655E+01 -.797870E+00 0.257012E+01 0.368330E+02
 -.188369E+01 -.146827E+01 0.345384E+01 -.818719E+00 0.257000E+01 0.343692E+02
 -.187581E+01 -.144733E+01 0.345781E+01 -.821816E+00 0.257016E+01 0.350221E+02
 -.184762E+01 -.146747E+01 0.345342E+01 -.814618E+00 0.257070E+01 0.362259E+02
 -.186779E+01 -.146758E+01 0.343633E+01 -.817175E+00 0.257000E+01 0.355718E+02
 -.188619E+01 -.145838E+01 0.343753E+01 -.819147E+00 0.257000E+01 0.370722E+02
 -.188883E+01 -.146929E+01 0.343141E+01 -.821379E+00 0.257001E+01 0.399149E+02
 -.184460E+01 -.146220E+01 0.345907E+01 -.822625E+00 0.257000E+01 0.374370E+02
 -.187907E+01 -.143899E+01 0.345924E+01 -.854647E+00 0.257000E+01 0.383938E+02
 -.188455E+01 -.150779E+01 0.345847E+01 -.823201E+00 0.257000E+01 0.364729E+02
 -.187664E+01 -.145424E+01 0.345524E+01 -.853792E+00 0.257015E+01 0.381629E+02
 -.187377E+01 -.143967E+01 0.345482E+01 -.822958E+00 0.257002E+01 0.354713E+02
 -.185840E+01 -.141680E+01 0.346228E+01 -.820909E+00 0.257433E+01 0.401076E+02
 -.190853E+01 -.146718E+01 0.345611E+01 -.820928E+00 0.257005E+01 0.357508E+02
 -.188341E+01 -.143095E+01 0.347884E+01 -.796388E+00 0.262930E+01 0.407811E+02
 -.191141E+01 -.147640E+01 0.344900E+01 -.819880E+00 0.257000E+01 0.376365E+02
 -.188231E+01 -.146766E+01 0.345560E+01 -.819873E+00 0.257000E+01 0.343307E+02
 -.188129E+01 -.144997E+01 0.346614E+01 -.822017E+00 0.257127E+01 0.354607E+02
 -.188113E+01 -.145538E+01 0.345553E+01 -.821392E+00 0.257000E+01 0.345055E+02
 -.188112E+01 -.146748E+01 0.345592E+01 -.795110E+00 0.257000E+01 0.373670E+02
 -.191001E+01 -.146955E+01 0.346869E+01 -.826108E+00 0.257008E+01 0.350977E+02
 -.188024E+01 -.145586E+01 0.346947E+01 -.824029E+00 0.257000E+01 0.358780E+02
 -.190077E+01 -.147211E+01 0.345741E+01 -.818721E+00 0.257000E+01 0.349864E+02
 -.192309E+01 -.149234E+01 0.347316E+01 -.813885E+00 0.257500E+01 0.369622E+02
 -.186913E+01 -.146634E+01 0.345392E+01 -.806857E+00 0.257037E+01 0.352856E+02
 -.187774E+01 -.146630E+01 0.345376E+01 -.820511E+00 0.257017E+01 0.343167E+02
 -.188518E+01 -.150153E+01 0.345404E+01 -.820744E+00 0.257000E+01 0.360110E+02
 -.188115E+01 -.144475E+01 0.345774E+01 -.821991E+00 0.257060E+01 0.350566E+02
 -.188259E+01 -.146808E+01 0.345606E+01 -.849717E+00 0.257000E+01 0.372369E+02
 -.188413E+01 -.147939E+01 0.345698E+01 -.815617E+00 0.257000E+01 0.346925E+02
 -.189679E+01 -.147182E+01 0.346258E+01 -.821262E+00 0.257000E+01 0.346673E+02
 -.190553E+01 -.146937E+01 0.344136E+01 -.816559E+00 0.257000E+01 0.383379E+02
 -.187878E+01 -.148700E+01 0.345481E+01 -.821213E+00 0.257000E+01 0.348592E+02
 -.188320E+01 -.146691E+01 0.345544E+01 -.820452E+00 0.257000E+01 0.343356E+02
 -.188335E+01 -.146804E+01 0.345623E+01 -.861694E+00 0.257011E+01 0.399398E+02
 -.192517E+01 -.146878E+01 0.345069E+01 -.803557E+00 0.259145E+01 0.418232E+02
 -.188136E+01 -.146761E+01 0.345349E+01 -.823660E+00 0.257000E+01 0.344327E+02
 -.187646E+01 -.144244E+01 0.345409E+01 -.821333E+00 0.257021E+01 0.351925E+02
 -.187577E+01 -.146570E+01 0.345677E+01 -.823532E+00 0.257000E+01 0.343875E+02
 -.185977E+01 -.146776E+01 0.344455E+01 -.819945E+00 0.257000E+01 0.347093E+02
 -.187898E+01 -.148462E+01 0.344505E+01 -.818398E+00 0.257000E+01 0.353439E+02
 -.187197E+01 -.146572E+01 0.344337E+01 -.821039E+00 0.257000E+01 0.349746E+02
 -.189432E+01 -.150491E+01 0.343461E+01 -.825016E+00 0.257000E+01 0.425886E+02
 -.191339E+01 -.144227E+01 0.346269E+01 -.821835E+00 0.257000E+01 0.363774E+02
 -.188055E+01 -.153012E+01 0.345363E+01 -.825542E+00 0.257000E+01 0.394746E+02
 -.188155E+01 -.145904E+01 0.345624E+01 -.809827E+00 0.257947E+01 0.344838E+02
 -.190365E+01 -.144507E+01 0.345476E+01 -.825566E+00 0.257592E+01 0.370429E+02
 -.190670E+01 -.146675E+01 0.345514E+01 -.820806E+00 0.257002E+01 0.356908E+02
 -.187916E+01 -.148198E+01 0.347087E+01 -.809862E+00 0.257478E+01 0.371933E+02
 -.184229E+01 -.143166E+01 0.344660E+01 -.817021E+00 0.258530E+01 0.391894E+02
 -.185356E+01 -.146813E+01 0.346851E+01 -.819834E+00 0.257000E+01 0.390942E+02
 -.184622E+01 -.147767E+01 0.347251E+01 -.835628E+00 0.257000E+01 0.401285E+02
 -.188197E+01 -.146713E+01 0.345512E+01 -.821413E+00 0.257000E+01 0.343305E+02
 -.187414E+01 -.146287E+01 0.346202E+01 -.824436E+00 0.257058E+01 0.347948E+02
 -.187984E+01 -.147638E+01 0.345531E+01 -.822257E+00 0.257000E+01 0.344510E+02
 -.184334E+01 -.147118E+01 0.344765E+01 -.821470E+00 0.257022E+01 0.357863E+02
 -.188038E+01 -.145569E+01 0.344029E+01 -.823838E+00 0.257000E+01 0.364705E+02
 -.189473E+01 -.147462E+01 0.344587E+01 -.817917E+00 0.257025E+01 0.360258E+02
 -.189649E+01 -.145753E+01 0.346678E+01 -.837178E+00 0.257802E+01 0.355609E+02
 -.192806E+01 -.148962E+01 0.349726E+01 -.840673E+00 0.259841E+01 0.367965E+02
 -.187498E+01 -.146727E+01 0.345570E+01 -.809326E+00 0.257031E+01 0.350119E+02
 -.193005E+01 -.146315E+01 0.345892E+01 -.805136E+00 0.257000E+01 0.384736E+02
 -.187224E+01 -.143621E+01 0.345515E+01 -.820384E+00 0.257010E+01 0.358574E+02
 -.188986E+01 -.141042E+01 0.344587E+01 -.821558E+00 0.257084E+01 0.404038E+02
 -.187714E+01 -.144533E+01 0.345238E+01 -.820784E+00 0.257030E+01 0.349950E+02
 -.187704E+01 -.151612E+01 0.345303E+01 -.820345E+00 0.257013E+01 0.373803E+02
 -.187684E+01 -.146002E+01 0.345670E+01 -.822058E+00 0.257000E+01 0.344379E+02
 -.188087E+01 -.147396E+01 0.345485E+01 -.822332E+00 0.257016E+01 0.344145E+02
 -.186484E+01 -.146924E+01 0.345846E+01 -.820974E+00 0.257007E+01 0.350776E+02
 -.187479E+01 -.145344E+01 0.345340E+01 -.820928E+00 0.257011E+01 0.345880E+02
 -.188703E+01 -.143038E+01 0.344301E+01 -.820167E+00 0.257081E+01 0.377476E+02
 -.191798E+01 -.147215E+01 0.343686E+01 -.804068E+00 0.257023E+01 0.410174E+02
 -.190473E+01 -.146598E+01 0.345306E+01 -.829774E+00 0.257020E+01 0.366227E+02
 -.191909E+01 -.148888E+01 0.346100E+01 -.833093E+00 0.257020E+01 0.378380E+02
 -.187130E+01 -.144917E+01 0.345329E+01 -.805992E+00 0.257018E+01 0.357510E+02
 -.190329E+01 -.143051E+01 0.345757E+01 -.821328E+00 0.257012E+01 0.369889E+02
 -.187957E+01 -.146992E+01 0.345338E+01 -.830100E+00 0.257006E+01 0.348273E+02
 -.188152E+01 -.146738E+01 0.345534E+01 -.806310E+00 0.257015E+01 0.351677E+02
 -.187981E+01 -.146652E+01 0.345531E+01 -.817180E+00 0.257006E+01 0.343712E+02
 -.187964E+01 -.146780E+01 0.345108E+01 -.820278E+00 0.257022E+01 0.344239E+02
 -.190010E+01 -.146426E+01 0.345840E+01 -.830307E+00 0.257047E+01 0.352642E+02
 -.186947E+01 -.146604E+01 0.346573E+01 -.818933E+00 0.257019E+01 0.362163E+02
 -.187206E+01 -.148952E+01 0.345568E+01 -.822340E+00 0.257015E+01 0.350902E+02
 -.186540E+01 -.146309E+01 0.345705E+01 -.820090E+00 0.257005E+01 0.349391E+02
 -.189105E+01 -.141889E+01 0.345716E+01 -.816513E+00 0.257016E+01 0.380950E+02
 -.181997E+01 -.146390E+01 0.345224E+01 -.821789E+00 0.257004E+01 0.401474E+02
 -.188169E+01 -.148702E+01 0.345172E+01 -.833306E+00 0.257016E+01 0.360790E+02
 -.187869E+01 -.147287E+01 0.345141E+01 -.820679E+00 0.257011E+01 0.344528E+02
 -.184625E+01 -.144734E+01 0.344581E+01 -.852468E+00 0.257018E+01 0.401706E+02
 -.188932E+01 -.149985E+01 0.345338E+01 -.818078E+00 0.257048E+01 0.360322E+02
 -.185704E+01 -.144980E+01 0.347244E+01 -.825002E+00 0.257000E+01 0.398168E+02
 -.188770E+01 -.147568E+01 0.345555E+01 -.834864E+00 0.257010E+01 0.354530E+02
 -.184920E+01 -.146624E+01 0.345497E+01 -.821083E+00 0.257018E+01 0.360143E+02
 -.186164E+01 -.146027E+01 0.346417E+01 -.819711E+00 0.257021E+01 0.366830E+02
 -.192130E+01 -.146987E+01 0.346144E+01 -.843668E+00 0.257485E+01 0.398968E+02
 -.187951E+01 -.146606E+01 0.345312E+01 -.821817E+00 0.257004E+01 0.343604E+02
 -.187729E+01 -.147797E+01 0.342977E+01 -.798688E+00 0.257000E+01 0.364489E+02
 -.187710E+01 -.148813E+01 0.345220E+01 -.821206E+00 0.257019E+01 0.349851E+02
 -.187819E+01 -.147285E+01 0.345342E+01 -.798486E+00 0.257001E+01 0.362031E+02
 -.182751E+01 -.147243E+01 0.344239E+01 -.814831E+00 0.257024E+01 0.370556E+02
 -.184726E+01 -.147204E+01 0.347612E+01 -.833058E+00 0.257000E+01 0.414453E+02
 -.188022E+01 -.146825E+01 0.343784E+01 -.822300E+00 0.257011E+01 0.368223E+02
 -.188029E+01 -.146153E+01 0.344478E+01 -.819811E+00 0.257035E+01 0.351077E+02
 -.189338E+01 -.147383E+01 0.348369E+01 -.862377E+00 0.259781E+01 0.425567E+02
 -.188270E+01 -.146697E+01 0.345481E+01 -.827482E+00 0.257088E+01 0.346290E+02
 -.194229E+01 -.146142E+01 0.345499E+01 -.809914E+00 0.257024E+01 0.410704E+02
 -.190304E+01 -.144866E+01 0.345050E+01 -.820907E+00 0.258279E+01 0.388451E+02
 -.187744E+01 -.146431E+01 0.345378E+01 -.820525E+00 0.257010E+01 0.343243E+02
 -.187521E+01 -.148925E+01 0.345370E+01 -.821981E+00 0.257022E+01 0.350170E+02
 -.187607E+01 -.148634E+01 0.345391E+01 -.821019E+00 0.257051E+01 0.348413E+02
 -.187775E+01 -.146193E+01 0.345299E+01 -.823397E+00 0.257021E+01 0.344291E+02
 -.187553E+01 -.146306E+01 0.345201E+01 -.820127E+00 0.257022E+01 0.343515E+02
 -.189682E+01 -.146301E+01 0.347267E+01 -.823074E+00 0.258172E+01 0.344157E+02
 -.188233E+01 -.145915E+01 0.345261E+01 -.820178E+00 0.257026E+01 0.344698E+02
 -.185803E+01 -.145740E+01 0.343309E+01 -.824261E+00 0.257009E+01 0.368495E+02
 -.187343E+01 -.146111E+01 0.344948E+01 -.854006E+00 0.257009E+01 0.393766E+02
 -.192824E+01 -.141490E+01 0.345967E+01 -.819118E+00 0.257012E+01 0.415458E+02
 -.187825E+01 -.146694E+01 0.345387E+01 -.816304E+00 0.257012E+01 0.343545E+02
 -.187600E+01 -.146827E+01 0.345412E+01 -.785110E+00 0.257019E+01 0.399533E+02
 -.188048E+01 -.146565E+01 0.345614E+01 -.818665E+00 0.257012E+01 0.343575E+02
 -.187862E+01 -.148710E+01 0.345326E+01 -.818626E+00 0.257016E+01 0.348653E+02
 -.189294E+01 -.146550E+01 0.345510E+01 -.833376E+00 0.257007E+01 0.355052E+02
 -.189205E+01 -.146506E+01 0.347232E+01 -.813248E+00 0.257009E+01 0.371790E+02
 -.187549E+01 -.144201E+01 0.346184E+01 -.823699E+00 0.257028E+01 0.357058E+02
 -.188550E+01 -.146548E+01 0.345888E+01 -.820629E+00 0.257018E+01 0.343904E+02
 -.192832E+01 -.146059E+01 0.347343E+01 -.819259E+00 0.259405E+01 0.372609E+02
 -.190850E+01 -.146382E+01 0.343943E+01 -.817534E+00 0.257000E+01 0.395756E+02
 -.182369E+01 -.148610E+01 0.341264E+01 -.821444E+00 0.257020E+01 0.417263E+02
 -.187956E+01 -.142699E+01 0.345432E+01 -.816079E+00 0.257022E+01 0.368014E+02
 -.191194E+01 -.142752E+01 0.345358E+01 -.845209E+00 0.257010E+01 0.419928E+02
 -.188043E+01 -.147128E+01 0.345961E+01 -.830503E+00 0.257945E+01 0.354707E+02
 -.193727E+01 -.147839E+01 0.347263E+01 -.828155E+00 0.257000E+01 0.375896E+02
 -.188827E+01 -.147176E+01 0.345869E+01 -.824348E+00 0.258557E+01 0.362288E+02
 -.185916E+01 -.148917E+01 0.341416E+01 -.786187E+00 0.257044E+01 0.382226E+02
 -.185781E+01 -.146605E+01 0.345574E+01 -.821282E+00 0.257026E+01 0.352642E+02
 -.192802E+01 -.147879E+01 0.348961E+01 -.849005E+00 0.258237E+01 0.364500E+02
 -.190168E+01 -.147954E+01 0.345782E+01 -.796538E+00 0.259209E+01 0.359304E+02
 -.189854E+01 -.147186E+01 0.343552E+01 -.819478E+00 0.257032E+01 0.397362E+02
 -.193637E+01 -.142783E+01 0.346428E+01 -.802054E+00 0.257004E+01 0.418740E+02
 -.187622E+01 -.146613E+01 0.345455E+01 -.821320E+00 0.257011E+01 0.343296E+02
 -.188127E+01 -.147741E+01 0.345370E+01 -.792285E+00 0.257062E+01 0.374337E+02
 -.187815E+01 -.148393E+01 0.345076E+01 -.820195E+00 0.257031E+01 0.348334E+02
 -.185899E+01 -.147005E+01 0.346075E+01 -.813503E+00 0.257015E+01 0.367515E+02
 -.187672E+01 -.147869E+01 0.345706E+01 -.817747E+00 0.257019E+01 0.346498E+02
 -.186196E+01 -.145721E+01 0.346203E+01 -.820594E+00 0.257035E+01 0.361327E+02
 -.187295E+01 -.146548E+01 0.345259E+01 -.824082E+00 0.257198E+01 0.345532E+02
 -.187122E+01 -.146759E+01 0.345215E+01 -.842002E+00 0.257033E+01 0.363334E+02
 -.196008E+01 -.143865E+01 0.347264E+01 -.820718E+00 0.258120E+01 0.423809E+02
 -.187813E+01 -.148087E+01 0.345490E+01 -.820280E+00 0.257000E+01 0.345795E+02
 -.187682E+01 -.141747E+01 0.345449E+01 -.822694E+00 0.257010E+01 0.380841E+02
 -.187830E+01 -.147202E+01 0.345155E+01 -.819164E+00 0.257051E+01 0.344019E+02
 -.187804E+01 -.146293E+01 0.345381E+01 -.820083E+00 0.257002E+01 0.343333E+02
 -.188506E+01 -.145831E+01 0.344882E+01 -.819880E+00 0.257027E+01 0.348736E+02
 -.188734E+01 -.146944E+01 0.345697E+01 -.820878E+00 0.257017E+01 0.343961E+02
 -.182410E+01 -.145187E+01 0.345825E+01 -.814205E+00 0.257003E+01 0.424647E+02
 -.182924E+01 -.146646E+01 0.345259E+01 -.807758E+00 0.257018E+01 0.396917E+02
 -.188299E+01 -.146724E+01 0.345458E+01 -.804606E+00 0.257000E+01 0.352999E+02
 -.184046E+01 -.151382E+01 0.345242E+01 -.803176E+00 0.257019E+01 0.407606E+02
 -.183718E+01 -.148295E+01 0.343526E+01 -.770145E+00 0.257107E+01 0.417479E+02
 -.188294E+01 -.147464E+01 0.347116E+01 -.886335E+00 0.257000E+01 0.426550E+02
 -.183197E+01 -.147225E+01 0.345303E+01 -.834170E+00 0.257000E+01 0.381950E+02
 -.190298E+01 -.147149E+01 0.345944E+01 -.819569E+00 0.257006E+01 0.350062E+02
 -.188056E+01 -.146401E+01 0.345552E+01 -.806738E+00 0.257019E+01 0.351720E+02
 -.187350E+01 -.146782E+01 0.345305E+01 -.792492E+00 0.257021E+01 0.375609E+02
 -.188014E+01 -.146585E+01 0.345242E+01 -.822757E+00 0.257016E+01 0.344381E+02
 -.188537E+01 -.144375E+01 0.345418E+01 -.820073E+00 0.257258E+01 0.352058E+02
 -.187748E+01 -.147294E+01 0.345715E+01 -.818349E+00 0.257018E+01 0.344902E+02
 -.184932E+01 -.146728E+01 0.345318E+01 -.820473E+00 0.257000E+01 0.357562E+02
 -.188642E+01 -.146465E+01 0.344521E+01 -.816776E+00 0.257000E+01 0.351690E+02
 -.188287E+01 -.143109E+01 0.345012E+01 -.820855E+00 0.257000E+01 0.363973E+02
 -.189788E+01 -.146749E+01 0.345333E+01 -.821018E+00 0.257028E+01 0.351661E+02
 -.187483E+01 -.145423E+01 0.348565E+01 -.821283E+00 0.257206E+01 0.423873E+02
 -.194609E+01 -.146937E+01 0.350000E+01 -.796042E+00 0.261122E+01 0.353873E+02
 -.182721E+01 -.148877E+01 0.341358E+01 -.820945E+00 0.257004E+01 0.414645E+02
 -.194074E+01 -.146450E+01 0.345231E+01 -.822045E+00 0.257011E+01 0.424451E+02
 -.187483E+01 -.146437E+01 0.345376E+01 -.802608E+00 0.257036E+01 0.356081E+02
 -.188394E+01 -.145916E+01 0.345722E+01 -.819881E+00 0.257002E+01 0.344470E+02
 -.188258E+01 -.149988E+01 0.346194E+01 -.829285E+00 0.257015E+01 0.358524E+02
 -.193560E+01 -.149565E+01 0.346145E+01 -.820611E+00 0.258046E+01 0.411410E+02
 -.188042E+01 -.146650E+01 0.345443E+01 -.820659E+00 0.257015E+01 0.343209E+02
 -.192234E+01 -.149962E+01 0.347486E+01 -.832329E+00 0.257340E+01 0.370265E+02
 -.187844E+01 -.146662E+01 0.345602E+01 -.820532E+00 0.257020E+01 0.343336E+02
 -.188039E+01 -.147183E+01 0.346682E+01 -.803832E+00 0.257075E+01 0.381711E+02
 -.187967E+01 -.144210E+01 0.345233E+01 -.820024E+00 0.257027E+01 0.352194E+02
 -.193708E+01 -.146244E+01 0.347029E+01 -.820327E+00 0.257010E+01 0.376937E+02
 -.187439E+01 -.147399E+01 0.347147E+01 -.815707E+00 0.257023E+01 0.378662E+02
 -.188194E+01 -.147334E+01 0.346775E+01 -.820580E+00 0.257037E+01 0.354797E+02
 -.186922E+01 -.146552E+01 0.345116E+01 -.816582E+00 0.257186E+01 0.344038E+02
 -.182171E+01 -.146973E+01 0.345385E+01 -.844811E+00 0.257015E+01 0.408843E+02
 -.187166E+01 -.147793E+01 0.348362E+01 -.819509E+00 0.258342E+01 0.384033E+02
 -.187798E+01 -.146556E+01 0.345345E+01 -.820326E+00 0.257033E+01 0.343218E+02
 -.188391E+01 -.142146E+01 0.345446E+01 -.821930E+00 0.257001E+01 0.374710E+02
 -.188086E+01 -.145128E+01 0.345280E+01 -.818905E+00 0.257000E+01 0.346740E+02
 -.187789E+01 -.146746E+01 0.345442E+01 -.817398E+00 0.257000E+01 0.343494E+02
 -.187491E+01 -.146892E+01 0.344746E+01 -.820287E+00 0.257024E+01 0.345903E+02
 -.187071E+01 -.147559E+01 0.345758E+01 -.821350E+00 0.257006E+01 0.347024E+02
 -.188768E+01 -.153119E+01 0.346392E+01 -.834803E+00 0.257000E+01 0.396646E+02
 -.188246E+01 -.146126E+01 0.347388E+01 -.805000E+00 0.257015E+01 0.408122E+02
 -.193294E+01 -.147749E+01 0.347944E+01 -.829733E+00 0.257675E+01 0.362637E+02
 -.188490E+01 -.149199E+01 0.345404E+01 -.833044E+00 0.257005E+01 0.361286E+02
 -.184257E+01 -.146785E+01 0.345551E+01 -.812378E+00 0.257020E+01 0.376678E+02
 -.188736E+01 -.146189E+01 0.348157E+01 -.814383E+00 0.257009E+01 0.409143E+02
 -.184098E+01 -.151643E+01 0.345046E+01 -.822167E+00 0.257007E+01 0.391885E+02
 -.188352E+01 -.146595E+01 0.345565E+01 -.825726E+00 0.257021E+01 0.344502E+02
 -.188028E+01 -.146589E+01 0.345537E+01 -.837488E+00 0.257009E+01 0.353568E+02
 -.187879E+01 -.146824E+01 0.345153E+01 -.818908E+00 0.257001E+01 0.343509E+02
 -.187677E+01 -.145111E+01 0.345386E+01 -.821466E+00 0.257023E+01 0.346772E+02
 -.186776E+01 -.146512E+01 0.345314E+01 -.814294E+00 0.257040E+01 0.346306E+02
 -.186287E+01 -.146670E+01 0.342839E+01 -.824774E+00 0.257012E+01 0.385222E+02
 -.188025E+01 -.148813E+01 0.344587E+01 -.818843E+00 0.257037E+01 0.355638E+02
 -.187410E+01 -.146526E+01 0.345164E+01 -.820315E+00 0.257019E+01 0.343475E+02
 -.185994E+01 -.147557E+01 0.341709E+01 -.822729E+00 0.257000E+01 0.423071E+02
 -.187031E+01 -.152153E+01 0.343998E+01 -.834350E+00 0.257004E+01 0.416544E+02
 -.182162E+01 -.146356E+01 0.345628E+01 -.822566E+00 0.257009E+01 0.409284E+02
 -.188391E+01 -.150103E+01 0.345577E+01 -.822941E+00 0.257000E+01 0.359042E+02
 -.187116E+01 -.148793E+01 0.345446E+01 -.821689E+00 0.257035E+01 0.349927E+02
 -.187894E+01 -.144691E+01 0.346977E+01 -.813048E+00 0.257000E+01 0.382246E+02
 -.188260E+01 -.150141E+01 0.346658E+01 -.821665E+00 0.257825E+01 0.359820E+02
 -.189682E+01 -.146159E+01 0.349436E+01 -.834631E+00 0.257044E+01 0.404261E+02
 -.189601E+01 -.146670E+01 0.345297E+01 -.820008E+00 0.257008E+01 0.350093E+02
 -.188609E+01 -.147485E+01 0.345984E+01 -.860110E+00 0.257321E+01 0.398174E+02
 -.192670E+01 -.147628E+01 0.349206E+01 -.820309E+00 0.257000E+01 0.406118E+02
 -.187695E+01 -.145108E+01 0.345478E+01 -.848906E+00 0.257000E+01 0.373688E+02
 -.193656E+01 -.142908E+01 0.346015E+01 -.791949E+00 0.257361E+01 0.426814E+02
 -.192469E+01 -.146750E+01 0.346550E+01 -.820138E+00 0.257000E+01 0.365062E+02
 -.188208E+01 -.146711E+01 0.345333E+01 -.820166E+00 0.257000E+01 0.343591E+02
 -.187703E+01 -.146453E+01 0.346787E+01 -.822414E+00 0.257000E+01 0.357165E+02
 -.187952E+01 -.145833E+01 0.345737E+01 -.820312E+00 0.257000E+01 0.344908E+02
 -.195592E+01 -.145295E+01 0.348434E+01 -.802980E+00 0.260041E+01 0.382713E+02
 -.187610E+01 -.147353E+01 0.347048E+01 -.822616E+00 0.257023E+01 0.363209E+02
 -.188872E+01 -.148199E+01 0.345954E+01 -.819592E+00 0.257034E+01 0.347397E+02
 -.191371E+01 -.147835E+01 0.350000E+01 -.805366E+00 0.259655E+01 0.375900E+02
 -.187192E+01 -.146629E+01 0.345247E+01 -.811408E+00 0.257032E+01 0.345895E+02
 -.184324E+01 -.146421E+01 0.345582E+01 -.791795E+00 0.257003E+01 0.423350E+02
 -.184155E+01 -.149207E+01 0.346326E+01 -.817525E+00 0.257497E+01 0.394022E+02
 -.187256E+01 -.146145E+01 0.345425E+01 -.820815E+00 0.257010E+01 0.344229E+02
 -.187747E+01 -.145414E+01 0.345279E+01 -.820423E+00 0.257024E+01 0.345485E+02
 -.188292E+01 -.148471E+01 0.345379E+01 -.819437E+00 0.257001E+01 0.347961E+02
 -.188280E+01 -.145194E+01 0.345575E+01 -.821481E+00 0.257028E+01 0.346425E+02
 -.187821E+01 -.144616E+01 0.347265E+01 -.819685E+00 0.257024E+01 0.379641E+02
 -.187788E+01 -.146977E+01 0.345332E+01 -.821219E+00 0.257018E+01 0.343465E+02
 -.186952E+01 -.147329E+01 0.345286E+01 -.820743E+00 0.257017E+01 0.344694E+02
 -.186414E+01 -.146324E+01 0.345128E+01 -.821321E+00 0.257005E+01 0.345743E+02
 -.188484E+01 -.146357E+01 0.345464E+01 -.812067E+00 0.260158E+01 0.394786E+02
 -.191069E+01 -.146724E+01 0.347675E+01 -.803587E+00 0.257024E+01 0.402488E+02
 -.188153E+01 -.146722E+01 0.345371E+01 -.813903E+00 0.257037E+01 0.344206E+02
 -.188324E+01 -.149840E+01 0.346876E+01 -.812168E+00 0.258888E+01 0.358374E+02
 -.181523E+01 -.146576E+01 0.345306E+01 -.819407E+00 0.257027E+01 0.415265E+02
 -.188282E+01 -.145791E+01 0.345179E+01 -.783275E+00 0.257026E+01 0.397379E+02
 -.188694E+01 -.147029E+01 0.345359E+01 -.775000E+00 0.261918E+01 0.392530E+02
 -.184844E+01 -.146945E+01 0.344938E+01 -.822096E+00 0.257009E+01 0.354427E+02
 -.188093E+01 -.146899E+01 0.345348E+01 -.839074E+00 0.257000E+01 0.358742E+02
 -.188297E+01 -.146747E+01 0.345671E+01 -.842975E+00 0.257009E+01 0.359909E+02
 -.187866E+01 -.146661E+01 0.345576E+01 -.817866E+00 0.257001E+01 0.343799E+02
 -.189504E+01 -.146912E+01 0.345353E+01 -.829261E+00 0.257298E+01 0.359461E+02
 -.187706E+01 -.145500E+01 0.345126E+01 -.821199E+00 0.257023E+01 0.345770E+02
 -.189125E+01 -.146536E+01 0.345711E+01 -.812741E+00 0.257044E+01 0.347187E+02
 -.186195E+01 -.146821E+01 0.346113E+01 -.815891E+00 0.257023E+01 0.362090E+02
 -.187375E+01 -.148716E+01 0.345274E+01 -.820892E+00 0.257056E+01 0.349098E+02
 -.185593E+01 -.146383E+01 0.345200E+01 -.819921E+00 0.257008E+01 0.350672E+02
 -.189387E+01 -.143140E+01 0.348581E+01 -.823344E+00 0.257019E+01 0.419176E+02
 -.187842E+01 -.146853E+01 0.345577E+01 -.821215E+00 0.257016E+01 0.343287E+02
 -.188065E+01 -.149339E+01 0.345375E+01 -.823420E+00 0.257011E+01 0.353672E+02
 -.186130E+01 -.148220E+01 0.346029E+01 -.825019E+00 0.257314E+01 0.356016E+02
 -.186873E+01 -.146138E+01 0.348052E+01 -.858978E+00 0.257034E+01 0.383562E+02
 -.187941E+01 -.146623E+01 0.345459E+01 -.820505E+00 0.257015E+01 0.343148E+02
 -.188454E+01 -.149715E+01 0.347349E+01 -.851008E+00 0.258276E+01 0.386957E+02
 -.192204E+01 -.147882E+01 0.346081E+01 -.818873E+00 0.259396E+01 0.409882E+02
 -.186521E+01 -.145948E+01 0.345262E+01 -.819848E+00 0.257017E+01 0.346396E+02
 -.194040E+01 -.147424E+01 0.345742E+01 -.792250E+00 0.257356E+01 0.412972E+02
 -.187909E+01 -.146639E+01 0.345396E+01 -.820330E+00 0.257029E+01 0.343176E+02
 -.187695E+01 -.146212E+01 0.345119E+01 -.827669E+00 0.257064E+01 0.348381E+02
 -.187829E+01 -.148159E+01 0.345694E+01 -.822284E+00 0.257044E+01 0.346288E+02
 -.190609E+01 -.147134E+01 0.343620E+01 -.824289E+00 0.257024E+01 0.417970E+02
 -.187812E+01 -.146900E+01 0.344804E+01 -.820698E+00 0.257021E+01 0.346467E+02
 -.189097E+01 -.145774E+01 0.344448E+01 -.817386E+00 0.257016E+01 0.357975E+02
 -.188308E+01 -.139754E+01 0.344700E+01 -.820400E+00 0.257000E+01 0.423340E+02
 -.187682E+01 -.146663E+01 0.345485E+01 -.818174E+00 0.257000E+01 0.343571E+02
 -.189634E+01 -.147854E+01 0.345130E+01 -.818476E+00 0.257819E+01 0.364128E+02
 -.187903E+01 -.147053E+01 0.345395E+01 -.820600E+00 0.257009E+01 0.343380E+02
 -.187964E+01 -.150294E+01 0.345460E+01 -.819255E+00 0.257019E+01 0.359882E+02
 -.188010E+01 -.147208E+01 0.345567E+01 -.820497E+00 0.257012E+01 0.343561E+02
 -.188001E+01 -.146399E+01 0.345300E+01 -.821975E+00 0.257030E+01 0.343929E+02
 -.188252E+01 -.146242E+01 0.345837E+01 -.820424E+00 0.257015E+01 0.344141E+02
 -.188019E+01 -.146005E+01 0.344714E+01 -.820974E+00 0.257004E+01 0.348511E+02
 -.187818E+01 -.146928E+01 0.345030E+01 -.795977E+00 0.257004E+01 0.361118E+02
 -.194596E+01 -.146634E+01 0.345418E+01 -.805806E+00 0.257023E+01 0.420575E+02
 -.185959E+01 -.147520E+01 0.348169E+01 -.795414E+00 0.259537E+01 0.411517E+02
 -.188223E+01 -.152325E+01 0.345461E+01 -.828873E+00 0.257014E+01 0.387349E+02
 -.188864E+01 -.147773E+01 0.347555E+01 -.821704E+00 0.257021E+01 0.368094E+02
 -.183687E+01 -.146606E+01 0.345474E+01 -.829241E+00 0.257013E+01 0.375090E+02
 -.194153E+01 -.143291E+01 0.345861E+01 -.818202E+00 0.257031E+01 0.417107E+02
 -.187519E+01 -.146790E+01 0.343573E+01 -.800849E+00 0.257000E+01 0.352262E+02
 -.189553E+01 -.143503E+01 0.346137E+01 -.817804E+00 0.257002E+01 0.362635E+02
 -.187956E+01 -.146867E+01 0.345276E+01 -.817800E+00 0.257011E+01 0.343305E+02
 -.187900E+01 -.146869E+01 0.345499E+01 -.794634E+00 0.257021E+01 0.372697E+02
 -.188309E+01 -.146554E+01 0.345850E+01 -.819729E+00 0.257001E+01 0.344136E+02
 -.187969E+01 -.147800E+01 0.345810E+01 -.819629E+00 0.257018E+01 0.345713E+02
 -.187018E+01 -.146694E+01 0.345723E+01 -.821046E+00 0.257000E+01 0.346268E+02
 -.187417E+01 -.146618E+01 0.346521E+01 -.810390E+00 0.257023E+01 0.369403E+02
 -.187005E+01 -.145481E+01 0.346072E+01 -.822905E+00 0.257000E+01 0.351956E+02
 -.184367E+01 -.146714E+01 0.345359E+01 -.820798E+00 0.257009E+01 0.364600E+02
 -.187877E+01 -.148007E+01 0.343968E+01 -.821267E+00 0.257005E+01 0.364005E+02
 -.189307E+01 -.142929E+01 0.345983E+01 -.835833E+00 0.257013E+01 0.370710E+02
 -.192712E+01 -.146646E+01 0.345363E+01 -.822081E+00 0.257006E+01 0.390634E+02
 -.187753E+01 -.145903E+01 0.345415E+01 -.817899E+00 0.257011E+01 0.344223E+02
 -.189138E+01 -.148580E+01 0.344791E+01 -.832626E+00 0.257009E+01 0.374562E+02
 -.188256E+01 -.148662E+01 0.345256E+01 -.842903E+00 0.258167E+01 0.409661E+02
 -.185335E+01 -.146412E+01 0.345462E+01 -.821607E+00 0.257000E+01 0.355419E+02
 -.186573E+01 -.146584E+01 0.345594E+01 -.820914E+00 0.257021E+01 0.347413E+02
 -.190219E+01 -.146876E+01 0.347278E+01 -.842019E+00 0.257924E+01 0.356971E+02
 -.187098E+01 -.148798E+01 0.344827E+01 -.826361E+00 0.257000E+01 0.354964E+02
 -.183744E+01 -.146875E+01 0.344208E+01 -.819876E+00 0.257010E+01 0.359689E+02
 -.187702E+01 -.146567E+01 0.345503E+01 -.820649E+00 0.257035E+01 0.343274E+02
 -.188107E+01 -.146790E+01 0.344009E+01 -.823485E+00 0.257000E+01 0.364573E+02
 -.187969E+01 -.148868E+01 0.345422E+01 -.822609E+00 0.257039E+01 0.350140E+02
 -.184616E+01 -.147044E+01 0.343798E+01 -.837590E+00 0.258001E+01 0.415121E+02
 -.180358E+01 -.147069E+01 0.343804E+01 -.813856E+00 0.257014E+01 0.404207E+02
 -.188161E+01 -.146389E+01 0.343129E+01 -.818997E+00 0.257016E+01 0.384361E+02
 -.187356E+01 -.146140E+01 0.344528E+01 -.817635E+00 0.257048E+01 0.346465E+02
 -.188120E+01 -.146616E+01 0.345532E+01 -.824487E+00 0.257229E+01 0.344885E+02
 -.194176E+01 -.145891E+01 0.345606E+01 -.819781E+00 0.257020E+01 0.411793E+02
 -.188007E+01 -.147424E+01 0.345524E+01 -.820615E+00 0.257006E+01 0.343911E+02
 -.187676E+01 -.146433E+01 0.345469E+01 -.822582E+00 0.257020E+01 0.343478E+02
 -.187761E+01 -.147793E+01 0.345391E+01 -.819617E+00 0.257000E+01 0.344790E+02
 -.188524E+01 -.144223E+01 0.347325E+01 -.819966E+00 0.257005E+01 0.377967E+02
 -.188049E+01 -.145898E+01 0.345459E+01 -.820538E+00 0.257006E+01 0.344027E+02
 -.188780E+01 -.145745E+01 0.344909E+01 -.820140E+00 0.257017E+01 0.350214E+02
 -.190449E+01 -.146428E+01 0.346146E+01 -.820880E+00 0.258017E+01 0.353703E+02
 -.189317E+01 -.146978E+01 0.345859E+01 -.820850E+00 0.257013E+01 0.345297E+02
 -.182985E+01 -.146985E+01 0.341977E+01 -.794711E+00 0.257000E+01 0.359585E+02
 -.192344E+01 -.146645E+01 0.345472E+01 -.813749E+00 0.257001E+01 0.376983E+02
 -.188925E+01 -.144628E+01 0.345678E+01 -.811098E+00 0.259120E+01 0.364702E+02
 -.188003E+01 -.148459E+01 0.343451E+01 -.825486E+00 0.257001E+01 0.389320E+02
 -.184179E+01 -.142622E+01 0.345477E+01 -.803726E+00 0.257025E+01 0.418954E+02
 -.189868E+01 -.146512E+01 0.346368E+01 -.820367E+00 0.257000E+01 0.347644E+02
 -.187824E+01 -.146789E+01 0.345359E+01 -.803521E+00 0.257020E+01 0.353544E+02
 -.187685E+01 -.146837E+01 0.345352E+01 -.779269E+00 0.257021E+01 0.418788E+02
 -.188629E+01 -.146668E+01 0.345306E+01 -.821886E+00 0.257017E+01 0.345399E+02
 -.186692E+01 -.145447E+01 0.345832E+01 -.791383E+00 0.257772E+01 0.379872E+02
 -.187916E+01 -.147635E+01 0.345643E+01 -.817990E+00 0.257013E+01 0.345048E+02
 -.186437E+01 -.146634E+01 0.345648E+01 -.828070E+00 0.257043E+01 0.348702E+02
 -.188500E+01 -.146516E+01 0.343770E+01 -.812094E+00 0.257002E+01 0.360985E+02
 -.187734E+01 -.144078E+01 0.345485E+01 -.822172E+00 0.257026E+01 0.353219E+02
 -.191549E+01 -.146770E+01 0.345357E+01 -.820795E+00 0.257028E+01 0.370742E+02
 -.189878E+01 -.146509E+01 0.349553E+01 -.821263E+00 0.258219E+01 0.389460E+02
 -.183822E+01 -.149511E+01 0.341599E+01 -.820717E+00 0.257000E+01 0.414603E+02
 -.189978E+01 -.149633E+01 0.346656E+01 -.805953E+00 0.257020E+01 0.378358E+02
 -.187518E+01 -.143270E+01 0.345479E+01 -.816994E+00 0.257014E+01 0.362073E+02
 -.188980E+01 -.140359E+01 0.345430E+01 -.838488E+00 0.257012E+01 0.420228E+02
 -.187852E+01 -.153127E+01 0.345435E+01 -.820388E+00 0.257025E+01 0.393465E+02
 -.188343E+01 -.147200E+01 0.346782E+01 -.816700E+00 0.257139E+01 0.356512E+02
 -.185986E+01 -.145038E+01 0.344993E+01 -.817431E+00 0.257238E+01 0.351127E+02
 -.187513E+01 -.146599E+01 0.345512E+01 -.820472E+00 0.257021E+01 0.343547E+02
 -.189934E+01 -.144446E+01 0.345370E+01 -.802677E+00 0.257587E+01 0.360329E+02
 -.183605E+01 -.148772E+01 0.344687E+01 -.824130E+00 0.258658E+01 0.399647E+02
 -.191282E+01 -.145873E+01 0.345688E+01 -.845290E+00 0.257000E+01 0.391360E+02
 -.189118E+01 -.147667E+01 0.344530E+01 -.819644E+00 0.257000E+01 0.359638E+02
 -.187890E+01 -.146610E+01 0.345471E+01 -.820697E+00 0.257033E+01 0.343158E+02
 -.188222E+01 -.146970E+01 0.345302E+01 -.791347E+00 0.257060E+01 0.374102E+02
 -.188017E+01 -.146386E+01 0.345246E+01 -.819363E+00 0.257000E+01 0.343527E+02
 -.187916E+01 -.146732E+01 0.346368E+01 -.819911E+00 0.257014E+01 0.350063E+02
 -.186306E+01 -.148289E+01 0.345132E+01 -.817429E+00 0.257049E+01 0.349178E+02
 -.191312E+01 -.146391E+01 0.346168E+01 -.818065E+00 0.257000E+01 0.356528E+02
 -.191138E+01 -.148319E+01 0.350000E+01 -.827472E+00 0.258053E+01 0.387876E+02
 -.188314E+01 -.146549E+01 0.345252E+01 -.819241E+00 0.257223E+01 0.344853E+02
 -.187368E+01 -.148925E+01 0.347601E+01 -.821383E+00 0.257432E+01 0.378513E+02
 -.187771E+01 -.145800E+01 0.345414E+01 -.820484E+00 0.257023E+01 0.344245E+02
 -.187446E+01 -.143288E+01 0.345465E+01 -.825273E+00 0.257014E+01 0.361234E+02
 -.187901E+01 -.146185E+01 0.345276E+01 -.820077E+00 0.257022E+01 0.343660E+02
 -.188291E+01 -.145832E+01 0.342685E+01 -.818805E+00 0.257028E+01 0.403201E+02
 -.187735E+01 -.146716E+01 0.345516E+01 -.819221E+00 0.257000E+01 0.343411E+02
 -.187012E+01 -.147078E+01 0.344540E+01 -.820394E+00 0.257017E+01 0.347045E+02
 -.188771E+01 -.147490E+01 0.346001E+01 -.820992E+00 0.257002E+01 0.345105E+02
 -.188708E+01 -.142322E+01 0.345205E+01 -.833324E+00 0.257018E+01 0.382869E+02
 -.193716E+01 -.146769E+01 0.345614E+01 -.818278E+00 0.257022E+01 0.400530E+02
 -.186955E+01 -.146741E+01 0.345189E+01 -.794152E+00 0.258218E+01 0.351543E+02
 -.185168E+01 -.149861E+01 0.345641E+01 -.822503E+00 0.257018E+01 0.370683E+02
 -.187924E+01 -.146641E+01 0.345537E+01 -.814420E+00 0.257015E+01 0.344899E+02
 -.187667E+01 -.146649E+01 0.345674E+01 -.807692E+00 0.257013E+01 0.353271E+02
 -.188387E+01 -.146779E+01 0.345092E+01 -.818720E+00 0.257016E+01 0.345064E+02
 -.187841E+01 -.145793E+01 0.345326E+01 -.818478E+00 0.257017E+01 0.344244E+02
 -.187900E+01 -.146531E+01 0.345573E+01 -.829907E+00 0.257004E+01 0.345976E+02
 -.188347E+01 -.146511E+01 0.344079E+01 -.818100E+00 0.257000E+01 0.358392E+02
 -.188429E+01 -.147732E+01 0.344934E+01 -.820787E+00 0.257031E+01 0.349506E+02
 -.193846E+01 -.146472E+01 0.345216E+01 -.820159E+00 0.257031E+01 0.417538E+02
 -.192614E+01 -.148435E+01 0.348393E+01 -.787344E+00 0.263663E+01 0.406656E+02
 -.187151E+01 -.146799E+01 0.346258E+01 -.821424E+00 0.257025E+01 0.351619E+02
 -.187191E+01 -.152472E+01 0.346160E+01 -.802009E+00 0.257004E+01 0.414164E+02
 -.187796E+01 -.145071E+01 0.345470E+01 -.820257E+00 0.257014E+01 0.346932E+02
 -.187003E+01 -.142800E+01 0.346637E+01 -.804707E+00 0.257018E+01 0.418311E+02
 -.187828E+01 -.144996E+01 0.344929E+01 -.788225E+00 0.257000E+01 0.381734E+02
 -.186581E+01 -.144997E+01 0.344625E+01 -.817821E+00 0.257106E+01 0.349139E+02
 -.190040E+01 -.145269E+01 0.344464E+01 -.806058E+00 0.257018E+01 0.364400E+02
 -.188875E+01 -.146642E+01 0.345413E+01 -.820138E+00 0.257011E+01 0.345146E+02
 -.189622E+01 -.145232E+01 0.345878E+01 -.828729E+00 0.257682E+01 0.357660E+02
 -.183505E+01 -.146619E+01 0.344958E+01 -.817561E+00 0.257850E+01 0.372031E+02
 -.191968E+01 -.147534E+01 0.346133E+01 -.819922E+00 0.257029E+01 0.364342E+02
 -.188083E+01 -.146664E+01 0.345439E+01 -.820639E+00 0.257011E+01 0.343239E+02
 -.188222E+01 -.146987E+01 0.346070E+01 -.817064E+00 0.257000E+01 0.347433E+02
 -.187859E+01 -.144513E+01 0.345489E+01 -.818675E+00 0.257038E+01 0.350209E+02
 -.190709E+01 -.145863E+01 0.347347E+01 -.794038E+00 0.257155E+01 0.420628E+02
 -.188320E+01 -.146379E+01 0.346868E+01 -.826595E+00 0.257016E+01 0.351160E+02
 -.187658E+01 -.146907E+01 0.346787E+01 -.821473E+00 0.257022E+01 0.357768E+02
 -.188887E+01 -.148998E+01 0.345968E+01 -.820794E+00 0.257051E+01 0.351082E+02
 -.187552E+01 -.146528E+01 0.345292E+01 -.811492E+00 0.257000E+01 0.345675E+02
 -.183623E+01 -.147622E+01 0.345618E+01 -.865914E+00 0.257000E+01 0.423193E+02
 -.187762E+01 -.150133E+01 0.345553E+01 -.820749E+00 0.257014E+01 0.358449E+02
 -.187637E+01 -.145869E+01 0.345324E+01 -.820422E+00 0.257029E+01 0.344128E+02
 -.187467E+01 -.146619E+01 0.345461E+01 -.825950E+00 0.257015E+01 0.344462E+02
 -.188263E+01 -.145230E+01 0.345261E+01 -.821022E+00 0.257019E+01 0.346996E+02
 -.187676E+01 -.146866E+01 0.345477E+01 -.819411E+00 0.257017E+01 0.343343E+02
 -.187130E+01 -.148014E+01 0.345758E+01 -.820702E+00 0.257021E+01 0.348103E+02
 -.192767E+01 -.146259E+01 0.348060E+01 -.826371E+00 0.257000E+01 0.367044E+02
 -.187481E+01 -.146937E+01 0.345622E+01 -.821177E+00 0.257000E+01 0.344020E+02
 -.188435E+01 -.149516E+01 0.346815E+01 -.827701E+00 0.258284E+01 0.359233E+02
 -.191763E+01 -.146696E+01 0.345362E+01 -.829037E+00 0.257038E+01 0.382505E+02
 -.193437E+01 -.149235E+01 0.346826E+01 -.818688E+00 0.257000E+01 0.384407E+02
 -.187494E+01 -.147626E+01 0.347531E+01 -.827719E+00 0.257013E+01 0.372009E+02
 -.184150E+01 -.146650E+01 0.345486E+01 -.807485E+00 0.257026E+01 0.383269E+02
 -.187126E+01 -.149035E+01 0.345899E+01 -.833752E+00 0.257020E+01 0.355868E+02
 -.186016E+01 -.149351E+01 0.344998E+01 -.820974E+00 0.257018E+01 0.355993E+02
 -.188015E+01 -.146524E+01 0.345580E+01 -.833992E+00 0.257009E+01 0.349319E+02
 -.188280E+01 -.146589E+01 0.345855E+01 -.854382E+00 0.257009E+01 0.376382E+02
 -.187695E+01 -.146815E+01 0.345384E+01 -.818626E+00 0.257000E+01 0.343229E+02
 -.187787E+01 -.145919E+01 0.345330E+01 -.820128E+00 0.257031E+01 0.343975E+02
 -.188654E+01 -.146485E+01 0.345444E+01 -.818204E+00 0.257000E+01 0.344217E+02
 -.186432E+01 -.146644E+01 0.345742E+01 -.822701E+00 0.257019E+01 0.349280E+02
 -.188023E+01 -.148904E+01 0.345084E+01 -.819940E+00 0.257017E+01 0.351328E+02
 -.181388E+01 -.146301E+01 0.345142E+01 -.819967E+00 0.257003E+01 0.413604E+02
 -.184412E+01 -.148310E+01 0.343635E+01 -.820941E+00 0.258216E+01 0.392524E+02
 -.189610E+01 -.144122E+01 0.348866E+01 -.821792E+00 0.257010E+01 0.423540E+02
 -.187146E+01 -.147797E+01 0.343922E+01 -.817426E+00 0.257000E+01 0.354924E+02
 -.184366E+01 -.146146E+01 0.345653E+01 -.819722E+00 0.257017E+01 0.371695E+02
 -.188135E+01 -.148467E+01 0.345429E+01 -.821348E+00 0.257013E+01 0.347819E+02
 -.187656E+01 -.149823E+01 0.346581E+01 -.796776E+00 0.257018E+01 0.413154E+02
 -.186042E+01 -.149951E+01 0.345448E+01 -.820246E+00 0.257007E+01 0.362347E+02
 -.187775E+01 -.145131E+01 0.344647E+01 -.788916E+00 0.258531E+01 0.356443E+02
 -.189028E+01 -.146645E+01 0.345033E+01 -.818656E+00 0.257000E+01 0.348592E+02
 -.187651E+01 -.146659E+01 0.345366E+01 -.820796E+00 0.257008E+01 0.343207E+02
 -.187230E+01 -.147220E+01 0.346751E+01 -.860412E+00 0.257000E+01 0.375558E+02
 -.192310E+01 -.146081E+01 0.345510E+01 -.817296E+00 0.257000E+01 0.376846E+02
 -.184771E+01 -.147871E+01 0.345590E+01 -.790021E+00 0.261021E+01 0.388815E+02
 -.189321E+01 -.145927E+01 0.345435E+01 -.820349E+00 0.257023E+01 0.347769E+02
 -.189522E+01 -.143371E+01 0.343276E+01 -.817205E+00 0.257315E+01 0.417208E+02
 -.188207E+01 -.146656E+01 0.345452E+01 -.820547E+00 0.257000E+01 0.343344E+02
 -.188145E+01 -.146472E+01 0.345906E+01 -.839490E+00 0.257055E+01 0.352604E+02
 -.187850E+01 -.147992E+01 0.345657E+01 -.818818E+00 0.257017E+01 0.345970E+02
 -.193679E+01 -.147243E+01 0.344954E+01 -.819238E+00 0.257023E+01 0.423246E+02
 -.187791E+01 -.146909E+01 0.345620E+01 -.821059E+00 0.257018E+01 0.343448E+02
 -.189373E+01 -.148223E+01 0.346058E+01 -.819165E+00 0.257036E+01 0.348730E+02
 -.187248E+01 -.146637E+01 0.345563E+01 -.809520E+00 0.257231E+01 0.348504E+02
 -.191684E+01 -.146393E+01 0.345457E+01 -.848613E+00 0.257018E+01 0.414359E+02
 -.190223E+01 -.144781E+01 0.345109E+01 -.828093E+00 0.257000E+01 0.369294E+02
 -.187999E+01 -.147014E+01 0.345297E+01 -.820487E+00 0.257013E+01 0.343643E+02
 -.188144E+01 -.149265E+01 0.345458E+01 -.822239E+00 0.257019E+01 0.352529E+02
 -.188206E+01 -.146763E+01 0.345414E+01 -.821554E+00 0.257000E+01 0.343575E+02
 -.187961E+01 -.144549E+01 0.346815E+01 -.819602E+00 0.257000E+01 0.366996E+02
 -.188075E+01 -.146247E+01 0.345335E+01 -.821831E+00 0.257009E+01 0.343919E+02
 -.188617E+01 -.144999E+01 0.345735E+01 -.820123E+00 0.257025E+01 0.347787E+02
 -.187347E+01 -.145911E+01 0.345154E+01 -.821816E+00 0.257015E+01 0.344608E+02
 -.190544E+01 -.149592E+01 0.349694E+01 -.808537E+00 0.259509E+01 0.379539E+02
 -.188195E+01 -.146951E+01 0.347621E+01 -.828284E+00 0.257008E+01 0.366166E+02
 -.182800E+01 -.146542E+01 0.345332E+01 -.812886E+00 0.257000E+01 0.395304E+02
 -.191610E+01 -.143004E+01 0.345785E+01 -.844459E+00 0.257035E+01 0.408479E+02
 -.188301E+01 -.146168E+01 0.345179E+01 -.788080E+00 0.257000E+01 0.382356E+02
 -.187559E+01 -.145252E+01 0.344631E+01 -.818570E+00 0.257000E+01 0.348369E+02
 -.187973E+01 -.146708E+01 0.345227E+01 -.827042E+00 0.257006E+01 0.346746E+02
 -.188131E+01 -.146627E+01 0.345558E+01 -.858909E+00 0.257017E+01 0.393137E+02
 -.187263E+01 -.146610E+01 0.345665E+01 -.819716E+00 0.257021E+01 0.345111E+02
 -.190695E+01 -.147127E+01 0.345954E+01 -.834269E+00 0.257968E+01 0.378697E+02
 -.187922E+01 -.146975E+01 0.345479E+01 -.820521E+00 0.257017E+01 0.343262E+02
 -.188786E+01 -.146477E+01 0.345542E+01 -.813450E+00 0.257033E+01 0.345691E+02
 -.186800E+01 -.146775E+01 0.346567E+01 -.820728E+00 0.257025E+01 0.361227E+02
 -.187643E+01 -.144812E+01 0.345462E+01 -.819980E+00 0.257000E+01 0.348457E+02
 -.181731E+01 -.146682E+01 0.345274E+01 -.820609E+00 0.257020E+01 0.408697E+02
 -.190085E+01 -.148136E+01 0.345544E+01 -.820648E+00 0.258570E+01 0.378663E+02
 -.189376E+01 -.145456E+01 0.344359E+01 -.808558E+00 0.257584E+01 0.364205E+02
 -.188067E+01 -.147279E+01 0.344507E+01 -.821595E+00 0.257000E+01 0.352570E+02
 -.189654E+01 -.142591E+01 0.345190E+01 -.838492E+00 0.257022E+01 0.394483E+02
 -.192042E+01 -.146456E+01 0.345516E+01 -.823118E+00 0.257005E+01 0.375908E+02
 -.187748E+01 -.149349E+01 0.345420E+01 -.819528E+00 0.257012E+01 0.352408E+02
 -.187921E+01 -.147679E+01 0.345997E+01 -.834569E+00 0.257091E+01 0.349212E+02
 -.189503E+01 -.147967E+01 0.345678E+01 -.820888E+00 0.257105E+01 0.349221E+02
 -.189030E+01 -.147041E+01 0.344417E+01 -.792163E+00 0.257000E+01 0.364192E+02
 -.187249E+01 -.146618E+01 0.345370E+01 -.820692E+00 0.257019E+01 0.343675E+02
 -.185832E+01 -.148164E+01 0.346483E+01 -.854446E+00 0.258060E+01 0.400316E+02
 -.192263E+01 -.148356E+01 0.345046E+01 -.823558E+00 0.257855E+01 0.419254E+02
 -.190866E+01 -.144314E+01 0.345748E+01 -.809747E+00 0.257000E+01 0.366252E+02
 -.185377E+01 -.145504E+01 0.344209E+01 -.820432E+00 0.257004E+01 0.351834E+02
 -.188106E+01 -.146544E+01 0.345500E+01 -.820563E+00 0.257040E+01 0.343226E+02
 -.187883E+01 -.146168E+01 0.345825E+01 -.829770E+00 0.257000E+01 0.345307E+02
 -.187958E+01 -.148729E+01 0.345538E+01 -.821728E+00 0.257000E+01 0.348770E+02
 -.191639E+01 -.146987E+01 0.346290E+01 -.830730E+00 0.257877E+01 0.372752E+02
 -.188664E+01 -.147168E+01 0.343743E+01 -.778816E+00 0.257022E+01 0.383131E+02
 -.187944E+01 -.146587E+01 0.344425E+01 -.820115E+00 0.257011E+01 0.351194E+02
 -.186057E+01 -.144262E+01 0.344904E+01 -.815740E+00 0.257033E+01 0.355132E+02
 -.191314E+01 -.144284E+01 0.350000E+01 -.830968E+00 0.259532E+01 0.361171E+02
 -.187778E+01 -.146701E+01 0.345579E+01 -.818338E+00 0.257116E+01 0.343424E+02
 -.188679E+01 -.144840E+01 0.345287E+01 -.820725E+00 0.259293E+01 0.393870E+02
 -.187810E+01 -.140788E+01 0.345429E+01 -.820475E+00 0.257015E+01 0.397882E+02
 -.188016E+01 -.146952E+01 0.345435E+01 -.820577E+00 0.257004E+01 0.343298E+02
 -.188184E+01 -.146490E+01 0.345458E+01 -.819123E+00 0.257019E+01 0.343326E+02
 -.187732E+01 -.147711E+01 0.345521E+01 -.819824E+00 0.257019E+01 0.344679E+02
 -.187958E+01 -.146086E+01 0.345229E+01 -.821595E+00 0.257000E+01 0.344280E+02
 -.188105E+01 -.145544E+01 0.345083E+01 -.820219E+00 0.257017E+01 0.346235E+02
 -.188082E+01 -.146063E+01 0.345149E+01 -.822084E+00 0.257019E+01 0.345269E+02
 -.187568E+01 -.150586E+01 0.345102E+01 -.825525E+00 0.257856E+01 0.380125E+02
 -.187896E+01 -.145045E+01 0.350000E+01 -.803682E+00 0.261074E+01 0.398031E+02
 -.188005E+01 -.146569E+01 0.345482E+01 -.828875E+00 0.257020E+01 0.346116E+02
 -.187726E+01 -.146016E+01 0.345657E+01 -.826842E+00 0.257016E+01 0.344846E+02
 -.187179E+01 -.146711E+01 0.344287E+01 -.773950E+00 0.257031E+01 0.404924E+02
 -.189973E+01 -.144962E+01 0.346770E+01 -.819404E+00 0.257028E+01 0.355927E+02
 -.187912E+01 -.146824E+01 0.344952E+01 -.810726E+00 0.257023E+01 0.344617E+02
 -.187986E+01 -.146960E+01 0.345275E+01 -.828609E+00 0.257020E+01 0.347838E+02
 -.187398E+01 -.146696E+01 0.345446E+01 -.819171E+00 0.257018E+01 0.343662E+02
 -.188042E+01 -.147657E+01 0.345580E+01 -.820840E+00 0.257004E+01 0.344469E+02
 -.187175E+01 -.146526E+01 0.345509E+01 -.822720E+00 0.257040E+01 0.344310E+02
 -.189036E+01 -.146754E+01 0.345924E+01 -.816834E+00 0.257014E+01 0.345756E+02
 -.187804E+01 -.142972E+01 0.345721E+01 -.822179E+00 0.257035E+01 0.364604E+02
 -.189768E+01 -.147342E+01 0.348169E+01 -.820893E+00 0.258418E+01 0.349786E+02
 -.185776E+01 -.139950E+01 0.344064E+01 -.813605E+00 0.257043E+01 0.418350E+02
 -.184986E+01 -.149198E+01 0.341540E+01 -.821783E+00 0.257007E+01 0.426212E+02
 -.187505E+01 -.142590E+01 0.345459E+01 -.817902E+00 0.257016E+01 0.369710E+02
 -.188422E+01 -.149715E+01 0.345324E+01 -.854525E+00 0.257014E+01 0.405909E+02
 -.189665E+01 -.140359E+01 0.345426E+01 -.820266E+00 0.257022E+01 0.410699E+02
 -.188152E+01 -.148183E+01 0.346349E+01 -.850361E+00 0.257000E+01 0.364840E+02
 -.188664E+01 -.147051E+01 0.346063E+01 -.819711E+00 0.257080E+01 0.344670E+02
 -.188171E+01 -.146597E+01 0.345422E+01 -.820130E+00 0.257024E+01 0.343346E+02
 -.186912E+01 -.146463E+01 0.346174E+01 -.791303E+00 0.258348E+01 0.370159E+02
 -.186764E+01 -.147509E+01 0.344576E+01 -.820573E+00 0.257000E+01 0.347234E+02
 -.181368E+01 -.149886E+01 0.343534E+01 -.811736E+00 0.257124E+01 0.394623E+02
 -.187625E+01 -.146486E+01 0.345472E+01 -.820561E+00 0.257027E+01 0.343345E+02
 -.187680E+01 -.146107E+01 0.345603E+01 -.819061E+00 0.257049E+01 0.344235E+02
 -.188015E+01 -.146821E+01 0.345281E+01 -.823949E+00 0.257023E+01 0.344767E+02
 -.186785E+01 -.147106E+01 0.344549E+01 -.812731E+00 0.257007E+01 0.344247E+02
 -.188040E+01 -.146390E+01 0.345121E+01 -.820054E+00 0.257015E+01 0.344259E+02
 -.187128E+01 -.144658E+01 0.344292E+01 -.813847E+00 0.257035E+01 0.351323E+02
 -.188223E+01 -.146704E+01 0.345442E+01 -.825732E+00 0.257000E+01 0.344849E+02
 -.190544E+01 -.146704E+01 0.343903E+01 -.818418E+00 0.257195E+01 0.397911E+02
 -.187912E+01 -.146520E+01 0.345542E+01 -.820555E+00 0.257019E+01 0.343225E+02
 -.188205E+01 -.144326E+01 0.345459E+01 -.817566E+00 0.257016E+01 0.351601E+02
 -.187919E+01 -.147449E+01 0.345383E+01 -.819123E+00 0.257023E+01 0.343953E+02
 -.188407E+01 -.146313E+01 0.344303E+01 -.820643E+00 0.257042E+01 0.357548E+02
 -.187660E+01 -.146793E+01 0.345447E+01 -.819192E+00 0.257023E+01 0.343282E+02
 -.187292E+01 -.146507E+01 0.344871E+01 -.820627E+00 0.257013E+01 0.344641E+02
 -.188695E+01 -.146838E+01 0.345701E+01 -.820730E+00 0.257016E+01 0.343822E+02
 -.192115E+01 -.146821E+01 0.345571E+01 -.823151E+00 0.257011E+01 0.376096E+02
 -.184700E+01 -.149328E+01 0.345330E+01 -.809134E+00 0.257000E+01 0.376165E+02
 -.192701E+01 -.147264E+01 0.345456E+01 -.808411E+00 0.257018E+01 0.383787E+02
 -.183106E+01 -.146734E+01 0.345752E+01 -.802910E+00 0.257000E+01 0.422831E+02
 -.188712E+01 -.147597E+01 0.346232E+01 -.821535E+00 0.257046E+01 0.345998E+02
 -.187926E+01 -.146792E+01 0.345446E+01 -.807712E+00 0.257033E+01 0.349175E+02
 -.187813E+01 -.147154E+01 0.345202E+01 -.799276E+00 0.257013E+01 0.357966E+02
 -.188140E+01 -.146669E+01 0.345262E+01 -.819930E+00 0.257000E+01 0.343665E+02
 -.188040E+01 -.146443E+01 0.345605E+01 -.820613E+00 0.257013E+01 0.343323E+02
 -.186327E+01 -.146645E+01 0.345509E+01 -.829192E+00 0.257000E+01 0.349062E+02
 -.189136E+01 -.146625E+01 0.343575E+01 -.818022E+00 0.257000E+01 0.380945E+02
 -.188038E+01 -.148026E+01 0.345519E+01 -.822821E+00 0.257011E+01 0.345889E+02
 -.189284E+01 -.145658E+01 0.347809E+01 -.820583E+00 0.257628E+01 0.360602E+02
 -.190189E+01 -.146805E+01 0.350000E+01 -.825359E+00 0.261882E+01 0.371534E+02
 -.186363E+01 -.145622E+01 0.346819E+01 -.821643E+00 0.257014E+01 0.374683E+02
 -.189446E+01 -.141701E+01 0.345620E+01 -.800191E+00 0.257002E+01 0.402896E+02
 -.188844E+01 -.146408E+01 0.345481E+01 -.820355E+00 0.257009E+01 0.344782E+02
 -.184114E+01 -.145577E+01 0.341855E+01 -.781652E+00 0.257000E+01 0.363578E+02
 -.188029E+01 -.143666E+01 0.345470E+01 -.818589E+00 0.257012E+01 0.356805E+02
 -.187556E+01 -.154906E+01 0.345423E+01 -.820919E+00 0.257006E+01 0.421891E+02
 -.188236E+01 -.146096E+01 0.345656E+01 -.778761E+00 0.257944E+01 0.392255E+02
 -.187688E+01 -.145784E+01 0.345672E+01 -.819205E+00 0.257011E+01 0.345431E+02
 -.188641E+01 -.146617E+01 0.345538E+01 -.820566E+00 0.257009E+01 0.343945E+02
 -.189146E+01 -.145409E+01 0.345672E+01 -.797086E+00 0.257000E+01 0.372076E+02
 -.191143E+01 -.148999E+01 0.345369E+01 -.808306E+00 0.257005E+01 0.371145E+02
 -.189615E+01 -.147547E+01 0.345389E+01 -.820165E+00 0.257024E+01 0.350655E+02
 -.187745E+01 -.146602E+01 0.345433E+01 -.820632E+00 0.257019E+01 0.343177E+02
 -.187702E+01 -.146670E+01 0.345343E+01 -.811925E+00 0.257050E+01 0.345112E+02
 -.187909E+01 -.144974E+01 0.345465E+01 -.820271E+00 0.257006E+01 0.347343E+02
 -.187739E+01 -.148623E+01 0.346384E+01 -.872958E+00 0.257000E+01 0.412073E+02
 -.183803E+01 -.145906E+01 0.345808E+01 -.816624E+00 0.257001E+01 0.388713E+02
 -.188067E+01 -.146984E+01 0.346767E+01 -.821552E+00 0.257022E+01 0.354440E+02
 -.188826E+01 -.145421E+01 0.345539E+01 -.817736E+00 0.257041E+01 0.346631E+02
 -.187806E+01 -.146601E+01 0.345350E+01 -.821447E+00 0.257233E+01 0.344182E+02
 -.186712E+01 -.144362E+01 0.345771E+01 -.819717E+00 0.258044E+01 0.357198E+02
 -.187459E+01 -.150851E+01 0.345419E+01 -.820757E+00 0.257006E+01 0.365287E+02
 -.187764E+01 -.146302E+01 0.345385E+01 -.820496E+00 0.257023E+01 0.343357E+02
 -.187828E+01 -.145385E+01 0.345459E+01 -.820731E+00 0.257015E+01 0.345551E+02
 -.188304E+01 -.145699E+01 0.345315E+01 -.820242E+00 0.257012E+01 0.345114E+02
 -.187503E+01 -.147387E+01 0.345481E+01 -.787658E+00 0.257000E+01 0.394697E+02
 -.187833E+01 -.147264E+01 0.345632E+01 -.818451E+00 0.257041E+01 0.344145E+02
 -.190005E+01 -.149564E+01 0.346982E+01 -.860422E+00 0.257455E+01 0.396941E+02
 -.187629E+01 -.147312E+01 0.345305E+01 -.820568E+00 0.257021E+01 0.343819E+02
 -.188814E+01 -.147193E+01 0.345712E+01 -.820634E+00 0.257000E+01 0.344406E+02
 -.188772E+01 -.147152E+01 0.346035E+01 -.825792E+00 0.258608E+01 0.361825E+02
 -.189949E+01 -.143669E+01 0.346221E+01 -.806091E+00 0.261409E+01 0.422902E+02
 -.187679E+01 -.145264E+01 0.347629E+01 -.824779E+00 0.257011E+01 0.381157E+02
 -.188366E+01 -.146759E+01 0.345521E+01 -.813733E+00 0.257000E+01 0.345120E+02
 -.186825E+01 -.149286E+01 0.345096E+01 -.828200E+00 0.257021E+01 0.357295E+02
 -.186912E+01 -.148854E+01 0.345183E+01 -.821573E+00 0.257015E+01 0.350499E+02
 -.187982E+01 -.146787E+01 0.345837E+01 -.833609E+00 0.257029E+01 0.347323E+02
 -.187882E+01 -.146310E+01 0.346010E+01 -.805533E+00 0.257012E+01 0.362596E+02
 -.187998E+01 -.146742E+01 0.345461E+01 -.819274E+00 0.257029E+01 0.343162E+02
 -.187832E+01 -.145928E+01 0.345439E+01 -.820228E+00 0.257024E+01 0.343934E+02
 -.188027E+01 -.146658E+01 0.345576E+01 -.826105E+00 0.257035E+01 0.344244E+02
 -.187298E+01 -.146574E+01 0.344283E+01 -.817931E+00 0.257020E+01 0.348625E+02
 -.187892E+01 -.150598E+01 0.345149E+01 -.821295E+00 0.257000E+01 0.364304E+02
 -.187342E+01 -.146307E+01 0.345456E+01 -.820193E+00 0.257006E+01 0.343955E+02
 -.188774E+01 -.144712E+01 0.345599E+01 -.820343E+00 0.257768E+01 0.353033E+02
 -.188685E+01 -.143415E+01 0.348408E+01 -.820674E+00 0.257019E+01 0.423641E+02
 -.185965E+01 -.152404E+01 0.343985E+01 -.811700E+00 0.257000E+01 0.387201E+02
 -.182218E+01 -.146246E+01 0.345676E+01 -.822564E+00 0.257012E+01 0.409763E+02
 -.188120E+01 -.148539E+01 0.345399E+01 -.819596E+00 0.257009E+01 0.347964E+02
 -.184748E+01 -.142466E+01 0.346520E+01 -.833136E+00 0.259404E+01 0.426555E+02
 -.188614E+01 -.147244E+01 0.345598E+01 -.820171E+00 0.257000E+01 0.344223E+02
 -.188305E+01 -.146644E+01 0.345526E+01 -.820863E+00 0.257000E+01 0.343366E+02
 -.191637E+01 -.145215E+01 0.345266E+01 -.818929E+00 0.258490E+01 0.402493E+02
 -.187901E+01 -.145302E+01 0.345666E+01 -.797216E+00 0.257000E+01 0.375223E+02
 -.187341E+01 -.145981E+01 0.345911E+01 -.819047E+00 0.257038E+01 0.348144E+02
 -.191204E+01 -.147771E+01 0.345541E+01 -.821550E+00 0.257545E+01 0.371120E+02
 -.187969E+01 -.146723E+01 0.345463E+01 -.820613E+00 0.257012E+01 0.343157E+02
 -.187794E+01 -.146625E+01 0.345259E+01 -.819177E+00 0.257036E+01 0.343229E+02
 -.187833E+01 -.145324E+01 0.345615E+01 -.817395E+00 0.257000E+01 0.347080E+02
 -.183787E+01 -.146639E+01 0.346717E+01 -.823106E+00 0.257018E+01 0.411211E+02
 -.187896E+01 -.147195E+01 0.346915E+01 -.821132E+00 0.257019E+01 0.359297E+02
 -.189157E+01 -.148411E+01 0.346281E+01 -.820551E+00 0.257022E+01 0.349524E+02
 -.187643E+01 -.146663E+01 0.345529E+01 -.814972E+00 0.257084E+01 0.344570E+02
 -.186441E+01 -.146814E+01 0.345367E+01 -.825665E+00 0.257095E+01 0.347335E+02
 -.187862E+01 -.146758E+01 0.345264E+01 -.820476E+00 0.257015E+01 0.343423E+02
 -.187926E+01 -.147953E+01 0.345459E+01 -.821278E+00 0.257017E+01 0.345420E+02
 -.188183E+01 -.146015E+01 0.345526E+01 -.821415E+00 0.257000E+01 0.343872E+02
 -.188003E+01 -.146956E+01 0.345512E+01 -.819721E+00 0.257004E+01 0.343288E+02
 -.188115E+01 -.147673E+01 0.345675E+01 -.820226E+00 0.257027E+01 0.344622E+02
 -.187480E+01 -.146673E+01 0.345490E+01 -.821144E+00 0.257012E+01 0.343513E+02
 -.187114E+01 -.150765E+01 0.349375E+01 -.813358E+00 0.259398E+01 0.422279E+02
 -.184944E+01 -.146567E+01 0.345392E+01 -.816690E+00 0.257026E+01 0.360204E+02
 -.190470E+01 -.146013E+01 0.345803E+01 -.836908E+00 0.257035E+01 0.364518E+02
 -.187446E+01 -.145473E+01 0.344514E+01 -.819201E+00 0.257000E+01 0.348699E+02
 -.187974E+01 -.146724E+01 0.345629E+01 -.853225E+00 0.257007E+01 0.377715E+02
 -.187989E+01 -.146433E+01 0.346151E+01 -.833162E+00 0.257015E+01 0.346224E+02
 -.187812E+01 -.146710E+01 0.345622E+01 -.819582E+00 0.257048E+01 0.343482E+02
 -.189985E+01 -.147953E+01 0.345915E+01 -.814779E+00 0.258006E+01 0.352383E+02
 -.187827E+01 -.147242E+01 0.345366E+01 -.820184E+00 0.257022E+01 0.343610E+02
 -.188904E+01 -.146512E+01 0.345595E+01 -.820603E+00 0.257027E+01 0.344527E+02
 -.185892E+01 -.146646E+01 0.345519E+01 -.814978E+00 0.257029E+01 0.354059E+02
 -.187810E+01 -.145270E+01 0.345021E+01 -.819168E+00 0.257031E+01 0.346664E+02
 -.189193E+01 -.148475E+01 0.343970E+01 -.821133E+00 0.257199E+01 0.384833E+02
 -.190698E+01 -.150229E+01 0.345481E+01 -.791090E+00 0.257000E+01 0.398507E+02
 -.186302E+01 -.143997E+01 0.345802E+01 -.820617E+00 0.257000E+01 0.363663E+02
 -.183952E+01 -.146548E+01 0.345759E+01 -.824169E+00 0.257001E+01 0.377410E+02
 -.187865E+01 -.149202E+01 0.345409E+01 -.820329E+00 0.257019E+01 0.351554E+02
 -.188183E+01 -.147030E+01 0.346194E+01 -.840821E+00 0.257015E+01 0.351511E+02
 -.188989E+01 -.146913E+01 0.345416E+01 -.819817E+00 0.257010E+01 0.345659E+02
 -.187880E+01 -.146299E+01 0.345208E+01 -.853169E+00 0.257293E+01 0.396403E+02
 -.189288E+01 -.147563E+01 0.345519E+01 -.821065E+00 0.257021E+01 0.347803E+02
 -.187697E+01 -.146634E+01 0.345377E+01 -.820605E+00 0.257032E+01 0.343201E+02
 -.187647E+01 -.146962E+01 0.346592E+01 -.845513E+00 0.258731E+01 0.388270E+02
 -.186188E+01 -.146395E+01 0.345785E+01 -.800766E+00 0.258950E+01 0.354288E+02
 -.186264E+01 -.146606E+01 0.345018E+01 -.818771E+00 0.257037E+01 0.345644E+02
 -.188127E+01 -.146774E+01 0.345487E+01 -.820490E+00 0.257008E+01 0.343230E+02
 -.187994E+01 -.146585E+01 0.345218E+01 -.825125E+00 0.257001E+01 0.345569E+02
 -.187894E+01 -.148993E+01 0.345527E+01 -.818662E+00 0.257013E+01 0.350241E+02
 -.188348E+01 -.144976E+01 0.344867E+01 -.813304E+00 0.257014E+01 0.349391E+02
 -.190237E+01 -.147546E+01 0.344450E+01 -.824720E+00 0.257029E+01 0.381782E+02
 -.187672E+01 -.146394E+01 0.345123E+01 -.820318E+00 0.257012E+01 0.343728E+02
 -.186857E+01 -.148587E+01 0.345270E+01 -.819213E+00 0.257047E+01 0.349016E+02
 -.190203E+01 -.149125E+01 0.345626E+01 -.822964E+00 0.257000E+01 0.360876E+02
 -.187800E+01 -.146695E+01 0.345611E+01 -.815607E+00 0.257000E+01 0.345048E+02
 -.186523E+01 -.147624E+01 0.347639E+01 -.820166E+00 0.259645E+01 0.369863E+02
 -.187974E+01 -.141694E+01 0.345250E+01 -.820411E+00 0.257013E+01 0.381360E+02
 -.184794E+01 -.145671E+01 0.342098E+01 -.826938E+00 0.257095E+01 0.408122E+02
 -.187906E+01 -.146935E+01 0.345244E+01 -.820483E+00 0.257009E+01 0.343617E+02
 -.188394E+01 -.146280E+01 0.345458E+01 -.819743E+00 0.257019E+01 0.343773E+02
 -.187751E+01 -.146849E+01 0.345498E+01 -.821935E+00 0.257014E+01 0.343304E+02
 -.187628E+01 -.146619E+01 0.345360E+01 -.821479E+00 0.257000E+01 0.343287E+02
 -.187894E+01 -.147172E+01 0.345091E+01 -.820004E+00 0.257015E+01 0.344455E+02
 -.187431E+01 -.146405E+01 0.345293E+01 -.820759E+00 0.257014E+01 0.343462E+02
 -.181614E+01 -.146751E+01 0.345446E+01 -.813164E+00 0.257013E+01 0.424430E+02
 -.189714E+01 -.148253E+01 0.347566E+01 -.815617E+00 0.258104E+01 0.351793E+02
 -.185889E+01 -.146667E+01 0.345483E+01 -.832087E+00 0.257038E+01 0.353177E+02
 -.190430E+01 -.143948E+01 0.346003E+01 -.830717E+00 0.257021E+01 0.363543E+02
 -.187139E+01 -.146368E+01 0.345409E+01 -.807340E+00 0.257019E+01 0.351969E+02
 -.191081E+01 -.146551E+01 0.345426E+01 -.811461E+00 0.257000E+01 0.361236E+02
 -.188294E+01 -.144307E+01 0.346092E+01 -.817959E+00 0.257022E+01 0.355638E+02
 -.187936E+01 -.146675E+01 0.345149E+01 -.855690E+00 0.257000E+01 0.395277E+02
 -.188053E+01 -.146972E+01 0.345918E+01 -.840421E+00 0.257018E+01 0.353182E+02
 -.188040E+01 -.146637E+01 0.345514E+01 -.821126E+00 0.257023E+01 0.343187E+02
 -.188024E+01 -.147182E+01 0.345423E+01 -.821097E+00 0.257013E+01 0.343642E+02
 -.189133E+01 -.146581E+01 0.345591E+01 -.816184E+00 0.257014E+01 0.345654E+02
 -.186245E+01 -.146742E+01 0.346239E+01 -.817250E+00 0.257031E+01 0.362892E+02
 -.187952E+01 -.143195E+01 0.345678E+01 -.819511E+00 0.257017E+01 0.362280E+02
 -.187175E+01 -.146715E+01 0.345381E+01 -.820773E+00 0.257026E+01 0.343844E+02
 -.185189E+01 -.149636E+01 0.342125E+01 -.823002E+00 0.257028E+01 0.412331E+02
 -.191275E+01 -.143284E+01 0.347270E+01 -.829645E+00 0.257035E+01 0.369311E+02
 -.187983E+01 -.146670E+01 0.345441E+01 -.790948E+00 0.257010E+01 0.380881E+02
 -.180860E+01 -.146734E+01 0.344618E+01 -.801832E+00 0.257057E+01 0.426515E+02
 -.187593E+01 -.147316E+01 0.345462E+01 -.821163E+00 0.257013E+01 0.343847E+02
 -.189127E+01 -.151736E+01 0.345574E+01 -.849956E+00 0.257014E+01 0.415444E+02
 -.188751E+01 -.146892E+01 0.345490E+01 -.821396E+00 0.257028E+01 0.344682E+02
 -.187758E+01 -.146609E+01 0.345403E+01 -.820225E+00 0.257021E+01 0.343151E+02
 -.187918E+01 -.148198E+01 0.347056E+01 -.845055E+00 0.257000E+01 0.357597E+02
 -.186788E+01 -.147309E+01 0.345801E+01 -.821534E+00 0.259113E+01 0.369101E+02
 -.189015E+01 -.147168E+01 0.344292E+01 -.820103E+00 0.257004E+01 0.362995E+02
 -.186184E+01 -.152815E+01 0.344789E+01 -.812026E+00 0.257000E+01 0.390651E+02
 -.188133E+01 -.146702E+01 0.345486E+01 -.820489E+00 0.257012E+01 0.343223E+02
 -.187874E+01 -.146611E+01 0.345529E+01 -.818426E+00 0.257006E+01 0.343465E+02
 -.187993E+01 -.148812E+01 0.345331E+01 -.823616E+00 0.257010E+01 0.350554E+02
 -.191128E+01 -.146280E+01 0.344333E+01 -.814931E+00 0.257015E+01 0.385044E+02
 -.187716E+01 -.145898E+01 0.344277E+01 -.819987E+00 0.257010E+01 0.352631E+02
 -.186831E+01 -.146379E+01 0.344481E+01 -.817434E+00 0.257032E+01 0.345536E+02
 -.187935E+01 -.146627E+01 0.345524E+01 -.822737E+00 0.257151E+01 0.343661E+02
 -.186857E+01 -.146716E+01 0.345123E+01 -.781065E+00 0.257000E+01 0.409521E+02
 -.192711E+01 -.143909E+01 0.345719E+01 -.821067E+00 0.258597E+01 0.418022E+02
 -.187830E+01 -.146891E+01 0.345417E+01 -.820586E+00 0.257018E+01 0.343216E+02
 -.184224E+01 -.145949E+01 0.341737E+01 -.825425E+00 0.257000E+01 0.409752E+02
 -.187811E+01 -.146313E+01 0.345573E+01 -.820525E+00 0.257013E+01 0.343523E+02
 -.187883E+01 -.145135E+01 0.345459E+01 -.818563E+00 0.257019E+01 0.346735E+02
 -.187451E+01 -.147518E+01 0.345454E+01 -.821888E+00 0.257027E+01 0.344465E+02
 -.187778E+01 -.146549E+01 0.345361E+01 -.819874E+00 0.257031E+01 0.343163E+02
 -.190123E+01 -.144510E+01 0.346083E+01 -.778565E+00 0.257644E+01 0.420536E+02
 -.187208E+01 -.145318E+01 0.344693E+01 -.820434E+00 0.257016E+01 0.347970E+02
 -.188408E+01 -.147020E+01 0.345322E+01 -.820217E+00 0.257015E+01 0.344324E+02
 -.188651E+01 -.149523E+01 0.345142E+01 -.828544E+00 0.258080E+01 0.386780E+02
 -.191501E+01 -.145259E+01 0.347177E+01 -.808155E+00 0.259224E+01 0.352758E+02
 -.190528E+01 -.146809E+01 0.345548E+01 -.832102E+00 0.257006E+01 0.364125E+02
 -.188708E+01 -.145580E+01 0.345362E+01 -.809441E+00 0.257003E+01 0.349373E+02
 -.183283E+01 -.146863E+01 0.344946E+01 -.832180E+00 0.257011E+01 0.375883E+02
 -.188388E+01 -.146749E+01 0.346424E+01 -.819628E+00 0.257014E+01 0.349125E+02
 -.187928E+01 -.146847E+01 0.345124E+01 -.778079E+00 0.257017E+01 0.413965E+02
 -.187901E+01 -.147266E+01 0.345046E+01 -.801144E+00 0.257019E+01 0.353182E+02
 -.188150E+01 -.146673E+01 0.345390E+01 -.820858E+00 0.257010E+01 0.343447E+02
 -.187499E+01 -.144317E+01 0.344945E+01 -.825928E+00 0.257299E+01 0.358385E+02
 -.187990E+01 -.146959E+01 0.345534E+01 -.820911E+00 0.257008E+01 0.343271E+02
 -.188831E+01 -.146647E+01 0.345644E+01 -.820417E+00 0.257000E+01 0.344166E+02
 -.186762E+01 -.146726E+01 0.344796E+01 -.818223E+00 0.257005E+01 0.344132E+02
 -.187946E+01 -.144830E+01 0.346120E+01 -.820650E+00 0.257000E+01 0.352078E+02
 -.187870E+01 -.146159E+01 0.349106E+01 -.820320E+00 0.258163E+01 0.405507E+02
 -.185195E+01 -.146491E+01 0.346712E+01 -.823669E+00 0.257027E+01 0.383456E+02
 -.187426E+01 -.145269E+01 0.345503E+01 -.821381E+00 0.257008E+01 0.346605E+02
 -.189126E+01 -.147085E+01 0.345450E+01 -.832720E+00 0.257015E+01 0.354787E+02
 -.188365E+01 -.153416E+01 0.345459E+01 -.819989E+00 0.257017E+01 0.398525E+02
 -.188044E+01 -.146475E+01 0.345608E+01 -.820043E+00 0.257016E+01 0.343356E+02
 -.188175E+01 -.146611E+01 0.345557E+01 -.820133E+00 0.257010E+01 0.343246E+02
 -.190604E+01 -.147909E+01 0.347538E+01 -.831126E+00 0.258305E+01 0.350694E+02
 -.187545E+01 -.146361E+01 0.345375E+01 -.822457E+00 0.258207E+01 0.356584E+02
 -.188058E+01 -.147303E+01 0.345064E+01 -.820138E+00 0.257000E+01 0.345206E+02
 -.183092E+01 -.144748E+01 0.341875E+01 -.823166E+00 0.257596E+01 0.422732E+02
 -.187923E+01 -.146620E+01 0.345444E+01 -.820582E+00 0.257017E+01 0.343154E+02
 -.187696E+01 -.146650E+01 0.345480E+01 -.815816E+00 0.257054E+01 0.344016E+02
 -.188025E+01 -.144447E+01 0.345435E+01 -.824863E+00 0.257000E+01 0.351086E+02
 -.188631E+01 -.146568E+01 0.348228E+01 -.818720E+00 0.257000E+01 0.401252E+02
 -.185863E+01 -.145740E+01 0.344971E+01 -.818188E+00 0.257006E+01 0.348697E+02
 -.187837E+01 -.147196E+01 0.346687E+01 -.820316E+00 0.257014E+01 0.355820E+02
 -.189050E+01 -.145399E+01 0.345910E+01 -.815195E+00 0.257028E+01 0.349086E+02
 -.189681E+01 -.152211E+01 0.346316E+01 -.820153E+00 0.257979E+01 0.385369E+02
 -.187907E+01 -.146672E+01 0.345477E+01 -.824802E+00 0.257160E+01 0.344670E+02
 -.192010E+01 -.146340E+01 0.345812E+01 -.817274E+00 0.257000E+01 0.367325E+02
 -.187866E+01 -.151012E+01 0.345584E+01 -.820637E+00 0.257020E+01 0.366752E+02
 -.187748E+01 -.146022E+01 0.345563E+01 -.820531E+00 0.257023E+01 0.343990E+02
 -.187514E+01 -.147456E+01 0.345460E+01 -.820432E+00 0.257014E+01 0.344178E+02
 -.187685E+01 -.147691E+01 0.345467E+01 -.819844E+00 0.257030E+01 0.344572E+02
 -.188076E+01 -.146541E+01 0.345387E+01 -.819224E+00 0.257054E+01 0.343282E+02
 -.187551E+01 -.145522E+01 0.345798E+01 -.820420E+00 0.257025E+01 0.347044E+02
 -.188583E+01 -.147032E+01 0.345681E+01 -.820203E+00 0.257011E+01 0.343812E+02
 -.185788E+01 -.145401E+01 0.342506E+01 -.817158E+00 0.257001E+01 0.377862E+02
 -.186606E+01 -.146548E+01 0.345433E+01 -.822429E+00 0.257047E+01 0.346017E+02
 -.188045E+01 -.146063E+01 0.346210E+01 -.808884E+00 0.260785E+01 0.385052E+02
 -.192233E+01 -.146788E+01 0.345469E+01 -.828568E+00 0.257000E+01 0.386180E+02
 -.186122E+01 -.147358E+01 0.345135E+01 -.816979E+00 0.257009E+01 0.347545E+02
 -.187921E+01 -.146735E+01 0.344069E+01 -.798487E+00 0.257006E+01 0.351903E+02
 -.185701E+01 -.146783E+01 0.345487E+01 -.805636E+00 0.258401E+01 0.354080E+02
 -.188197E+01 -.148678E+01 0.344633E+01 -.822798E+00 0.257007E+01 0.358021E+02
 -.187964E+01 -.146940E+01 0.345752E+01 -.810734E+00 0.257024E+01 0.349646E+02
 -.187827E+01 -.146442E+01 0.344493E+01 -.811770E+00 0.257012E+01 0.345899E+02
 -.187855E+01 -.146668E+01 0.345467E+01 -.819431E+00 0.257024E+01 0.343163E+02
 -.187864E+01 -.146610E+01 0.345567E+01 -.819799E+00 0.257010E+01 0.343339E+02
 -.187146E+01 -.146619E+01 0.345520E+01 -.828303E+00 0.257013E+01 0.345825E+02
 -.187214E+01 -.146584E+01 0.344352E+01 -.820926E+00 0.257000E+01 0.349503E+02
 -.187919E+01 -.149229E+01 0.345105E+01 -.822024E+00 0.257028E+01 0.353945E+02
 -.187777E+01 -.145770E+01 0.344069E+01 -.820138E+00 0.258537E+01 0.398221E+02
 -.184956E+01 -.146375E+01 0.345253E+01 -.815240E+00 0.257138E+01 0.358013E+02
 -.191119E+01 -.154342E+01 0.347454E+01 -.820949E+00 0.257000E+01 0.425530E+02
 -.188419E+01 -.144096E+01 0.347527E+01 -.819146E+00 0.257014E+01 0.387649E+02
 -.185884E+01 -.150677E+01 0.344330E+01 -.809613E+00 0.257032E+01 0.365869E+02
 -.187612E+01 -.146691E+01 0.345494E+01 -.819993E+00 0.257015E+01 0.343377E+02
 -.188079E+01 -.142549E+01 0.346383E+01 -.808882E+00 0.257016E+01 0.393080E+02
 -.187331E+01 -.146329E+01 0.345551E+01 -.819610E+00 0.257005E+01 0.344477E+02
 -.187820E+01 -.145997E+01 0.345121E+01 -.796272E+00 0.257003E+01 0.363166E+02
 -.187973E+01 -.146632E+01 0.345524E+01 -.820337E+00 0.257014E+01 0.343168E+02
 -.190070E+01 -.147139E+01 0.347663E+01 -.816575E+00 0.257871E+01 0.352174E+02
 -.188677E+01 -.145898E+01 0.345673E+01 -.811155E+00 0.257434E+01 0.345599E+02
 -.186911E+01 -.146661E+01 0.345689E+01 -.819458E+00 0.257026E+01 0.346881E+02
 -.184265E+01 -.140966E+01 0.344629E+01 -.829033E+00 0.257885E+01 0.426164E+02
 -.185325E+01 -.149722E+01 0.347793E+01 -.839136E+00 0.257007E+01 0.411601E+02
 -.187773E+01 -.146554E+01 0.345412E+01 -.820620E+00 0.257018E+01 0.343180E+02
 -.187989E+01 -.146629E+01 0.345161E+01 -.820420E+00 0.257024E+01 0.344012E+02
 -.187934E+01 -.144857E+01 0.345584E+01 -.818936E+00 0.257005E+01 0.348471E+02
 -.182431E+01 -.147517E+01 0.345582E+01 -.824331E+00 0.257009E+01 0.400836E+02
 -.187937E+01 -.148149E+01 0.347076E+01 -.820724E+00 0.257020E+01 0.365108E+02
 -.189603E+01 -.147035E+01 0.346512E+01 -.821209E+00 0.257022E+01 0.347400E+02
 -.187891E+01 -.146641E+01 0.345532E+01 -.816131E+00 0.257132E+01 0.343612E+02
 -.187458E+01 -.146441E+01 0.346034E+01 -.848196E+00 0.257025E+01 0.361999E+02
 -.186190E+01 -.148284E+01 0.345813E+01 -.815689E+00 0.259113E+01 0.366374E+02
 -.187958E+01 -.151973E+01 0.345414E+01 -.820635E+00 0.257018E+01 0.378131E+02
 -.188012E+01 -.146951E+01 0.345282E+01 -.820515E+00 0.257021E+01 0.343681E+02
 -.187883E+01 -.148693E+01 0.345459E+01 -.820743E+00 0.257015E+01 0.348548E+02
 -.188061E+01 -.145703E+01 0.345486E+01 -.821139E+00 0.257002E+01 0.344528E+02
 -.185346E+01 -.146092E+01 0.344777E+01 -.819037E+00 0.257007E+01 0.349938E+02
 -.188150E+01 -.146616E+01 0.345434E+01 -.820034E+00 0.257035E+01 0.343302E+02
 -.187908E+01 -.146253E+01 0.346304E+01 -.820229E+00 0.257019E+01 0.349364E+02
 -.184784E+01 -.146710E+01 0.347031E+01 -.818082E+00 0.258031E+01 0.389545E+02
 -.187751E+01 -.146445E+01 0.345752E+01 -.822914E+00 0.257001E+01 0.343876E+02
 -.187801E+01 -.145744E+01 0.346502E+01 -.819210E+00 0.257679E+01 0.348161E+02
 -.187235E+01 -.144686E+01 0.345704E+01 -.837018E+00 0.257002E+01 0.356504E+02
 -.187838E+01 -.147854E+01 0.345712E+01 -.817103E+00 0.257000E+01 0.346538E+02
 -.187085E+01 -.147603E+01 0.345183E+01 -.815876E+00 0.257011E+01 0.344985E+02
 -.190426E+01 -.146672E+01 0.345402E+01 -.810254E+00 0.257021E+01 0.355588E+02
 -.188486E+01 -.147496E+01 0.345723E+01 -.827241E+00 0.257020E+01 0.345654E+02
 -.187699E+01 -.146648E+01 0.344012E+01 -.802250E+00 0.257018E+01 0.349354E+02
 -.181071E+01 -.146679E+01 0.345155E+01 -.826834E+00 0.257195E+01 0.418400E+02
 -.187873E+01 -.149266E+01 0.345557E+01 -.820290E+00 0.257000E+01 0.351878E+02
 -.187975E+01 -.146946E+01 0.345711E+01 -.849691E+00 0.257024E+01 0.369853E+02
 -.187914E+01 -.146207E+01 0.345486E+01 -.833140E+00 0.257012E+01 0.349452E+02
 -.187847E+01 -.146704E+01 0.345525E+01 -.818677E+00 0.257041E+01 0.343325E+02
 -.187843E+01 -.146866E+01 0.345518E+01 -.820116E+00 0.257020E+01 0.343238E+02
 -.186485E+01 -.146595E+01 0.345537E+01 -.827834E+00 0.257011E+01 0.347913E+02
 -.187441E+01 -.146531E+01 0.345236E+01 -.819580E+00 0.257036E+01 0.343312E+02
 -.187833E+01 -.146653E+01 0.344485E+01 -.822259E+00 0.257011E+01 0.351572E+02
 -.189436E+01 -.148037E+01 0.346859E+01 -.820480E+00 0.257151E+01 0.351614E+02
 -.187561E+01 -.146696E+01 0.342946E+01 -.817663E+00 0.257000E+01 0.380601E+02
 -.187887E+01 -.147757E+01 0.345470E+01 -.818966E+00 0.257021E+01 0.344723E+02
 -.187196E+01 -.147390E+01 0.346560E+01 -.821939E+00 0.257016E+01 0.356723E+02
 -.188153E+01 -.141179E+01 0.345406E+01 -.820802E+00 0.257000E+01 0.390242E+02
 -.187908E+01 -.145135E+01 0.345524E+01 -.781999E+00 0.258498E+01 0.370874E+02
 -.188130E+01 -.146709E+01 0.345410E+01 -.820430E+00 0.257005E+01 0.343323E+02
 -.188096E+01 -.143492E+01 0.345821E+01 -.851750E+00 0.257000E+01 0.384223E+02
 -.187765E+01 -.146641E+01 0.345414E+01 -.820760E+00 0.257018E+01 0.343171E+02
 -.188529E+01 -.146796E+01 0.344765E+01 -.822339E+00 0.257000E+01 0.351260E+02
 -.187546E+01 -.146955E+01 0.345516E+01 -.822920E+00 0.257000E+01 0.343645E+02
 -.189491E+01 -.146257E+01 0.345824E+01 -.810532E+00 0.257000E+01 0.351037E+02
 -.187635E+01 -.146226E+01 0.345533E+01 -.818483E+00 0.257040E+01 0.343978E+02
 -.190069E+01 -.147187E+01 0.347871E+01 -.821899E+00 0.257108E+01 0.365959E+02
 -.187866E+01 -.146597E+01 0.345482E+01 -.820644E+00 0.257017E+01 0.343161E+02
 -.187932E+01 -.146604E+01 0.345404E+01 -.823114E+00 0.257008E+01 0.343630E+02
 -.187872E+01 -.147496E+01 0.345500E+01 -.815692E+00 0.257008E+01 0.344951E+02
 -.192455E+01 -.147526E+01 0.345923E+01 -.816153E+00 0.257023E+01 0.373063E+02
 -.187928E+01 -.146058E+01 0.346441E+01 -.821273E+00 0.257017E+01 0.350879E+02
 -.185524E+01 -.147785E+01 0.345006E+01 -.824943E+00 0.257017E+01 0.352232E+02
 -.187925E+01 -.148217E+01 0.347416E+01 -.817217E+00 0.258096E+01 0.358280E+02
 -.187769E+01 -.146631E+01 0.345587E+01 -.815733E+00 0.257019E+01 0.344759E+02
 -.185865E+01 -.148950E+01 0.346358E+01 -.820719E+00 0.257897E+01 0.364813E+02
 -.187975E+01 -.146045E+01 0.345343E+01 -.820416E+00 0.257016E+01 0.343814E+02
 -.188091E+01 -.146853E+01 0.345256E+01 -.820488E+00 0.257009E+01 0.343800E+02
 -.188241E+01 -.146448E+01 0.345458E+01 -.819218E+00 0.257018E+01 0.343415E+02
 -.187975E+01 -.144913E+01 0.345505E+01 -.822080E+00 0.257000E+01 0.347689E+02
 -.187781E+01 -.146652E+01 0.345406E+01 -.820650E+00 0.257000E+01 0.343150E+02
 -.188178E+01 -.147298E+01 0.345002E+01 -.820113E+00 0.257014E+01 0.346123E+02
 -.187559E+01 -.146363E+01 0.345298E+01 -.821145E+00 0.257000E+01 0.343440E+02
 -.186223E+01 -.153609E+01 0.345822E+01 -.821852E+00 0.257000E+01 0.406738E+02
 -.188857E+01 -.149070E+01 0.345342E+01 -.814613E+00 0.259049E+01 0.380942E+02
 -.186533E+01 -.146553E+01 0.345429E+01 -.811249E+00 0.257013E+01 0.351281E+02
 -.188963E+01 -.145718E+01 0.345872E+01 -.829609E+00 0.257021E+01 0.347207E+02
 -.188889E+01 -.146691E+01 0.345440E+01 -.822750E+00 0.257015E+01 0.345758E+02
 -.187395E+01 -.146568E+01 0.345349E+01 -.825318E+00 0.258077E+01 0.357959E+02
 -.188241E+01 -.146638E+01 0.345341E+01 -.848336E+00 0.257192E+01 0.380591E+02
 -.187845E+01 -.146254E+01 0.346433E+01 -.818692E+00 0.257011E+01 0.353139E+02
 -.187939E+01 -.146390E+01 0.344950E+01 -.854425E+00 0.257017E+01 0.398632E+02
 -.188019E+01 -.147324E+01 0.346299E+01 -.820519E+00 0.257016E+01 0.348512E+02
 -.188047E+01 -.146659E+01 0.345521E+01 -.819722E+00 0.257034E+01 0.343174E+02
 -.189606E+01 -.146798E+01 0.345379E+01 -.771247E+00 0.257694E+01 0.417058E+02
 -.187913E+01 -.146813E+01 0.345410E+01 -.820627E+00 0.257025E+01 0.343212E+02
 -.187617E+01 -.146566E+01 0.345586E+01 -.813169E+00 0.257015E+01 0.346737E+02
 -.187835E+01 -.146574E+01 0.346192E+01 -.819712E+00 0.257053E+01 0.347824E+02
 -.187872E+01 -.144350E+01 0.344999E+01 -.820346E+00 0.257000E+01 0.351965E+02
 -.187861E+01 -.148261E+01 0.345457E+01 -.820077E+00 0.257011E+01 0.346463E+02
 -.188046E+01 -.150841E+01 0.345435E+01 -.851673E+00 0.257015E+01 0.404569E+02
 -.188608E+01 -.146997E+01 0.345326E+01 -.821154E+00 0.257011E+01 0.345126E+02
 -.187748E+01 -.146609E+01 0.345405E+01 -.820752E+00 0.257019E+01 0.343182E+02
 -.188088E+01 -.146699E+01 0.345825E+01 -.823997E+00 0.257782E+01 0.347121E+02
 -.188257E+01 -.146301E+01 0.345354E+01 -.819436E+00 0.257028E+01 0.343739E+02
 -.188049E+01 -.146641E+01 0.345505E+01 -.820525E+00 0.257016E+01 0.343169E+02
 -.187788E+01 -.146597E+01 0.345397E+01 -.816460E+00 0.257006E+01 0.343589E+02
 -.187883E+01 -.149172E+01 0.345343E+01 -.822590E+00 0.257009E+01 0.352093E+02
 -.194585E+01 -.147094E+01 0.347568E+01 -.817554E+00 0.257817E+01 0.379794E+02
 -.192389E+01 -.145850E+01 0.346029E+01 -.816310E+00 0.257025E+01 0.370110E+02
 -.187919E+01 -.144920E+01 0.344496E+01 -.821055E+00 0.257014E+01 0.354384E+02
 -.188096E+01 -.146832E+01 0.344200E+01 -.822425E+00 0.257060E+01 0.359837E+02
 -.188477E+01 -.152102E+01 0.346395E+01 -.821018E+00 0.258800E+01 0.390504E+02
 -.187867E+01 -.146662E+01 0.345624E+01 -.822175E+00 0.257000E+01 0.343317E+02
 -.188958E+01 -.146573E+01 0.345354E+01 -.823707E+00 0.257029E+01 0.347325E+02
 -.187846E+01 -.147217E+01 0.346902E+01 -.823235E+00 0.257000E+01 0.357485E+02
 -.187832E+01 -.142090E+01 0.345513E+01 -.820387E+00 0.257015E+01 0.375683E+02
 -.187846E+01 -.146456E+01 0.345352E+01 -.820492E+00 0.257007E+01 0.343249E+02
 -.188057E+01 -.144722E+01 0.345458E+01 -.819170E+00 0.257020E+01 0.348746E+02
 -.187788E+01 -.148529E+01 0.345470E+01 -.820977E+00 0.257030E+01 0.347739E+02
 -.188788E+01 -.146081E+01 0.345554E+01 -.786108E+00 0.257003E+01 0.397656E+02
 -.187599E+01 -.146644E+01 0.345390E+01 -.821112E+00 0.257027E+01 0.343282E+02
 -.191562E+01 -.146156E+01 0.346067E+01 -.800300E+00 0.257000E+01 0.376840E+02
 -.187297E+01 -.146020E+01 0.344302E+01 -.820169E+00 0.257015E+01 0.350388E+02
 -.188052E+01 -.146621E+01 0.345295E+01 -.820635E+00 0.257017E+01 0.343573E+02
 -.184588E+01 -.146702E+01 0.345398E+01 -.811409E+00 0.257055E+01 0.368701E+02
 -.192775E+01 -.148098E+01 0.349825E+01 -.804315E+00 0.260599E+01 0.349642E+02
 -.187516E+01 -.149041E+01 0.345352E+01 -.807141E+00 0.257019E+01 0.356257E+02
 -.187798E+01 -.146484E+01 0.347602E+01 -.817481E+00 0.257020E+01 0.387881E+02
 -.185382E+01 -.146618E+01 0.345515E+01 -.824749E+00 0.257000E+01 0.354983E+02
 -.187111E+01 -.145573E+01 0.345542E+01 -.828703E+00 0.257011E+01 0.347751E+02
 -.185611E+01 -.146763E+01 0.346236E+01 -.859687E+00 0.257021E+01 0.386888E+02
 -.187854E+01 -.146625E+01 0.344595E+01 -.817088E+00 0.257024E+01 0.346727E+02
 -.193469E+01 -.146570E+01 0.345986E+01 -.795152E+00 0.258144E+01 0.389495E+02
 -.187963E+01 -.145371E+01 0.346366E+01 -.821186E+00 0.257016E+01 0.351914E+02
 -.187920E+01 -.146463E+01 0.345223E+01 -.842621E+00 0.257007E+01 0.365836E+02
 -.188046E+01 -.147588E+01 0.346778E+01 -.808601E+00 0.257019E+01 0.375696E+02
 -.188068E+01 -.146635E+01 0.345414E+01 -.820337E+00 0.257001E+01 0.343231E+02
 -.188003E+01 -.146617E+01 0.345327E+01 -.820882E+00 0.257027E+01 0.343478E+02
 -.188496E+01 -.146561E+01 0.345618E+01 -.820694E+00 0.257010E+01 0.343538E+02
 -.187438E+01 -.148337E+01 0.347467E+01 -.843404E+00 0.257382E+01 0.363905E+02
 -.187874E+01 -.146595E+01 0.346018E+01 -.819792E+00 0.257050E+01 0.345778E+02
 -.187938E+01 -.146560E+01 0.345923E+01 -.819179E+00 0.257011E+01 0.345366E+02
 -.191912E+01 -.146603E+01 0.345025E+01 -.820897E+00 0.257026E+01 0.384814E+02
 -.187484E+01 -.146020E+01 0.345199E+01 -.821192E+00 0.257773E+01 0.350658E+02
 -.184407E+01 -.145197E+01 0.342817E+01 -.825994E+00 0.257010E+01 0.381063E+02
 -.187892E+01 -.146633E+01 0.345632E+01 -.846123E+00 0.257009E+01 0.364205E+02
 -.187844E+01 -.146224E+01 0.345480E+01 -.821414E+00 0.257011E+01 0.343476E+02
 -.188847E+01 -.142848E+01 0.345581E+01 -.858778E+00 0.257014E+01 0.415075E+02
 -.188387E+01 -.146714E+01 0.345580E+01 -.838272E+00 0.257000E+01 0.354968E+02
 -.187447E+01 -.146637E+01 0.345464E+01 -.821344E+00 0.257017E+01 0.343520E+02
 -.188146E+01 -.147197E+01 0.345544E+01 -.836929E+00 0.257025E+01 0.353972E+02
 -.191499E+01 -.149272E+01 0.347625E+01 -.822993E+00 0.257000E+01 0.368115E+02
 -.188299E+01 -.146611E+01 0.345525E+01 -.820223E+00 0.257012E+01 0.343347E+02
 -.190048E+01 -.147129E+01 0.346888E+01 -.826230E+00 0.258034E+01 0.346810E+02
 -.186784E+01 -.146752E+01 0.345445E+01 -.815702E+00 0.258111E+01 0.348723E+02
 -.188301E+01 -.146587E+01 0.345288E+01 -.820459E+00 0.257005E+01 0.344021E+02
 -.185237E+01 -.148744E+01 0.345577E+01 -.816610E+00 0.257859E+01 0.362297E+02
 -.187980E+01 -.146626E+01 0.345462E+01 -.820439E+00 0.257015E+01 0.343154E+02
 -.187735E+01 -.146643E+01 0.345468E+01 -.816911E+00 0.257039E+01 0.343635E+02
 -.187988E+01 -.148356E+01 0.345318E+01 -.827401E+00 0.257002E+01 0.350392E+02
 -.186995E+01 -.145430E+01 0.344894E+01 -.820061E+00 0.257005E+01 0.346268E+02
 -.187790E+01 -.146643E+01 0.344724E+01 -.820632E+00 0.257015E+01 0.346979E+02
 -.189598E+01 -.146104E+01 0.345887E+01 -.809472E+00 0.257072E+01 0.352086E+02
 -.187968E+01 -.152974E+01 0.345946E+01 -.822311E+00 0.257389E+01 0.391630E+02
 -.187988E+01 -.146632E+01 0.345509E+01 -.827333E+00 0.257029E+01 0.345061E+02
 -.191243E+01 -.145348E+01 0.347147E+01 -.814005E+00 0.258948E+01 0.351497E+02
 -.187842E+01 -.145107E+01 0.345536E+01 -.820557E+00 0.257014E+01 0.346836E+02
 -.187656E+01 -.146322E+01 0.345529E+01 -.820535E+00 0.257030E+01 0.343556E+02
 -.187846E+01 -.146439E+01 0.345458E+01 -.820819E+00 0.257018E+01 0.343236E+02
 -.187767E+01 -.148349E+01 0.345452E+01 -.820206E+00 0.257020E+01 0.346853E+02
 -.186362E+01 -.145905E+01 0.342444E+01 -.819555E+00 0.257022E+01 0.388852E+02
 -.188196E+01 -.147208E+01 0.345350E+01 -.861279E+00 0.257004E+01 0.406249E+02
 -.188000E+01 -.146636E+01 0.345454E+01 -.821171E+00 0.257019E+01 0.343220E+02
 -.186899E+01 -.145712E+01 0.344920E+01 -.820373E+00 0.257020E+01 0.345571E+02
 -.188409E+01 -.146868E+01 0.345540E+01 -.820665E+00 0.257014E+01 0.343554E+02
 -.189114E+01 -.141091E+01 0.345116E+01 -.821172E+00 0.257993E+01 0.407905E+02
 -.194878E+01 -.145616E+01 0.349791E+01 -.816383E+00 0.258788E+01 0.371961E+02
 -.186443E+01 -.145360E+01 0.342851E+01 -.816918E+00 0.257026E+01 0.373314E+02
 -.187204E+01 -.146801E+01 0.345524E+01 -.833199E+00 0.257031E+01 0.349095E+02
 -.186321E+01 -.146440E+01 0.345340E+01 -.820125E+00 0.257009E+01 0.347063E+02
 -.187069E+01 -.146713E+01 0.346524E+01 -.835287E+00 0.257020E+01 0.352335E+02
 -.192304E+01 -.146787E+01 0.345604E+01 -.789824E+00 0.258549E+01 0.379939E+02
 -.188116E+01 -.146646E+01 0.344670E+01 -.821472E+00 0.257019E+01 0.349711E+02
 -.187953E+01 -.147297E+01 0.345739E+01 -.826840E+00 0.257010E+01 0.344561E+02
 -.187862E+01 -.147110E+01 0.345148E+01 -.801969E+00 0.257020E+01 0.353066E+02
 -.187989E+01 -.146750E+01 0.345407E+01 -.819630E+00 0.257000E+01 0.343166E+02
 -.187933E+01 -.146682E+01 0.345314E+01 -.820740E+00 0.257013E+01 0.343378E+02
 -.188677E+01 -.146605E+01 0.345430E+01 -.826751E+00 0.257009E+01 0.346932E+02
 -.187346E+01 -.146593E+01 0.344477E+01 -.820192E+00 0.257000E+01 0.347803E+02
 -.187963E+01 -.148236E+01 0.346199E+01 -.820608E+00 0.257020E+01 0.349817E+02
 -.188596E+01 -.146801E+01 0.344541E+01 -.820825E+00 0.259062E+01 0.410403E+02
 -.191163E+01 -.143329E+01 0.348415E+01 -.822719E+00 0.257000E+01 0.398586E+02
 -.187666E+01 -.145520E+01 0.345493E+01 -.819745E+00 0.257014E+01 0.345338E+02
 -.188854E+01 -.143112E+01 0.345950E+01 -.844074E+00 0.257015E+01 0.376471E+02
 -.187551E+01 -.146441E+01 0.345519E+01 -.819677E+00 0.257010E+01 0.343696E+02
 -.187937E+01 -.150273E+01 0.344954E+01 -.786619E+00 0.257008E+01 0.394732E+02
 -.188496E+01 -.146638E+01 0.345540E+01 -.820293E+00 0.257010E+01 0.343625E+02
 -.191105E+01 -.146388E+01 0.347981E+01 -.824188E+00 0.257000E+01 0.365325E+02
 -.189792E+01 -.146052E+01 0.345351E+01 -.806448E+00 0.257526E+01 0.351653E+02
 -.191394E+01 -.143228E+01 0.350000E+01 -.824927E+00 0.257818E+01 0.420949E+02
 -.188226E+01 -.146823E+01 0.345361E+01 -.820280E+00 0.257018E+01 0.343625E+02
 -.183835E+01 -.143758E+01 0.343200E+01 -.827427E+00 0.257374E+01 0.395098E+02
 -.187830E+01 -.146609E+01 0.345409E+01 -.820598E+00 0.257016E+01 0.343160E+02
 -.187837E+01 -.146643E+01 0.345451E+01 -.819974E+00 0.257027E+01 0.343138E+02
 -.188028E+01 -.146054E+01 0.345468E+01 -.818370E+00 0.257006E+01 0.343858E+02
 -.185605E+01 -.145868E+01 0.344223E+01 -.821756E+00 0.259329E+01 0.414847E+02
 -.188795E+01 -.146894E+01 0.345712E+01 -.853782E+00 0.257009E+01 0.381484E+02
 -.185506E+01 -.147411E+01 0.344444E+01 -.822498E+00 0.257007E+01 0.350780E+02
 -.187765E+01 -.148119E+01 0.346776E+01 -.820239E+00 0.257017E+01 0.360024E+02
 -.185689E+01 -.146741E+01 0.346602E+01 -.812384E+00 0.257000E+01 0.389680E+02
 -.185659E+01 -.151418E+01 0.345899E+01 -.846512E+00 0.257017E+01 0.396306E+02
 -.187997E+01 -.146619E+01 0.345435E+01 -.825293E+00 0.257021E+01 0.344407E+02
 -.185699E+01 -.146263E+01 0.345895E+01 -.832372E+00 0.257007E+01 0.357184E+02
 -.187764E+01 -.145294E+01 0.347249E+01 -.812851E+00 0.260151E+01 0.361084E+02
 -.187840E+01 -.150098E+01 0.345325E+01 -.819862E+00 0.257026E+01 0.358425E+02
 -.187764E+01 -.146689E+01 0.345428E+01 -.819978E+00 0.257048E+01 0.343147E+02
 -.187668E+01 -.148126E+01 0.345452E+01 -.821215E+00 0.257020E+01 0.346043E+02
 -.187772E+01 -.144779E+01 0.345482E+01 -.821765E+00 0.257006E+01 0.348462E+02
 -.188215E+01 -.146645E+01 0.345454E+01 -.820016E+00 0.257000E+01 0.343326E+02
 -.187021E+01 -.146892E+01 0.346350E+01 -.820081E+00 0.257035E+01 0.355080E+02
 -.188103E+01 -.146808E+01 0.345684E+01 -.821001E+00 0.257010E+01 0.343347E+02
 -.191360E+01 -.146628E+01 0.345386E+01 -.819692E+00 0.257012E+01 0.366613E+02
 -.187226E+01 -.146322E+01 0.345214E+01 -.812882E+00 0.257000E+01 0.345185E+02
 -.187532E+01 -.146977E+01 0.342134E+01 -.816257E+00 0.257024E+01 0.409576E+02
 -.189856E+01 -.146865E+01 0.345360E+01 -.818230E+00 0.257018E+01 0.350932E+02
 -.186360E+01 -.147157E+01 0.345592E+01 -.820779E+00 0.257029E+01 0.348803E+02
 -.190209E+01 -.146578E+01 0.345367E+01 -.806265E+00 0.257020E+01 0.356376E+02
 -.187873E+01 -.146924E+01 0.345241E+01 -.790089E+00 0.258723E+01 0.351401E+02
 -.182837E+01 -.146853E+01 0.345376E+01 -.861070E+00 0.257000E+01 0.423018E+02
 -.187842E+01 -.148302E+01 0.344265E+01 -.818873E+00 0.257004E+01 0.356455E+02
 -.187891E+01 -.146817E+01 0.345660E+01 -.800721E+00 0.257019E+01 0.363221E+02
 -.180131E+01 -.149695E+01 0.343288E+01 -.823942E+00 0.257000E+01 0.417917E+02
 -.187846E+01 -.146429E+01 0.344112E+01 -.828949E+00 0.257020E+01 0.368317E+02
 -.195461E+01 -.146569E+01 0.350000E+01 -.833018E+00 0.257000E+01 0.404856E+02
 -.187892E+01 -.146748E+01 0.345462E+01 -.819074E+00 0.257039E+01 0.343161E+02
 -.187778E+01 -.146745E+01 0.345484E+01 -.820062E+00 0.257017E+01 0.343195E+02
 -.187868E+01 -.146670E+01 0.345448E+01 -.813398E+00 0.257016E+01 0.344952E+02
 -.187463E+01 -.146480E+01 0.346319E+01 -.822128E+00 0.257943E+01 0.346901E+02
 -.187743E+01 -.146564E+01 0.344097E+01 -.819736E+00 0.257050E+01 0.355930E+02
 -.187782E+01 -.147903E+01 0.345771E+01 -.821419E+00 0.257011E+01 0.345776E+02
 -.190186E+01 -.147759E+01 0.349782E+01 -.820535E+00 0.259503E+01 0.362133E+02
 -.187871E+01 -.144864E+01 0.347700E+01 -.816712E+00 0.257008E+01 0.400020E+02
 -.187838E+01 -.146769E+01 0.345424E+01 -.796805E+00 0.257038E+01 0.365914E+02
 -.187763E+01 -.147251E+01 0.345501E+01 -.818802E+00 0.257035E+01 0.343728E+02
 -.187019E+01 -.146143E+01 0.345969E+01 -.827683E+00 0.257016E+01 0.347877E+02
 -.187541E+01 -.142148E+01 0.345415E+01 -.820610E+00 0.257000E+01 0.374937E+02
 -.187981E+01 -.146939E+01 0.345558E+01 -.776355E+00 0.257752E+01 0.404542E+02
 -.188483E+01 -.146676E+01 0.345543E+01 -.818696E+00 0.257008E+01 0.343665E+02
 -.187855E+01 -.149592E+01 0.345168E+01 -.794440E+00 0.257005E+01 0.375814E+02
 -.188055E+01 -.146659E+01 0.345507E+01 -.820276E+00 0.257036E+01 0.343163E+02
 -.187743E+01 -.146423E+01 0.348246E+01 -.820174E+00 0.257979E+01 0.378967E+02
 -.184440E+01 -.147442E+01 0.345547E+01 -.821698E+00 0.257059E+01 0.366745E+02
 -.189769E+01 -.145267E+01 0.345667E+01 -.817310E+00 0.257000E+01 0.350717E+02
 -.187634E+01 -.146846E+01 0.345504E+01 -.819819E+00 0.257041E+01 0.343379E+02
 -.186565E+01 -.144584E+01 0.344779E+01 -.824836E+00 0.257000E+01 0.353353E+02
 -.187815E+01 -.146637E+01 0.345459E+01 -.820148E+00 0.257033E+01 0.343148E+02
 -.187920E+01 -.146643E+01 0.345437E+01 -.822466E+00 0.257018E+01 0.343407E+02
 -.187775E+01 -.145209E+01 0.345582E+01 -.814287E+00 0.257026E+01 0.348911E+02
 -.187826E+01 -.148181E+01 0.345527E+01 -.821153E+00 0.257031E+01 0.346198E+02
 -.187844E+01 -.147598E+01 0.346177E+01 -.820193E+00 0.257031E+01 0.348274E+02
 -.188243E+01 -.147445E+01 0.344289E+01 -.825410E+00 0.257072E+01 0.364418E+02
 -.187746E+01 -.147595E+01 0.346308E+01 -.819599E+00 0.257830E+01 0.346162E+02
 -.187653E+01 -.146673E+01 0.345621E+01 -.815736E+00 0.257000E+01 0.345376E+02
 -.185613E+01 -.147042E+01 0.344796E+01 -.824417E+00 0.259193E+01 0.399500E+02
 -.187827E+01 -.145968E+01 0.345188E+01 -.820278E+00 0.257026E+01 0.344235E+02
 -.187914E+01 -.146945E+01 0.345368E+01 -.819520E+00 0.257033E+01 0.343261E+02
 -.187855E+01 -.146440E+01 0.345448E+01 -.819945E+00 0.257026E+01 0.343214E+02
 -.187779E+01 -.144461E+01 0.345500E+01 -.821073E+00 0.257021E+01 0.350417E+02
 -.187540E+01 -.146865E+01 0.342652E+01 -.819985E+00 0.257017E+01 0.396009E+02
 -.187820E+01 -.146659E+01 0.345440E+01 -.819731E+00 0.257027E+01 0.343136E+02
 -.188102E+01 -.146885E+01 0.344583E+01 -.819909E+00 0.257026E+01 0.349931E+02
 -.187541E+01 -.146642E+01 0.345429E+01 -.821864E+00 0.257001E+01 0.343384E+02
 -.186412E+01 -.144895E+01 0.346244E+01 -.818559E+00 0.258031E+01 0.357668E+02
 -.181007E+01 -.147023E+01 0.341652E+01 -.816599E+00 0.257778E+01 0.421647E+02
 -.187865E+01 -.148599E+01 0.345260E+01 -.819132E+00 0.257012E+01 0.348248E+02
 -.188632E+01 -.146546E+01 0.345383E+01 -.810791E+00 0.257000E+01 0.346613E+02
 -.188243E+01 -.146713E+01 0.345811E+01 -.825690E+00 0.257044E+01 0.343697E+02
 -.191136E+01 -.146631E+01 0.344599E+01 -.800462E+00 0.257022E+01 0.374995E+02
 -.187768E+01 -.146666E+01 0.343409E+01 -.782881E+00 0.257026E+01 0.368788E+02
 -.184279E+01 -.146908E+01 0.345584E+01 -.837112E+00 0.258054E+01 0.386151E+02
 -.187711E+01 -.148520E+01 0.345370E+01 -.819628E+00 0.257019E+01 0.347639E+02
 -.187842E+01 -.146268E+01 0.345303E+01 -.795851E+00 0.257037E+01 0.365994E+02
 -.187884E+01 -.146610E+01 0.344188E+01 -.835723E+00 0.257017E+01 0.379016E+02
 -.191186E+01 -.142085E+01 0.345505E+01 -.819742E+00 0.257008E+01 0.392083E+02
 -.187782E+01 -.146740E+01 0.345507E+01 -.818770E+00 0.257055E+01 0.343291E+02
 -.187662E+01 -.146761E+01 0.345617E+01 -.819441E+00 0.257032E+01 0.343764E+02
 -.187551E+01 -.146621E+01 0.345575E+01 -.805009E+00 0.257029E+01 0.355542E+02
 -.187969E+01 -.146550E+01 0.344349E+01 -.819566E+00 0.257063E+01 0.352811E+02
 -.187747E+01 -.144998E+01 0.345222E+01 -.821157E+00 0.257014E+01 0.347442E+02
 -.186165E+01 -.146470E+01 0.344352E+01 -.812623E+00 0.257055E+01 0.345146E+02
 -.181992E+01 -.149885E+01 0.343290E+01 -.817664E+00 0.257021E+01 0.387707E+02
 -.187909E+01 -.146668E+01 0.345562E+01 -.788298E+00 0.257036E+01 0.391739E+02
 -.187675E+01 -.148419E+01 0.345460E+01 -.819821E+00 0.257015E+01 0.347192E+02
 -.186632E+01 -.148817E+01 0.345688E+01 -.807348E+00 0.257027E+01 0.364284E+02
 -.187710E+01 -.146199E+01 0.345397E+01 -.857074E+00 0.257179E+01 0.395981E+02
 -.188228E+01 -.146852E+01 0.345464E+01 -.818951E+00 0.257003E+01 0.343392E+02
 -.188030E+01 -.145376E+01 0.345887E+01 -.836821E+00 0.257013E+01 0.351610E+02
 -.186994E+01 -.149153E+01 0.347691E+01 -.819695E+00 0.257021E+01 0.402212E+02
 -.187394E+01 -.146673E+01 0.345361E+01 -.820516E+00 0.257044E+01 0.343431E+02
 -.187089E+01 -.147096E+01 0.346128E+01 -.825559E+00 0.258224E+01 0.353036E+02
 -.186609E+01 -.145145E+01 0.345620E+01 -.821663E+00 0.257478E+01 0.350818E+02
 -.187166E+01 -.146600E+01 0.345569E+01 -.819516E+00 0.257052E+01 0.344746E+02
 -.190359E+01 -.146122E+01 0.346953E+01 -.817168E+00 0.257274E+01 0.352316E+02
 -.187825E+01 -.146667E+01 0.345497E+01 -.819627E+00 0.257040E+01 0.343186E+02
 -.187809E+01 -.146643E+01 0.345453E+01 -.819934E+00 0.257025E+01 0.343147E+02
 -.187811E+01 -.146955E+01 0.345536E+01 -.822373E+00 0.257021E+01 0.343395E+02
 -.187408E+01 -.148991E+01 0.345998E+01 -.820177E+00 0.257013E+01 0.353679E+02
 -.189916E+01 -.146613E+01 0.346257E+01 -.818246E+00 0.257032E+01 0.348091E+02
 -.187868E+01 -.145796E+01 0.344626E+01 -.821031E+00 0.257031E+01 0.349633E+02
 -.189934E+01 -.147754E+01 0.344667E+01 -.816222E+00 0.257106E+01 0.364287E+02
 -.188561E+01 -.145782E+01 0.345274E+01 -.785351E+00 0.257759E+01 0.371348E+02
 -.189523E+01 -.143348E+01 0.346044E+01 -.816739E+00 0.257007E+01 0.364251E+02
 -.187954E+01 -.143326E+01 0.344630E+01 -.824473E+00 0.258295E+01 0.394911E+02
 -.187873E+01 -.146685E+01 0.345557E+01 -.818225E+00 0.257018E+01 0.343555E+02
 -.190424E+01 -.146233E+01 0.345338E+01 -.845578E+00 0.257015E+01 0.391383E+02
 -.191116E+01 -.147697E+01 0.348117E+01 -.824115E+00 0.257162E+01 0.364547E+02
 -.187815E+01 -.144668E+01 0.345575E+01 -.820760E+00 0.257026E+01 0.349267E+02
 -.187842E+01 -.146698E+01 0.345416E+01 -.819649E+00 0.257031E+01 0.343124E+02
 -.187987E+01 -.145208E+01 0.345443E+01 -.818844E+00 0.257032E+01 0.346290E+02
 -.187791E+01 -.148945E+01 0.345510E+01 -.820369E+00 0.257032E+01 0.349895E+02
 -.188496E+01 -.146786E+01 0.345621E+01 -.791667E+00 0.257003E+01 0.382107E+02
 -.187498E+01 -.146671E+01 0.345430E+01 -.819501E+00 0.257050E+01 0.343380E+02
 -.188558E+01 -.146070E+01 0.344177E+01 -.819872E+00 0.257015E+01 0.360408E+02
 -.191688E+01 -.146228E+01 0.346618E+01 -.815646E+00 0.257000E+01 0.360526E+02
 -.187906E+01 -.146535E+01 0.345278E+01 -.819583E+00 0.257007E+01 0.343286E+02
 -.193090E+01 -.146838E+01 0.345463E+01 -.812018E+00 0.257040E+01 0.389597E+02
 -.184719E+01 -.146447E+01 0.342927E+01 -.817830E+00 0.257000E+01 0.363360E+02
 -.187004E+01 -.147386E+01 0.347877E+01 -.819314E+00 0.257012E+01 0.406440E+02
 -.186969E+01 -.146441E+01 0.345561E+01 -.805249E+00 0.257049E+01 0.357714E+02
 -.189181E+01 -.146308E+01 0.345460E+01 -.825002E+00 0.257045E+01 0.348314E+02
 -.186057E+01 -.146753E+01 0.345494E+01 -.803124E+00 0.257022E+01 0.366978E+02
 -.187435E+01 -.146717E+01 0.345772E+01 -.871189E+00 0.257000E+01 0.415596E+02
 -.187609E+01 -.147254E+01 0.346732E+01 -.820667E+00 0.257037E+01 0.357701E+02
 -.187916E+01 -.146536E+01 0.345122E+01 -.798465E+00 0.257049E+01 0.357323E+02
 -.187908E+01 -.147102E+01 0.347329E+01 -.821925E+00 0.257020E+01 0.368819E+02
 -.187752E+01 -.146662E+01 0.345448E+01 -.819689E+00 0.257049E+01 0.343162E+02
 -.188785E+01 -.145972E+01 0.344837E+01 -.793348E+00 0.257959E+01 0.354291E+02
 -.187942E+01 -.146761E+01 0.345449E+01 -.819918E+00 0.257025E+01 0.343143E+02
 -.188013E+01 -.146599E+01 0.345665E+01 -.834919E+00 0.257020E+01 0.349544E+02
 -.190069E+01 -.144898E+01 0.344896E+01 -.820890E+00 0.257345E+01 0.369299E+02
 -.187977E+01 -.146586E+01 0.346354E+01 -.819677E+00 0.257019E+01 0.349773E+02
 -.187767E+01 -.143793E+01 0.344795E+01 -.819086E+00 0.257025E+01 0.356956E+02
 -.193130E+01 -.146608E+01 0.344978E+01 -.821464E+00 0.257031E+01 0.411376E+02
 -.186414E+01 -.147250E+01 0.347105E+01 -.820366E+00 0.258559E+01 0.361699E+02
 -.187823E+01 -.146770E+01 0.345561E+01 -.857439E+00 0.257002E+01 0.387800E+02
 -.187644E+01 -.148706E+01 0.345456E+01 -.820766E+00 0.257004E+01 0.348627E+02
 -.188024E+01 -.144758E+01 0.345516E+01 -.801260E+00 0.257027E+01 0.365395E+02
 -.187831E+01 -.146696E+01 0.345295E+01 -.821149E+00 0.257020E+01 0.343431E+02
 -.188130E+01 -.145350E+01 0.345834E+01 -.838252E+00 0.257031E+01 0.353732E+02
 -.195139E+01 -.148459E+01 0.350000E+01 -.815436E+00 0.261838E+01 0.379011E+02
 -.187111E+01 -.146619E+01 0.345418E+01 -.819559E+00 0.257012E+01 0.344217E+02
 -.188421E+01 -.147178E+01 0.345060E+01 -.821870E+00 0.257000E+01 0.347080E+02
 -.185264E+01 -.146992E+01 0.345475E+01 -.813784E+00 0.257514E+01 0.356568E+02
 -.187154E+01 -.146480E+01 0.345428E+01 -.819603E+00 0.257036E+01 0.344165E+02
 -.193405E+01 -.148152E+01 0.346651E+01 -.812617E+00 0.257344E+01 0.379463E+02
 -.187826E+01 -.146647E+01 0.345433E+01 -.819486E+00 0.257017E+01 0.343142E+02
 -.187757E+01 -.146646E+01 0.345454E+01 -.817722E+00 0.257034E+01 0.343392E+02
 -.187994E+01 -.148116E+01 0.345362E+01 -.825452E+00 0.257002E+01 0.347830E+02
 -.189397E+01 -.145390E+01 0.345311E+01 -.816219E+00 0.257012E+01 0.349988E+02
 -.187775E+01 -.146093E+01 0.344087E+01 -.820125E+00 0.257026E+01 0.356506E+02
 -.188606E+01 -.146730E+01 0.346187E+01 -.813964E+00 0.257000E+01 0.350775E+02
 -.187860E+01 -.147800E+01 0.345794E+01 -.823238E+00 0.257809E+01 0.348948E+02
 -.187982E+01 -.146680E+01 0.345406E+01 -.823834E+00 0.257031E+01 0.343995E+02
 -.186741E+01 -.146674E+01 0.345720E+01 -.786853E+00 0.257029E+01 0.411778E+02
 -.187859E+01 -.147672E+01 0.345547E+01 -.820601E+00 0.257022E+01 0.344502E+02
 -.187785E+01 -.146498E+01 0.345454E+01 -.819754E+00 0.257030E+01 0.343208E+02
 -.187788E+01 -.146217E+01 0.345423E+01 -.819119E+00 0.257035E+01 0.343462E+02
 -.187826E+01 -.150529E+01 0.345426E+01 -.819559E+00 0.257016E+01 0.361993E+02
 -.185580E+01 -.146177E+01 0.343831E+01 -.820465E+00 0.257016E+01 0.353465E+02
 -.187776E+01 -.146703E+01 0.345417E+01 -.819686E+00 0.257024E+01 0.343135E+02
 -.188384E+01 -.146476E+01 0.345926E+01 -.819696E+00 0.257033E+01 0.344352E+02
 -.188285E+01 -.146710E+01 0.345361E+01 -.820879E+00 0.257034E+01 0.343847E+02
 -.187799E+01 -.151157E+01 0.346682E+01 -.821238E+00 0.257000E+01 0.377778E+02
 -.191043E+01 -.146088E+01 0.347511E+01 -.817193E+00 0.257478E+01 0.356172E+02
 -.187170E+01 -.145934E+01 0.345527E+01 -.816733E+00 0.257014E+01 0.346467E+02
 -.186820E+01 -.146491E+01 0.345483E+01 -.828037E+00 0.257073E+01 0.346925E+02
 -.187800E+01 -.146849E+01 0.345646E+01 -.821660E+00 0.257038E+01 0.343418E+02
 -.186879E+01 -.146740E+01 0.346081E+01 -.841819E+00 0.257029E+01 0.355595E+02
 -.190621E+01 -.146580E+01 0.345457E+01 -.820695E+00 0.258548E+01 0.383149E+02
 -.188139E+01 -.146085E+01 0.346006E+01 -.819947E+00 0.257006E+01 0.345864E+02
 -.187955E+01 -.147288E+01 0.345360E+01 -.828177E+00 0.257018E+01 0.347137E+02
 -.187907E+01 -.146832E+01 0.346961E+01 -.807234E+00 0.257036E+01 0.385570E+02
 -.193058E+01 -.146144E+01 0.345407E+01 -.814844E+00 0.257027E+01 0.390942E+02
 -.187857E+01 -.146676E+01 0.345376E+01 -.819643E+00 0.257019E+01 0.343127E+02
 -.188080E+01 -.146700E+01 0.345306E+01 -.819910E+00 0.257026E+01 0.343480E+02
 -.188683E+01 -.146640E+01 0.345562E+01 -.842061E+00 0.257021E+01 0.362337E+02
 -.191345E+01 -.148645E+01 0.345477E+01 -.791503E+00 0.257105E+01 0.389215E+02
 -.187347E+01 -.146741E+01 0.346753E+01 -.819690E+00 0.257004E+01 0.362091E+02
 -.188022E+01 -.147889E+01 0.345935E+01 -.820698E+00 0.257008E+01 0.346331E+02
 -.186408E+01 -.146826E+01 0.344234E+01 -.820396E+00 0.258637E+01 0.387562E+02
 -.191733E+01 -.141123E+01 0.350000E+01 -.837355E+00 0.258418E+01 0.412916E+02
 -.187473E+01 -.146393E+01 0.345405E+01 -.820389E+00 0.257005E+01 0.343494E+02
 -.187687E+01 -.145594E+01 0.345422E+01 -.820030E+00 0.257037E+01 0.344876E+02
 -.187732E+01 -.144658E+01 0.345793E+01 -.832255E+00 0.257017E+01 0.352237E+02
 -.188244E+01 -.146796E+01 0.345740E+01 -.806050E+00 0.257218E+01 0.351385E+02
 -.187663E+01 -.146582E+01 0.345346E+01 -.820343E+00 0.257034E+01 0.343212E+02
 -.188120E+01 -.147380E+01 0.345735E+01 -.822253E+00 0.257012E+01 0.343975E+02
 -.188597E+01 -.146587E+01 0.345467E+01 -.819121E+00 0.257000E+01 0.343971E+02
 -.191413E+01 -.146729E+01 0.346897E+01 -.822971E+00 0.258942E+01 0.363747E+02
 -.188293E+01 -.147906E+01 0.345396E+01 -.808691E+00 0.257000E+01 0.349663E+02
 -.187883E+01 -.146806E+01 0.345408E+01 -.819920E+00 0.257020E+01 0.343153E+02
 -.186944E+01 -.147368E+01 0.345060E+01 -.814390E+00 0.257125E+01 0.344557E+02
 -.187833E+01 -.146698E+01 0.345357E+01 -.819413E+00 0.257004E+01 0.343120E+02
 -.187728E+01 -.146659E+01 0.345399E+01 -.819798E+00 0.257033E+01 0.343144E+02
 -.187961E+01 -.146956E+01 0.345351E+01 -.814774E+00 0.257011E+01 0.343970E+02
 -.186467E+01 -.146564E+01 0.344872E+01 -.820722E+00 0.257024E+01 0.345259E+02
 -.187744E+01 -.147822E+01 0.346143E+01 -.819828E+00 0.257014E+01 0.349179E+02
 -.186114E+01 -.145930E+01 0.346712E+01 -.813321E+00 0.257086E+01 0.384958E+02
 -.189715E+01 -.146244E+01 0.346267E+01 -.841366E+00 0.257000E+01 0.355294E+02
 -.188604E+01 -.140936E+01 0.345310E+01 -.841549E+00 0.257004E+01 0.413288E+02
 -.187724E+01 -.149607E+01 0.346894E+01 -.818809E+00 0.257181E+01 0.368853E+02
 -.187765E+01 -.146666E+01 0.345594E+01 -.824392E+00 0.257003E+01 0.343593E+02
 -.187415E+01 -.145125E+01 0.346168E+01 -.815251E+00 0.258283E+01 0.349950E+02
 -.187866E+01 -.148682E+01 0.345438E+01 -.819818E+00 0.257004E+01 0.348432E+02
 -.187810E+01 -.146590E+01 0.345414E+01 -.819275E+00 0.257009E+01 0.343155E+02
 -.187710E+01 -.147486E+01 0.345411E+01 -.820176E+00 0.257000E+01 0.344028E+02
 -.187763E+01 -.144802E+01 0.345330E+01 -.819497E+00 0.257000E+01 0.348194E+02
 -.184793E+01 -.145799E+01 0.342492E+01 -.819176E+00 0.257000E+01 0.375657E+02
 -.187913E+01 -.146815E+01 0.345589E+01 -.850479E+00 0.257004E+01 0.372897E+02
 -.188058E+01 -.146727E+01 0.345323E+01 -.819652E+00 0.257000E+01 0.343336E+02
 -.187524E+01 -.146994E+01 0.346692E+01 -.819722E+00 0.257032E+01 0.358485E+02
 -.188291E+01 -.146975E+01 0.345640E+01 -.822745E+00 0.257039E+01 0.343532E+02
 -.190929E+01 -.146550E+01 0.345283E+01 -.816213E+00 0.257005E+01 0.361495E+02
 -.187843E+01 -.146439E+01 0.343278E+01 -.816127E+00 0.257000E+01 0.370985E+02
 -.189024E+01 -.146724E+01 0.345240E+01 -.833284E+00 0.257000E+01 0.357864E+02
 -.186723E+01 -.147283E+01 0.345730E+01 -.818114E+00 0.257022E+01 0.349278E+02
 -.190741E+01 -.146684E+01 0.345688E+01 -.842392E+00 0.257005E+01 0.378381E+02
 -.187879E+01 -.146626E+01 0.345294E+01 -.829788E+00 0.257008E+01 0.348036E+02
 -.186719E+01 -.146852E+01 0.345362E+01 -.847619E+00 0.257077E+01 0.371470E+02
 -.188173E+01 -.147052E+01 0.344588E+01 -.818870E+00 0.257000E+01 0.349452E+02
 -.187972E+01 -.147327E+01 0.345485E+01 -.832199E+00 0.257000E+01 0.349183E+02
 -.187968E+01 -.150563E+01 0.350000E+01 -.829317E+00 0.258906E+01 0.418050E+02
 -.187917E+01 -.146537E+01 0.343164E+01 -.806586E+00 0.257021E+01 0.364569E+02
 -.187931E+01 -.146704E+01 0.345297E+01 -.819424E+00 0.257000E+01 0.343233E+02
 -.188043E+01 -.146856E+01 0.346840E+01 -.829062E+00 0.257000E+01 0.350819E+02
 -.187949E+01 -.146737E+01 0.345328E+01 -.819801E+00 0.257012E+01 0.343247E+02
 -.188418E+01 -.146715E+01 0.345367E+01 -.794353E+00 0.257000E+01 0.369684E+02
 -.184607E+01 -.148143E+01 0.346190E+01 -.810665E+00 0.257501E+01 0.385393E+02
 -.187511E+01 -.146754E+01 0.343904E+01 -.819331E+00 0.257035E+01 0.357666E+02
 -.188062E+01 -.149715E+01 0.346724E+01 -.821849E+00 0.257000E+01 0.363982E+02
 -.189733E+01 -.146315E+01 0.345755E+01 -.820399E+00 0.257000E+01 0.347423E+02
 -.187856E+01 -.146761E+01 0.345370E+01 -.827390E+00 0.257014E+01 0.345698E+02
 -.187830E+01 -.143931E+01 0.345416E+01 -.819041E+00 0.257054E+01 0.354284E+02
 -.187491E+01 -.147597E+01 0.345909E+01 -.852336E+00 0.257000E+01 0.371326E+02
 -.187555E+01 -.146568E+01 0.345401E+01 -.819294E+00 0.257027E+01 0.343306E+02
 -.187899E+01 -.148588E+01 0.345503E+01 -.805283E+00 0.257000E+01 0.357322E+02
 -.189400E+01 -.146697E+01 0.345471E+01 -.819312E+00 0.257016E+01 0.347113E+02
 -.190120E+01 -.146874E+01 0.346120E+01 -.827291E+00 0.259238E+01 0.389064E+02
 -.190214E+01 -.145075E+01 0.345402E+01 -.814213E+00 0.257706E+01 0.358982E+02
 -.188407E+01 -.147045E+01 0.345358E+01 -.819481E+00 0.257003E+01 0.344065E+02
 -.182617E+01 -.146085E+01 0.344139E+01 -.819427E+00 0.257000E+01 0.372204E+02
 -.194819E+01 -.149035E+01 0.350000E+01 -.852979E+00 0.257000E+01 0.388240E+02
 -.187838E+01 -.146740E+01 0.345296E+01 -.819355E+00 0.257000E+01 0.343163E+02
 -.187761E+01 -.146690E+01 0.345359E+01 -.821032E+00 0.257000E+01 0.343211E+02
 -.187862E+01 -.145541E+01 0.345447E+01 -.815399E+00 0.257002E+01 0.346094E+02
 -.186325E+01 -.147776E+01 0.344865E+01 -.821888E+00 0.257004E+01 0.347599E+02
 -.187765E+01 -.148338E+01 0.347139E+01 -.820677E+00 0.257000E+01 0.369390E+02
 -.188402E+01 -.147054E+01 0.344426E+01 -.823811E+00 0.257008E+01 0.358416E+02
 -.187638E+01 -.146842E+01 0.345097E+01 -.816298E+00 0.257126E+01 0.343440E+02
 -.187755E+01 -.146684E+01 0.345669E+01 -.815540E+00 0.257000E+01 0.345642E+02
 -.185572E+01 -.146558E+01 0.345096E+01 -.841669E+00 0.257020E+01 0.366177E+02
 -.186779E+01 -.146013E+01 0.344303E+01 -.824630E+00 0.258382E+01 0.387414E+02
 -.187822E+01 -.144742E+01 0.345335E+01 -.819151E+00 0.257006E+01 0.348532E+02
 -.187857E+01 -.146907E+01 0.345377E+01 -.819423E+00 0.257000E+01 0.343193E+02
 -.187834E+01 -.147340E+01 0.345373E+01 -.819763E+00 0.257039E+01 0.343756E+02
 -.187715E+01 -.143128E+01 0.345433E+01 -.820445E+00 0.257029E+01 0.362130E+02
 -.186930E+01 -.147222E+01 0.345643E+01 -.819963E+00 0.257002E+01 0.346562E+02
 -.187670E+01 -.146714E+01 0.345346E+01 -.819347E+00 0.257050E+01 0.343153E+02
 -.185644E+01 -.152837E+01 0.345355E+01 -.840195E+00 0.257047E+01 0.409566E+02
 -.187141E+01 -.147208E+01 0.345683E+01 -.819850E+00 0.257000E+01 0.345994E+02
 -.187947E+01 -.147057E+01 0.345699E+01 -.823643E+00 0.257000E+01 0.343600E+02
 -.189318E+01 -.140601E+01 0.344574E+01 -.817324E+00 0.257768E+01 0.422245E+02
 -.187550E+01 -.146286E+01 0.349315E+01 -.856776E+00 0.257014E+01 0.405409E+02
 -.187829E+01 -.148409E+01 0.344642E+01 -.820270E+00 0.257015E+01 0.352504E+02
 -.190074E+01 -.146896E+01 0.345284E+01 -.829876E+00 0.257051E+01 0.363110E+02
 -.186927E+01 -.146928E+01 0.345501E+01 -.819766E+00 0.257015E+01 0.345270E+02
 -.191251E+01 -.146651E+01 0.344605E+01 -.817101E+00 0.257000E+01 0.381289E+02
 -.188079E+01 -.147834E+01 0.344940E+01 -.819790E+00 0.257013E+01 0.347591E+02
 -.187935E+01 -.145987E+01 0.345323E+01 -.805881E+00 0.257022E+01 0.350918E+02
 -.187892E+01 -.146689E+01 0.345297E+01 -.819494E+00 0.257031E+01 0.343249E+02
 -.187754E+01 -.146741E+01 0.345463E+01 -.819609E+00 0.257000E+01 0.343222E+02
 -.187943E+01 -.146657E+01 0.345334E+01 -.795375E+00 0.257029E+01 0.367070E+02
 -.183180E+01 -.145458E+01 0.346179E+01 -.841763E+00 0.258180E+01 0.413065E+02
 -.187964E+01 -.146443E+01 0.343860E+01 -.819293E+00 0.257041E+01 0.362050E+02
 -.187765E+01 -.146183E+01 0.345389E+01 -.822138E+00 0.257018E+01 0.343697E+02
 -.192309E+01 -.146295E+01 0.346930E+01 -.819003E+00 0.257906E+01 0.358129E+02
 -.189190E+01 -.145634E+01 0.343237E+01 -.775761E+00 0.257019E+01 0.393385E+02
 -.186263E+01 -.146819E+01 0.345342E+01 -.820888E+00 0.257013E+01 0.347172E+02
 -.187695E+01 -.146131E+01 0.345386E+01 -.818844E+00 0.257000E+01 0.343645E+02
 -.187018E+01 -.146894E+01 0.345798E+01 -.805309E+00 0.257030E+01 0.362433E+02
 -.188112E+01 -.145991E+01 0.345213E+01 -.807445E+00 0.257671E+01 0.345436E+02
 -.187916E+01 -.146745E+01 0.345384E+01 -.819492E+00 0.257000E+01 0.343141E+02
 -.187756E+01 -.147872E+01 0.345543E+01 -.825482E+00 0.257020E+01 0.345989E+02
 -.189328E+01 -.146767E+01 0.345456E+01 -.820661E+00 0.257020E+01 0.347149E+02
 -.188623E+01 -.146996E+01 0.345155E+01 -.820679E+00 0.259113E+01 0.389319E+02
 -.189564E+01 -.146826E+01 0.345515E+01 -.818608E+00 0.257049E+01 0.347752E+02
 -.189999E+01 -.143636E+01 0.345545E+01 -.816909E+00 0.257296E+01 0.363289E+02
 -.188220E+01 -.146833E+01 0.345317E+01 -.819259E+00 0.257000E+01 0.343600E+02
 -.190914E+01 -.146345E+01 0.344384E+01 -.820527E+00 0.257142E+01 0.389008E+02
 -.187827E+01 -.146720E+01 0.345390E+01 -.819417E+00 0.257014E+01 0.343122E+02
 -.187926E+01 -.146723E+01 0.345458E+01 -.821013E+00 0.257029E+01 0.343185E+02
 -.187783E+01 -.145258E+01 0.345551E+01 -.827034E+00 0.257000E+01 0.347212E+02
 -.191175E+01 -.146786E+01 0.347891E+01 -.817073E+00 0.259611E+01 0.348097E+02
 -.189463E+01 -.147517E+01 0.345933E+01 -.818202E+00 0.257000E+01 0.347124E+02
 -.187820E+01 -.146216E+01 0.345676E+01 -.821178E+00 0.257018E+01 0.343862E+02
 -.189111E+01 -.147666E+01 0.343768E+01 -.820587E+00 0.257000E+01 0.380673E+02
 -.187531E+01 -.147615E+01 0.344324E+01 -.829461E+00 0.257165E+01 0.367113E+02
 -.184253E+01 -.145772E+01 0.346379E+01 -.825352E+00 0.257000E+01 0.389958E+02
 -.187601E+01 -.144499E+01 0.343965E+01 -.817340E+00 0.257000E+01 0.359918E+02
 -.187916E+01 -.146677E+01 0.345456E+01 -.816892E+00 0.257015E+01 0.343540E+02
 -.188613E+01 -.146744E+01 0.347291E+01 -.830535E+00 0.257371E+01 0.349808E+02
 -.187798E+01 -.145772E+01 0.345386E+01 -.818748E+00 0.257012E+01 0.344342E+02
 -.187866E+01 -.146556E+01 0.345371E+01 -.819768E+00 0.257018E+01 0.343155E+02
 -.187960E+01 -.146075E+01 0.345399E+01 -.819241E+00 0.257021E+01 0.343654E+02
 -.187741E+01 -.143156E+01 0.345500E+01 -.821475E+00 0.257029E+01 0.361900E+02
 -.189971E+01 -.147000E+01 0.343380E+01 -.818731E+00 0.257014E+01 0.403987E+02
 -.187990E+01 -.146992E+01 0.345662E+01 -.797921E+00 0.257004E+01 0.369065E+02
 -.187555E+01 -.146679E+01 0.345458E+01 -.819636E+00 0.257026E+01 0.343378E+02
 -.188156E+01 -.146076E+01 0.344769E+01 -.819804E+00 0.257047E+01 0.348059E+02
 -.187639E+01 -.146910E+01 0.345183E+01 -.820750E+00 0.257021E+01 0.343656E+02
 -.186789E+01 -.151052E+01 0.346675E+01 -.818640E+00 0.257000E+01 0.387515E+02
 -.186837E+01 -.148076E+01 0.346680E+01 -.822411E+00 0.257013E+01 0.363603E+02
 -.187393E+01 -.146733E+01 0.345389E+01 -.818164E+00 0.257009E+01 0.343640E+02
 -.188774E+01 -.146234E+01 0.345413E+01 -.823608E+00 0.257016E+01 0.346005E+02
 -.186899E+01 -.146663E+01 0.344169E+01 -.804847E+00 0.257014E+01 0.345867E+02
 -.186853E+01 -.146877E+01 0.345459E+01 -.846980E+00 0.257944E+01 0.392464E+02
 -.188541E+01 -.147060E+01 0.345367E+01 -.814571E+00 0.257125E+01 0.344528E+02
 -.187927E+01 -.147391E+01 0.345714E+01 -.820426E+00 0.257014E+01 0.344232E+02
 -.187818E+01 -.146472E+01 0.345205E+01 -.800387E+00 0.257027E+01 0.356078E+02
 -.187939E+01 -.146909E+01 0.344647E+01 -.830224E+00 0.257019E+01 0.358833E+02
 -.187828E+01 -.146667E+01 0.345463E+01 -.819649E+00 0.257042E+01 0.343146E+02
 -.187668E+01 -.146712E+01 0.345563E+01 -.819593E+00 0.257022E+01 0.343539E+02
 -.187631E+01 -.146536E+01 0.345616E+01 -.813576E+00 0.257032E+01 0.346546E+02
 -.187557E+01 -.144844E+01 0.346236E+01 -.818213E+00 0.257097E+01 0.356087E+02
 -.187439E+01 -.146388E+01 0.347320E+01 -.819669E+00 0.257018E+01 0.377908E+02
 -.187641E+01 -.143820E+01 0.344219E+01 -.821591E+00 0.257000E+01 0.364503E+02
 -.186299E+01 -.146578E+01 0.345325E+01 -.818335E+00 0.258326E+01 0.355593E+02
 -.188750E+01 -.151093E+01 0.344178E+01 -.797783E+00 0.258181E+01 0.389523E+02
 -.192347E+01 -.146758E+01 0.345330E+01 -.819510E+00 0.257016E+01 0.382915E+02
 -.187790E+01 -.146827E+01 0.345571E+01 -.820647E+00 0.257009E+01 0.343337E+02
 -.187710E+01 -.149344E+01 0.345474E+01 -.820594E+00 0.257040E+01 0.352452E+02
 -.186940E+01 -.146028E+01 0.345742E+01 -.800587E+00 0.257016E+01 0.372426E+02
 -.188017E+01 -.153187E+01 0.345428E+01 -.819185E+00 0.257040E+01 0.394401E+02
 -.188203E+01 -.146840E+01 0.345365E+01 -.819603E+00 0.257012E+01 0.343497E+02
 -.187825E+01 -.146265E+01 0.345442E+01 -.838179E+00 0.257013E+01 0.355326E+02
 -.187455E+01 -.146583E+01 0.345317E+01 -.820942E+00 0.257000E+01 0.343349E+02
 -.189126E+01 -.146853E+01 0.344971E+01 -.815456E+00 0.257000E+01 0.349020E+02
 -.185666E+01 -.145689E+01 0.345486E+01 -.817458E+00 0.257000E+01 0.356047E+02
 -.187571E+01 -.146495E+01 0.345415E+01 -.819307E+00 0.257037E+01 0.343339E+02
 -.191318E+01 -.147909E+01 0.345795E+01 -.817677E+00 0.257124E+01 0.362064E+02
 -.187828E+01 -.146686E+01 0.345399E+01 -.819465E+00 0.257002E+01 0.343125E+02
 -.188016E+01 -.146626E+01 0.345450E+01 -.819729E+00 0.257022E+01 0.343160E+02
 -.187782E+01 -.147733E+01 0.345603E+01 -.829370E+00 0.257009E+01 0.347142E+02
 -.191876E+01 -.146765E+01 0.344444E+01 -.816559E+00 0.257718E+01 0.413522E+02
 -.190126E+01 -.145631E+01 0.346319E+01 -.816216E+00 0.257015E+01 0.352200E+02
 -.187832E+01 -.145320E+01 0.344410E+01 -.820124E+00 0.257022E+01 0.352926E+02
 -.187481E+01 -.146991E+01 0.347341E+01 -.814351E+00 0.257054E+01 0.386913E+02
 -.187628E+01 -.147822E+01 0.343605E+01 -.820780E+00 0.257280E+01 0.376506E+02
 -.187972E+01 -.146684E+01 0.345308E+01 -.819839E+00 0.257001E+01 0.343286E+02
 -.189527E+01 -.146298E+01 0.345499E+01 -.860852E+00 0.257021E+01 0.411852E+02
 -.190800E+01 -.146337E+01 0.349609E+01 -.832488E+00 0.257000E+01 0.404929E+02
 -.187844E+01 -.148550E+01 0.345418E+01 -.819102E+00 0.257018E+01 0.347761E+02
 -.187810E+01 -.146471E+01 0.345397E+01 -.819680E+00 0.257038E+01 0.343186E+02
 -.187933E+01 -.145795E+01 0.345430E+01 -.819535E+00 0.257003E+01 0.344254E+02
 -.187897E+01 -.151207E+01 0.345470E+01 -.822890E+00 0.257020E+01 0.369521E+02
 -.188816E+01 -.146586E+01 0.345330E+01 -.819161E+00 0.257007E+01 0.345212E+02
 -.187901E+01 -.146663E+01 0.345530E+01 -.819864E+00 0.257000E+01 0.343237E+02
 -.187972E+01 -.146095E+01 0.345165E+01 -.819770E+00 0.257036E+01 0.344229E+02
 -.187536E+01 -.146423E+01 0.345368E+01 -.818071E+00 0.257010E+01 0.343487E+02
 -.188948E+01 -.146350E+01 0.347311E+01 -.820010E+00 0.257220E+01 0.358892E+02
 -.187615E+01 -.146180E+01 0.346905E+01 -.813139E+00 0.257005E+01 0.375285E+02
 -.186283E+01 -.146570E+01 0.345539E+01 -.809366E+00 0.257000E+01 0.357169E+02
 -.189215E+01 -.146051E+01 0.345608E+01 -.819909E+00 0.257030E+01 0.345995E+02
 -.185186E+01 -.146733E+01 0.345701E+01 -.807995E+00 0.257013E+01 0.374280E+02
 -.187839E+01 -.146627E+01 0.344789E+01 -.784230E+00 0.257013E+01 0.383725E+02
 -.187689E+01 -.146911E+01 0.346305E+01 -.819518E+00 0.257014E+01 0.350571E+02
 -.187866E+01 -.147661E+01 0.345199E+01 -.837068E+00 0.257000E+01 0.359152E+02
 -.196063E+01 -.144895E+01 0.350000E+01 -.823323E+00 0.258109E+01 0.393714E+02
 -.187965E+01 -.147228E+01 0.348582E+01 -.822127E+00 0.257027E+01 0.417022E+02
 -.187818E+01 -.146660E+01 0.345498E+01 -.819596E+00 0.257000E+01 0.343248E+02
 -.188149E+01 -.146717E+01 0.345292E+01 -.819461E+00 0.257017E+01 0.343558E+02
 -.187698E+01 -.146471E+01 0.345622E+01 -.834984E+00 0.257000E+01 0.349478E+02
 -.191233E+01 -.145785E+01 0.345630E+01 -.803074E+00 0.257282E+01 0.365329E+02
 -.187767E+01 -.148064E+01 0.345154E+01 -.817855E+00 0.257011E+01 0.345924E+02
 -.181665E+01 -.146648E+01 0.345167E+01 -.821057E+00 0.257025E+01 0.406839E+02
 -.183702E+01 -.146708E+01 0.344696E+01 -.821396E+00 0.257000E+01 0.363736E+02
 -.185923E+01 -.147733E+01 0.346593E+01 -.849001E+00 0.257004E+01 0.371170E+02
 -.190854E+01 -.146221E+01 0.345358E+01 -.819560E+00 0.257004E+01 0.360804E+02
 -.187715E+01 -.146731E+01 0.345412E+01 -.863108E+00 0.257013E+01 0.405669E+02
 -.181124E+01 -.146875E+01 0.341574E+01 -.774469E+00 0.257000E+01 0.384962E+02
 -.187657E+01 -.148360E+01 0.345453E+01 -.821547E+00 0.257018E+01 0.347044E+02
 -.188131E+01 -.145988E+01 0.345353E+01 -.806545E+00 0.257004E+01 0.350530E+02
 -.187346E+01 -.146144E+01 0.349009E+01 -.801973E+00 0.259734E+01 0.400379E+02
 -.187592E+01 -.146767E+01 0.345376E+01 -.819379E+00 0.257009E+01 0.343220E+02
 -.188298E+01 -.145143E+01 0.345619E+01 -.812056E+00 0.257004E+01 0.350570E+02
 -.188914E+01 -.147148E+01 0.344334E+01 -.816330E+00 0.257000E+01 0.357462E+02
 -.189034E+01 -.148111E+01 0.345879E+01 -.776840E+00 0.262194E+01 0.393385E+02
 -.186848E+01 -.146533E+01 0.345339E+01 -.819259E+00 0.257032E+01 0.344727E+02
 -.188434E+01 -.146739E+01 0.346119E+01 -.823526E+00 0.258401E+01 0.352027E+02
 -.185869E+01 -.147986E+01 0.345474E+01 -.814896E+00 0.257624E+01 0.352795E+02
 -.187679E+01 -.146681E+01 0.345445E+01 -.819627E+00 0.257013E+01 0.343230E+02
 -.184278E+01 -.147751E+01 0.346376E+01 -.816942E+00 0.257077E+01 0.395889E+02
 -.187837E+01 -.146687E+01 0.345345E+01 -.819420E+00 0.257000E+01 0.343123E+02
 -.187754E+01 -.146653E+01 0.345347E+01 -.818742E+00 0.257007E+01 0.343132E+02
 -.188055E+01 -.148210E+01 0.345422E+01 -.811216E+00 0.257001E+01 0.348951E+02
 -.185485E+01 -.145885E+01 0.345761E+01 -.818723E+00 0.257023E+01 0.361045E+02
 -.194035E+01 -.147343E+01 0.346550E+01 -.776727E+00 0.260072E+01 0.398161E+02
 -.187789E+01 -.148824E+01 0.344680E+01 -.818912E+00 0.257007E+01 0.353180E+02
 -.186611E+01 -.146378E+01 0.347233E+01 -.816742E+00 0.257043E+01 0.390627E+02
 -.189714E+01 -.144777E+01 0.346477E+01 -.841681E+00 0.257131E+01 0.358845E+02
 -.189111E+01 -.147913E+01 0.345191E+01 -.830231E+00 0.257006E+01 0.358589E+02
 -.187912E+01 -.149242E+01 0.347435E+01 -.818402E+00 0.257126E+01 0.381102E+02
 -.187880E+01 -.146700E+01 0.345242E+01 -.821696E+00 0.257000E+01 0.343741E+02
 -.190214E+01 -.146022E+01 0.345361E+01 -.821420E+00 0.258204E+01 0.373534E+02
 -.187864E+01 -.148493E+01 0.345418E+01 -.819968E+00 0.257022E+01 0.347526E+02
 -.187793E+01 -.146696E+01 0.345376E+01 -.819470E+00 0.257045E+01 0.343128E+02
 -.187800E+01 -.146346E+01 0.345395E+01 -.820325E+00 0.257015E+01 0.343293E+02
 -.187904E+01 -.148700E+01 0.345347E+01 -.819558E+00 0.257000E+01 0.348640E+02
 -.183189E+01 -.146251E+01 0.346165E+01 -.819288E+00 0.257018E+01 0.408606E+02
 -.187523E+01 -.146804E+01 0.345562E+01 -.843089E+00 0.257005E+01 0.359867E+02
 -.187944E+01 -.146751E+01 0.345452E+01 -.819372E+00 0.257025E+01 0.343149E+02
 -.187540E+01 -.146518E+01 0.345733E+01 -.819592E+00 0.257000E+01 0.344901E+02
 -.189172E+01 -.146482E+01 0.346422E+01 -.822170E+00 0.257510E+01 0.343728E+02
 -.187996E+01 -.146902E+01 0.345556E+01 -.816998E+00 0.257000E+01 0.343917E+02
 -.188113E+01 -.145458E+01 0.343915E+01 -.820765E+00 0.257761E+01 0.383144E+02
 -.189094E+01 -.146590E+01 0.345321E+01 -.815170E+00 0.257040E+01 0.346323E+02
 -.187802E+01 -.146511E+01 0.346002E+01 -.814968E+00 0.257003E+01 0.349804E+02
 -.187810E+01 -.146480E+01 0.345523E+01 -.822769E+00 0.257020E+01 0.343396E+02
 -.186481E+01 -.147024E+01 0.345599E+01 -.816956E+00 0.257038E+01 0.349460E+02
 -.185770E+01 -.146723E+01 0.346737E+01 -.835619E+00 0.257006E+01 0.368196E+02
 -.187889E+01 -.146604E+01 0.344733E+01 -.838241E+00 0.257006E+01 0.368814E+02
 -.186592E+01 -.146598E+01 0.345361E+01 -.782311E+00 0.257057E+01 0.414240E+02
 -.187561E+01 -.146441E+01 0.346637E+01 -.819144E+00 0.257000E+01 0.358582E+02
 -.187985E+01 -.147508E+01 0.345430E+01 -.849029E+00 0.257019E+01 0.375493E+02
 -.187959E+01 -.147249E+01 0.346105E+01 -.813015E+00 0.257000E+01 0.352854E+02
 -.187838E+01 -.146664E+01 0.345192E+01 -.819374E+00 0.257028E+01 0.343431E+02
 -.188971E+01 -.145534E+01 0.346722E+01 -.828595E+00 0.257000E+01 0.348499E+02
 -.188092E+01 -.146697E+01 0.345129E+01 -.819744E+00 0.257015E+01 0.344187E+02
 -.188191E+01 -.146688E+01 0.345266E+01 -.825686E+00 0.257026E+01 0.346231E+02
 -.189346E+01 -.147775E+01 0.345465E+01 -.806364E+00 0.257873E+01 0.349970E+02
 -.188027E+01 -.146822E+01 0.342546E+01 -.819426E+00 0.257045E+01 0.407167E+02
 -.187938E+01 -.150528E+01 0.346200E+01 -.820875E+00 0.257002E+01 0.364797E+02
 -.188299E+01 -.146672E+01 0.345166E+01 -.818817E+00 0.257002E+01 0.344275E+02
 -.191483E+01 -.146578E+01 0.344579E+01 -.820375E+00 0.257610E+01 0.403600E+02
 -.185006E+01 -.146199E+01 0.345392E+01 -.819804E+00 0.257000E+01 0.358661E+02
 -.187854E+01 -.146643E+01 0.345473E+01 -.864673E+00 0.257010E+01 0.408583E+02
 -.187628E+01 -.145462E+01 0.345452E+01 -.818368E+00 0.257000E+01 0.345731E+02
 -.188343E+01 -.146553E+01 0.345844E+01 -.836612E+00 0.257000E+01 0.349878E+02
 -.188402E+01 -.146787E+01 0.345687E+01 -.812449E+00 0.257368E+01 0.344292E+02
 -.187650E+01 -.146686E+01 0.345366E+01 -.819329E+00 0.257000E+01 0.343165E+02
 -.187896E+01 -.147853E+01 0.345638E+01 -.795833E+00 0.257002E+01 0.374783E+02
 -.189245E+01 -.147203E+01 0.345935E+01 -.826000E+00 0.257128E+01 0.345976E+02
 -.187726E+01 -.146586E+01 0.345520E+01 -.819855E+00 0.257007E+01 0.343354E+02
 -.188880E+01 -.146922E+01 0.347481E+01 -.829458E+00 0.257363E+01 0.351453E+02
 -.184610E+01 -.146980E+01 0.345399E+01 -.824729E+00 0.257032E+01 0.361531E+02
 -.191325E+01 -.148634E+01 0.345664E+01 -.809159E+00 0.257865E+01 0.368749E+02
 -.189261E+01 -.148585E+01 0.347653E+01 -.872030E+00 0.257611E+01 0.402773E+02
 -.188098E+01 -.146903E+01 0.345420E+01 -.819730E+00 0.257000E+01 0.343299E+02
 -.187834E+01 -.146696E+01 0.345322E+01 -.819373E+00 0.257011E+01 0.343140E+02
 -.187581E+01 -.146732E+01 0.345270E+01 -.818778E+00 0.257000E+01 0.343147E+02
 -.187953E+01 -.145609E+01 0.345236E+01 -.818609E+00 0.257000E+01 0.344865E+02
 -.190349E+01 -.146113E+01 0.350000E+01 -.821625E+00 0.259966E+01 0.358160E+02
 -.186965E+01 -.148471E+01 0.344329E+01 -.820769E+00 0.257012E+01 0.354125E+02
 -.187783E+01 -.148522E+01 0.346902E+01 -.821348E+00 0.257000E+01 0.363156E+02
 -.188025E+01 -.146662E+01 0.342532E+01 -.818821E+00 0.257034E+01 0.405742E+02
 -.188963E+01 -.145553E+01 0.347520E+01 -.804450E+00 0.257000E+01 0.411225E+02
 -.187814E+01 -.146704E+01 0.345268E+01 -.820670E+00 0.257004E+01 0.343364E+02
 -.186580E+01 -.146661E+01 0.345193E+01 -.779379E+00 0.257000E+01 0.421343E+02
 -.188497E+01 -.146173E+01 0.345544E+01 -.808459E+00 0.259261E+01 0.360490E+02
 -.187833E+01 -.144394E+01 0.345340E+01 -.820706E+00 0.257002E+01 0.350713E+02
 -.187901E+01 -.146880E+01 0.345375E+01 -.819413E+00 0.257000E+01 0.343188E+02
 -.187735E+01 -.146996E+01 0.345363E+01 -.820474E+00 0.257037E+01 0.343345E+02
 -.187802E+01 -.146271E+01 0.345349E+01 -.817206E+00 0.257029E+01 0.343498E+02
 -.180988E+01 -.146359E+01 0.342891E+01 -.818815E+00 0.257021E+01 0.387809E+02
 -.187164E+01 -.147048E+01 0.345701E+01 -.841478E+00 0.257002E+01 0.356356E+02
 -.187784E+01 -.146808E+01 0.345282E+01 -.819325E+00 0.257024E+01 0.343201E+02
 -.187225E+01 -.149353E+01 0.345278E+01 -.824183E+00 0.257000E+01 0.353881E+02
 -.187223E+01 -.146853E+01 0.345721E+01 -.819964E+00 0.257035E+01 0.345521E+02
 -.188210E+01 -.147087E+01 0.345615E+01 -.826356E+00 0.257010E+01 0.344549E+02
 -.187257E+01 -.147503E+01 0.343376E+01 -.819045E+00 0.257009E+01 0.368845E+02
 -.189118E+01 -.146704E+01 0.345467E+01 -.828515E+00 0.257000E+01 0.349877E+02
 -.187026E+01 -.147746E+01 0.345620E+01 -.819532E+00 0.257020E+01 0.347002E+02
 -.191582E+01 -.146633E+01 0.346783E+01 -.837482E+00 0.257002E+01 0.358574E+02
 -.187832E+01 -.146661E+01 0.344603E+01 -.843226E+00 0.257018E+01 0.382162E+02
 -.185256E+01 -.147037E+01 0.345369E+01 -.866009E+00 0.257000E+01 0.412675E+02
 -.187657E+01 -.147707E+01 0.345494E+01 -.820919E+00 0.257015E+01 0.344673E+02
 -.187985E+01 -.145706E+01 0.345434E+01 -.807902E+00 0.257019E+01 0.350638E+02
 -.187880E+01 -.146497E+01 0.342634E+01 -.820462E+00 0.257031E+01 0.402571E+02
 -.187864E+01 -.146695E+01 0.345272E+01 -.819615E+00 0.257031E+01 0.343292E+02
 -.187700E+01 -.146684E+01 0.345314E+01 -.820089E+00 0.257014E+01 0.343171E+02
 -.188739E+01 -.146739E+01 0.345554E+01 -.811017E+00 0.257001E+01 0.347320E+02
 -.185918E+01 -.146543E+01 0.345523E+01 -.831139E+00 0.257142E+01 0.353241E+02
 -.188189E+01 -.146577E+01 0.344036E+01 -.819335E+00 0.257045E+01 0.360102E+02
 -.187972E+01 -.147621E+01 0.345534E+01 -.822585E+00 0.257000E+01 0.344507E+02
 -.193250E+01 -.146525E+01 0.345416E+01 -.818768E+00 0.257008E+01 0.396593E+02
 -.189354E+01 -.151339E+01 0.346360E+01 -.838525E+00 0.258262E+01 0.401206E+02
 -.185269E+01 -.146309E+01 0.345379E+01 -.820250E+00 0.257007E+01 0.355435E+02
 -.187857E+01 -.144850E+01 0.345358E+01 -.818431E+00 0.257038E+01 0.347968E+02
 -.187292E+01 -.147184E+01 0.346046E+01 -.830612E+00 0.257014E+01 0.347252E+02
 -.191317E+01 -.146170E+01 0.347251E+01 -.864694E+00 0.257000E+01 0.386515E+02
 -.188074E+01 -.146713E+01 0.345351E+01 -.819565E+00 0.257011E+01 0.343305E+02
 -.187624E+01 -.148400E+01 0.345332E+01 -.813953E+00 0.257008E+01 0.348027E+02
 -.188717E+01 -.146770E+01 0.345402E+01 -.820818E+00 0.257000E+01 0.344763E+02
 -.189118E+01 -.147313E+01 0.345849E+01 -.819887E+00 0.257000E+01 0.345308E+02
 -.189777E+01 -.144529E+01 0.345695E+01 -.810905E+00 0.257000E+01 0.357701E+02
 -.190452E+01 -.149408E+01 0.350000E+01 -.839917E+00 0.257731E+01 0.391022E+02
 -.187958E+01 -.146820E+01 0.345326E+01 -.819626E+00 0.257028E+01 0.343292E+02
 -.191035E+01 -.147069E+01 0.344357E+01 -.813894E+00 0.257037E+01 0.382865E+02
 -.187829E+01 -.146707E+01 0.345358E+01 -.819359E+00 0.257016E+01 0.343122E+02
 -.187755E+01 -.146766E+01 0.345378E+01 -.819706E+00 0.257015E+01 0.343136E+02
 -.187737E+01 -.145156E+01 0.345479E+01 -.829634E+00 0.257003E+01 0.349249E+02
 -.187793E+01 -.146687E+01 0.345782E+01 -.782930E+00 0.257009E+01 0.421322E+02
 -.189802E+01 -.146720E+01 0.345333E+01 -.819352E+00 0.257000E+01 0.350951E+02
 -.187791E+01 -.145831E+01 0.346520E+01 -.821518E+00 0.257023E+01 0.353256E+02
 -.188843E+01 -.147317E+01 0.344087E+01 -.818692E+00 0.257029E+01 0.365269E+02
 -.188474E+01 -.147386E+01 0.346435E+01 -.809495E+00 0.257092E+01 0.360123E+02
 -.187746E+01 -.154120E+01 0.344207E+01 -.819216E+00 0.257004E+01 0.422163E+02
 -.187615E+01 -.141699E+01 0.345149E+01 -.819606E+00 0.257106E+01 0.381375E+02
 -.187847E+01 -.146679E+01 0.345316E+01 -.819558E+00 0.257008E+01 0.343156E+02
 -.186799E+01 -.146365E+01 0.344654E+01 -.818233E+00 0.257006E+01 0.344692E+02
 -.187014E+01 -.146332E+01 0.348622E+01 -.820409E+00 0.259612E+01 0.375792E+02
 -.187807E+01 -.147750E+01 0.345371E+01 -.821031E+00 0.257000E+01 0.344799E+02
 -.194896E+01 -.146838E+01 0.350000E+01 -.825611E+00 0.257020E+01 0.418185E+02
 -.187940E+01 -.146573E+01 0.345396E+01 -.819404E+00 0.257053E+01 0.343165E+02
 -.187876E+01 -.146948E+01 0.345423E+01 -.818909E+00 0.257026E+01 0.343240E+02
 -.187679E+01 -.145074E+01 0.345524E+01 -.824436E+00 0.257009E+01 0.347358E+02
 -.183414E+01 -.146875E+01 0.342445E+01 -.818745E+00 0.257006E+01 0.374456E+02
 -.188384E+01 -.146955E+01 0.345611E+01 -.790748E+00 0.257003E+01 0.384733E+02
 -.187662E+01 -.146634E+01 0.345343E+01 -.819837E+00 0.257009E+01 0.343149E+02
 -.187860E+01 -.146877E+01 0.344834E+01 -.820082E+00 0.257043E+01 0.346163E+02
 -.193921E+01 -.146605E+01 0.347057E+01 -.814574E+00 0.258229E+01 0.376662E+02
 -.187853E+01 -.146573E+01 0.345503E+01 -.829343E+00 0.257003E+01 0.345970E+02
 -.185790E+01 -.147328E+01 0.344594E+01 -.849757E+00 0.257000E+01 0.389452E+02
 -.190786E+01 -.146762E+01 0.345378E+01 -.822153E+00 0.257031E+01 0.361387E+02
 -.187520E+01 -.147758E+01 0.346625E+01 -.820032E+00 0.257016E+01 0.357929E+02
 -.187592E+01 -.146878E+01 0.345382E+01 -.818552E+00 0.257014E+01 0.343320E+02
 -.189420E+01 -.148219E+01 0.345562E+01 -.823444E+00 0.257023E+01 0.351304E+02
 -.192496E+01 -.146635E+01 0.344725E+01 -.816781E+00 0.257011E+01 0.400638E+02
 -.187806E+01 -.146742E+01 0.345180E+01 -.822816E+00 0.257014E+01 0.344419E+02
 -.188490E+01 -.146911E+01 0.345511E+01 -.829391E+00 0.257494E+01 0.353451E+02
 -.189954E+01 -.146951E+01 0.345359E+01 -.845208E+00 0.257223E+01 0.390331E+02
 -.188096E+01 -.147017E+01 0.344542E+01 -.819868E+00 0.257020E+01 0.350547E+02
 -.187931E+01 -.145846E+01 0.345233E+01 -.797616E+00 0.257000E+01 0.362809E+02
 -.187854E+01 -.146278E+01 0.343545E+01 -.824648E+00 0.257021E+01 0.377242E+02
 -.187224E+01 -.146667E+01 0.348875E+01 -.798522E+00 0.259735E+01 0.403544E+02
 -.187870E+01 -.146721E+01 0.345502E+01 -.819529E+00 0.257002E+01 0.343229E+02
 -.188300E+01 -.145817E+01 0.345170E+01 -.804918E+00 0.258171E+01 0.348193E+02
 -.187764E+01 -.146785E+01 0.345548E+01 -.819450E+00 0.257019E+01 0.343401E+02
 -.188163E+01 -.146708E+01 0.345574E+01 -.818688E+00 0.257000E+01 0.343445E+02
 -.186933E+01 -.145608E+01 0.345731E+01 -.834494E+00 0.257323E+01 0.354208E+02
 -.187399E+01 -.146409E+01 0.346862E+01 -.819422E+00 0.257000E+01 0.365241E+02
 -.187805E+01 -.143444E+01 0.344570E+01 -.818848E+00 0.257005E+01 0.361861E+02
 -.190211E+01 -.146624E+01 0.345268E+01 -.820976E+00 0.257011E+01 0.356124E+02
 -.185770E+01 -.146530E+01 0.346423E+01 -.818966E+00 0.257000E+01 0.372174E+02
 -.184557E+01 -.147432E+01 0.345358E+01 -.822883E+00 0.257016E+01 0.362175E+02
 -.188744E+01 -.153111E+01 0.348239E+01 -.827029E+00 0.258279E+01 0.402293E+02
 -.191515E+01 -.143841E+01 0.345048E+01 -.797691E+00 0.257011E+01 0.389052E+02
 -.188777E+01 -.146945E+01 0.345383E+01 -.820294E+00 0.257010E+01 0.345119E+02
 -.187779E+01 -.146871E+01 0.345698E+01 -.783212E+00 0.257010E+01 0.416523E+02
 -.187836E+01 -.148971E+01 0.345298E+01 -.820880E+00 0.257036E+01 0.350565E+02
 -.186463E+01 -.147375E+01 0.345643E+01 -.812162E+00 0.257023E+01 0.354398E+02
 -.188159E+01 -.146751E+01 0.345540E+01 -.821034E+00 0.257275E+01 0.343793E+02
 -.188174E+01 -.146736E+01 0.345343E+01 -.819577E+00 0.257006E+01 0.343455E+02
 -.187525E+01 -.145970E+01 0.345619E+01 -.841321E+00 0.257015E+01 0.357209E+02
 -.188789E+01 -.146844E+01 0.345329E+01 -.821480E+00 0.257011E+01 0.345779E+02
 -.187726E+01 -.147474E+01 0.344130E+01 -.811932E+00 0.257284E+01 0.353265E+02
 -.193390E+01 -.146964E+01 0.345650E+01 -.820001E+00 0.257022E+01 0.394498E+02
 -.186782E+01 -.142737E+01 0.345266E+01 -.817259E+00 0.257444E+01 0.368664E+02
 -.187721E+01 -.146994E+01 0.345123E+01 -.793168E+00 0.257000E+01 0.368823E+02
 -.187693E+01 -.146566E+01 0.345364E+01 -.819809E+00 0.257026E+01 0.343164E+02
 -.187834E+01 -.146696E+01 0.345387E+01 -.819415E+00 0.257001E+01 0.343122E+02
 -.187945E+01 -.146553E+01 0.345435E+01 -.819234E+00 0.257007E+01 0.343178E+02
 -.187788E+01 -.147002E+01 0.345546E+01 -.831105E+00 0.257006E+01 0.347114E+02
 -.191856E+01 -.146883E+01 0.348051E+01 -.814460E+00 0.257000E+01 0.384047E+02
 -.189626E+01 -.145556E+01 0.346263E+01 -.817578E+00 0.257025E+01 0.349888E+02
 -.187859E+01 -.145373E+01 0.345626E+01 -.821399E+00 0.257015E+01 0.345850E+02
 -.186575E+01 -.147514E+01 0.347395E+01 -.818952E+00 0.257006E+01 0.393638E+02
 -.188846E+01 -.146673E+01 0.344145E+01 -.849081E+00 0.257063E+01 0.426764E+02
 -.188787E+01 -.150576E+01 0.346235E+01 -.816479E+00 0.257004E+01 0.366585E+02
 -.187871E+01 -.146662E+01 0.345384E+01 -.818522E+00 0.257007E+01 0.343162E+02
 -.188423E+01 -.146244E+01 0.345992E+01 -.855485E+00 0.257009E+01 0.376359E+02
 -.190109E+01 -.146172E+01 0.349400E+01 -.826309E+00 0.257675E+01 0.390522E+02
 -.187816E+01 -.148677E+01 0.345396E+01 -.820561E+00 0.257029E+01 0.348524E+02
 -.187821E+01 -.146609E+01 0.345380E+01 -.819487E+00 0.257038E+01 0.343131E+02
 -.187952E+01 -.146167E+01 0.345386E+01 -.819058E+00 0.257007E+01 0.343517E+02
 -.187756E+01 -.146178E+01 0.345428E+01 -.823934E+00 0.257000E+01 0.344002E+02
 -.191248E+01 -.146921E+01 0.346137E+01 -.819277E+00 0.257000E+01 0.355953E+02
 -.189077E+01 -.146606E+01 0.345406E+01 -.781615E+00 0.257007E+01 0.407257E+02
 -.187797E+01 -.146597E+01 0.345430E+01 -.819889E+00 0.257015E+01 0.343147E+02
 -.189474E+01 -.148331E+01 0.345731E+01 -.851645E+00 0.257000E+01 0.386391E+02
 -.188094E+01 -.145998E+01 0.344720E+01 -.820081E+00 0.257000E+01 0.348180E+02
 -.187846E+01 -.146257E+01 0.345332E+01 -.816399E+00 0.257000E+01 0.343695E+02
 -.187047E+01 -.141829E+01 0.346428E+01 -.820046E+00 0.257498E+01 0.389874E+02
 -.188071E+01 -.144754E+01 0.349167E+01 -.847853E+00 0.257002E+01 0.404959E+02
 -.186639E+01 -.146543E+01 0.343886E+01 -.815559E+00 0.257000E+01 0.349618E+02
 -.187306E+01 -.147634E+01 0.347218E+01 -.817089E+00 0.257005E+01 0.380789E+02
 -.187001E+01 -.146703E+01 0.345396E+01 -.812004E+00 0.257015E+01 0.347677E+02
 -.188355E+01 -.146734E+01 0.345380E+01 -.824363E+00 0.257042E+01 0.345178E+02
 -.187599E+01 -.146736E+01 0.343596E+01 -.809330E+00 0.257017E+01 0.354982E+02
 -.187809E+01 -.146790E+01 0.345751E+01 -.802906E+00 0.257001E+01 0.361808E+02
 -.191268E+01 -.146613E+01 0.345349E+01 -.777139E+00 0.257124E+01 0.422525E+02
 -.188117E+01 -.146487E+01 0.346046E+01 -.819288E+00 0.257000E+01 0.346098E+02
 -.187795E+01 -.146726E+01 0.345093E+01 -.828811E+00 0.257027E+01 0.349366E+02
 -.187817E+01 -.146466E+01 0.345562E+01 -.815750E+00 0.257000E+01 0.344721E+02
 -.187824E+01 -.146677E+01 0.345398E+01 -.819577E+00 0.257000E+01 0.343124E+02
 -.189092E+01 -.146455E+01 0.346434E+01 -.858145E+00 0.258074E+01 0.406009E+02
 -.187893E+01 -.146831E+01 0.345545E+01 -.819175E+00 0.257014E+01 0.343349E+02
 -.187602E+01 -.146680E+01 0.345299E+01 -.825871E+00 0.257009E+01 0.344960E+02
 -.188762E+01 -.145667E+01 0.345708E+01 -.820646E+00 0.257741E+01 0.347997E+02
 -.186984E+01 -.146627E+01 0.346010E+01 -.819720E+00 0.257081E+01 0.349660E+02
 -.187766E+01 -.145779E+01 0.345563E+01 -.817930E+00 0.257007E+01 0.345108E+02
 -.185713E+01 -.146688E+01 0.345179E+01 -.822269E+00 0.257011E+01 0.349452E+02
 -.184389E+01 -.146296E+01 0.344365E+01 -.819014E+00 0.257217E+01 0.356265E+02
 -.188731E+01 -.147595E+01 0.346730E+01 -.870908E+00 0.257061E+01 0.398796E+02
 -.189305E+01 -.142095E+01 0.350000E+01 -.809622E+00 0.262469E+01 0.401895E+02
 -.185779E+01 -.149991E+01 0.345995E+01 -.806849E+00 0.257004E+01 0.388834E+02
 -.190733E+01 -.146312E+01 0.345375E+01 -.819336E+00 0.257006E+01 0.359039E+02
 -.187717E+01 -.146701E+01 0.345156E+01 -.849217E+00 0.257010E+01 0.379268E+02
 -.187547E+01 -.151413E+01 0.345369E+01 -.820410E+00 0.257000E+01 0.371235E+02
 -.186958E+01 -.147463E+01 0.345841E+01 -.829321E+00 0.257011E+01 0.347952E+02
 -.187564E+01 -.146629E+01 0.345381E+01 -.865284E+00 0.257070E+01 0.413664E+02
 -.187502E+01 -.146717E+01 0.345384E+01 -.819515E+00 0.257000E+01 0.343318E+02
 -.188347E+01 -.146684E+01 0.345863E+01 -.839945E+00 0.257019E+01 0.353489E+02
 -.187859E+01 -.146582E+01 0.345431E+01 -.818616E+00 0.257022E+01 0.343201E+02
 -.188169E+01 -.147156E+01 0.344134E+01 -.817588E+00 0.257342E+01 0.361960E+02
 -.187044E+01 -.147069E+01 0.345109E+01 -.822536E+00 0.257746E+01 0.352239E+02
 -.185643E+01 -.145032E+01 0.341419E+01 -.775652E+00 0.257338E+01 0.378816E+02
 -.187591E+01 -.146814E+01 0.345393E+01 -.819663E+00 0.257019E+01 0.343244E+02
 -.190834E+01 -.146780E+01 0.345305E+01 -.819025E+00 0.257171E+01 0.362556E+02
 -.187835E+01 -.146688E+01 0.345347E+01 -.819458E+00 0.257000E+01 0.343123E+02
 -.187966E+01 -.146555E+01 0.345287E+01 -.818608E+00 0.257000E+01 0.343258E+02
 -.187853E+01 -.148082E+01 0.345326E+01 -.802626E+00 0.257004E+01 0.356617E+02
 -.189996E+01 -.146608E+01 0.350000E+01 -.814946E+00 0.259983E+01 0.365976E+02
 -.187637E+01 -.145651E+01 0.345990E+01 -.818941E+00 0.257022E+01 0.348871E+02
 -.187870E+01 -.146121E+01 0.344775E+01 -.820889E+00 0.257000E+01 0.346998E+02
 -.188087E+01 -.146031E+01 0.343354E+01 -.833878E+00 0.257000E+01 0.406051E+02
 -.187864E+01 -.146688E+01 0.345311E+01 -.819107E+00 0.257005E+01 0.343148E+02
 -.188597E+01 -.146260E+01 0.346430E+01 -.815749E+00 0.257000E+01 0.352972E+02
 -.191904E+01 -.146183E+01 0.345032E+01 -.817741E+00 0.257680E+01 0.392205E+02
 -.187836E+01 -.148758E+01 0.345411E+01 -.819715E+00 0.257017E+01 0.348847E+02
 -.187735E+01 -.146716E+01 0.345405E+01 -.819675E+00 0.257018E+01 0.343144E+02
 -.187917E+01 -.146038E+01 0.345403E+01 -.819736E+00 0.257000E+01 0.343708E+02
 -.187816E+01 -.147958E+01 0.345358E+01 -.817903E+00 0.257029E+01 0.345345E+02
 -.190288E+01 -.145769E+01 0.348685E+01 -.819734E+00 0.257015E+01 0.402454E+02
 -.187791E+01 -.146445E+01 0.345565E+01 -.847593E+00 0.257008E+01 0.367532E+02
 -.187925E+01 -.146659E+01 0.345476E+01 -.819115E+00 0.257010E+01 0.343200E+02
 -.188014E+01 -.146486E+01 0.345773E+01 -.819795E+00 0.257052E+01 0.343847E+02
 -.187961E+01 -.147097E+01 0.345347E+01 -.809838E+00 0.257006E+01 0.346796E+02
 -.187440E+01 -.147918E+01 0.344542E+01 -.820172E+00 0.257724E+01 0.361572E+02
 -.188280E+01 -.146682E+01 0.345368E+01 -.807684E+00 0.257019E+01 0.348426E+02
 -.187351E+01 -.146705E+01 0.344993E+01 -.816213E+00 0.257004E+01 0.343289E+02
 -.188790E+01 -.146594E+01 0.345439E+01 -.826031E+00 0.257000E+01 0.346801E+02
 -.186472E+01 -.145649E+01 0.345300E+01 -.817784E+00 0.257037E+01 0.347971E+02
 -.185602E+01 -.146701E+01 0.346164E+01 -.822339E+00 0.257013E+01 0.364113E+02
 -.187835E+01 -.146795E+01 0.345856E+01 -.800408E+00 0.257000E+01 0.369154E+02
 -.187145E+01 -.146735E+01 0.345465E+01 -.833237E+00 0.257326E+01 0.353233E+02
 -.187184E+01 -.146648E+01 0.345345E+01 -.829845E+00 0.257003E+01 0.347184E+02
 -.187809E+01 -.146941E+01 0.346606E+01 -.819990E+00 0.257025E+01 0.354470E+02
 -.187780E+01 -.147559E+01 0.345161E+01 -.847382E+00 0.257030E+01 0.377918E+02
 -.192111E+01 -.148875E+01 0.348159E+01 -.819854E+00 0.259436E+01 0.357338E+02
 -.187849E+01 -.147286E+01 0.347096E+01 -.812671E+00 0.257027E+01 0.378486E+02
 -.187800E+01 -.146671E+01 0.345262E+01 -.819435E+00 0.257008E+01 0.343206E+02
 -.189047E+01 -.145896E+01 0.346578E+01 -.813089E+00 0.257807E+01 0.346495E+02
 -.188050E+01 -.146782E+01 0.345531E+01 -.819218E+00 0.257017E+01 0.343253E+02
 -.187606E+01 -.146707E+01 0.345504E+01 -.818056E+00 0.257000E+01 0.343786E+02
 -.188849E+01 -.146922E+01 0.346275E+01 -.809599E+00 0.257497E+01 0.348936E+02
 -.187911E+01 -.146731E+01 0.344043E+01 -.819790E+00 0.257060E+01 0.358566E+02
 -.187803E+01 -.149065E+01 0.346115E+01 -.818674E+00 0.257000E+01 0.354722E+02
 -.184080E+01 -.146553E+01 0.345328E+01 -.818691E+00 0.257017E+01 0.368799E+02
 -.188428E+01 -.146342E+01 0.345166E+01 -.819803E+00 0.257144E+01 0.345722E+02
 -.188757E+01 -.146670E+01 0.345557E+01 -.851676E+00 0.257086E+01 0.382569E+02
 -.186197E+01 -.149632E+01 0.345721E+01 -.841733E+00 0.257000E+01 0.370888E+02
 -.187088E+01 -.146063E+01 0.345363E+01 -.818921E+00 0.257000E+01 0.344756E+02
 -.187746E+01 -.142781E+01 0.345431E+01 -.819412E+00 0.257034E+01 0.366244E+02
 -.188088E+01 -.147097E+01 0.345539E+01 -.843723E+00 0.257004E+01 0.362887E+02
 -.187260E+01 -.146589E+01 0.345349E+01 -.807355E+00 0.257060E+01 0.349879E+02
 -.183821E+01 -.150429E+01 0.345846E+01 -.839791E+00 0.257650E+01 0.405701E+02
 -.187666E+01 -.146699E+01 0.345395E+01 -.819375E+00 0.257008E+01 0.343182E+02
 -.188246E+01 -.148135E+01 0.345831E+01 -.808650E+00 0.257004E+01 0.354907E+02
 -.190789E+01 -.148145E+01 0.344571E+01 -.770038E+00 0.259143E+01 0.393280E+02
 -.187116E+01 -.146504E+01 0.345528E+01 -.819067E+00 0.257005E+01 0.344989E+02
 -.188257E+01 -.146875E+01 0.345580E+01 -.823519E+00 0.257000E+01 0.343617E+02
 -.190875E+01 -.146739E+01 0.345330E+01 -.824786E+00 0.257016E+01 0.365336E+02
 -.188890E+01 -.148752E+01 0.345239E+01 -.811350E+00 0.257000E+01 0.352514E+02
 -.187891E+01 -.146935E+01 0.345398E+01 -.819780E+00 0.257000E+01 0.343218E+02
 -.183328E+01 -.146656E+01 0.346203E+01 -.816227E+00 0.257051E+01 0.409865E+02
 -.187832E+01 -.146703E+01 0.345327E+01 -.819477E+00 0.257011E+01 0.343140E+02
 -.187788E+01 -.146855E+01 0.345277E+01 -.819170E+00 0.257018E+01 0.343212E+02
 -.187935E+01 -.147164E+01 0.345262E+01 -.801521E+00 0.257000E+01 0.355368E+02
 -.186853E+01 -.147927E+01 0.344190E+01 -.820017E+00 0.257000E+01 0.352432E+02
 -.187775E+01 -.148528E+01 0.344768E+01 -.819552E+00 0.257005E+01 0.350913E+02
 -.187072E+01 -.145841E+01 0.344671E+01 -.818192E+00 0.257024E+01 0.345533E+02
 -.189755E+01 -.146328E+01 0.348964E+01 -.828764E+00 0.257031E+01 0.395322E+02
 -.187588E+01 -.152186E+01 0.346784E+01 -.812602E+00 0.257000E+01 0.404205E+02
 -.187838E+01 -.146711E+01 0.345315E+01 -.819809E+00 0.257003E+01 0.343168E+02
 -.186908E+01 -.146622E+01 0.345113E+01 -.792720E+00 0.257000E+01 0.373234E+02
 -.187847E+01 -.144895E+01 0.345403E+01 -.819862E+00 0.257000E+01 0.347720E+02
 -.189558E+01 -.147007E+01 0.343880E+01 -.816121E+00 0.257123E+01 0.377999E+02
 -.187889E+01 -.146783E+01 0.345428E+01 -.819645E+00 0.257011E+01 0.343142E+02
 -.187855E+01 -.147221E+01 0.345391E+01 -.820389E+00 0.257026E+01 0.343581E+02
 -.187875E+01 -.146809E+01 0.345389E+01 -.816794E+00 0.257036E+01 0.343369E+02
 -.183427E+01 -.145122E+01 0.344038E+01 -.819722E+00 0.257017E+01 0.365690E+02
 -.187036E+01 -.147276E+01 0.345723E+01 -.860705E+00 0.257001E+01 0.390583E+02
 -.187920E+01 -.146793E+01 0.345335E+01 -.819356E+00 0.257016E+01 0.343193E+02
 -.186472E+01 -.142278E+01 0.345354E+01 -.836597E+00 0.257000E+01 0.382953E+02
 -.187416E+01 -.146845E+01 0.345471E+01 -.819760E+00 0.257044E+01 0.343628E+02
 -.188111E+01 -.147461E+01 0.345373E+01 -.823269E+00 0.257004E+01 0.344971E+02
 -.188432E+01 -.150956E+01 0.345202E+01 -.818627E+00 0.257367E+01 0.370892E+02
 -.193561E+01 -.146705E+01 0.345302E+01 -.818506E+00 0.257015E+01 0.406453E+02
 -.187675E+01 -.145957E+01 0.343477E+01 -.817165E+00 0.257003E+01 0.365645E+02
 -.189986E+01 -.146637E+01 0.345411E+01 -.836190E+00 0.257008E+01 0.366780E+02
 -.187532E+01 -.146751E+01 0.345692E+01 -.818410E+00 0.257000E+01 0.344975E+02
 -.189203E+01 -.146664E+01 0.347178E+01 -.831113E+00 0.257000E+01 0.349459E+02
 -.187827E+01 -.146631E+01 0.344885E+01 -.831232E+00 0.257012E+01 0.354824E+02
 -.185741E+01 -.146835E+01 0.345381E+01 -.855512E+00 0.257000E+01 0.386314E+02
 -.187579E+01 -.147463E+01 0.344646E+01 -.820378E+00 0.257039E+01 0.348321E+02
 -.187914E+01 -.147263E+01 0.345361E+01 -.838540E+00 0.257000E+01 0.357715E+02
 -.188006E+01 -.147154E+01 0.345914E+01 -.813035E+00 0.257016E+01 0.349515E+02
 -.187853E+01 -.146697E+01 0.345344E+01 -.819414E+00 0.257007E+01 0.343130E+02
 -.187822E+01 -.146662E+01 0.345396E+01 -.819938E+00 0.257021E+01 0.343127E+02
 -.188345E+01 -.146726E+01 0.345720E+01 -.812351E+00 0.257008E+01 0.347308E+02
 -.187553E+01 -.147761E+01 0.346070E+01 -.821913E+00 0.257303E+01 0.346642E+02
 -.188555E+01 -.146794E+01 0.344935E+01 -.819374E+00 0.257000E+01 0.347326E+02
 -.187890E+01 -.145527E+01 0.344617E+01 -.820655E+00 0.257004E+01 0.349954E+02
 -.191683E+01 -.146575E+01 0.345300E+01 -.818058E+00 0.257008E+01 0.371864E+02
 -.191495E+01 -.146846E+01 0.346097E+01 -.820277E+00 0.257045E+01 0.358398E+02
 -.187015E+01 -.145815E+01 0.342881E+01 -.765595E+00 0.257072E+01 0.402779E+02
 -.191452E+01 -.146625E+01 0.344038E+01 -.823023E+00 0.257011E+01 0.413629E+02
 -.184838E+01 -.146784E+01 0.345361E+01 -.819864E+00 0.257005E+01 0.359352E+02
 -.187914E+01 -.139523E+01 0.345463E+01 -.818994E+00 0.257034E+01 0.426434E+02
 -.187594E+01 -.146558E+01 0.345406E+01 -.819399E+00 0.257012E+01 0.343284E+02
 -.188698E+01 -.146724E+01 0.345533E+01 -.775991E+00 0.257189E+01 0.426843E+02
 -.188097E+01 -.146748E+01 0.345376E+01 -.819331E+00 0.257000E+01 0.343282E+02
 -.187707E+01 -.148941E+01 0.345602E+01 -.788509E+00 0.257000E+01 0.399160E+02
 -.188053E+01 -.146769E+01 0.345488E+01 -.819966E+00 0.257000E+01 0.343187E+02
 -.188191E+01 -.146645E+01 0.346646E+01 -.825126E+00 0.257145E+01 0.347936E+02
 -.189123E+01 -.146259E+01 0.345902E+01 -.811126E+00 0.257472E+01 0.345914E+02
 -.188089E+01 -.146677E+01 0.345363E+01 -.819516E+00 0.257027E+01 0.343312E+02
 -.182538E+01 -.146798E+01 0.345966E+01 -.816634E+00 0.257000E+01 0.418462E+02
 -.187831E+01 -.146711E+01 0.345382E+01 -.819363E+00 0.257006E+01 0.343121E+02
 -.187637E+01 -.146783E+01 0.345460E+01 -.819432E+00 0.257019E+01 0.343316E+02
 -.187936E+01 -.146070E+01 0.345519E+01 -.815214E+00 0.257007E+01 0.345055E+02
 -.188453E+01 -.146330E+01 0.345609E+01 -.821154E+00 0.258027E+01 0.350915E+02
 -.188361E+01 -.148707E+01 0.345083E+01 -.803218E+00 0.257005E+01 0.356086E+02
 -.187460E+01 -.149432E+01 0.345252E+01 -.818175E+00 0.257014E+01 0.353046E+02
 -.187721E+01 -.150216E+01 0.345727E+01 -.820671E+00 0.257017E+01 0.359501E+02
 -.188748E+01 -.146652E+01 0.346706E+01 -.832356E+00 0.257000E+01 0.346221E+02
 -.187737E+01 -.147527E+01 0.344901E+01 -.811246E+00 0.257128E+01 0.345138E+02
 -.187825E+01 -.146688E+01 0.345340E+01 -.820192E+00 0.257001E+01 0.343160E+02
 -.186578E+01 -.146373E+01 0.345100E+01 -.833134E+00 0.257007E+01 0.352470E+02
 -.185781E+01 -.146598E+01 0.343468E+01 -.817627E+00 0.258074E+01 0.382661E+02
 -.187840E+01 -.145249E+01 0.345352E+01 -.819910E+00 0.257022E+01 0.346036E+02
 -.193287E+01 -.146853E+01 0.350000E+01 -.826603E+00 0.257092E+01 0.413853E+02
 -.187934E+01 -.146738E+01 0.345328E+01 -.819316E+00 0.257015E+01 0.343204E+02
 -.187775E+01 -.146736E+01 0.345440E+01 -.819547E+00 0.257034E+01 0.343154E+02
 -.187855E+01 -.145916E+01 0.345389E+01 -.818198E+00 0.257008E+01 0.344048E+02
 -.187135E+01 -.147247E+01 0.341927E+01 -.819239E+00 0.257000E+01 0.419368E+02
 -.187840E+01 -.147228E+01 0.345610E+01 -.789708E+00 0.257000E+01 0.390351E+02
 -.187871E+01 -.146835E+01 0.345249E+01 -.819911E+00 0.257019E+01 0.343416E+02
 -.187131E+01 -.147050E+01 0.344806E+01 -.819496E+00 0.257013E+01 0.344670E+02
 -.187897E+01 -.146816E+01 0.345516E+01 -.828611E+00 0.257000E+01 0.345517E+02
 -.188300E+01 -.144937E+01 0.347699E+01 -.818459E+00 0.257369E+01 0.378975E+02
 -.181996E+01 -.146722E+01 0.345410E+01 -.826121E+00 0.257014E+01 0.404522E+02
 -.186925E+01 -.146803E+01 0.342795E+01 -.810147E+00 0.257000E+01 0.367601E+02
 -.187830E+01 -.151510E+01 0.345085E+01 -.782437E+00 0.257014E+01 0.421888E+02
 -.187748E+01 -.146788E+01 0.345865E+01 -.818906E+00 0.257004E+01 0.345507E+02
 -.187586E+01 -.146726E+01 0.345349E+01 -.823488E+00 0.257009E+01 0.343784E+02
 -.189039E+01 -.147740E+01 0.345892E+01 -.821797E+00 0.257076E+01 0.345776E+02
 -.190496E+01 -.146700E+01 0.345742E+01 -.821712E+00 0.257030E+01 0.352898E+02
 -.187821E+01 -.146614E+01 0.344665E+01 -.842110E+00 0.257021E+01 0.378020E+02
 -.188995E+01 -.147026E+01 0.345385E+01 -.797908E+00 0.257152E+01 0.359700E+02
 -.187661E+01 -.147737E+01 0.344085E+01 -.819813E+00 0.257000E+01 0.357117E+02
 -.187948E+01 -.145973E+01 0.345441E+01 -.781080E+00 0.257022E+01 0.415112E+02
 -.187947E+01 -.146676E+01 0.344500E+01 -.824613E+00 0.257000E+01 0.354168E+02
 -.192304E+01 -.141678E+01 0.347227E+01 -.819217E+00 0.257004E+01 0.403591E+02
 -.187862E+01 -.146696E+01 0.345440E+01 -.819489E+00 0.257000E+01 0.343151E+02
 -.188643E+01 -.146525E+01 0.344624E+01 -.785061E+00 0.257098E+01 0.376226E+02
 -.187654E+01 -.146568E+01 0.345244E+01 -.820286E+00 0.257021E+01 0.343310E+02
 -.188289E+01 -.146702E+01 0.345368E+01 -.815473E+00 0.257002E+01 0.343946E+02
 -.186646E+01 -.147162E+01 0.345860E+01 -.828563E+00 0.257000E+01 0.348935E+02
 -.187723E+01 -.146635E+01 0.346658E+01 -.819145E+00 0.257086E+01 0.356072E+02
 -.187890E+01 -.144746E+01 0.345070E+01 -.821663E+00 0.257004E+01 0.349658E+02
 -.190890E+01 -.146587E+01 0.345157E+01 -.818937E+00 0.257006E+01 0.364416E+02
 -.190411E+01 -.146638E+01 0.345610E+01 -.819766E+00 0.257000E+01 0.352979E+02
 -.185358E+01 -.146757E+01 0.344036E+01 -.810820E+00 0.257000E+01 0.347007E+02
 -.191055E+01 -.151312E+01 0.350000E+01 -.814361E+00 0.262695E+01 0.398683E+02
 -.189682E+01 -.145530E+01 0.344975E+01 -.803637E+00 0.257012E+01 0.357351E+02
 -.190792E+01 -.147148E+01 0.345409E+01 -.820828E+00 0.257009E+01 0.360438E+02
 -.188540E+01 -.146108E+01 0.350000E+01 -.887650E+00 0.257003E+01 0.419260E+02
 -.188001E+01 -.151647E+01 0.345366E+01 -.820230E+00 0.257008E+01 0.374315E+02
 -.187531E+01 -.146310E+01 0.345269E+01 -.799856E+00 0.257015E+01 0.359118E+02
 -.188241E+01 -.140042E+01 0.345358E+01 -.819367E+00 0.257009E+01 0.413526E+02
 -.188721E+01 -.146846E+01 0.345609E+01 -.819187E+00 0.257275E+01 0.344194E+02
 -.188245E+01 -.146749E+01 0.345353E+01 -.819586E+00 0.257007E+01 0.343554E+02
 -.187686E+01 -.146531E+01 0.345491E+01 -.812339E+00 0.257018E+01 0.346282E+02
 -.195830E+01 -.145621E+01 0.346468E+01 -.820352E+00 0.257029E+01 0.426198E+02
 -.192997E+01 -.146426E+01 0.350000E+01 -.808429E+00 0.258551E+01 0.398890E+02
 -.188427E+01 -.146868E+01 0.345250E+01 -.821157E+00 0.257018E+01 0.344924E+02
 -.187924E+01 -.146805E+01 0.345123E+01 -.818561E+00 0.257000E+01 0.343616E+02
 -.184208E+01 -.146750E+01 0.345394E+01 -.824108E+00 0.257000E+01 0.366477E+02
 -.187558E+01 -.144267E+01 0.346249E+01 -.819700E+00 0.257158E+01 0.358339E+02
 -.187838E+01 -.146688E+01 0.345377E+01 -.819722E+00 0.257037E+01 0.343137E+02
 -.187901E+01 -.147645E+01 0.344308E+01 -.817175E+00 0.257184E+01 0.354581E+02
 -.187834E+01 -.146711E+01 0.345383E+01 -.819339E+00 0.257000E+01 0.343123E+02
 -.187831E+01 -.146506E+01 0.345423E+01 -.819415E+00 0.257000E+01 0.343192E+02
 -.187876E+01 -.145806E+01 0.345601E+01 -.834194E+00 0.257009E+01 0.349970E+02
 -.192559E+01 -.146484E+01 0.347816E+01 -.815509E+00 0.258277E+01 0.353983E+02
 -.188800E+01 -.147585E+01 0.346300E+01 -.817359E+00 0.257016E+01 0.349175E+02
 -.187844E+01 -.146181E+01 0.346171E+01 -.821355E+00 0.257026E+01 0.347339E+02
 -.187372E+01 -.147469E+01 0.344916E+01 -.816848E+00 0.257000E+01 0.344339E+02
 -.187097E+01 -.146917E+01 0.344093E+01 -.829639E+00 0.257000E+01 0.364700E+02
 -.189233E+01 -.144717E+01 0.344259E+01 -.823639E+00 0.257003E+01 0.373670E+02
 -.187937E+01 -.141886E+01 0.343918E+01 -.823464E+00 0.257203E+01 0.400721E+02
 -.187870E+01 -.146677E+01 0.345346E+01 -.818272E+00 0.257005E+01 0.343160E+02
 -.187798E+01 -.146124E+01 0.346196E+01 -.841691E+00 0.257001E+01 0.352585E+02
 -.188559E+01 -.146396E+01 0.350000E+01 -.823257E+00 0.258742E+01 0.407239E+02
 -.187824E+01 -.149702E+01 0.345322E+01 -.820370E+00 0.257033E+01 0.355331E+02
 -.187820E+01 -.146619E+01 0.345395E+01 -.819450E+00 0.257016E+01 0.343127E+02
 -.187712E+01 -.146312E+01 0.345401E+01 -.818836E+00 0.257025E+01 0.343385E+02
 -.187765E+01 -.146012E+01 0.345415E+01 -.823719E+00 0.257000E+01 0.344232E+02
 -.187683E+01 -.146665E+01 0.345264E+01 -.820004E+00 0.257019E+01 0.343227E+02
 -.187069E+01 -.147620E+01 0.345202E+01 -.822302E+00 0.257008E+01 0.345335E+02
 -.188279E+01 -.146409E+01 0.344987E+01 -.819288E+00 0.257000E+01 0.345546E+02
 -.187074E+01 -.146295E+01 0.348256E+01 -.822131E+00 0.257020E+01 0.417542E+02
 -.187916E+01 -.146177E+01 0.345597E+01 -.819465E+00 0.257003E+01 0.343843E+02
 -.187904E+01 -.141517E+01 0.345212E+01 -.818897E+00 0.257000E+01 0.384249E+02
 -.182431E+01 -.146142E+01 0.344317E+01 -.827347E+00 0.257004E+01 0.380099E+02
 -.186357E+01 -.146720E+01 0.345414E+01 -.822999E+00 0.257024E+01 0.347086E+02
 -.187603E+01 -.147348E+01 0.346762E+01 -.819157E+00 0.257004E+01 0.360870E+02
 -.186037E+01 -.146763E+01 0.345392E+01 -.812794E+00 0.257000E+01 0.352840E+02
 -.187911E+01 -.146765E+01 0.345822E+01 -.823137E+00 0.257108E+01 0.343587E+02
 -.187587E+01 -.146722E+01 0.344208E+01 -.814752E+00 0.257025E+01 0.348886E+02
 -.187828E+01 -.146905E+01 0.345810E+01 -.832044E+00 0.257015E+01 0.346384E+02
 -.188529E+01 -.146819E+01 0.345567E+01 -.810332E+00 0.258297E+01 0.347172E+02
 -.189480E+01 -.147053E+01 0.345340E+01 -.784040E+00 0.257111E+01 0.393073E+02
 -.187973E+01 -.146570E+01 0.346976E+01 -.819352E+00 0.257030E+01 0.362355E+02
 -.187932E+01 -.146177E+01 0.345188E+01 -.793174E+00 0.257017E+01 0.369958E+02
 -.187835E+01 -.146553E+01 0.345022E+01 -.823737E+00 0.257027E+01 0.346203E+02
 -.187834E+01 -.146689E+01 0.345439E+01 -.819482E+00 0.257008E+01 0.343149E+02
 -.188786E+01 -.147598E+01 0.344921E+01 -.843536E+00 0.257019E+01 0.383635E+02
 -.187665E+01 -.146657E+01 0.345237E+01 -.820287E+00 0.257000E+01 0.343267E+02
 -.187945E+01 -.146682E+01 0.345355E+01 -.827701E+00 0.257000E+01 0.346003E+02
 -.188003E+01 -.147329E+01 0.345459E+01 -.811233E+00 0.257458E+01 0.344427E+02
 -.186838E+01 -.146510E+01 0.345808E+01 -.819461E+00 0.257110E+01 0.348080E+02
 -.187867E+01 -.145791E+01 0.345563E+01 -.819367E+00 0.257000E+01 0.344606E+02
 -.185273E+01 -.146636E+01 0.345135E+01 -.820499E+00 0.257019E+01 0.352318E+02
 -.188244E+01 -.146295E+01 0.345082E+01 -.819363E+00 0.257229E+01 0.346226E+02
 -.185662E+01 -.147281E+01 0.345965E+01 -.851458E+00 0.257103E+01 0.376447E+02
 -.189174E+01 -.145667E+01 0.349159E+01 -.825112E+00 0.257008E+01 0.424353E+02
 -.185263E+01 -.146118E+01 0.346052E+01 -.830588E+00 0.257003E+01 0.363787E+02
 -.188913E+01 -.146455E+01 0.345390E+01 -.820735E+00 0.257003E+01 0.345567E+02
 -.187713E+01 -.146769E+01 0.345309E+01 -.856980E+00 0.257012E+01 0.393070E+02
 -.187491E+01 -.152717E+01 0.345389E+01 -.820691E+00 0.257000E+01 0.387585E+02
 -.187833E+01 -.146831E+01 0.345401E+01 -.798425E+00 0.257003E+01 0.362985E+02
 -.187445E+01 -.146790E+01 0.345394E+01 -.855990E+00 0.257129E+01 0.390961E+02
 -.191769E+01 -.151617E+01 0.347150E+01 -.827245E+00 0.257345E+01 0.384281E+02
 -.188153E+01 -.146724E+01 0.345358E+01 -.819722E+00 0.257006E+01 0.343398E+02
 -.188401E+01 -.144712E+01 0.345649E+01 -.843982E+00 0.257020E+01 0.366830E+02
 -.188039E+01 -.146485E+01 0.345367E+01 -.819480E+00 0.257026E+01 0.343291E+02
 -.187643E+01 -.146844E+01 0.343931E+01 -.813417E+00 0.257065E+01 0.353030E+02
 -.186944E+01 -.146185E+01 0.345597E+01 -.821009E+00 0.257000E+01 0.346083E+02
 -.186474E+01 -.145617E+01 0.347127E+01 -.807906E+00 0.257021E+01 0.413122E+02
 -.187632E+01 -.146699E+01 0.345361E+01 -.819853E+00 0.257007E+01 0.343165E+02
 -.191568E+01 -.147499E+01 0.344008E+01 -.817863E+00 0.257244E+01 0.416542E+02
 -.187833E+01 -.146685E+01 0.345314E+01 -.819488E+00 0.257005E+01 0.343147E+02
 -.187905E+01 -.146598E+01 0.345305E+01 -.819002E+00 0.257011E+01 0.343195E+02
 -.187859E+01 -.147164E+01 0.345278E+01 -.834296E+00 0.257000E+01 0.353135E+02
 -.190930E+01 -.146594E+01 0.348230E+01 -.813683E+00 0.258936E+01 0.345935E+02
 -.188084E+01 -.146378E+01 0.346053E+01 -.788984E+00 0.257004E+01 0.407611E+02
 -.188878E+01 -.144647E+01 0.345383E+01 -.819613E+00 0.257007E+01 0.350836E+02
 -.187891E+01 -.143715E+01 0.345016E+01 -.820931E+00 0.257020E+01 0.357131E+02
 -.186880E+01 -.146952E+01 0.347833E+01 -.814880E+00 0.257045E+01 0.416532E+02
 -.188507E+01 -.146665E+01 0.344143E+01 -.813079E+00 0.257013E+01 0.354676E+02
 -.187988E+01 -.148892E+01 0.343722E+01 -.825274E+00 0.257058E+01 0.384159E+02
 -.187893E+01 -.146690E+01 0.345349E+01 -.818376E+00 0.257008E+01 0.343157E+02
 -.188691E+01 -.146500E+01 0.346415E+01 -.798640E+00 0.257000E+01 0.385439E+02
 -.187816E+01 -.150566E+01 0.345317E+01 -.820518E+00 0.257017E+01 0.362777E+02
 -.182098E+01 -.146637E+01 0.344294E+01 -.823049E+00 0.257195E+01 0.383413E+02
 -.187772E+01 -.146669E+01 0.345417E+01 -.819719E+00 0.257028E+01 0.343136E+02
 -.187664E+01 -.146852E+01 0.345384E+01 -.819235E+00 0.257001E+01 0.343216E+02
 -.187735E+01 -.146589E+01 0.345460E+01 -.824578E+00 0.257030E+01 0.343921E+02
 -.187627E+01 -.146598E+01 0.345408E+01 -.819636E+00 0.257000E+01 0.343237E+02
 -.188343E+01 -.146231E+01 0.345644E+01 -.820188E+00 0.257034E+01 0.343636E+02
 -.179081E+01 -.146862E+01 0.342906E+01 -.822269E+00 0.257000E+01 0.422334E+02
 -.187879E+01 -.146491E+01 0.345559E+01 -.812733E+00 0.257002E+01 0.346379E+02
 -.187507E+01 -.150988E+01 0.343476E+01 -.819491E+00 0.257275E+01 0.401553E+02
 -.193144E+01 -.146690E+01 0.345367E+01 -.814504E+00 0.257022E+01 0.393402E+02
 -.187436E+01 -.147193E+01 0.345747E+01 -.856542E+00 0.257016E+01 0.381633E+02
 -.187376E+01 -.146851E+01 0.345071E+01 -.816033E+00 0.257003E+01 0.343315E+02
 -.188581E+01 -.146709E+01 0.345420E+01 -.813612E+00 0.257008E+01 0.345057E+02
 -.186802E+01 -.145998E+01 0.345373E+01 -.816918E+00 0.257000E+01 0.346513E+02
 -.186583E+01 -.146682E+01 0.344308E+01 -.816924E+00 0.257000E+01 0.346041E+02
 -.187810E+01 -.146881E+01 0.345794E+01 -.814260E+00 0.257000E+01 0.347622E+02
 -.187964E+01 -.146599E+01 0.345344E+01 -.826291E+00 0.257000E+01 0.345247E+02
 -.188166E+01 -.146333E+01 0.345864E+01 -.819948E+00 0.257001E+01 0.344466E+02
 -.187918E+01 -.147033E+01 0.346582E+01 -.812804E+00 0.257005E+01 0.363074E+02
 -.187796E+01 -.146675E+01 0.345383E+01 -.819475E+00 0.257001E+01 0.343122E+02
 -.188807E+01 -.148295E+01 0.346854E+01 -.834320E+00 0.257791E+01 0.352408E+02
 -.187819E+01 -.146749E+01 0.345446E+01 -.818673E+00 0.257038E+01 0.343195E+02
 -.187606E+01 -.146681E+01 0.345430E+01 -.831906E+00 0.257004E+01 0.348220E+02
 -.188988E+01 -.146861E+01 0.345071E+01 -.805493E+00 0.257502E+01 0.348662E+02
 -.187607E+01 -.146467E+01 0.344506E+01 -.819755E+00 0.257000E+01 0.348067E+02
 -.187833E+01 -.148068E+01 0.345542E+01 -.819107E+00 0.257007E+01 0.345861E+02
 -.184879E+01 -.146570E+01 0.345439E+01 -.820062E+00 0.257017E+01 0.360111E+02
 -.186364E+01 -.146381E+01 0.345059E+01 -.819289E+00 0.257122E+01 0.345747E+02
 -.187975E+01 -.146972E+01 0.345759E+01 -.786042E+00 0.257158E+01 0.400560E+02
 -.186936E+01 -.144803E+01 0.346059E+01 -.826501E+00 0.257000E+01 0.354356E+02
 -.183526E+01 -.148919E+01 0.345556E+01 -.826563E+00 0.257000E+01 0.384261E+02
 -.185009E+01 -.146110E+01 0.345375E+01 -.820127E+00 0.257002E+01 0.358418E+02
 -.187462E+01 -.140908E+01 0.345442E+01 -.818916E+00 0.257019E+01 0.396627E+02
 -.187937E+01 -.146929E+01 0.345488E+01 -.827342E+00 0.257000E+01 0.345077E+02
 -.186682E+01 -.149424E+01 0.345400E+01 -.819739E+00 0.257002E+01 0.354946E+02
 -.186738E+01 -.146700E+01 0.345258E+01 -.830832E+00 0.257155E+01 0.350645E+02
 -.184292E+01 -.152415E+01 0.345434E+01 -.822692E+00 0.257355E+01 0.403900E+02
 -.187518E+01 -.146710E+01 0.345387E+01 -.819417E+00 0.257003E+01 0.343308E+02
 -.188698E+01 -.148594E+01 0.345679E+01 -.837109E+00 0.257011E+01 0.359275E+02
 -.187586E+01 -.146444E+01 0.345479E+01 -.819204E+00 0.257011E+01 0.343565E+02
 -.187663E+01 -.146619E+01 0.345544E+01 -.818232E+00 0.257018E+01 0.343777E+02
 -.193820E+01 -.146700E+01 0.345540E+01 -.820123E+00 0.257005E+01 0.406039E+02
 -.187790E+01 -.148017E+01 0.344908E+01 -.812321E+00 0.257483E+01 0.348062E+02
 -.187961E+01 -.146707E+01 0.345365E+01 -.819286E+00 0.257008E+01 0.343165E+02
 -.192351E+01 -.147085E+01 0.345666E+01 -.817216E+00 0.257106E+01 0.375303E+02
 -.187831E+01 -.146686E+01 0.345318E+01 -.819522E+00 0.257007E+01 0.343146E+02
 -.187710E+01 -.146809E+01 0.345279E+01 -.818660E+00 0.257008E+01 0.343145E+02
 -.187917E+01 -.147106E+01 0.345190E+01 -.818702E+00 0.257006E+01 0.343679E+02
 -.189516E+01 -.146720E+01 0.347645E+01 -.818316E+00 0.257722E+01 0.354517E+02
 -.187496E+01 -.146552E+01 0.344664E+01 -.820154E+00 0.257000E+01 0.346239E+02
 -.187740E+01 -.145290E+01 0.344898E+01 -.819062E+00 0.257000E+01 0.346931E+02
 -.187890E+01 -.146294E+01 0.346729E+01 -.819850E+00 0.257042E+01 0.356799E+02
 -.188253E+01 -.151527E+01 0.346446E+01 -.829288E+00 0.257006E+01 0.374208E+02
 -.187786E+01 -.152862E+01 0.346235E+01 -.818476E+00 0.257000E+01 0.393744E+02
 -.187785E+01 -.146699E+01 0.345355E+01 -.819980E+00 0.257006E+01 0.343133E+02
 -.187673E+01 -.146606E+01 0.344257E+01 -.799776E+00 0.257004E+01 0.349938E+02
 -.187852E+01 -.145420E+01 0.345387E+01 -.820148E+00 0.257000E+01 0.345377E+02
 -.187851E+01 -.146726E+01 0.345393E+01 -.819874E+00 0.257034E+01 0.343138E+02
 -.187825E+01 -.147112E+01 0.345405E+01 -.819905E+00 0.257026E+01 0.343386E+02
 -.187812E+01 -.147462E+01 0.345489E+01 -.820652E+00 0.257024E+01 0.343988E+02
 -.187736E+01 -.146723E+01 0.345480E+01 -.819375E+00 0.257017E+01 0.343263E+02
 -.187638E+01 -.146473E+01 0.345430E+01 -.820043E+00 0.257025E+01 0.343289E+02
 -.180550E+01 -.146800E+01 0.343551E+01 -.820983E+00 0.257849E+01 0.413427E+02
 -.187794E+01 -.146900E+01 0.345347E+01 -.820901E+00 0.257004E+01 0.343298E+02
 -.187708E+01 -.153633E+01 0.347435E+01 -.819799E+00 0.257765E+01 0.413989E+02
 -.185385E+01 -.146694E+01 0.345328E+01 -.813658E+00 0.257021E+01 0.356542E+02
 -.189714E+01 -.146331E+01 0.347404E+01 -.821673E+00 0.257000E+01 0.359992E+02
 -.187396E+01 -.141196E+01 0.345784E+01 -.840365E+00 0.257022E+01 0.399572E+02
 -.187494E+01 -.146139E+01 0.343974E+01 -.816728E+00 0.257004E+01 0.353151E+02
 -.189057E+01 -.146683E+01 0.345465E+01 -.832846E+00 0.257006E+01 0.353690E+02
 -.186908E+01 -.146105E+01 0.344998E+01 -.811965E+00 0.257078E+01 0.345091E+02
 -.188079E+01 -.146665E+01 0.345256E+01 -.825835E+00 0.257000E+01 0.345891E+02
 -.187800E+01 -.146630E+01 0.344318E+01 -.811629E+00 0.257025E+01 0.347298E+02
 -.186671E+01 -.146784E+01 0.345654E+01 -.787650E+00 0.258278E+01 0.368555E+02
 -.187522E+01 -.146369E+01 0.345351E+01 -.832987E+00 0.257225E+01 0.352835E+02
 -.187711E+01 -.146700E+01 0.344473E+01 -.820392E+00 0.257000E+01 0.349426E+02
 -.187762E+01 -.148931E+01 0.345376E+01 -.805150E+00 0.257021E+01 0.357564E+02
 -.187969E+01 -.147168E+01 0.346755E+01 -.814858E+00 0.257000E+01 0.363918E+02
 -.187773E+01 -.146697E+01 0.345311E+01 -.819442E+00 0.257000E+01 0.343127E+02
 -.189184E+01 -.143279E+01 0.346013E+01 -.812322E+00 0.258213E+01 0.361682E+02
 -.187954E+01 -.146748E+01 0.345557E+01 -.818214E+00 0.257000E+01 0.343556E+02
 -.188027E+01 -.146684E+01 0.345602E+01 -.799564E+00 0.257002E+01 0.364274E+02
 -.188891E+01 -.147109E+01 0.345423E+01 -.824660E+00 0.257000E+01 0.347045E+02
 -.188498E+01 -.146504E+01 0.345357E+01 -.819594E+00 0.257083E+01 0.344280E+02
 -.187816E+01 -.147793E+01 0.345445E+01 -.821107E+00 0.257000E+01 0.344851E+02
 -.189606E+01 -.146672E+01 0.345225E+01 -.819437E+00 0.257000E+01 0.350703E+02
 -.186055E+01 -.146578E+01 0.345185E+01 -.819891E+00 0.257011E+01 0.347416E+02
 -.188428E+01 -.145723E+01 0.343870E+01 -.768392E+00 0.257046E+01 0.415935E+02
 -.191609E+01 -.149161E+01 0.344539E+01 -.813665E+00 0.257013E+01 0.396813E+02
 -.185465E+01 -.146227E+01 0.345354E+01 -.818844E+00 0.257003E+01 0.353917E+02
 -.187973E+01 -.146846E+01 0.345681E+01 -.792574E+00 0.257006E+01 0.383139E+02
 -.187395E+01 -.146663E+01 0.345511E+01 -.844968E+00 0.257010E+01 0.363336E+02
 -.188285E+01 -.146680E+01 0.345629E+01 -.800796E+00 0.257087E+01 0.359817E+02
 -.182964E+01 -.144297E+01 0.345410E+01 -.821514E+00 0.257088E+01 0.396734E+02
 -.187904E+01 -.146740E+01 0.345405E+01 -.819224E+00 0.257000E+01 0.343143E+02
 -.187029E+01 -.148858E+01 0.345360E+01 -.797403E+00 0.257000E+01 0.372583E+02
 -.194689E+01 -.147042E+01 0.350000E+01 -.816302E+00 0.257782E+01 0.407450E+02
 -.187866E+01 -.146761E+01 0.345448E+01 -.820943E+00 0.257000E+01 0.343164E+02
 -.187821E+01 -.146676E+01 0.346489E+01 -.822802E+00 0.257000E+01 0.350443E+02
 -.184469E+01 -.146967E+01 0.345351E+01 -.821573E+00 0.257000E+01 0.362985E+02
 -.189111E+01 -.146162E+01 0.344700E+01 -.804413E+00 0.257760E+01 0.354235E+02
 -.186823E+01 -.147488E+01 0.341298E+01 -.797777E+00 0.257053E+01 0.400733E+02
 -.187986E+01 -.146679E+01 0.345367E+01 -.819096E+00 0.257047E+01 0.343191E+02
 -.182786E+01 -.146982E+01 0.345828E+01 -.814397E+00 0.257019E+01 0.410149E+02
 -.187832E+01 -.146697E+01 0.345357E+01 -.819499E+00 0.257009E+01 0.343122E+02
 -.187707E+01 -.146804E+01 0.345320E+01 -.818635E+00 0.257000E+01 0.343151E+02
 -.187965E+01 -.146351E+01 0.345266E+01 -.809132E+00 0.257004E+01 0.346878E+02
 -.189233E+01 -.146771E+01 0.347218E+01 -.818638E+00 0.257000E+01 0.361703E+02
 -.188186E+01 -.148538E+01 0.345942E+01 -.817957E+00 0.257033E+01 0.349502E+02
 -.184874E+01 -.146995E+01 0.347463E+01 -.821008E+00 0.257000E+01 0.424323E+02
 -.187779E+01 -.150255E+01 0.345896E+01 -.820874E+00 0.257015E+01 0.360436E+02
 -.188661E+01 -.146527E+01 0.344668E+01 -.818724E+00 0.257033E+01 0.351190E+02
 -.187751E+01 -.146705E+01 0.345362E+01 -.821097E+00 0.257004E+01 0.343222E+02
 -.186767E+01 -.146243E+01 0.345855E+01 -.838223E+00 0.257006E+01 0.353242E+02
 -.188413E+01 -.145948E+01 0.346844E+01 -.811212E+00 0.257116E+01 0.367994E+02
 -.187835E+01 -.143567E+01 0.345473E+01 -.819325E+00 0.257030E+01 0.357702E+02
 -.185174E+01 -.146840E+01 0.345145E+01 -.808566E+00 0.257000E+01 0.360121E+02
 -.187887E+01 -.146735E+01 0.345341E+01 -.819323E+00 0.257010E+01 0.343150E+02
 -.187948E+01 -.147148E+01 0.345360E+01 -.820106E+00 0.257046E+01 0.343595E+02
 -.187830E+01 -.146365E+01 0.345498E+01 -.817310E+00 0.257013E+01 0.343806E+02
 -.183798E+01 -.146273E+01 0.341921E+01 -.819908E+00 0.257017E+01 0.389520E+02
 -.187904E+01 -.146820E+01 0.345440E+01 -.819334E+00 0.257027E+01 0.343160E+02
 -.185925E+01 -.142444E+01 0.344930E+01 -.851773E+00 0.257006E+01 0.410291E+02
 -.187084E+01 -.146827E+01 0.345247E+01 -.819532E+00 0.257000E+01 0.343748E+02
 -.183322E+01 -.146337E+01 0.346401E+01 -.818323E+00 0.257512E+01 0.406527E+02
 -.188158E+01 -.147034E+01 0.345453E+01 -.827111E+00 0.257001E+01 0.345624E+02
 -.188033E+01 -.143275E+01 0.347134E+01 -.819219E+00 0.257381E+01 0.378521E+02
 -.184166E+01 -.146701E+01 0.345325E+01 -.814393E+00 0.257020E+01 0.370296E+02
 -.187959E+01 -.143716E+01 0.344613E+01 -.810673E+00 0.257000E+01 0.358020E+02
 -.187750E+01 -.146684E+01 0.344647E+01 -.819489E+00 0.257004E+01 0.346891E+02
 -.188227E+01 -.146674E+01 0.345433E+01 -.828754E+00 0.257003E+01 0.346740E+02
 -.187514E+01 -.147603E+01 0.345664E+01 -.820247E+00 0.257105E+01 0.344980E+02
 -.190047E+01 -.146718E+01 0.346060E+01 -.829511E+00 0.257007E+01 0.349561E+02
 -.187813E+01 -.146525E+01 0.344267E+01 -.835870E+00 0.257020E+01 0.376406E+02
 -.187767E+01 -.146593E+01 0.345407E+01 -.770867E+00 0.258549E+01 0.392359E+02
 -.188489E+01 -.147425E+01 0.345372E+01 -.806439E+00 0.257012E+01 0.350402E+02
 -.187670E+01 -.147245E+01 0.345199E+01 -.819427E+00 0.257023E+01 0.343759E+02
 -.187854E+01 -.148010E+01 0.345490E+01 -.782041E+00 0.257002E+01 0.413747E+02
 -.187968E+01 -.146950E+01 0.344292E+01 -.824962E+00 0.257014E+01 0.359351E+02
 -.185601E+01 -.146677E+01 0.348140E+01 -.808484E+00 0.259321E+01 0.399713E+02
 -.187804E+01 -.146685E+01 0.345335E+01 -.819422E+00 0.257004E+01 0.343121E+02
 -.188699E+01 -.142883E+01 0.344934E+01 -.795193E+00 0.257055E+01 0.383566E+02
 -.187926E+01 -.146653E+01 0.345468E+01 -.819167E+00 0.257043E+01 0.343151E+02
 -.188256E+01 -.146716E+01 0.345438E+01 -.803954E+00 0.257003E+01 0.353633E+02
 -.186987E+01 -.146898E+01 0.345686E+01 -.823488E+00 0.257591E+01 0.347208E+02
 -.188267E+01 -.146615E+01 0.345891E+01 -.819274E+00 0.257100E+01 0.343976E+02
 -.187857E+01 -.146333E+01 0.345185E+01 -.821679E+00 0.257005E+01 0.344086E+02
 -.190332E+01 -.146589E+01 0.345208E+01 -.819848E+00 0.257016E+01 0.357719E+02
 -.189623E+01 -.146733E+01 0.345436E+01 -.820248E+00 0.257101E+01 0.349332E+02
 -.185278E+01 -.146233E+01 0.343675E+01 -.816266E+00 0.257000E+01 0.351379E+02
 -.192846E+01 -.146614E+01 0.344302E+01 -.815885E+00 0.257007E+01 0.422691E+02
 -.185922E+01 -.146592E+01 0.345397E+01 -.818606E+00 0.257005E+01 0.350397E+02
 -.188019E+01 -.152549E+01 0.345475E+01 -.820445E+00 0.257009E+01 0.385409E+02
 -.187474E+01 -.146383E+01 0.345305E+01 -.831210E+00 0.257018E+01 0.348734E+02
 -.189077E+01 -.154280E+01 0.345361E+01 -.819704E+00 0.257014E+01 0.416135E+02
 -.189054E+01 -.146737E+01 0.345611E+01 -.792341E+00 0.257068E+01 0.377040E+02
 -.192235E+01 -.144470E+01 0.347442E+01 -.824108E+00 0.257002E+01 0.368050E+02
 -.188128E+01 -.146745E+01 0.345410E+01 -.819243E+00 0.257003E+01 0.343278E+02
 -.188099E+01 -.146941E+01 0.345415E+01 -.820401E+00 0.257028E+01 0.343412E+02
 -.188087E+01 -.146883E+01 0.345259E+01 -.824084E+00 0.257030E+01 0.345231E+02
 -.184411E+01 -.147052E+01 0.345375E+01 -.821746E+00 0.257009E+01 0.364037E+02
 -.189058E+01 -.145082E+01 0.346225E+01 -.826582E+00 0.257288E+01 0.347893E+02
 -.187766E+01 -.146685E+01 0.345371E+01 -.819769E+00 0.257046E+01 0.343144E+02
 -.197678E+01 -.147407E+01 0.350000E+01 -.857599E+00 0.257015E+01 0.417938E+02
 -.187832E+01 -.146707E+01 0.345389E+01 -.819414E+00 0.257000E+01 0.343123E+02
 -.187862E+01 -.146522E+01 0.345411E+01 -.819802E+00 0.257004E+01 0.343159E+02
 -.187885E+01 -.146551E+01 0.345638E+01 -.811788E+00 0.257002E+01 0.347857E+02
 -.189789E+01 -.146701E+01 0.346634E+01 -.816246E+00 0.260124E+01 0.374734E+02
 -.188487E+01 -.146344E+01 0.346035E+01 -.818468E+00 0.257007E+01 0.345853E+02
 -.187827E+01 -.151664E+01 0.346306E+01 -.822517E+00 0.257021E+01 0.376997E+02
 -.188336E+01 -.147327E+01 0.343585E+01 -.816152E+00 0.257027E+01 0.369743E+02
 -.187706E+01 -.151515E+01 0.344206E+01 -.817303E+00 0.257006E+01 0.382559E+02
 -.187772E+01 -.146700E+01 0.345362E+01 -.820368E+00 0.257005E+01 0.343151E+02
 -.187478E+01 -.146084E+01 0.346509E+01 -.846032E+00 0.257000E+01 0.356779E+02
 -.187812E+01 -.148849E+01 0.345497E+01 -.819827E+00 0.257030E+01 0.349328E+02
 -.187894E+01 -.146679E+01 0.345326E+01 -.818954E+00 0.257018E+01 0.343154E+02
 -.187708E+01 -.146435E+01 0.345425E+01 -.819414E+00 0.257000E+01 0.343298E+02
 -.187752E+01 -.146123E+01 0.345492E+01 -.816689E+00 0.257001E+01 0.344453E+02
 -.187919E+01 -.146692E+01 0.345373E+01 -.819656E+00 0.257010E+01 0.343146E+02
 -.186513E+01 -.152828E+01 0.345257E+01 -.830952E+00 0.257009E+01 0.396392E+02
 -.188069E+01 -.146884E+01 0.345206E+01 -.819698E+00 0.257039E+01 0.343918E+02
 -.191701E+01 -.146306E+01 0.348132E+01 -.820877E+00 0.257113E+01 0.370369E+02
 -.188010E+01 -.146670E+01 0.345533E+01 -.820918E+00 0.257000E+01 0.343171E+02
 -.192511E+01 -.146719E+01 0.345409E+01 -.821406E+00 0.257024E+01 0.385326E+02
 -.184449E+01 -.146477E+01 0.341305E+01 -.814905E+00 0.257000E+01 0.401891E+02
 -.188171E+01 -.149662E+01 0.344388E+01 -.793279E+00 0.257014E+01 0.369665E+02
 -.187906E+01 -.147166E+01 0.346410E+01 -.817281E+00 0.257005E+01 0.353480E+02
 -.186669E+01 -.146726E+01 0.345394E+01 -.817368E+00 0.257000E+01 0.346271E+02
 -.188443E+01 -.147773E+01 0.346020E+01 -.827905E+00 0.257037E+01 0.345726E+02
 -.190891E+01 -.146737E+01 0.345684E+01 -.828542E+00 0.257020E+01 0.361765E+02
 -.187823E+01 -.146914E+01 0.346043E+01 -.833302E+00 0.257004E+01 0.346544E+02
 -.188833E+01 -.146662E+01 0.345503E+01 -.804162E+00 0.258061E+01 0.346389E+02
 -.188356E+01 -.147134E+01 0.345379E+01 -.797724E+00 0.257000E+01 0.362979E+02
 -.187856E+01 -.147598E+01 0.345976E+01 -.818644E+00 0.257013E+01 0.347138E+02
 -.187938E+01 -.144067E+01 0.345338E+01 -.819895E+00 0.257000E+01 0.353096E+02
 -.187774E+01 -.146497E+01 0.344185E+01 -.824648E+00 0.257018E+01 0.359578E+02
 -.187834E+01 -.146678E+01 0.345377E+01 -.819403E+00 0.257007E+01 0.343119E+02
 -.188109E+01 -.147003E+01 0.345434E+01 -.815440E+00 0.257000E+01 0.344066E+02
 -.187823E+01 -.146614E+01 0.345298E+01 -.820639E+00 0.257050E+01 0.343395E+02
 -.188298E+01 -.146708E+01 0.345382E+01 -.825079E+00 0.257003E+01 0.345119E+02
 -.186439E+01 -.146544E+01 0.345810E+01 -.805650E+00 0.257369E+01 0.360367E+02
 -.187967E+01 -.146662E+01 0.345433E+01 -.819431E+00 0.257000E+01 0.343153E+02
 -.187861E+01 -.145283E+01 0.345133E+01 -.820032E+00 0.257003E+01 0.346321E+02
 -.185945E+01 -.146622E+01 0.345376E+01 -.819953E+00 0.257017E+01 0.349568E+02
 -.189944E+01 -.146735E+01 0.345476E+01 -.819695E+00 0.257181E+01 0.351442E+02
 -.184021E+01 -.147188E+01 0.345710E+01 -.851154E+00 0.257122E+01 0.392361E+02
 -.183523E+01 -.145092E+01 0.346196E+01 -.824121E+00 0.257000E+01 0.402400E+02
 -.187502E+01 -.146721E+01 0.345411E+01 -.819972E+00 0.257005E+01 0.343347E+02
 -.187750E+01 -.146527E+01 0.345175E+01 -.793009E+00 0.257007E+01 0.370250E+02
 -.187914E+01 -.146741E+01 0.345369E+01 -.819783E+00 0.257067E+01 0.343221E+02
 -.194713E+01 -.147361E+01 0.346126E+01 -.824834E+00 0.257000E+01 0.413518E+02
 -.187641E+01 -.146680E+01 0.345388E+01 -.819639E+00 0.257006E+01 0.343183E+02
 -.189114E+01 -.144592E+01 0.345841E+01 -.801199E+00 0.257011E+01 0.370934E+02
 -.184218E+01 -.148143E+01 0.344664E+01 -.793224E+00 0.259865E+01 0.380568E+02
 -.187833E+01 -.146453E+01 0.345428E+01 -.819569E+00 0.257026E+01 0.343204E+02
 -.187816E+01 -.146802E+01 0.344198E+01 -.815475E+00 0.257042E+01 0.350936E+02
 -.187850E+01 -.146824E+01 0.345562E+01 -.820012E+00 0.257001E+01 0.343336E+02
 -.188286E+01 -.146192E+01 0.346515E+01 -.812192E+00 0.257000E+01 0.361080E+02
 -.187648E+01 -.146712E+01 0.345372E+01 -.820116E+00 0.257013E+01 0.343171E+02
 -.188296E+01 -.147251E+01 0.344256E+01 -.818971E+00 0.257081E+01 0.357416E+02
 -.187833E+01 -.146704E+01 0.345383E+01 -.819345E+00 0.257008E+01 0.343121E+02
 -.187868E+01 -.146456E+01 0.345364E+01 -.818825E+00 0.257008E+01 0.343204E+02
 -.187784E+01 -.146798E+01 0.345682E+01 -.824633E+00 0.257000E+01 0.343659E+02
 -.189824E+01 -.146510E+01 0.346197E+01 -.811375E+00 0.258591E+01 0.348469E+02
 -.188475E+01 -.145108E+01 0.345464E+01 -.820091E+00 0.257000E+01 0.347143E+02
 -.187827E+01 -.146492E+01 0.345697E+01 -.823570E+00 0.257007E+01 0.343572E+02
 -.186991E+01 -.147099E+01 0.345425E+01 -.818133E+00 0.257051E+01 0.344938E+02
 -.187758E+01 -.140659E+01 0.343990E+01 -.825553E+00 0.257004E+01 0.417071E+02
 -.187843E+01 -.146694E+01 0.345354E+01 -.818257E+00 0.257005E+01 0.343161E+02
 -.188205E+01 -.146290E+01 0.345243E+01 -.810682E+00 0.257005E+01 0.345817E+02
 -.189982E+01 -.146185E+01 0.345022E+01 -.822982E+00 0.259040E+01 0.412234E+02
 -.187808E+01 -.149323E+01 0.345483E+01 -.821066E+00 0.257020E+01 0.352317E+02
 -.190484E+01 -.146642E+01 0.346193E+01 -.835923E+00 0.257189E+01 0.357899E+02
 -.187822E+01 -.146646E+01 0.345484E+01 -.820126E+00 0.257025E+01 0.343166E+02
 -.187564E+01 -.146270E+01 0.345465E+01 -.818972E+00 0.257063E+01 0.343664E+02
 -.187776E+01 -.147233E+01 0.345480E+01 -.825558E+00 0.257000E+01 0.344565E+02
 -.188567E+01 -.145982E+01 0.345005E+01 -.848797E+00 0.257007E+01 0.388204E+02
 -.187875E+01 -.146585E+01 0.345361E+01 -.819749E+00 0.257002E+01 0.343145E+02
 -.188336E+01 -.146508E+01 0.345333E+01 -.819598E+00 0.257039E+01 0.343863E+02
 -.194642E+01 -.146637E+01 0.346253E+01 -.824278E+00 0.257000E+01 0.406532E+02
 -.187804E+01 -.146379E+01 0.345544E+01 -.815029E+00 0.257009E+01 0.345008E+02
 -.187687E+01 -.145686E+01 0.345531E+01 -.818722E+00 0.257000E+01 0.345145E+02
 -.190541E+01 -.146679E+01 0.345459E+01 -.816586E+00 0.257006E+01 0.355258E+02
 -.187416E+01 -.150594E+01 0.345747E+01 -.814386E+00 0.257022E+01 0.366202E+02
 -.187871E+01 -.146657E+01 0.345029E+01 -.817631E+00 0.257004E+01 0.343720E+02
 -.187704E+01 -.146759E+01 0.345366E+01 -.811631E+00 0.257005E+01 0.345757E+02
 -.187932E+01 -.146735E+01 0.345862E+01 -.816456E+00 0.257000E+01 0.346389E+02
 -.186902E+01 -.146682E+01 0.344915E+01 -.819950E+00 0.257012E+01 0.344182E+02
 -.187814E+01 -.147166E+01 0.345647E+01 -.813654E+00 0.257000E+01 0.346731E+02
 -.187669E+01 -.146765E+01 0.345666E+01 -.841143E+00 0.257388E+01 0.362863E+02
 -.187902E+01 -.146467E+01 0.345377E+01 -.818093E+00 0.257220E+01 0.343347E+02
 -.187746E+01 -.147095E+01 0.345939E+01 -.819222E+00 0.257005E+01 0.346155E+02
 -.187856E+01 -.145996E+01 0.345180E+01 -.848640E+00 0.257019E+01 0.378507E+02
 -.187810E+01 -.146861E+01 0.346114E+01 -.814077E+00 0.257013E+01 0.352079E+02
 -.186241E+01 -.142681E+01 0.344264E+01 -.818242E+00 0.257004E+01 0.370190E+02
 -.190124E+01 -.146798E+01 0.344687E+01 -.811577E+00 0.258644E+01 0.389918E+02
 -.187858E+01 -.146672E+01 0.345410E+01 -.819388E+00 0.257010E+01 0.343128E+02
 -.187478E+01 -.150190E+01 0.345804E+01 -.833588E+00 0.257327E+01 0.367151E+02
 -.187753E+01 -.146665E+01 0.345233E+01 -.820930E+00 0.257000E+01 0.343448E+02
 -.188157E+01 -.146685E+01 0.345391E+01 -.829227E+00 0.257009E+01 0.347342E+02
 -.188090E+01 -.147466E+01 0.345392E+01 -.805074E+00 0.257095E+01 0.351104E+02
 -.187725E+01 -.146706E+01 0.345049E+01 -.819552E+00 0.257071E+01 0.344101E+02
 -.187857E+01 -.147538E+01 0.345271E+01 -.817979E+00 0.257001E+01 0.344202E+02
 -.183491E+01 -.146620E+01 0.345341E+01 -.819908E+00 0.257014E+01 0.377239E+02
 -.188715E+01 -.146509E+01 0.345035E+01 -.819214E+00 0.257119E+01 0.347795E+02
 -.189428E+01 -.147020E+01 0.345774E+01 -.819972E+00 0.257141E+01 0.345944E+02
 -.183203E+01 -.148238E+01 0.346879E+01 -.828517E+00 0.257011E+01 0.425796E+02
 -.189032E+01 -.146801E+01 0.345416E+01 -.820424E+00 0.257008E+01 0.345887E+02
 -.187390E+01 -.144481E+01 0.345472E+01 -.818921E+00 0.257019E+01 0.351162E+02
 -.187805E+01 -.146842E+01 0.345383E+01 -.792788E+00 0.257003E+01 0.375291E+02
 -.186977E+01 -.146682E+01 0.345178E+01 -.841489E+00 0.257000E+01 0.362224E+02
 -.187366E+01 -.146640E+01 0.345364E+01 -.819708E+00 0.257008E+01 0.343461E+02
 -.188946E+01 -.144911E+01 0.345692E+01 -.850603E+00 0.257007E+01 0.379216E+02
 -.187732E+01 -.146335E+01 0.345408E+01 -.819644E+00 0.257024E+01 0.343319E+02
 -.187697E+01 -.146648E+01 0.344665E+01 -.817681E+00 0.257000E+01 0.345587E+02
 -.190586E+01 -.146577E+01 0.345611E+01 -.818421E+00 0.257000E+01 0.354264E+02
 -.187712E+01 -.147177E+01 0.345172E+01 -.810454E+00 0.257478E+01 0.344312E+02
 -.188076E+01 -.145770E+01 0.343379E+01 -.806378E+00 0.257018E+01 0.361803E+02
 -.187868E+01 -.146699E+01 0.345381E+01 -.819118E+00 0.257020E+01 0.343125E+02
 -.187834E+01 -.146665E+01 0.345374E+01 -.819384E+00 0.257013E+01 0.343119E+02
 -.187731E+01 -.146848E+01 0.345333E+01 -.818316E+00 0.257011E+01 0.343182E+02
 -.187854E+01 -.146774E+01 0.345283E+01 -.827386E+00 0.257011E+01 0.346328E+02
 -.190358E+01 -.146425E+01 0.347507E+01 -.812936E+00 0.257000E+01 0.375511E+02
 -.187842E+01 -.147185E+01 0.345787E+01 -.815271E+00 0.257003E+01 0.346855E+02
 -.187833E+01 -.147166E+01 0.344985E+01 -.818539E+00 0.257030E+01 0.344560E+02
 -.187782E+01 -.142886E+01 0.345120E+01 -.818407E+00 0.257000E+01 0.364699E+02
 -.187945E+01 -.146431E+01 0.346605E+01 -.819128E+00 0.257043E+01 0.354492E+02
 -.191117E+01 -.146501E+01 0.346373E+01 -.825931E+00 0.257013E+01 0.353216E+02
 -.188610E+01 -.141017E+01 0.345849E+01 -.831698E+00 0.257005E+01 0.395450E+02
 -.187816E+01 -.146676E+01 0.345373E+01 -.818377E+00 0.257009E+01 0.343164E+02
 -.188322E+01 -.146465E+01 0.344501E+01 -.795188E+00 0.257010E+01 0.357212E+02
 -.187831E+01 -.144795E+01 0.345350E+01 -.820124E+00 0.257001E+01 0.348225E+02
 -.187810E+01 -.146687E+01 0.345400E+01 -.820131E+00 0.257021E+01 0.343134E+02
 -.187948E+01 -.146281E+01 0.345430E+01 -.819495E+00 0.257063E+01 0.343355E+02
 -.187869E+01 -.147916E+01 0.345484E+01 -.826547E+00 0.257019E+01 0.346870E+02
 -.187761E+01 -.146516E+01 0.345427E+01 -.819760E+00 0.257025E+01 0.343187E+02
 -.187741E+01 -.142704E+01 0.345641E+01 -.817321E+00 0.257007E+01 0.369306E+02
 -.187540E+01 -.146265E+01 0.345604E+01 -.819979E+00 0.257013E+01 0.344208E+02
 -.189265E+01 -.146835E+01 0.344760E+01 -.823784E+00 0.257810E+01 0.375011E+02
 -.187869E+01 -.146599E+01 0.345489E+01 -.818143E+00 0.257013E+01 0.343393E+02
 -.187724E+01 -.151977E+01 0.346891E+01 -.818929E+00 0.257049E+01 0.392965E+02
 -.184968E+01 -.146664E+01 0.345351E+01 -.811592E+00 0.257008E+01 0.363407E+02
 -.187527E+01 -.149419E+01 0.345956E+01 -.830648E+00 0.257014E+01 0.355632E+02
 -.187104E+01 -.146347E+01 0.344008E+01 -.819646E+00 0.257004E+01 0.353140E+02
 -.188744E+01 -.146683E+01 0.345484E+01 -.816946E+00 0.257012E+01 0.344459E+02
 -.187353E+01 -.145999E+01 0.345287E+01 -.810889E+00 0.257089E+01 0.346520E+02
 -.184163E+01 -.146634E+01 0.344764E+01 -.812329E+00 0.257000E+01 0.361138E+02
 -.187828E+01 -.146799E+01 0.344854E+01 -.810392E+00 0.257014E+01 0.344629E+02
 -.186929E+01 -.146769E+01 0.345379E+01 -.836609E+00 0.257874E+01 0.370375E+02
 -.187460E+01 -.146147E+01 0.345376E+01 -.835628E+00 0.257383E+01 0.358641E+02
 -.187605E+01 -.146790E+01 0.344874E+01 -.820045E+00 0.257017E+01 0.344879E+02
 -.187797E+01 -.148910E+01 0.345221E+01 -.826152E+00 0.257009E+01 0.352967E+02
 -.187894E+01 -.146917E+01 0.346384E+01 -.817758E+00 0.257005E+01 0.352472E+02
 -.187857E+01 -.146672E+01 0.345380E+01 -.819413E+00 0.257011E+01 0.343121E+02
 -.187219E+01 -.147409E+01 0.345494E+01 -.844692E+00 0.257126E+01 0.366436E+02
 -.187782E+01 -.146718E+01 0.345342E+01 -.818896E+00 0.257034E+01 0.343123E+02
 -.187731E+01 -.146669E+01 0.345607E+01 -.817847E+00 0.257006E+01 0.344138E+02
 -.189214E+01 -.148015E+01 0.345116E+01 -.811821E+00 0.257340E+01 0.351634E+02
 -.187877E+01 -.146738E+01 0.345144E+01 -.819381E+00 0.257000E+01 0.343577E+02
 -.187830E+01 -.146709E+01 0.345449E+01 -.819297E+00 0.257000E+01 0.343183E+02
 -.186667E+01 -.146615E+01 0.345164E+01 -.819824E+00 0.257012E+01 0.344639E+02
 -.186535E+01 -.146201E+01 0.345258E+01 -.818933E+00 0.257044E+01 0.345895E+02
 -.187557E+01 -.146074E+01 0.343674E+01 -.789147E+00 0.257000E+01 0.360234E+02
 -.188652E+01 -.149541E+01 0.345444E+01 -.812071E+00 0.257009E+01 0.356392E+02
 -.189128E+01 -.146764E+01 0.345360E+01 -.819721E+00 0.257006E+01 0.346552E+02
 -.187784E+01 -.146511E+01 0.345549E+01 -.836856E+00 0.257002E+01 0.352134E+02
 -.189120E+01 -.153040E+01 0.345427E+01 -.819705E+00 0.257000E+01 0.396257E+02
 -.187280E+01 -.146676E+01 0.345558E+01 -.826869E+00 0.257045E+01 0.345055E+02
 -.184486E+01 -.143183E+01 0.345879E+01 -.818321E+00 0.257000E+01 0.397600E+02
 -.187998E+01 -.146674E+01 0.345380E+01 -.819244E+00 0.257000E+01 0.343175E+02
 -.186878E+01 -.148228E+01 0.345381E+01 -.857120E+00 0.257010E+01 0.393178E+02
 -.187970E+01 -.147066E+01 0.345364E+01 -.820134E+00 0.257011E+01 0.343440E+02
 -.188039E+01 -.146730E+01 0.346680E+01 -.823099E+00 0.257031E+01 0.351611E+02
 -.190713E+01 -.146723E+01 0.345543E+01 -.819278E+00 0.257008E+01 0.356472E+02
 -.187308E+01 -.147400E+01 0.344141E+01 -.809489E+00 0.257509E+01 0.352086E+02
 -.188037E+01 -.146679E+01 0.345384E+01 -.818702E+00 0.257018E+01 0.343217E+02
 -.188460E+01 -.147187E+01 0.346039E+01 -.821976E+00 0.257107E+01 0.344076E+02
 -.187834E+01 -.146647E+01 0.345369E+01 -.819437E+00 0.257013E+01 0.343121E+02
 -.187747E+01 -.146867E+01 0.345371E+01 -.818443E+00 0.257007E+01 0.343217E+02
 -.187980E+01 -.146642E+01 0.345241E+01 -.815024E+00 0.257007E+01 0.343636E+02
 -.189759E+01 -.146811E+01 0.346085E+01 -.820464E+00 0.259816E+01 0.390823E+02
 -.188012E+01 -.148416E+01 0.345982E+01 -.858355E+00 0.257008E+01 0.386262E+02
 -.187393E+01 -.148027E+01 0.345090E+01 -.817458E+00 0.257030E+01 0.345737E+02
 -.187805E+01 -.146067E+01 0.345261E+01 -.815786E+00 0.257012E+01 0.343958E+02
 -.188624E+01 -.146972E+01 0.345057E+01 -.819232E+00 0.257044E+01 0.346834E+02
 -.189273E+01 -.147808E+01 0.346812E+01 -.826036E+00 0.257006E+01 0.348912E+02
 -.187771E+01 -.146688E+01 0.345389E+01 -.821398E+00 0.257007E+01 0.343238E+02
 -.187953E+01 -.146677E+01 0.345819E+01 -.814935E+00 0.257009E+01 0.346892E+02
 -.188093E+01 -.145557E+01 0.345436E+01 -.816340E+00 0.258958E+01 0.365877E+02
 -.187849E+01 -.145241E+01 0.345296E+01 -.819067E+00 0.257007E+01 0.346066E+02
 -.182345E+01 -.146706E+01 0.343361E+01 -.826149E+00 0.257032E+01 0.379823E+02
 -.187844E+01 -.146722E+01 0.345348E+01 -.818770E+00 0.257017E+01 0.343130E+02
 -.187913E+01 -.146933E+01 0.345366E+01 -.819885E+00 0.257011E+01 0.343256E+02
 -.187796E+01 -.145997E+01 0.345386E+01 -.817815E+00 0.257021E+01 0.343922E+02
 -.187614E+01 -.147086E+01 0.345745E+01 -.801124E+00 0.257005E+01 0.365923E+02
 -.187696E+01 -.146677E+01 0.345416E+01 -.819416E+00 0.257023E+01 0.343179E+02
 -.187415E+01 -.146348E+01 0.345548E+01 -.819984E+00 0.257000E+01 0.344162E+02
 -.184791E+01 -.146880E+01 0.344779E+01 -.818496E+00 0.257591E+01 0.356606E+02
 -.187978E+01 -.146920E+01 0.345346E+01 -.825418E+00 0.257011E+01 0.345011E+02
 -.187801E+01 -.144893E+01 0.344652E+01 -.819109E+00 0.257023E+01 0.350929E+02
 -.182664E+01 -.146565E+01 0.343470E+01 -.815739E+00 0.257004E+01 0.366042E+02
 -.186477E+01 -.146707E+01 0.345301E+01 -.817407E+00 0.257053E+01 0.346273E+02
 -.187932E+01 -.148179E+01 0.345587E+01 -.830710E+00 0.257000E+01 0.349742E+02
 -.186790E+01 -.146813E+01 0.345807E+01 -.817887E+00 0.257004E+01 0.349871E+02
 -.188869E+01 -.146618E+01 0.345550E+01 -.823325E+00 0.257013E+01 0.345111E+02
 -.187526E+01 -.145884E+01 0.345069E+01 -.823413E+00 0.257117E+01 0.346501E+02
 -.188364E+01 -.146608E+01 0.345528E+01 -.818482E+00 0.257015E+01 0.343531E+02
 -.187816E+01 -.146335E+01 0.345201E+01 -.818711E+00 0.257020E+01 0.343427E+02
 -.186635E+01 -.146671E+01 0.345545E+01 -.808565E+00 0.258643E+01 0.350451E+02
 -.187959E+01 -.146309E+01 0.345377E+01 -.833363E+00 0.257339E+01 0.355756E+02
 -.187783E+01 -.147037E+01 0.344720E+01 -.819372E+00 0.257027E+01 0.346685E+02
 -.187922E+01 -.148423E+01 0.345406E+01 -.798644E+00 0.257000E+01 0.365540E+02
 -.188013E+01 -.146827E+01 0.345164E+01 -.822732E+00 0.257006E+01 0.344875E+02
 -.187833E+01 -.146681E+01 0.345351E+01 -.819416E+00 0.257008E+01 0.343122E+02
 -.188000E+01 -.144458E+01 0.345200E+01 -.814746E+00 0.257000E+01 0.350920E+02
 -.187864E+01 -.146704E+01 0.345464E+01 -.817932E+00 0.257043E+01 0.343287E+02
 -.187915E+01 -.146675E+01 0.345643E+01 -.809761E+00 0.257000E+01 0.349758E+02
 -.187741E+01 -.145964E+01 0.345401E+01 -.826502E+00 0.257507E+01 0.350154E+02
 -.188073E+01 -.146738E+01 0.345869E+01 -.819276E+00 0.257062E+01 0.344276E+02
 -.187810E+01 -.146034E+01 0.345524E+01 -.820368E+00 0.257003E+01 0.343856E+02
 -.190632E+01 -.146602E+01 0.345193E+01 -.819786E+00 0.257010E+01 0.361176E+02
 -.187747E+01 -.146421E+01 0.345507E+01 -.819267E+00 0.257048E+01 0.343389E+02
 -.185329E+01 -.145886E+01 0.344499E+01 -.792439E+00 0.257113E+01 0.368968E+02
 -.191783E+01 -.145729E+01 0.344042E+01 -.817332E+00 0.257002E+01 0.410888E+02
 -.186773E+01 -.146639E+01 0.345349E+01 -.818953E+00 0.257004E+01 0.345093E+02
 -.187911E+01 -.142446E+01 0.345417E+01 -.820667E+00 0.257014E+01 0.370302E+02
 -.187554E+01 -.146326E+01 0.345427E+01 -.843859E+00 0.257009E+01 0.363090E+02
 -.188159E+01 -.146730E+01 0.345561E+01 -.805564E+00 0.257060E+01 0.352270E+02
 -.188195E+01 -.146770E+01 0.345392E+01 -.819024E+00 0.257004E+01 0.343377E+02
 -.186794E+01 -.148441E+01 0.345623E+01 -.795841E+00 0.257011E+01 0.382698E+02
 -.188068E+01 -.147134E+01 0.345387E+01 -.820273E+00 0.257000E+01 0.343585E+02
 -.188047E+01 -.146862E+01 0.346049E+01 -.822552E+00 0.257019E+01 0.344704E+02
 -.187189E+01 -.146948E+01 0.345509E+01 -.820879E+00 0.257012E+01 0.344298E+02
 -.187521E+01 -.146377E+01 0.345648E+01 -.822911E+00 0.257112E+01 0.343993E+02
 -.187663E+01 -.146848E+01 0.346874E+01 -.814388E+00 0.257022E+01 0.370041E+02
 -.187844E+01 -.146683E+01 0.345378E+01 -.819259E+00 0.257013E+01 0.343121E+02
 -.187834E+01 -.146660E+01 0.345373E+01 -.819426E+00 0.257010E+01 0.343119E+02
 -.187776E+01 -.146629E+01 0.345400E+01 -.818857E+00 0.257004E+01 0.343174E+02
 -.187954E+01 -.146569E+01 0.345513E+01 -.816690E+00 0.257000E+01 0.343867E+02
 -.187599E+01 -.146988E+01 0.345176E+01 -.822037E+00 0.259074E+01 0.383520E+02
 -.187945E+01 -.148162E+01 0.345657E+01 -.818849E+00 0.257015E+01 0.346482E+02
 -.187854E+01 -.149652E+01 0.345529E+01 -.823372E+00 0.257023E+01 0.355054E+02
 -.188280E+01 -.147472E+01 0.343940E+01 -.818707E+00 0.257015E+01 0.363362E+02
 -.188045E+01 -.146610E+01 0.342848E+01 -.831496E+00 0.257018E+01 0.422275E+02
 -.189395E+01 -.153225E+01 0.345448E+01 -.820563E+00 0.257008E+01 0.400837E+02
 -.187806E+01 -.146697E+01 0.345386E+01 -.821456E+00 0.257006E+01 0.343251E+02
 -.187533E+01 -.146220E+01 0.346566E+01 -.838446E+00 0.257000E+01 0.351265E+02
 -.187830E+01 -.148196E+01 0.345338E+01 -.818657E+00 0.257027E+01 0.346225E+02
 -.185676E+01 -.146793E+01 0.344636E+01 -.818511E+00 0.257000E+01 0.347158E+02
 -.187861E+01 -.146683E+01 0.345392E+01 -.818009E+00 0.257013E+01 0.343213E+02
 -.187745E+01 -.147208E+01 0.345399E+01 -.819534E+00 0.257000E+01 0.343512E+02
 -.187720E+01 -.145637E+01 0.345357E+01 -.813743E+00 0.257013E+01 0.346159E+02
 -.187702E+01 -.146818E+01 0.345406E+01 -.819142E+00 0.257006E+01 0.343210E+02
 -.186685E+01 -.150892E+01 0.345071E+01 -.797304E+00 0.257006E+01 0.383187E+02
 -.187468E+01 -.146566E+01 0.345233E+01 -.819241E+00 0.257028E+01 0.343247E+02
 -.181894E+01 -.146063E+01 0.345549E+01 -.816599E+00 0.257224E+01 0.415792E+02
 -.188043E+01 -.146498E+01 0.345309E+01 -.819873E+00 0.257000E+01 0.343397E+02
 -.187774E+01 -.141040E+01 0.344244E+01 -.819221E+00 0.257000E+01 0.398810E+02
 -.190800E+01 -.146724E+01 0.345388E+01 -.824269E+00 0.257004E+01 0.362619E+02
 -.188145E+01 -.146786E+01 0.345235E+01 -.822671E+00 0.257010E+01 0.344693E+02
 -.188213E+01 -.147036E+01 0.346632E+01 -.815920E+00 0.257007E+01 0.357657E+02
 -.188109E+01 -.146796E+01 0.345274E+01 -.826028E+00 0.257002E+01 0.346004E+02
 -.187990E+01 -.147322E+01 0.345973E+01 -.825388E+00 0.257000E+01 0.344568E+02
 -.191429E+01 -.146607E+01 0.346055E+01 -.824275E+00 0.257018E+01 0.358890E+02
 -.187828E+01 -.146298E+01 0.345499E+01 -.825812E+00 0.257016E+01 0.344372E+02
 -.189699E+01 -.146632E+01 0.345576E+01 -.795032E+00 0.257027E+01 0.371702E+02
 -.188147E+01 -.146971E+01 0.345378E+01 -.817350E+00 0.257176E+01 0.343532E+02
 -.187895E+01 -.146951E+01 0.345929E+01 -.818887E+00 0.257008E+01 0.345675E+02
 -.187999E+01 -.146819E+01 0.345381E+01 -.817281E+00 0.257026E+01 0.343320E+02
 -.188064E+01 -.146545E+01 0.344435E+01 -.822441E+00 0.257007E+01 0.353821E+02
 -.187816E+01 -.146682E+01 0.345374E+01 -.819392E+00 0.257004E+01 0.343118E+02
 -.188674E+01 -.146250E+01 0.345153E+01 -.796206E+00 0.257179E+01 0.359382E+02
 -.187895E+01 -.146703E+01 0.345379E+01 -.818413E+00 0.257035E+01 0.343148E+02
 -.188049E+01 -.146709E+01 0.345483E+01 -.821749E+00 0.257001E+01 0.343260E+02
 -.186869E+01 -.146724E+01 0.345637E+01 -.818471E+00 0.257000E+01 0.347117E+02
 -.187978E+01 -.146668E+01 0.345437E+01 -.819542E+00 0.257030E+01 0.343144E+02
 -.187824E+01 -.146115E+01 0.345338E+01 -.819788E+00 0.257009E+01 0.343574E+02
 -.187104E+01 -.146551E+01 0.345327E+01 -.819602E+00 0.257020E+01 0.343912E+02
 -.188839E+01 -.146780E+01 0.345590E+01 -.819584E+00 0.257012E+01 0.344321E+02
 -.185486E+01 -.146471E+01 0.346371E+01 -.824210E+00 0.257000E+01 0.369410E+02
 -.188958E+01 -.145093E+01 0.343445E+01 -.825380E+00 0.257003E+01 0.397716E+02
 -.185326E+01 -.146615E+01 0.345380E+01 -.819349E+00 0.257006E+01 0.354884E+02
 -.187459E+01 -.152186E+01 0.345406E+01 -.820219E+00 0.257000E+01 0.380476E+02
 -.187773E+01 -.146642E+01 0.345255E+01 -.800487E+00 0.257015E+01 0.356795E+02
 -.188555E+01 -.146724E+01 0.345196E+01 -.791860E+00 0.257038E+01 0.370987E+02
 -.193112E+01 -.149062E+01 0.348087E+01 -.825806E+00 0.257000E+01 0.376089E+02
 -.188170E+01 -.146716E+01 0.345395E+01 -.819334E+00 0.257003E+01 0.343334E+02
 -.187663E+01 -.146249E+01 0.345504E+01 -.820163E+00 0.257014E+01 0.343618E+02
 -.187804E+01 -.146652E+01 0.343965E+01 -.814388E+00 0.257007E+01 0.353297E+02
 -.185275E+01 -.146781E+01 0.345364E+01 -.819706E+00 0.257000E+01 0.354988E+02
 -.187787E+01 -.145767E+01 0.346683E+01 -.831182E+00 0.257000E+01 0.351141E+02
 -.188566E+01 -.146936E+01 0.347180E+01 -.818673E+00 0.257000E+01 0.364597E+02
 -.187682E+01 -.146680E+01 0.345372E+01 -.819840E+00 0.257001E+01 0.343146E+02
 -.189590E+01 -.146607E+01 0.343872E+01 -.818516E+00 0.257001E+01 0.378748E+02
 -.187834E+01 -.146694E+01 0.345383E+01 -.819403E+00 0.257007E+01 0.343120E+02
 -.187795E+01 -.146520E+01 0.345387E+01 -.819540E+00 0.257003E+01 0.343159E+02
 -.187775E+01 -.146636E+01 0.345592E+01 -.827054E+00 0.257005E+01 0.344388E+02
 -.189338E+01 -.146446E+01 0.346464E+01 -.815486E+00 0.258101E+01 0.343638E+02
 -.188256E+01 -.146508E+01 0.345330E+01 -.777162E+00 0.257001E+01 0.425143E+02
 -.188922E+01 -.145909E+01 0.345863E+01 -.819995E+00 0.257005E+01 0.345208E+02
 -.187796E+01 -.144786E+01 0.345761E+01 -.825981E+00 0.257005E+01 0.349164E+02
 -.187437E+01 -.147058E+01 0.345188E+01 -.816718E+00 0.257026E+01 0.343454E+02
 -.189327E+01 -.141366E+01 0.346225E+01 -.820670E+00 0.257006E+01 0.390574E+02
 -.187819E+01 -.146700E+01 0.345345E+01 -.819734E+00 0.257005E+01 0.343131E+02
 -.187249E+01 -.146454E+01 0.346145E+01 -.824659E+00 0.257017E+01 0.348206E+02
 -.188333E+01 -.147314E+01 0.348967E+01 -.815321E+00 0.260394E+01 0.362169E+02
 -.187797E+01 -.149504E+01 0.345393E+01 -.820973E+00 0.257024E+01 0.353722E+02
 -.190186E+01 -.146780E+01 0.345765E+01 -.813586E+00 0.257043E+01 0.351052E+02
 -.187839E+01 -.146657E+01 0.345415E+01 -.819968E+00 0.257013E+01 0.343126E+02
 -.187709E+01 -.146759E+01 0.345419E+01 -.819118E+00 0.257033E+01 0.343188E+02
 -.187700E+01 -.146793E+01 0.345405E+01 -.811095E+00 0.257004E+01 0.346466E+02
 -.186417E+01 -.146748E+01 0.341774E+01 -.818314E+00 0.257002E+01 0.412423E+02
 -.188507E+01 -.146397E+01 0.345523E+01 -.863639E+00 0.257005E+01 0.408229E+02
 -.187897E+01 -.146698E+01 0.345402E+01 -.819380E+00 0.257006E+01 0.343130E+02
 -.187712E+01 -.146775E+01 0.345121E+01 -.818665E+00 0.257025E+01 0.343420E+02
 -.186665E+01 -.146283E+01 0.347135E+01 -.819939E+00 0.257233E+01 0.375894E+02
 -.187817E+01 -.146331E+01 0.345459E+01 -.815824E+00 0.257008E+01 0.344205E+02
 -.187718E+01 -.141809E+01 0.346034E+01 -.819265E+00 0.257024E+01 0.385404E+02
 -.188213E+01 -.144920E+01 0.345306E+01 -.791811E+00 0.257000E+01 0.380660E+02
 -.191527E+01 -.146692E+01 0.345447E+01 -.819778E+00 0.257000E+01 0.367674E+02
 -.188217E+01 -.145618E+01 0.345034E+01 -.815907E+00 0.257010E+01 0.345782E+02
 -.188602E+01 -.146688E+01 0.345992E+01 -.816389E+00 0.257005E+01 0.346441E+02
 -.187144E+01 -.146827E+01 0.345396E+01 -.816876E+00 0.257000E+01 0.344638E+02
 -.187899E+01 -.147761E+01 0.346045E+01 -.818868E+00 0.257087E+01 0.347333E+02
 -.184355E+01 -.146689E+01 0.345081E+01 -.825421E+00 0.257009E+01 0.360915E+02
 -.187818E+01 -.146698E+01 0.345548E+01 -.814485E+00 0.257012E+01 0.345087E+02
 -.191348E+01 -.146624E+01 0.345710E+01 -.810204E+00 0.257000E+01 0.362317E+02
 -.187987E+01 -.147087E+01 0.345372E+01 -.806545E+00 0.257000E+01 0.350086E+02
 -.187920E+01 -.146745E+01 0.345957E+01 -.819521E+00 0.257010E+01 0.345483E+02
 -.187859E+01 -.145533E+01 0.345313E+01 -.834811E+00 0.257033E+01 0.354573E+02
 -.187803E+01 -.146561E+01 0.345882E+01 -.816106E+00 0.257018E+01 0.347113E+02
 -.180089E+01 -.146745E+01 0.342941E+01 -.809510E+00 0.257065E+01 0.396060E+02
 -.187802E+01 -.146683E+01 0.345393E+01 -.819373E+00 0.257000E+01 0.343129E+02
 -.188017E+01 -.148129E+01 0.345814E+01 -.820349E+00 0.257065E+01 0.346391E+02
 -.187720E+01 -.146705E+01 0.345305E+01 -.819122E+00 0.257022E+01 0.343128E+02
 -.188078E+01 -.146699E+01 0.345313E+01 -.830463E+00 0.257003E+01 0.348894E+02
 -.187800E+01 -.147393E+01 0.345513E+01 -.808394E+00 0.257384E+01 0.346511E+02
 -.187842E+01 -.146633E+01 0.345005E+01 -.819603E+00 0.257000E+01 0.344210E+02
 -.187833E+01 -.147167E+01 0.345256E+01 -.818792E+00 0.257000E+01 0.343529E+02
 -.185202E+01 -.146508E+01 0.345332E+01 -.820118E+00 0.257012E+01 0.355249E+02
 -.187839E+01 -.146747E+01 0.345446E+01 -.819335E+00 0.257014E+01 0.343163E+02
 -.189075E+01 -.146962E+01 0.345173E+01 -.837158E+00 0.257128E+01 0.368282E+02
 -.185662E+01 -.145972E+01 0.345580E+01 -.824623E+00 0.257005E+01 0.354132E+02
 -.186555E+01 -.146675E+01 0.345423E+01 -.820277E+00 0.257007E+01 0.346296E+02
 -.187605E+01 -.146698E+01 0.345518E+01 -.839084E+00 0.257025E+01 0.355271E+02
 -.187812E+01 -.153882E+01 0.345453E+01 -.819107E+00 0.257028E+01 0.404649E+02
 -.187772E+01 -.146840E+01 0.345303E+01 -.798287E+00 0.257007E+01 0.361493E+02
 -.187703E+01 -.146692E+01 0.345126E+01 -.816234E+00 0.257019E+01 0.343268E+02
 -.188237E+01 -.152277E+01 0.350000E+01 -.827517E+00 0.259650E+01 0.419521E+02
 -.187820E+01 -.146666E+01 0.345367E+01 -.819800E+00 0.257000E+01 0.343121E+02
 -.187324E+01 -.145917E+01 0.345308E+01 -.842334E+00 0.257000E+01 0.362416E+02
 -.185048E+01 -.144879E+01 0.347335E+01 -.830294E+00 0.257144E+01 0.404315E+02
 -.188186E+01 -.149949E+01 0.347834E+01 -.840444E+00 0.257004E+01 0.374078E+02
 -.187860E+01 -.146579E+01 0.345427E+01 -.819070E+00 0.257015E+01 0.343168E+02
 -.187798E+01 -.146558E+01 0.345132E+01 -.814470E+00 0.257000E+01 0.343596E+02
 -.187257E+01 -.146555E+01 0.345354E+01 -.818548E+00 0.257012E+01 0.343754E+02
 -.187652E+01 -.146853E+01 0.344684E+01 -.824070E+00 0.257226E+01 0.352730E+02
 -.188705E+01 -.146526E+01 0.342382E+01 -.815808E+00 0.257033E+01 0.417279E+02
 -.187732E+01 -.146682E+01 0.345378E+01 -.819504E+00 0.257002E+01 0.343132E+02
 -.192219E+01 -.147141E+01 0.344297E+01 -.818976E+00 0.257055E+01 0.414985E+02
 -.187831E+01 -.146683E+01 0.345371E+01 -.819348E+00 0.257009E+01 0.343119E+02
 -.187794E+01 -.146726E+01 0.345353E+01 -.819282E+00 0.257009E+01 0.343120E+02
 -.187889E+01 -.146739E+01 0.345445E+01 -.827129E+00 0.257002E+01 0.345040E+02
 -.190467E+01 -.146172E+01 0.346087E+01 -.813225E+00 0.257000E+01 0.353700E+02
 -.188529E+01 -.145189E+01 0.344971E+01 -.819361E+00 0.257015E+01 0.349562E+02
 -.187761E+01 -.144288E+01 0.345391E+01 -.822289E+00 0.257000E+01 0.351589E+02
 -.187167E+01 -.146648E+01 0.346426E+01 -.816168E+00 0.257037E+01 0.359714E+02
 -.187721E+01 -.150824E+01 0.345110E+01 -.815193E+00 0.257091E+01 0.365333E+02
 -.187827E+01 -.146699E+01 0.345319E+01 -.818234E+00 0.257005E+01 0.343146E+02
 -.188088E+01 -.146550E+01 0.345532E+01 -.813447E+00 0.257014E+01 0.345315E+02
 -.190488E+01 -.145807E+01 0.344285E+01 -.820521E+00 0.258177E+01 0.415197E+02
 -.187817E+01 -.144970E+01 0.345435E+01 -.821984E+00 0.257008E+01 0.347421E+02
 -.189848E+01 -.146680E+01 0.345690E+01 -.813786E+00 0.257009E+01 0.349395E+02
 -.187794E+01 -.146673E+01 0.345390E+01 -.820817E+00 0.257012E+01 0.343178E+02
 -.187818E+01 -.146387E+01 0.345398E+01 -.819425E+00 0.257057E+01 0.343245E+02
 -.187770E+01 -.147638E+01 0.345467E+01 -.824679E+00 0.257007E+01 0.345179E+02
 -.187637E+01 -.145899E+01 0.347881E+01 -.818117E+00 0.257000E+01 0.402601E+02
 -.187943E+01 -.146600E+01 0.345377E+01 -.819575E+00 0.257003E+01 0.343157E+02
 -.187830E+01 -.146603E+01 0.345117E+01 -.819433E+00 0.257000E+01 0.343605E+02
 -.192720E+01 -.146660E+01 0.346156E+01 -.825182E+00 0.257446E+01 0.378125E+02
 -.187786E+01 -.146697E+01 0.345620E+01 -.815484E+00 0.257007E+01 0.345153E+02
 -.187744E+01 -.149867E+01 0.346985E+01 -.818503E+00 0.257027E+01 0.376102E+02
 -.184329E+01 -.146692E+01 0.345383E+01 -.807595E+00 0.257034E+01 0.377085E+02
 -.188196E+01 -.146706E+01 0.345103E+01 -.820286E+00 0.257001E+01 0.344734E+02
 -.187853E+01 -.146416E+01 0.344537E+01 -.819218E+00 0.257002E+01 0.348392E+02
 -.187514E+01 -.146551E+01 0.345549E+01 -.812659E+00 0.257008E+01 0.347116E+02
 -.187728E+01 -.146465E+01 0.345215E+01 -.818310E+00 0.257016E+01 0.343233E+02
 -.186914E+01 -.146641E+01 0.344835E+01 -.815026E+00 0.257001E+01 0.343617E+02
 -.187805E+01 -.146498E+01 0.345145E+01 -.810726E+00 0.257004E+01 0.345076E+02
 -.186127E+01 -.146758E+01 0.345478E+01 -.823781E+00 0.259227E+01 0.382402E+02
 -.187789E+01 -.146453E+01 0.345376E+01 -.813878E+00 0.257160E+01 0.343852E+02
 -.187563E+01 -.146605E+01 0.344341E+01 -.819968E+00 0.257021E+01 0.350520E+02
 -.187753E+01 -.146292E+01 0.345241E+01 -.833204E+00 0.257001E+01 0.351628E+02
 -.189827E+01 -.149945E+01 0.350000E+01 -.819360E+00 0.259685E+01 0.379706E+02
 -.187801E+01 -.147086E+01 0.346313E+01 -.815965E+00 0.257015E+01 0.353498E+02
 -.187816E+01 -.146682E+01 0.345376E+01 -.819390E+00 0.257005E+01 0.343119E+02
 -.187416E+01 -.146715E+01 0.345838E+01 -.836873E+00 0.257000E+01 0.350041E+02
 -.187697E+01 -.146708E+01 0.345389E+01 -.819803E+00 0.257000E+01 0.343151E+02
 -.188017E+01 -.146694E+01 0.345421E+01 -.825297E+00 0.257004E+01 0.344420E+02
 -.188720E+01 -.147379E+01 0.345199E+01 -.812940E+00 0.257310E+01 0.346487E+02
 -.187838E+01 -.146637E+01 0.344744E+01 -.819393E+00 0.257049E+01 0.346526E+02
 -.187821E+01 -.147197E+01 0.345417E+01 -.818996E+00 0.257009E+01 0.343508E+02
 -.189758E+01 -.146729E+01 0.345257E+01 -.819442E+00 0.257003E+01 0.351532E+02
 -.187023E+01 -.146698E+01 0.345243E+01 -.819177E+00 0.257014E+01 0.343854E+02
 -.188991E+01 -.146551E+01 0.344188E+01 -.820769E+00 0.257044E+01 0.365970E+02
 -.187798E+01 -.147812E+01 0.346506E+01 -.816037E+00 0.257007E+01 0.358377E+02
 -.187994E+01 -.146782E+01 0.345384E+01 -.820112E+00 0.257005E+01 0.343216E+02
 -.187835E+01 -.142357E+01 0.345440E+01 -.819191E+00 0.257014E+01 0.371807E+02
 -.187574E+01 -.146765E+01 0.345566E+01 -.830576E+00 0.257001E+01 0.346378E+02
 -.187984E+01 -.146520E+01 0.345402E+01 -.819583E+00 0.257002E+01 0.343191E+02
 -.187262E+01 -.146677E+01 0.345485E+01 -.840552E+00 0.257054E+01 0.357845E+02
 -.187536E+01 -.146634E+01 0.345355E+01 -.819835E+00 0.257006E+01 0.343233E+02
 -.186954E+01 -.145699E+01 0.345225E+01 -.869672E+00 0.257006E+01 0.426349E+02
 -.188003E+01 -.147036E+01 0.345375E+01 -.820220E+00 0.257004E+01 0.343427E+02
 -.187795E+01 -.146493E+01 0.346414E+01 -.815354E+00 0.257010E+01 0.356516E+02
 -.189787E+01 -.146779E+01 0.345405E+01 -.818124E+00 0.257010E+01 0.349887E+02
 -.187488E+01 -.147328E+01 0.344275E+01 -.809709E+00 0.257237E+01 0.348219E+02
 -.187081E+01 -.145638E+01 0.343123E+01 -.805316E+00 0.257021E+01 0.358213E+02
 -.187963E+01 -.146685E+01 0.345382E+01 -.818885E+00 0.257006E+01 0.343162E+02
 -.188905E+01 -.147000E+01 0.346269E+01 -.822274E+00 0.257100E+01 0.344630E+02
 -.187818E+01 -.146673E+01 0.345363E+01 -.819366E+00 0.257009E+01 0.343118E+02
 -.187801E+01 -.146854E+01 0.345345E+01 -.819212E+00 0.257008E+01 0.343160E+02
 -.188011E+01 -.146652E+01 0.345279E+01 -.818184E+00 0.257000E+01 0.343292E+02
 -.189831E+01 -.146553E+01 0.345286E+01 -.815357E+00 0.258756E+01 0.375304E+02
 -.187671E+01 -.148591E+01 0.345538E+01 -.802572E+00 0.257002E+01 0.362435E+02
 -.187345E+01 -.146841E+01 0.344913E+01 -.818415E+00 0.257023E+01 0.343827E+02
 -.187780E+01 -.147034E+01 0.345313E+01 -.816470E+00 0.257015E+01 0.343498E+02
 -.187910E+01 -.146462E+01 0.345239E+01 -.817796E+00 0.257047E+01 0.343330E+02
 -.187187E+01 -.146695E+01 0.342807E+01 -.815175E+00 0.257014E+01 0.377147E+02
 -.187384E+01 -.144545E+01 0.346025E+01 -.823712E+00 0.257008E+01 0.353789E+02
 -.187818E+01 -.146693E+01 0.345326E+01 -.818901E+00 0.257004E+01 0.343123E+02
 -.188421E+01 -.146295E+01 0.345170E+01 -.817004E+00 0.257000E+01 0.344550E+02
 -.187836E+01 -.144422E+01 0.345398E+01 -.821559E+00 0.257000E+01 0.350573E+02
 -.186389E+01 -.146674E+01 0.344571E+01 -.825806E+00 0.257000E+01 0.349990E+02
 -.187812E+01 -.146698E+01 0.345373E+01 -.819502E+00 0.257020E+01 0.343120E+02
 -.187858E+01 -.146750E+01 0.345414E+01 -.819663E+00 0.257000E+01 0.343133E+02
 -.187815E+01 -.146383E+01 0.345374E+01 -.829646E+00 0.257018E+01 0.347239E+02
 -.187437E+01 -.147231E+01 0.345679E+01 -.851460E+00 0.257011E+01 0.372720E+02
 -.187818E+01 -.146573E+01 0.345367E+01 -.819339E+00 0.257008E+01 0.343134E+02
 -.187748E+01 -.146423E+01 0.345450E+01 -.819844E+00 0.257029E+01 0.343270E+02
 -.189093E+01 -.146927E+01 0.344694E+01 -.822423E+00 0.257583E+01 0.367606E+02
 -.187938E+01 -.146924E+01 0.345482E+01 -.824246E+00 0.257006E+01 0.343830E+02
 -.187757E+01 -.148707E+01 0.346123E+01 -.818737E+00 0.257000E+01 0.353048E+02
 -.189179E+01 -.146727E+01 0.343192E+01 -.818028E+00 0.257007E+01 0.395492E+02
 -.183948E+01 -.146688E+01 0.345315E+01 -.811875E+00 0.257047E+01 0.375323E+02
 -.187985E+01 -.147565E+01 0.345331E+01 -.823592E+00 0.257006E+01 0.345352E+02
 -.186696E+01 -.146970E+01 0.344063E+01 -.817798E+00 0.257008E+01 0.349560E+02
 -.188467E+01 -.146557E+01 0.345437E+01 -.820328E+00 0.257009E+01 0.343827E+02
 -.187646E+01 -.145576E+01 0.344640E+01 -.819153E+00 0.257000E+01 0.347734E+02
 -.190796E+01 -.146617E+01 0.345526E+01 -.815289E+00 0.257004E+01 0.356907E+02
 -.187800E+01 -.146502E+01 0.345118E+01 -.813709E+00 0.257019E+01 0.343751E+02
 -.185621E+01 -.146739E+01 0.345235E+01 -.808390E+00 0.258914E+01 0.359675E+02
 -.187742E+01 -.146082E+01 0.345364E+01 -.831069E+00 0.257106E+01 0.349662E+02
 -.187749E+01 -.147056E+01 0.344522E+01 -.819609E+00 0.257013E+01 0.348872E+02
 -.187907E+01 -.147514E+01 0.345262E+01 -.824760E+00 0.257000E+01 0.346008E+02
 -.187962E+01 -.147034E+01 0.344798E+01 -.819365E+00 0.257010E+01 0.346399E+02
 -.190557E+01 -.148977E+01 0.346100E+01 -.818820E+00 0.257012E+01 0.358050E+02
 -.187829E+01 -.146670E+01 0.345347E+01 -.819398E+00 0.257009E+01 0.343123E+02
 -.187092E+01 -.145708E+01 0.345188E+01 -.840989E+00 0.257112E+01 0.364507E+02
 -.187896E+01 -.146720E+01 0.345435E+01 -.819538E+00 0.257033E+01 0.343129E+02
 -.187902E+01 -.146685E+01 0.345562E+01 -.815922E+00 0.257004E+01 0.344396E+02
 -.188398E+01 -.146772E+01 0.345427E+01 -.818644E+00 0.257186E+01 0.343837E+02
 -.187869E+01 -.146715E+01 0.345817E+01 -.819395E+00 0.257061E+01 0.344303E+02
 -.187813E+01 -.146769E+01 0.345486E+01 -.819774E+00 0.257009E+01 0.343205E+02
 -.189482E+01 -.146609E+01 0.345183E+01 -.819872E+00 0.257014E+01 0.350524E+02
 -.187909E+01 -.146687E+01 0.345296E+01 -.819429E+00 0.257009E+01 0.343227E+02
 -.184202E+01 -.146355E+01 0.344741E+01 -.800951E+00 0.257000E+01 0.372537E+02
 -.191982E+01 -.153729E+01 0.346201E+01 -.817930E+00 0.257010E+01 0.423820E+02
 -.190421E+01 -.149076E+01 0.346739E+01 -.813123E+00 0.257008E+01 0.365039E+02
 -.189128E+01 -.146769E+01 0.345340E+01 -.819947E+00 0.257009E+01 0.346778E+02
 -.187969E+01 -.146881E+01 0.345446E+01 -.799460E+00 0.257004E+01 0.361450E+02
 -.187625E+01 -.142930E+01 0.345334E+01 -.820475E+00 0.257000E+01 0.364307E+02
 -.187621E+01 -.146359E+01 0.345673E+01 -.837547E+00 0.257007E+01 0.351705E+02
 -.188047E+01 -.146681E+01 0.345525E+01 -.821019E+00 0.257050E+01 0.343189E+02
 -.187656E+01 -.146685E+01 0.345355E+01 -.819392E+00 0.257009E+01 0.343149E+02
 -.188466E+01 -.146185E+01 0.345496E+01 -.804143E+00 0.257023E+01 0.354165E+02
 -.184353E+01 -.147342E+01 0.344784E+01 -.817276E+00 0.257070E+01 0.357915E+02
 -.187987E+01 -.146857E+01 0.345337E+01 -.820984E+00 0.257002E+01 0.343449E+02
 -.187802E+01 -.146569E+01 0.345527E+01 -.817055E+00 0.257005E+01 0.343923E+02
 -.187382E+01 -.146839E+01 0.345475E+01 -.818486E+00 0.257000E+01 0.344000E+02
 -.187746E+01 -.146102E+01 0.346911E+01 -.810349E+00 0.257000E+01 0.380436E+02
 -.186254E+01 -.145713E+01 0.346322E+01 -.810190E+00 0.257004E+01 0.378713E+02
 -.187850E+01 -.146684E+01 0.345375E+01 -.819366E+00 0.257020E+01 0.343121E+02
 -.185472E+01 -.146971E+01 0.347411E+01 -.823421E+00 0.257107E+01 0.402007E+02
 -.187807E+01 -.146666E+01 0.345356E+01 -.819381E+00 0.257008E+01 0.343117E+02
 -.187812E+01 -.146720E+01 0.345364E+01 -.819459E+00 0.257008E+01 0.343120E+02
 -.187897E+01 -.146574E+01 0.345380E+01 -.813690E+00 0.257003E+01 0.344523E+02
 -.187736E+01 -.146862E+01 0.346073E+01 -.822555E+00 0.257700E+01 0.345030E+02
 -.186740E+01 -.148005E+01 0.344990E+01 -.818029E+00 0.257006E+01 0.346350E+02
 -.187837E+01 -.148790E+01 0.345696E+01 -.816679E+00 0.257021E+01 0.350316E+02
 -.188374E+01 -.146492E+01 0.344431E+01 -.819171E+00 0.257029E+01 0.353274E+02
 -.187607E+01 -.146487E+01 0.344264E+01 -.831435E+00 0.257000E+01 0.366340E+02
 -.188007E+01 -.154398E+01 0.345533E+01 -.819756E+00 0.257012E+01 0.413087E+02
 -.187726E+01 -.140943E+01 0.345708E+01 -.810798E+00 0.257243E+01 0.400971E+02
 -.187811E+01 -.146669E+01 0.345357E+01 -.819590E+00 0.257005E+01 0.343120E+02
 -.187873E+01 -.146124E+01 0.345323E+01 -.824237E+00 0.257018E+01 0.344680E+02
 -.187832E+01 -.148703E+01 0.345351E+01 -.819616E+00 0.257015E+01 0.348610E+02
 -.183024E+01 -.146694E+01 0.344824E+01 -.829072E+00 0.257022E+01 0.376533E+02
 -.187826E+01 -.146674E+01 0.345342E+01 -.818437E+00 0.257011E+01 0.343138E+02
 -.187863E+01 -.147025E+01 0.345390E+01 -.819625E+00 0.257025E+01 0.343293E+02
 -.187809E+01 -.145921E+01 0.345394E+01 -.825081E+00 0.257020E+01 0.345024E+02
 -.187802E+01 -.146659E+01 0.345366E+01 -.819243E+00 0.257011E+01 0.343119E+02
 -.187367E+01 -.146654E+01 0.345582E+01 -.818852E+00 0.257030E+01 0.344419E+02
 -.184914E+01 -.146821E+01 0.344968E+01 -.818748E+00 0.257396E+01 0.354767E+02
 -.188099E+01 -.146596E+01 0.345218E+01 -.824197E+00 0.257000E+01 0.345299E+02
 -.187721E+01 -.144546E+01 0.344647E+01 -.819067E+00 0.257025E+01 0.352584E+02
 -.191147E+01 -.146711E+01 0.345339E+01 -.824444E+00 0.257003E+01 0.368197E+02
 -.187731E+01 -.146730E+01 0.345381E+01 -.824651E+00 0.257018E+01 0.344154E+02
 -.187239E+01 -.147083E+01 0.344819E+01 -.816121E+00 0.257009E+01 0.343832E+02
 -.188532E+01 -.146825E+01 0.345263E+01 -.825580E+00 0.257000E+01 0.347266E+02
 -.187819E+01 -.146025E+01 0.345713E+01 -.818903E+00 0.257041E+01 0.344774E+02
 -.188662E+01 -.146622E+01 0.346026E+01 -.822200E+00 0.257018E+01 0.344017E+02
 -.187822E+01 -.146455E+01 0.345379E+01 -.826876E+00 0.257024E+01 0.345366E+02
 -.189225E+01 -.146687E+01 0.345672E+01 -.800906E+00 0.257845E+01 0.349548E+02
 -.187762E+01 -.146151E+01 0.345349E+01 -.816889E+00 0.257158E+01 0.343578E+02
 -.187879E+01 -.147122E+01 0.346018E+01 -.819014E+00 0.257004E+01 0.346639E+02
 -.187929E+01 -.147513E+01 0.345349E+01 -.808440E+00 0.257024E+01 0.348408E+02
 -.187998E+01 -.146564E+01 0.344173E+01 -.822063E+00 0.257004E+01 0.357994E+02
 -.191089E+01 -.146750E+01 0.350000E+01 -.805927E+00 0.259083E+01 0.397438E+02
 -.187815E+01 -.146662E+01 0.345335E+01 -.819390E+00 0.257006E+01 0.343124E+02
 -.188506E+01 -.146388E+01 0.344963E+01 -.786728E+00 0.257086E+01 0.378128E+02
 -.187847E+01 -.146685E+01 0.345388E+01 -.818760E+00 0.257042E+01 0.343128E+02
 -.187766E+01 -.146684E+01 0.345322E+01 -.813260E+00 0.257004E+01 0.344502E+02
 -.187886E+01 -.146287E+01 0.345521E+01 -.823637E+00 0.257000E+01 0.343654E+02
 -.187874E+01 -.146687E+01 0.346059E+01 -.819541E+00 0.257023E+01 0.346497E+02
 -.187810E+01 -.146287E+01 0.345460E+01 -.819438E+00 0.257007E+01 0.343422E+02
 -.186536E+01 -.146511E+01 0.345362E+01 -.819876E+00 0.257022E+01 0.346075E+02
 -.188524E+01 -.146667E+01 0.345574E+01 -.819498E+00 0.257008E+01 0.343648E+02
 -.182154E+01 -.146374E+01 0.345501E+01 -.808876E+00 0.257127E+01 0.418583E+02
 -.191861E+01 -.147312E+01 0.345213E+01 -.820867E+00 0.257004E+01 0.379692E+02
 -.186402E+01 -.147141E+01 0.344743E+01 -.825471E+00 0.257007E+01 0.348781E+02
 -.188433E+01 -.146679E+01 0.345333E+01 -.819881E+00 0.257007E+01 0.344056E+02
 -.187578E+01 -.148339E+01 0.345505E+01 -.820097E+00 0.257034E+01 0.346975E+02
 -.187913E+01 -.146228E+01 0.345190E+01 -.825410E+00 0.257018E+01 0.346084E+02
 -.188599E+01 -.146663E+01 0.345454E+01 -.804387E+00 0.257001E+01 0.353161E+02
 -.188003E+01 -.146687E+01 0.345361E+01 -.819102E+00 0.257004E+01 0.343203E+02
 -.189265E+01 -.147113E+01 0.345830E+01 -.791762E+00 0.257014E+01 0.385303E+02
 -.187793E+01 -.146404E+01 0.345411E+01 -.818902E+00 0.257006E+01 0.343287E+02
 -.187804E+01 -.146739E+01 0.344123E+01 -.816053E+00 0.257003E+01 0.351913E+02
 -.185927E+01 -.146750E+01 0.345513E+01 -.820692E+00 0.257017E+01 0.350894E+02
 -.187713E+01 -.145792E+01 0.345950E+01 -.830119E+00 0.257257E+01 0.347384E+02
 -.187852E+01 -.146170E+01 0.346368E+01 -.824174E+00 0.257000E+01 0.348434E+02
 -.187734E+01 -.146670E+01 0.345363E+01 -.819679E+00 0.257017E+01 0.343128E+02
 -.186895E+01 -.146567E+01 0.345440E+01 -.819299E+00 0.257024E+01 0.345080E+02
 -.187799E+01 -.146660E+01 0.345351E+01 -.819393E+00 0.257008E+01 0.343118E+02
 -.187817E+01 -.146584E+01 0.345359E+01 -.819458E+00 0.257009E+01 0.343131E+02
 -.187750E+01 -.146621E+01 0.345573E+01 -.813230E+00 0.257006E+01 0.346283E+02
 -.188153E+01 -.146925E+01 0.347058E+01 -.821199E+00 0.257000E+01 0.360932E+02
 -.188613E+01 -.146685E+01 0.345596E+01 -.819762E+00 0.257014E+01 0.343766E+02
 -.189206E+01 -.147175E+01 0.345882E+01 -.820009E+00 0.257011E+01 0.345267E+02
 -.187850E+01 -.147416E+01 0.345572E+01 -.821984E+00 0.257023E+01 0.343980E+02
 -.188261E+01 -.146540E+01 0.345706E+01 -.819683E+00 0.257029E+01 0.343522E+02
 -.189042E+01 -.146532E+01 0.347375E+01 -.832964E+00 0.257017E+01 0.351726E+02
 -.190065E+01 -.144773E+01 0.345229E+01 -.822270E+00 0.257008E+01 0.360329E+02
 -.187804E+01 -.146647E+01 0.345381E+01 -.819901E+00 0.257008E+01 0.343124E+02
 -.186956E+01 -.146019E+01 0.345997E+01 -.825016E+00 0.257017E+01 0.348928E+02
 -.188607E+01 -.147068E+01 0.350000E+01 -.816187E+00 0.260964E+01 0.372879E+02
 -.187795E+01 -.150571E+01 0.345359E+01 -.819163E+00 0.257025E+01 0.362471E+02
 -.187081E+01 -.146686E+01 0.345080E+01 -.820419E+00 0.257002E+01 0.343766E+02
 -.187800E+01 -.146675E+01 0.345369E+01 -.817849E+00 0.257007E+01 0.343222E+02
 -.187828E+01 -.147218E+01 0.345349E+01 -.819520E+00 0.257000E+01 0.343525E+02
 -.187772E+01 -.146477E+01 0.345496E+01 -.820236E+00 0.257007E+01 0.343284E+02
 -.184386E+01 -.146882E+01 0.346170E+01 -.819478E+00 0.257007E+01 0.384670E+02
 -.188560E+01 -.146464E+01 0.345511E+01 -.836803E+00 0.257004E+01 0.354866E+02
 -.187793E+01 -.146728E+01 0.345352E+01 -.819295E+00 0.257013E+01 0.343121E+02
 -.187330E+01 -.146776E+01 0.345009E+01 -.818709E+00 0.257017E+01 0.343521E+02
 -.184054E+01 -.146221E+01 0.346139E+01 -.818192E+00 0.257119E+01 0.390006E+02
 -.187749E+01 -.146382E+01 0.345181E+01 -.820235E+00 0.257012E+01 0.343588E+02
 -.187760E+01 -.145146E+01 0.345570E+01 -.819250E+00 0.257023E+01 0.347041E+02
 -.189533E+01 -.146692E+01 0.345394E+01 -.822743E+00 0.257001E+01 0.349665E+02
 -.184338E+01 -.146062E+01 0.342090E+01 -.810503E+00 0.257009E+01 0.370109E+02
 -.187626E+01 -.146003E+01 0.345393E+01 -.823963E+00 0.257024E+01 0.344457E+02
 -.188480E+01 -.146676E+01 0.345670E+01 -.816738E+00 0.257002E+01 0.344374E+02
 -.187870E+01 -.146706E+01 0.345441E+01 -.824550E+00 0.257016E+01 0.343955E+02
 -.187865E+01 -.147496E+01 0.345659E+01 -.819231E+00 0.257061E+01 0.344382E+02
 -.186150E+01 -.146635E+01 0.345577E+01 -.820972E+00 0.257023E+01 0.349895E+02
 -.187815E+01 -.146423E+01 0.345541E+01 -.825151E+00 0.257015E+01 0.343931E+02
 -.189420E+01 -.146706E+01 0.345822E+01 -.802054E+00 0.257623E+01 0.351582E+02
 -.187989E+01 -.147118E+01 0.345357E+01 -.809780E+00 0.257074E+01 0.346343E+02
 -.187752E+01 -.146714E+01 0.346182E+01 -.819062E+00 0.257011E+01 0.348878E+02
 -.187906E+01 -.146196E+01 0.345382E+01 -.811941E+00 0.257027E+01 0.345711E+02
 -.187918E+01 -.146693E+01 0.345510E+01 -.821903E+00 0.257009E+01 0.343217E+02
 -.187801E+01 -.146673E+01 0.345349E+01 -.819383E+00 0.257003E+01 0.343117E+02
 -.187718E+01 -.146667E+01 0.345266E+01 -.818477E+00 0.257037E+01 0.343140E+02
 -.188070E+01 -.146682E+01 0.345360E+01 -.819620E+00 0.257009E+01 0.343283E+02
 -.187367E+01 -.146281E+01 0.345449E+01 -.826589E+00 0.257094E+01 0.345457E+02
 -.187954E+01 -.146645E+01 0.345634E+01 -.819484E+00 0.257000E+01 0.343542E+02
 -.187822E+01 -.146386E+01 0.345368E+01 -.819055E+00 0.257000E+01 0.343249E+02
 -.185654E+01 -.146536E+01 0.345310E+01 -.819540E+00 0.257009E+01 0.351209E+02
 -.188599E+01 -.146732E+01 0.345293E+01 -.819346E+00 0.257010E+01 0.344675E+02
 -.191369E+01 -.146540E+01 0.344578E+01 -.819081E+00 0.257000E+01 0.386112E+02
 -.184065E+01 -.141454E+01 0.344238E+01 -.823094E+00 0.257002E+01 0.401097E+02
 -.183596E+01 -.145367E+01 0.343626E+01 -.826468E+00 0.257007E+01 0.370216E+02
 -.187098E+01 -.146633E+01 0.345404E+01 -.819130E+00 0.257005E+01 0.344257E+02
 -.187715E+01 -.150754E+01 0.345511E+01 -.818991E+00 0.257016E+01 0.364149E+02
 -.187957E+01 -.146576E+01 0.345222E+01 -.813873E+00 0.257006E+01 0.343929E+02
 -.188111E+01 -.146666E+01 0.345389E+01 -.810858E+00 0.257014E+01 0.346054E+02
 -.187978E+01 -.146666E+01 0.345364E+01 -.819980E+00 0.257002E+01 0.343199E+02
 -.188995E+01 -.147778E+01 0.345850E+01 -.809364E+00 0.257000E+01 0.352693E+02
 -.191643E+01 -.146663E+01 0.346189E+01 -.834545E+00 0.257085E+01 0.367319E+02
 -.188311E+01 -.141077E+01 0.343455E+01 -.809164E+00 0.257003E+01 0.408422E+02
 -.187741E+01 -.146519E+01 0.345418E+01 -.818001E+00 0.257022E+01 0.343338E+02
 -.187801E+01 -.146768E+01 0.344322E+01 -.818530E+00 0.257000E+01 0.350651E+02
 -.188318E+01 -.146646E+01 0.345398E+01 -.821753E+00 0.257026E+01 0.343928E+02
 -.187580E+01 -.146234E+01 0.344411E+01 -.836532E+00 0.257102E+01 0.374229E+02
 -.189076E+01 -.146634E+01 0.346093E+01 -.831954E+00 0.257005E+01 0.346273E+02
 -.187695E+01 -.146670E+01 0.345361E+01 -.819154E+00 0.257000E+01 0.343145E+02
 -.190393E+01 -.146848E+01 0.343961E+01 -.818130E+00 0.257000E+01 0.388252E+02
 -.187799E+01 -.146663E+01 0.345360E+01 -.819385E+00 0.257008E+01 0.343117E+02
 -.187787E+01 -.146672E+01 0.345346E+01 -.819270E+00 0.257009E+01 0.343117E+02
 -.187694E+01 -.146699E+01 0.345307E+01 -.817763E+00 0.257002E+01 0.343188E+02
 -.189591E+01 -.146711E+01 0.347577E+01 -.818903E+00 0.257603E+01 0.354471E+02
 -.189895E+01 -.145579E+01 0.346139E+01 -.820652E+00 0.257016E+01 0.348724E+02
 -.187785E+01 -.144610E+01 0.345375E+01 -.823540E+00 0.257018E+01 0.349776E+02
 -.187745E+01 -.146570E+01 0.346419E+01 -.819028E+00 0.257015E+01 0.352678E+02
 -.188344E+01 -.146815E+01 0.347935E+01 -.814323E+00 0.257015E+01 0.402515E+02
 -.189611E+01 -.142226E+01 0.346504E+01 -.822855E+00 0.257004E+01 0.377799E+02
 -.187807E+01 -.146644E+01 0.345366E+01 -.819394E+00 0.257007E+01 0.343119E+02
 -.186842E+01 -.146558E+01 0.346148E+01 -.824289E+00 0.257005E+01 0.350953E+02
 -.187781E+01 -.147249E+01 0.345364E+01 -.818821E+00 0.257013E+01 0.343564E+02
 -.190926E+01 -.146677E+01 0.345388E+01 -.813531E+00 0.257000E+01 0.359754E+02
 -.187786E+01 -.146698E+01 0.345380E+01 -.821075E+00 0.257021E+01 0.343230E+02
 -.187771E+01 -.147048E+01 0.345324E+01 -.819438E+00 0.257019E+01 0.343325E+02
 -.187764E+01 -.146962E+01 0.345437E+01 -.816110E+00 0.257000E+01 0.343944E+02
 -.187787E+01 -.146750E+01 0.345353E+01 -.819311E+00 0.257009E+01 0.343124E+02
 -.187550E+01 -.146788E+01 0.345226E+01 -.818950E+00 0.257005E+01 0.343177E+02
 -.190018E+01 -.146458E+01 0.346547E+01 -.822233E+00 0.257000E+01 0.347960E+02
 -.187666E+01 -.146852E+01 0.345602E+01 -.816812E+00 0.257008E+01 0.344622E+02
 -.187762E+01 -.148310E+01 0.346033E+01 -.818995E+00 0.257002E+01 0.350098E+02
 -.187470E+01 -.146679E+01 0.345416E+01 -.807058E+00 0.257060E+01 0.350297E+02
 -.185311E+01 -.146223E+01 0.342399E+01 -.819342E+00 0.257005E+01 0.380782E+02
 -.187702E+01 -.146542E+01 0.345381E+01 -.823799E+00 0.257015E+01 0.343830E+02
 -.187689E+01 -.146370E+01 0.345331E+01 -.818440E+00 0.257004E+01 0.343300E+02
 -.187371E+01 -.146615E+01 0.345583E+01 -.814982E+00 0.257019E+01 0.346182E+02
 -.187809E+01 -.147134E+01 0.345219E+01 -.818314E+00 0.257000E+01 0.343501E+02
 -.186114E+01 -.146634E+01 0.345043E+01 -.818587E+00 0.257001E+01 0.346359E+02
 -.187801E+01 -.146609E+01 0.345159E+01 -.809224E+00 0.257013E+01 0.345952E+02
 -.187430E+01 -.146759E+01 0.345120E+01 -.824787E+00 0.257532E+01 0.351228E+02
 -.187833E+01 -.147246E+01 0.345351E+01 -.822337E+00 0.257052E+01 0.344164E+02
 -.187625E+01 -.147027E+01 0.345806E+01 -.819927E+00 0.257020E+01 0.344970E+02
 -.187726E+01 -.146621E+01 0.345243E+01 -.824047E+00 0.257020E+01 0.344513E+02
 -.187783E+01 -.146764E+01 0.346458E+01 -.819807E+00 0.257013E+01 0.352314E+02
 -.184835E+01 -.146764E+01 0.343808E+01 -.807210E+00 0.257834E+01 0.356362E+02
 -.187771E+01 -.146681E+01 0.345358E+01 -.819374E+00 0.257006E+01 0.343117E+02
 -.187823E+01 -.147637E+01 0.345620E+01 -.857048E+00 0.257049E+01 0.388737E+02
 -.187730E+01 -.146680E+01 0.345288E+01 -.818655E+00 0.257021E+01 0.343125E+02
 -.188149E+01 -.146689E+01 0.345377E+01 -.827309E+00 0.257003E+01 0.346035E+02
 -.188230E+01 -.146729E+01 0.345352E+01 -.819916E+00 0.257044E+01 0.343626E+02
 -.187870E+01 -.146663E+01 0.344940E+01 -.819374E+00 0.257055E+01 0.344942E+02
 -.187819E+01 -.146844E+01 0.345355E+01 -.818990E+00 0.257011E+01 0.343158E+02
 -.189146E+01 -.146662E+01 0.345245E+01 -.820022E+00 0.257007E+01 0.347679E+02
 -.186889E+01 -.146778E+01 0.345178E+01 -.819192E+00 0.257012E+01 0.344034E+02
 -.186380E+01 -.145927E+01 0.343541E+01 -.822037E+00 0.257009E+01 0.362065E+02
 -.187103E+01 -.146818E+01 0.345416E+01 -.819469E+00 0.257006E+01 0.344243E+02
 -.187837E+01 -.147860E+01 0.345477E+01 -.818848E+00 0.257000E+01 0.345082E+02
 -.187843E+01 -.146916E+01 0.345531E+01 -.812670E+00 0.257007E+01 0.346121E+02
 -.187541E+01 -.146676E+01 0.345464E+01 -.834711E+00 0.257064E+01 0.351245E+02
 -.187580E+01 -.146657E+01 0.345367E+01 -.820247E+00 0.257001E+01 0.343210E+02
 -.186123E+01 -.147486E+01 0.345478E+01 -.843931E+00 0.257026E+01 0.365193E+02
 -.187832E+01 -.146848E+01 0.345390E+01 -.818181E+00 0.257014E+01 0.343225E+02
 -.187786E+01 -.146536E+01 0.345865E+01 -.819139E+00 0.257013E+01 0.345304E+02
 -.189621E+01 -.146749E+01 0.345327E+01 -.820394E+00 0.257003E+01 0.350057E+02
 -.187507E+01 -.147143E+01 0.343904E+01 -.808319E+00 0.257000E+01 0.349731E+02
 -.188286E+01 -.147028E+01 0.344835E+01 -.835304E+00 0.257011E+01 0.364643E+02
 -.187893E+01 -.146675E+01 0.345347E+01 -.818757E+00 0.257014E+01 0.343141E+02
 -.189115E+01 -.147006E+01 0.346670E+01 -.820798E+00 0.257121E+01 0.348131E+02
 -.187784E+01 -.146678E+01 0.345367E+01 -.819282E+00 0.257009E+01 0.343119E+02
 -.187764E+01 -.146741E+01 0.345336E+01 -.819121E+00 0.257010E+01 0.343122E+02
 -.187716E+01 -.146727E+01 0.345131E+01 -.822660E+00 0.257003E+01 0.344431E+02
 -.190033E+01 -.146516E+01 0.343576E+01 -.813481E+00 0.257794E+01 0.409921E+02
 -.188538E+01 -.146581E+01 0.345374E+01 -.788849E+00 0.257011E+01 0.383492E+02
 -.190181E+01 -.144547E+01 0.344414E+01 -.818976E+00 0.257018E+01 0.377096E+02
 -.187741E+01 -.146564E+01 0.345359E+01 -.819200E+00 0.257001E+01 0.343146E+02
 -.187380E+01 -.146643E+01 0.344885E+01 -.818358E+00 0.257004E+01 0.343807E+02
 -.187920E+01 -.146772E+01 0.344953E+01 -.802346E+00 0.257000E+01 0.350820E+02
 -.189053E+01 -.146362E+01 0.346787E+01 -.823606E+00 0.257006E+01 0.349382E+02
 -.187804E+01 -.146656E+01 0.345337E+01 -.818980E+00 0.257010E+01 0.343120E+02
 -.187577E+01 -.147052E+01 0.344469E+01 -.821987E+00 0.257000E+01 0.350575E+02
 -.188144E+01 -.145869E+01 0.347943E+01 -.820440E+00 0.261530E+01 0.392671E+02
 -.187828E+01 -.143646E+01 0.345384E+01 -.819255E+00 0.257004E+01 0.356794E+02
 -.190843E+01 -.146676E+01 0.345429E+01 -.823446E+00 0.257009E+01 0.361752E+02
 -.187777E+01 -.146713E+01 0.345374E+01 -.821038E+00 0.257027E+01 0.343244E+02
 -.187773E+01 -.146156E+01 0.345328E+01 -.819437E+00 0.257010E+01 0.343500E+02
 -.187769E+01 -.146870E+01 0.345289E+01 -.821096E+00 0.257020E+01 0.343458E+02
 -.186524E+01 -.146017E+01 0.342128E+01 -.818303E+00 0.257009E+01 0.399073E+02
 -.187798E+01 -.146554E+01 0.345362E+01 -.819185E+00 0.257007E+01 0.343141E+02
 -.187791E+01 -.146772E+01 0.345477E+01 -.819290E+00 0.257000E+01 0.343258E+02
 -.194239E+01 -.146957E+01 0.346392E+01 -.822638E+00 0.257102E+01 0.394820E+02
 -.188001E+01 -.147092E+01 0.345745E+01 -.819232E+00 0.257004E+01 0.344179E+02
 -.187700E+01 -.148036E+01 0.345447E+01 -.818560E+00 0.257000E+01 0.345715E+02
 -.187427E+01 -.146416E+01 0.341775E+01 -.817788E+00 0.257009E+01 0.426412E+02
 -.186172E+01 -.146663E+01 0.345315E+01 -.803649E+00 0.257027E+01 0.360817E+02
 -.187804E+01 -.147065E+01 0.345332E+01 -.822934E+00 0.257005E+01 0.343949E+02
 -.186714E+01 -.146860E+01 0.344586E+01 -.817502E+00 0.257007E+01 0.344753E+02
 -.187661E+01 -.146685E+01 0.345501E+01 -.814085E+00 0.257000E+01 0.345351E+02
 -.187680E+01 -.145883E+01 0.345046E+01 -.818767E+00 0.257039E+01 0.344480E+02
 -.188669E+01 -.146639E+01 0.345480E+01 -.817576E+00 0.257000E+01 0.344212E+02
 -.187786E+01 -.146736E+01 0.345011E+01 -.814739E+00 0.257014E+01 0.343571E+02
 -.186798E+01 -.146674E+01 0.345436E+01 -.822366E+00 0.258336E+01 0.357926E+02
 -.187649E+01 -.146583E+01 0.345347E+01 -.826361E+00 0.257137E+01 0.345935E+02
 -.187676E+01 -.146925E+01 0.344063E+01 -.820074E+00 0.257027E+01 0.356443E+02
 -.187810E+01 -.147148E+01 0.345242E+01 -.825435E+00 0.257005E+01 0.345662E+02
 -.187753E+01 -.146691E+01 0.345008E+01 -.818759E+00 0.257009E+01 0.343845E+02
 -.191992E+01 -.146754E+01 0.347631E+01 -.805567E+00 0.257000E+01 0.395059E+02
 -.187766E+01 -.146671E+01 0.345361E+01 -.819231E+00 0.257008E+01 0.343120E+02
 -.187831E+01 -.146691E+01 0.345348E+01 -.819283E+00 0.257022E+01 0.343126E+02
 -.188040E+01 -.146698E+01 0.345493E+01 -.820424E+00 0.257000E+01 0.343167E+02
 -.188580E+01 -.147014E+01 0.345270E+01 -.813852E+00 0.257000E+01 0.345095E+02
 -.187960E+01 -.146679E+01 0.345698E+01 -.819312E+00 0.257032E+01 0.343699E+02
 -.187807E+01 -.147146E+01 0.345332E+01 -.819219E+00 0.257018E+01 0.343431E+02
 -.188862E+01 -.146676E+01 0.345254E+01 -.819459E+00 0.257011E+01 0.345982E+02
 -.186687E+01 -.146722E+01 0.345326E+01 -.819292E+00 0.257011E+01 0.345228E+02
 -.189683E+01 -.146509E+01 0.344410E+01 -.810000E+00 0.257035E+01 0.359958E+02
 -.189305E+01 -.147536E+01 0.347479E+01 -.820486E+00 0.257009E+01 0.365035E+02
 -.188412E+01 -.146774E+01 0.345326E+01 -.820451E+00 0.257011E+01 0.344168E+02
 -.187838E+01 -.144673E+01 0.345345E+01 -.819731E+00 0.257026E+01 0.348918E+02
 -.187698E+01 -.146378E+01 0.345609E+01 -.815833E+00 0.257012E+01 0.345247E+02
 -.188146E+01 -.146684E+01 0.345450E+01 -.831812E+00 0.257067E+01 0.349571E+02
 -.187685E+01 -.146662E+01 0.345348E+01 -.819171E+00 0.257008E+01 0.343136E+02
 -.186691E+01 -.146895E+01 0.345268E+01 -.837802E+00 0.257031E+01 0.356627E+02
 -.188041E+01 -.146675E+01 0.345331E+01 -.821810E+00 0.257006E+01 0.343661E+02
 -.187791E+01 -.146569E+01 0.346026E+01 -.814885E+00 0.257017E+01 0.350027E+02
 -.188076E+01 -.146810E+01 0.345416E+01 -.817969E+00 0.257000E+01 0.343329E+02
 -.187765E+01 -.147807E+01 0.345879E+01 -.806917E+00 0.257192E+01 0.355356E+02
 -.187584E+01 -.146446E+01 0.345527E+01 -.824151E+00 0.257013E+01 0.343800E+02
 -.187876E+01 -.146681E+01 0.345353E+01 -.819481E+00 0.257022E+01 0.343143E+02
 -.187882E+01 -.146840E+01 0.347347E+01 -.821427E+00 0.257088E+01 0.368696E+02
 -.191030E+01 -.145277E+01 0.348060E+01 -.879952E+00 0.257007E+01 0.401178E+02
 -.187796E+01 -.146683E+01 0.345345E+01 -.819306E+00 0.257009E+01 0.343118E+02
 -.187786E+01 -.146663E+01 0.345329E+01 -.819241E+00 0.257009E+01 0.343119E+02
 -.187731E+01 -.146672E+01 0.345377E+01 -.819490E+00 0.257004E+01 0.343132E+02
 -.187355E+01 -.146288E+01 0.345545E+01 -.819570E+00 0.257825E+01 0.346769E+02
 -.187059E+01 -.147891E+01 0.344828E+01 -.817799E+00 0.257018E+01 0.345945E+02
 -.187745E+01 -.148161E+01 0.345329E+01 -.815763E+00 0.257000E+01 0.346412E+02
 -.187941E+01 -.146717E+01 0.344273E+01 -.818151E+00 0.257054E+01 0.352626E+02
 -.187590E+01 -.146690E+01 0.343954E+01 -.820764E+00 0.257012E+01 0.358365E+02
 -.187313E+01 -.151646E+01 0.346620E+01 -.825656E+00 0.257013E+01 0.381994E+02
 -.187800E+01 -.146674E+01 0.345341E+01 -.818937E+00 0.257009E+01 0.343119E+02
 -.188372E+01 -.146783E+01 0.345716E+01 -.820625E+00 0.257014E+01 0.343442E+02
 -.188533E+01 -.146184E+01 0.350000E+01 -.819514E+00 0.258647E+01 0.419708E+02
 -.187841E+01 -.144718E+01 0.345403E+01 -.821236E+00 0.257017E+01 0.348716E+02
 -.184729E+01 -.146688E+01 0.345156E+01 -.823500E+00 0.257012E+01 0.357455E+02
 -.187800E+01 -.146666E+01 0.345340E+01 -.818180E+00 0.257027E+01 0.343143E+02
 -.187792E+01 -.146355E+01 0.345427E+01 -.819552E+00 0.257000E+01 0.343312E+02
 -.187800E+01 -.146250E+01 0.345398E+01 -.822829E+00 0.257012E+01 0.343735E+02
 -.186086E+01 -.146821E+01 0.345189E+01 -.854156E+00 0.257008E+01 0.386125E+02
 -.187805E+01 -.146577E+01 0.345372E+01 -.819256E+00 0.257009E+01 0.343135E+02
 -.187937E+01 -.146619E+01 0.345364E+01 -.819230E+00 0.257020E+01 0.343157E+02
 -.182192E+01 -.146469E+01 0.344770E+01 -.818178E+00 0.257608E+01 0.388492E+02
 -.188194E+01 -.146685E+01 0.345138E+01 -.821639E+00 0.257002E+01 0.344990E+02
 -.187702E+01 -.144871E+01 0.344966E+01 -.818536E+00 0.257004E+01 0.348308E+02
 -.188545E+01 -.146668E+01 0.345293E+01 -.829841E+00 0.257000E+01 0.350282E+02
 -.187779E+01 -.146817E+01 0.345368E+01 -.817751E+00 0.257004E+01 0.343264E+02
 -.187933E+01 -.147072E+01 0.345184E+01 -.817662E+00 0.257010E+01 0.343599E+02
 -.188195E+01 -.146730E+01 0.345335E+01 -.828539E+00 0.257022E+01 0.347591E+02
 -.187793E+01 -.145779E+01 0.345256E+01 -.819486E+00 0.257030E+01 0.344332E+02
 -.189703E+01 -.146661E+01 0.345717E+01 -.817741E+00 0.257015E+01 0.347427E+02
 -.187798E+01 -.146609E+01 0.345118E+01 -.825386E+00 0.257014E+01 0.346213E+02
 -.186922E+01 -.146698E+01 0.345822E+01 -.806120E+00 0.258770E+01 0.349118E+02
 -.187905E+01 -.145978E+01 0.345372E+01 -.818840E+00 0.257129E+01 0.343863E+02
 -.187787E+01 -.146856E+01 0.344593E+01 -.819165E+00 0.257028E+01 0.347780E+02
 -.188020E+01 -.147462E+01 0.345358E+01 -.816863E+00 0.257002E+01 0.344216E+02
 -.189251E+01 -.147776E+01 0.346699E+01 -.819758E+00 0.258740E+01 0.349789E+02
 -.187810E+01 -.146622E+01 0.344640E+01 -.821755E+00 0.257006E+01 0.348731E+02
 -.193477E+01 -.146808E+01 0.349801E+01 -.817883E+00 0.259316E+01 0.353574E+02
 -.187779E+01 -.146664E+01 0.345341E+01 -.819157E+00 0.257006E+01 0.343117E+02
 -.187439E+01 -.146056E+01 0.345283E+01 -.847852E+00 0.257000E+01 0.372449E+02
 -.187855E+01 -.146701E+01 0.345388E+01 -.819632E+00 0.257026E+01 0.343125E+02
 -.187775E+01 -.146683E+01 0.345535E+01 -.814270E+00 0.257014E+01 0.345177E+02
 -.188546E+01 -.146453E+01 0.345329E+01 -.819424E+00 0.257065E+01 0.344494E+02
 -.188041E+01 -.146674E+01 0.345677E+01 -.819293E+00 0.257002E+01 0.343661E+02
 -.187807E+01 -.147039E+01 0.345346E+01 -.819347E+00 0.257012E+01 0.343301E+02
 -.187366E+01 -.146558E+01 0.345173E+01 -.819008E+00 0.257020E+01 0.343304E+02
 -.188557E+01 -.146660E+01 0.345624E+01 -.819361E+00 0.257010E+01 0.343696E+02
 -.184868E+01 -.146426E+01 0.344666E+01 -.801781E+00 0.257000E+01 0.362120E+02
 -.180886E+01 -.149800E+01 0.343977E+01 -.819990E+00 0.257001E+01 0.408604E+02
 -.190734E+01 -.148467E+01 0.348520E+01 -.820828E+00 0.257009E+01 0.389888E+02
 -.188278E+01 -.146691E+01 0.345267E+01 -.820079E+00 0.257010E+01 0.344002E+02
 -.187765E+01 -.144006E+01 0.345442E+01 -.820602E+00 0.257040E+01 0.353677E+02
 -.187596E+01 -.146140E+01 0.345287E+01 -.824115E+00 0.257015E+01 0.344560E+02
 -.188165E+01 -.146680E+01 0.345479E+01 -.819991E+00 0.257021E+01 0.343240E+02
 -.190620E+01 -.145045E+01 0.345900E+01 -.819526E+00 0.257010E+01 0.355642E+02
 -.187989E+01 -.146677E+01 0.345355E+01 -.818790E+00 0.257010E+01 0.343199E+02
 -.189056E+01 -.146422E+01 0.345616E+01 -.816771E+00 0.257000E+01 0.345377E+02
 -.187839E+01 -.146484E+01 0.345446E+01 -.820310E+00 0.257016E+01 0.343192E+02
 -.187801E+01 -.146656E+01 0.344587E+01 -.813030E+00 0.257006E+01 0.345268E+02
 -.186744E+01 -.146712E+01 0.345441E+01 -.817433E+00 0.257014E+01 0.346227E+02
 -.187942E+01 -.146422E+01 0.346516E+01 -.809963E+00 0.257061E+01 0.365140E+02
 -.187225E+01 -.146175E+01 0.345906E+01 -.811098E+00 0.257012E+01 0.355837E+02
 -.187745E+01 -.146678E+01 0.345358E+01 -.819851E+00 0.257010E+01 0.343129E+02
 -.187244E+01 -.146799E+01 0.343952E+01 -.821520E+00 0.257062E+01 0.358185E+02
 -.187800E+01 -.146679E+01 0.345331E+01 -.819346E+00 0.257009E+01 0.343123E+02
 -.187804E+01 -.146611E+01 0.345346E+01 -.819355E+00 0.257009E+01 0.343125E+02
 -.187762E+01 -.146628E+01 0.345559E+01 -.816943E+00 0.257008E+01 0.344144E+02
 -.187619E+01 -.146575E+01 0.347547E+01 -.823267E+00 0.257983E+01 0.358577E+02
 -.185224E+01 -.150179E+01 0.346357E+01 -.818968E+00 0.257005E+01 0.390144E+02
 -.187775E+01 -.146428E+01 0.345361E+01 -.815497E+00 0.257014E+01 0.343835E+02
 -.188210E+01 -.146638E+01 0.345799E+01 -.818841E+00 0.257033E+01 0.344051E+02
 -.188156E+01 -.146603E+01 0.344017E+01 -.846459E+00 0.257007E+01 0.413270E+02
 -.187705E+01 -.150828E+01 0.345475E+01 -.822297E+00 0.257011E+01 0.365205E+02
 -.187582E+01 -.152271E+01 0.346863E+01 -.814651E+00 0.257076E+01 0.402220E+02
 -.187784E+01 -.146664E+01 0.345357E+01 -.819558E+00 0.257007E+01 0.343118E+02
 -.188423E+01 -.146485E+01 0.346631E+01 -.819323E+00 0.257024E+01 0.352475E+02
 -.189576E+01 -.146662E+01 0.345633E+01 -.816979E+00 0.257000E+01 0.347227E+02
 -.187794E+01 -.148317E+01 0.345356E+01 -.822002E+00 0.257026E+01 0.347175E+02
 -.184655E+01 -.146694E+01 0.345017E+01 -.818351E+00 0.257009E+01 0.356993E+02
 -.187804E+01 -.146665E+01 0.345352E+01 -.817370E+00 0.257000E+01 0.343278E+02
 -.187892E+01 -.146609E+01 0.345468E+01 -.819144E+00 0.257011E+01 0.343200E+02
 -.187766E+01 -.146579E+01 0.345533E+01 -.818221E+00 0.257000E+01 0.343667E+02
 -.189850E+01 -.146346E+01 0.345175E+01 -.820268E+00 0.257003E+01 0.353746E+02
 -.187794E+01 -.146765E+01 0.345351E+01 -.819292E+00 0.257012E+01 0.343127E+02
 -.187831E+01 -.146516E+01 0.345261E+01 -.819110E+00 0.257027E+01 0.343255E+02
 -.185203E+01 -.146146E+01 0.345460E+01 -.818474E+00 0.257841E+01 0.357473E+02
 -.188057E+01 -.146313E+01 0.344750E+01 -.819843E+00 0.257002E+01 0.347216E+02
 -.187801E+01 -.144553E+01 0.345720E+01 -.819427E+00 0.257005E+01 0.351115E+02
 -.186885E+01 -.145996E+01 0.343547E+01 -.792502E+00 0.257008E+01 0.354508E+02
 -.189328E+01 -.146720E+01 0.345449E+01 -.820993E+00 0.257074E+01 0.347503E+02
 -.187759E+01 -.146423E+01 0.345379E+01 -.815208E+00 0.257004E+01 0.344061E+02
 -.188685E+01 -.146671E+01 0.345644E+01 -.818896E+00 0.257002E+01 0.343979E+02
 -.187997E+01 -.146726E+01 0.345342E+01 -.837745E+00 0.257001E+01 0.356497E+02
 -.187782E+01 -.147341E+01 0.345491E+01 -.818918E+00 0.257000E+01 0.343886E+02
 -.188295E+01 -.146634E+01 0.345637E+01 -.819194E+00 0.257018E+01 0.343467E+02
 -.187809E+01 -.146315E+01 0.345444E+01 -.821428E+00 0.257006E+01 0.343379E+02
 -.187998E+01 -.146729E+01 0.345542E+01 -.795041E+00 0.258894E+01 0.348593E+02
 -.188028E+01 -.146201E+01 0.345355E+01 -.813012E+00 0.257051E+01 0.344802E+02
 -.187787E+01 -.147014E+01 0.345546E+01 -.818776E+00 0.257024E+01 0.343582E+02
 -.188111E+01 -.146241E+01 0.345380E+01 -.814637E+00 0.257011E+01 0.344358E+02
 -.191683E+01 -.146076E+01 0.348337E+01 -.819104E+00 0.257000E+01 0.383246E+02
 -.187893E+01 -.146646E+01 0.344725E+01 -.822368E+00 0.257007E+01 0.348475E+02
 -.189984E+01 -.146790E+01 0.346309E+01 -.817392E+00 0.259436E+01 0.368490E+02
 -.187789E+01 -.146658E+01 0.345325E+01 -.819098E+00 0.257005E+01 0.343118E+02
 -.187697E+01 -.146694E+01 0.345351E+01 -.818953E+00 0.257013E+01 0.343138E+02
 -.187596E+01 -.146675E+01 0.345411E+01 -.816116E+00 0.257009E+01 0.343924E+02
 -.187598E+01 -.146669E+01 0.345421E+01 -.823652E+00 0.257050E+01 0.343815E+02
 -.188068E+01 -.146657E+01 0.345118E+01 -.819511E+00 0.257009E+01 0.344101E+02
 -.187815E+01 -.146626E+01 0.345363E+01 -.819239E+00 0.257007E+01 0.343122E+02
 -.186421E+01 -.146472E+01 0.345198E+01 -.818853E+00 0.257009E+01 0.345803E+02
 -.188447E+01 -.146627E+01 0.345251E+01 -.819374E+00 0.257009E+01 0.344388E+02
 -.181451E+01 -.146636E+01 0.345326E+01 -.816977E+00 0.257065E+01 0.419074E+02
 -.191378E+01 -.148459E+01 0.344367E+01 -.819348E+00 0.257000E+01 0.399745E+02
 -.187752E+01 -.146722E+01 0.345441E+01 -.819818E+00 0.257002E+01 0.343175E+02
 -.187810E+01 -.146314E+01 0.345807E+01 -.816082E+00 0.257011E+01 0.346642E+02
 -.189355E+01 -.145906E+01 0.349145E+01 -.831238E+00 0.257004E+01 0.405046E+02
 -.187658E+01 -.150563E+01 0.345398E+01 -.820283E+00 0.257023E+01 0.362396E+02
 -.187617E+01 -.147199E+01 0.345061E+01 -.823991E+00 0.257004E+01 0.345892E+02
 -.187723E+01 -.146672E+01 0.345440E+01 -.810104E+00 0.257000E+01 0.347602E+02
 -.189166E+01 -.147103E+01 0.342486E+01 -.812644E+00 0.257000E+01 0.414841E+02
 -.187770E+01 -.146655E+01 0.345358E+01 -.819691E+00 0.257002E+01 0.343120E+02
 -.188739E+01 -.146900E+01 0.345627E+01 -.806919E+00 0.257026E+01 0.351493E+02
 -.185695E+01 -.147174E+01 0.346056E+01 -.840812E+00 0.257502E+01 0.367582E+02
 -.188255E+01 -.142945E+01 0.348211E+01 -.867610E+00 0.257012E+01 0.400065E+02
 -.187640E+01 -.146404E+01 0.345492E+01 -.818868E+00 0.257015E+01 0.343607E+02
 -.187796E+01 -.146692E+01 0.344788E+01 -.819260E+00 0.257000E+01 0.345523E+02
 -.187308E+01 -.146619E+01 0.345323E+01 -.818674E+00 0.257010E+01 0.343528E+02
 -.187787E+01 -.145539E+01 0.346043E+01 -.833007E+00 0.257000E+01 0.348208E+02
 -.187906E+01 -.146560E+01 0.345267E+01 -.818239E+00 0.257012E+01 0.343232E+02
 -.187796E+01 -.146661E+01 0.345354E+01 -.819313E+00 0.257001E+01 0.343117E+02
 -.188115E+01 -.146864E+01 0.345303E+01 -.819057E+00 0.257020E+01 0.343492E+02
 -.187789E+01 -.146661E+01 0.345345E+01 -.819133E+00 0.257007E+01 0.343117E+02
 -.187769E+01 -.146670E+01 0.345356E+01 -.819148E+00 0.257006E+01 0.343120E+02
 -.187791E+01 -.146662E+01 0.345559E+01 -.820771E+00 0.257007E+01 0.343289E+02
 -.188911E+01 -.146730E+01 0.348330E+01 -.813053E+00 0.257597E+01 0.392750E+02
 -.187921E+01 -.145792E+01 0.345526E+01 -.824252E+00 0.257006E+01 0.344667E+02
 -.188437E+01 -.146335E+01 0.345982E+01 -.819709E+00 0.257000E+01 0.344980E+02
 -.187798E+01 -.145318E+01 0.345360E+01 -.816024E+00 0.257000E+01 0.346377E+02
 -.187850E+01 -.146588E+01 0.346695E+01 -.819607E+00 0.257009E+01 0.356829E+02
 -.188639E+01 -.146563E+01 0.345750E+01 -.860335E+00 0.257000E+01 0.393799E+02
 -.189807E+01 -.143740E+01 0.344812E+01 -.819220E+00 0.257008E+01 0.369682E+02
 -.187771E+01 -.146655E+01 0.345369E+01 -.819487E+00 0.257005E+01 0.343120E+02
 -.188197E+01 -.146412E+01 0.345376E+01 -.819858E+00 0.257009E+01 0.343510E+02
 -.188246E+01 -.146763E+01 0.343630E+01 -.816305E+00 0.258338E+01 0.404625E+02
 -.187766E+01 -.148723E+01 0.345368E+01 -.819203E+00 0.257018E+01 0.348648E+02
 -.188473E+01 -.146661E+01 0.345297E+01 -.817303E+00 0.257000E+01 0.344101E+02
 -.187787E+01 -.146703E+01 0.345390E+01 -.821942E+00 0.257038E+01 0.343396E+02
 -.187841E+01 -.147013E+01 0.345317E+01 -.819316E+00 0.257010E+01 0.343306E+02
 -.187757E+01 -.146802E+01 0.345575E+01 -.815730E+00 0.257013E+01 0.344717E+02
 -.189273E+01 -.146482E+01 0.345646E+01 -.784869E+00 0.257001E+01 0.403047E+02
 -.187776E+01 -.146740E+01 0.345351E+01 -.819183E+00 0.257012E+01 0.343122E+02
 -.187709E+01 -.146570E+01 0.345345E+01 -.819207E+00 0.257008E+01 0.343143E+02
 -.191189E+01 -.146812E+01 0.346803E+01 -.822607E+00 0.257000E+01 0.353076E+02
 -.187868E+01 -.146500E+01 0.345491E+01 -.818243E+00 0.257002E+01 0.343456E+02
 -.187836E+01 -.145459E+01 0.345912E+01 -.819080E+00 0.257007E+01 0.348058E+02
 -.189291E+01 -.146048E+01 0.342231E+01 -.806022E+00 0.257003E+01 0.415280E+02
 -.188116E+01 -.146740E+01 0.345354E+01 -.810050E+00 0.257001E+01 0.346515E+02
 -.187776E+01 -.146968E+01 0.345372E+01 -.815514E+00 0.257006E+01 0.343864E+02
 -.187592E+01 -.146385E+01 0.345178E+01 -.818972E+00 0.257000E+01 0.343299E+02
 -.187445E+01 -.146678E+01 0.345462E+01 -.817809E+00 0.257000E+01 0.343961E+02
 -.187714E+01 -.147812E+01 0.345491E+01 -.817821E+00 0.257027E+01 0.345155E+02
 -.186550E+01 -.146616E+01 0.345283E+01 -.820324E+00 0.257015E+01 0.345503E+02
 -.187773E+01 -.146488E+01 0.345595E+01 -.816738E+00 0.257000E+01 0.344534E+02
 -.188517E+01 -.146715E+01 0.345214E+01 -.795100E+00 0.257879E+01 0.351801E+02
 -.187673E+01 -.147202E+01 0.345343E+01 -.813538E+00 0.257226E+01 0.344012E+02
 -.187788E+01 -.147061E+01 0.346004E+01 -.818690E+00 0.257000E+01 0.346980E+02
 -.187723E+01 -.145916E+01 0.345322E+01 -.820188E+00 0.257015E+01 0.343972E+02
 -.187964E+01 -.146670E+01 0.346136E+01 -.820052E+00 0.257008E+01 0.346858E+02
 -.186642E+01 -.146641E+01 0.346218E+01 -.806508E+00 0.258789E+01 0.352083E+02
 -.187770E+01 -.146661E+01 0.345351E+01 -.819122E+00 0.257006E+01 0.343119E+02
 -.187779E+01 -.146710E+01 0.345307E+01 -.818402E+00 0.257019E+01 0.343129E+02
 -.187698E+01 -.146686E+01 0.345322E+01 -.821149E+00 0.257001E+01 0.343269E+02
 -.188013E+01 -.146846E+01 0.345466E+01 -.825369E+00 0.257007E+01 0.344312E+02
 -.187693E+01 -.146650E+01 0.345215E+01 -.819411E+00 0.257034E+01 0.343271E+02
 -.187790E+01 -.146308E+01 0.345350E+01 -.819113E+00 0.257002E+01 0.343313E+02
 -.186994E+01 -.146533E+01 0.345271E+01 -.819038E+00 0.257004E+01 0.344063E+02
 -.187278E+01 -.146797E+01 0.345245E+01 -.819242E+00 0.257008E+01 0.343411E+02
 -.194413E+01 -.146735E+01 0.345803E+01 -.830644E+00 0.257030E+01 0.423870E+02
 -.190047E+01 -.144666E+01 0.345275E+01 -.819553E+00 0.257010E+01 0.358751E+02
 -.184799E+01 -.144961E+01 0.345877E+01 -.825485E+00 0.257005E+01 0.372179E+02
 -.187362E+01 -.146669E+01 0.345465E+01 -.819157E+00 0.257000E+01 0.343854E+02
 -.187666E+01 -.149853E+01 0.345361E+01 -.819307E+00 0.257000E+01 0.356119E+02
 -.187649E+01 -.147126E+01 0.345467E+01 -.810071E+00 0.257000E+01 0.348190E+02
 -.187694E+01 -.146660E+01 0.345352E+01 -.811312E+00 0.257074E+01 0.345375E+02
 -.185913E+01 -.148885E+01 0.345440E+01 -.818979E+00 0.257002E+01 0.356402E+02
 -.187607E+01 -.146645E+01 0.345349E+01 -.819706E+00 0.257001E+01 0.343172E+02
 -.186908E+01 -.147664E+01 0.345365E+01 -.827832E+00 0.257003E+01 0.347670E+02
 -.187888E+01 -.146579E+01 0.345323E+01 -.819298E+00 0.257013E+01 0.343171E+02
 -.187773E+01 -.146528E+01 0.345186E+01 -.820789E+00 0.257014E+01 0.343650E+02
 -.188081E+01 -.146582E+01 0.345315E+01 -.819630E+00 0.257000E+01 0.343381E+02
 -.187513E+01 -.146968E+01 0.344507E+01 -.828547E+00 0.257048E+01 0.357626E+02
 -.188288E+01 -.146921E+01 0.344772E+01 -.824466E+00 0.257009E+01 0.351772E+02
 -.187824E+01 -.146651E+01 0.345345E+01 -.818859E+00 0.257000E+01 0.343126E+02
 -.188515E+01 -.146807E+01 0.346386E+01 -.817236E+00 0.257000E+01 0.350474E+02
 -.187768E+01 -.146650E+01 0.345350E+01 -.818987E+00 0.257005E+01 0.343123E+02
 -.187773E+01 -.146713E+01 0.345360E+01 -.819117E+00 0.257008E+01 0.343122E+02
 -.187757E+01 -.146704E+01 0.345475E+01 -.821172E+00 0.257005E+01 0.343200E+02
 -.188878E+01 -.146635E+01 0.343937E+01 -.808758E+00 0.257000E+01 0.359251E+02
 -.190179E+01 -.144154E+01 0.344488E+01 -.818326E+00 0.257023E+01 0.377024E+02
 -.187745E+01 -.145479E+01 0.345337E+01 -.821899E+00 0.257009E+01 0.345370E+02
 -.187599E+01 -.146541E+01 0.346873E+01 -.819096E+00 0.257019E+01 0.363525E+02
 -.190492E+01 -.144490E+01 0.346702E+01 -.821630E+00 0.257004E+01 0.357537E+02
 -.187780E+01 -.146658E+01 0.345332E+01 -.819131E+00 0.257007E+01 0.343117E+02
 -.188064E+01 -.146915E+01 0.344524E+01 -.819534E+00 0.257001E+01 0.350038E+02
 -.187782E+01 -.145161E+01 0.345352E+01 -.818680E+00 0.257008E+01 0.346465E+02
 -.190614E+01 -.146642E+01 0.345522E+01 -.820569E+00 0.257013E+01 0.356187E+02
 -.187780E+01 -.146713E+01 0.345372E+01 -.820177E+00 0.257021E+01 0.343149E+02
 -.187765E+01 -.146887E+01 0.345275E+01 -.819561E+00 0.257000E+01 0.343229E+02
 -.187782E+01 -.146642E+01 0.345468E+01 -.821984E+00 0.257012E+01 0.343260E+02
 -.186561E+01 -.146664E+01 0.345653E+01 -.861275E+00 0.257002E+01 0.392450E+02
 -.187768E+01 -.146647E+01 0.345350E+01 -.819144E+00 0.257009E+01 0.343119E+02
 -.187675E+01 -.146737E+01 0.345406E+01 -.819257E+00 0.257000E+01 0.343208E+02
 -.194596E+01 -.147161E+01 0.347548E+01 -.824766E+00 0.257864E+01 0.381820E+02
 -.187812E+01 -.146914E+01 0.345922E+01 -.818224E+00 0.257005E+01 0.346210E+02
 -.187697E+01 -.146902E+01 0.345440E+01 -.818773E+00 0.257001E+01 0.343357E+02
 -.188540E+01 -.146164E+01 0.343707E+01 -.814688E+00 0.257004E+01 0.365405E+02
 -.186683E+01 -.146671E+01 0.345294E+01 -.813637E+00 0.257000E+01 0.347052E+02
 -.186207E+01 -.146713E+01 0.341847E+01 -.815474E+00 0.257013E+01 0.400591E+02
 -.187791E+01 -.147182E+01 0.345326E+01 -.822932E+00 0.257007E+01 0.344123E+02
 -.186483E+01 -.146646E+01 0.344767E+01 -.817764E+00 0.257004E+01 0.344495E+02
 -.187360E+01 -.146631E+01 0.345403E+01 -.803491E+00 0.257014E+01 0.355875E+02
 -.187688E+01 -.146851E+01 0.345242E+01 -.818562E+00 0.257044E+01 0.343213E+02
 -.186884E+01 -.146660E+01 0.345055E+01 -.819085E+00 0.257007E+01 0.343867E+02
 -.187798E+01 -.146725E+01 0.345368E+01 -.817528E+00 0.257000E+01 0.343281E+02
 -.188005E+01 -.146652E+01 0.345362E+01 -.819725E+00 0.257000E+01 0.343219E+02
 -.187667E+01 -.147433E+01 0.345378E+01 -.822864E+00 0.257165E+01 0.345049E+02
 -.187781E+01 -.146776E+01 0.345339E+01 -.819108E+00 0.257024E+01 0.343133E+02
 -.187619E+01 -.146688E+01 0.345287E+01 -.821360E+00 0.257003E+01 0.343360E+02
 -.186437E+01 -.147863E+01 0.343279E+01 -.819708E+00 0.258132E+01 0.402619E+02
 -.187873E+01 -.146687E+01 0.346610E+01 -.819473E+00 0.257009E+01 0.355010E+02
 -.186143E+01 -.146557E+01 0.348052E+01 -.798507E+00 0.259483E+01 0.398644E+02
 -.187767E+01 -.146669E+01 0.345358E+01 -.819222E+00 0.257008E+01 0.343119E+02
 -.187845E+01 -.146715E+01 0.345312E+01 -.818133E+00 0.257009E+01 0.343154E+02
 -.188364E+01 -.146686E+01 0.345353E+01 -.822554E+00 0.257000E+01 0.344403E+02
 -.188259E+01 -.146779E+01 0.345327E+01 -.817416E+00 0.257016E+01 0.343602E+02
 -.187916E+01 -.146670E+01 0.345568E+01 -.819140E+00 0.257010E+01 0.343394E+02
 -.187773E+01 -.146597E+01 0.345341E+01 -.819136E+00 0.257000E+01 0.343126E+02
 -.188509E+01 -.146644E+01 0.345282E+01 -.819283E+00 0.257007E+01 0.344408E+02
 -.186945E+01 -.146759E+01 0.345540E+01 -.819106E+00 0.257009E+01 0.345606E+02
 -.184477E+01 -.144175E+01 0.345724E+01 -.824416E+00 0.257003E+01 0.379425E+02
 -.187660E+01 -.146694E+01 0.345311E+01 -.819463E+00 0.257002E+01 0.343131E+02
 -.182780E+01 -.146293E+01 0.343618E+01 -.803842E+00 0.257002E+01 0.365481E+02
 -.187667E+01 -.142447E+01 0.345432E+01 -.818823E+00 0.257022E+01 0.370829E+02
 -.187747E+01 -.146251E+01 0.345693E+01 -.817422E+00 0.257003E+01 0.345207E+02
 -.188036E+01 -.146682E+01 0.345350E+01 -.826390E+00 0.257091E+01 0.346125E+02
 -.187946E+01 -.141468E+01 0.349187E+01 -.836147E+00 0.258791E+01 0.422311E+02
 -.187859E+01 -.146662E+01 0.345340E+01 -.819214E+00 0.257002E+01 0.343129E+02
 -.187635E+01 -.147672E+01 0.345298E+01 -.837917E+00 0.257000E+01 0.358098E+02
 -.185636E+01 -.145119E+01 0.345824E+01 -.814706E+00 0.257000E+01 0.367874E+02
 -.187989E+01 -.146804E+01 0.345268E+01 -.820456E+00 0.257007E+01 0.343547E+02
 -.187774E+01 -.146619E+01 0.345640E+01 -.817548E+00 0.257006E+01 0.344376E+02
 -.188492E+01 -.146587E+01 0.345412E+01 -.820080E+00 0.257013E+01 0.343936E+02
 -.187368E+01 -.147720E+01 0.344348E+01 -.811528E+00 0.257101E+01 0.347658E+02
 -.187654E+01 -.146702E+01 0.344665E+01 -.826599E+00 0.257009E+01 0.352240E+02
 -.187781E+01 -.146656E+01 0.345343E+01 -.818802E+00 0.257008E+01 0.343124E+02
 -.188102E+01 -.146805E+01 0.345393E+01 -.816901E+00 0.257041E+01 0.343423E+02
 -.187772E+01 -.146646E+01 0.345353E+01 -.819166E+00 0.257004E+01 0.343120E+02
 -.187792E+01 -.146655E+01 0.345326E+01 -.819227E+00 0.257010E+01 0.343122E+02
 -.187711E+01 -.146690E+01 0.345253E+01 -.818403E+00 0.257003E+01 0.343127E+02
 -.187831E+01 -.146316E+01 0.343764E+01 -.813955E+00 0.258455E+01 0.393121E+02
 -.187914E+01 -.147769E+01 0.345439E+01 -.780031E+00 0.257015E+01 0.418358E+02
 -.189266E+01 -.146774E+01 0.345761E+01 -.817959E+00 0.257028E+01 0.345497E+02
 -.190311E+01 -.147188E+01 0.345138E+01 -.831326E+00 0.257000E+01 0.370962E+02
 -.187739E+01 -.148173E+01 0.345344E+01 -.825917E+00 0.257003E+01 0.348043E+02
 -.187798E+01 -.146556E+01 0.345536E+01 -.817889E+00 0.257033E+01 0.343621E+02
 -.188685E+01 -.146778E+01 0.346359E+01 -.799902E+00 0.257009E+01 0.379643E+02
 -.189407E+01 -.147227E+01 0.346713E+01 -.824978E+00 0.257006E+01 0.347303E+02
 -.187742E+01 -.152255E+01 0.346419E+01 -.806097E+00 0.257025E+01 0.405457E+02
 -.187786E+01 -.146663E+01 0.345309E+01 -.818857E+00 0.257008E+01 0.343122E+02
 -.188023E+01 -.147135E+01 0.345641E+01 -.819306E+00 0.257009E+01 0.343750E+02
 -.187851E+01 -.143317E+01 0.345339E+01 -.818976E+00 0.257000E+01 0.359984E+02
 -.184008E+01 -.146696E+01 0.345047E+01 -.821226E+00 0.257009E+01 0.364211E+02
 -.187783E+01 -.146648E+01 0.345334E+01 -.817439E+00 0.257000E+01 0.343246E+02
 -.187744E+01 -.146474E+01 0.345368E+01 -.819373E+00 0.257010E+01 0.343186E+02
 -.187801E+01 -.146519E+01 0.345220E+01 -.824074E+00 0.257009E+01 0.344705E+02
 -.187751E+01 -.146978E+01 0.345510E+01 -.846386E+00 0.257004E+01 0.366579E+02
 -.187782E+01 -.146587E+01 0.345349E+01 -.819221E+00 0.257006E+01 0.343129E+02
 -.187826E+01 -.146702E+01 0.345438E+01 -.819133E+00 0.257013E+01 0.343167E+02
 -.188687E+01 -.146661E+01 0.345728E+01 -.820138E+00 0.257775E+01 0.346441E+02
 -.187882E+01 -.146695E+01 0.345799E+01 -.822291E+00 0.257004E+01 0.343775E+02
 -.187632E+01 -.147884E+01 0.345056E+01 -.818972E+00 0.257000E+01 0.345602E+02
 -.186864E+01 -.146307E+01 0.345497E+01 -.824166E+00 0.257011E+01 0.345558E+02
 -.186730E+01 -.146636E+01 0.345399E+01 -.819271E+00 0.257054E+01 0.345400E+02
 -.187787E+01 -.146584E+01 0.345356E+01 -.822713E+00 0.257007E+01 0.343569E+02
 -.186230E+01 -.146941E+01 0.344708E+01 -.817924E+00 0.257007E+01 0.345256E+02
 -.188064E+01 -.146649E+01 0.345361E+01 -.807016E+00 0.257012E+01 0.349178E+02
 -.187707E+01 -.146007E+01 0.345128E+01 -.819509E+00 0.257031E+01 0.344098E+02
 -.188966E+01 -.146673E+01 0.345635E+01 -.818176E+00 0.257012E+01 0.344698E+02
 -.187816E+01 -.146869E+01 0.345152E+01 -.819144E+00 0.257006E+01 0.343506E+02
 -.187542E+01 -.146607E+01 0.345466E+01 -.838978E+00 0.257350E+01 0.361570E+02
 -.187793E+01 -.147194E+01 0.345376E+01 -.823580E+00 0.257000E+01 0.344151E+02
 -.187773E+01 -.146451E+01 0.344813E+01 -.819471E+00 0.257042E+01 0.345662E+02
 -.187787E+01 -.147344E+01 0.345327E+01 -.815625E+00 0.257000E+01 0.344159E+02
 -.188447E+01 -.149066E+01 0.347107E+01 -.819287E+00 0.257000E+01 0.368333E+02
 -.187759E+01 -.146685E+01 0.344566E+01 -.819694E+00 0.257009E+01 0.348026E+02
 -.187789E+01 -.146666E+01 0.345339E+01 -.819255E+00 0.257007E+01 0.343117E+02
 -.187743E+01 -.146710E+01 0.345339E+01 -.818698E+00 0.257008E+01 0.343130E+02
 -.188409E+01 -.146686E+01 0.345473E+01 -.820882E+00 0.257003E+01 0.343646E+02
 -.188192E+01 -.146703E+01 0.345224E+01 -.813364E+00 0.257018E+01 0.344256E+02
 -.187996E+01 -.146684E+01 0.345336E+01 -.819391E+00 0.257009E+01 0.343234E+02
 -.187775E+01 -.146871E+01 0.345357E+01 -.819190E+00 0.257009E+01 0.343168E+02
 -.189092E+01 -.146676E+01 0.345167E+01 -.819031E+00 0.257019E+01 0.347846E+02
 -.188623E+01 -.146647E+01 0.345365E+01 -.819079E+00 0.257011E+01 0.344361E+02
 -.184936E+01 -.146761E+01 0.344170E+01 -.822163E+00 0.257000E+01 0.353069E+02
 -.187936E+01 -.149193E+01 0.345377E+01 -.816200E+00 0.257012E+01 0.351670E+02
 -.188022E+01 -.146707E+01 0.345202E+01 -.819682E+00 0.257003E+01 0.343649E+02
 -.187867E+01 -.147191E+01 0.345593E+01 -.844622E+00 0.257001E+01 0.362848E+02
 -.187677E+01 -.143119E+01 0.345534E+01 -.820273E+00 0.257021E+01 0.362664E+02
 -.187780E+01 -.145974E+01 0.345710E+01 -.825520E+00 0.257021E+01 0.344547E+02
 -.188291E+01 -.146675E+01 0.345502E+01 -.830750E+00 0.257000E+01 0.347764E+02
 -.188963E+01 -.143888E+01 0.345881E+01 -.819483E+00 0.257012E+01 0.356184E+02
 -.187962E+01 -.146675E+01 0.345340E+01 -.819009E+00 0.257006E+01 0.343191E+02
 -.188947E+01 -.147023E+01 0.345670E+01 -.834025E+00 0.257005E+01 0.351658E+02
 -.188926E+01 -.148874E+01 0.344645E+01 -.829727E+00 0.257000E+01 0.373322E+02
 -.187988E+01 -.146915E+01 0.345402E+01 -.819460E+00 0.257005E+01 0.343239E+02
 -.187798E+01 -.146641E+01 0.345139E+01 -.814064E+00 0.257000E+01 0.343678E+02
 -.187802E+01 -.146917E+01 0.345423E+01 -.816346E+00 0.257004E+01 0.343740E+02
 -.187362E+01 -.146550E+01 0.347229E+01 -.816915E+00 0.257126E+01 0.377353E+02
 -.187504E+01 -.146352E+01 0.345042E+01 -.813058E+00 0.257007E+01 0.343937E+02
 -.187754E+01 -.146667E+01 0.345350E+01 -.819149E+00 0.257007E+01 0.343120E+02
 -.187310E+01 -.146785E+01 0.344604E+01 -.816999E+00 0.257066E+01 0.345368E+02
 -.187794E+01 -.146646E+01 0.345329E+01 -.819291E+00 0.257008E+01 0.343122E+02
 -.187805E+01 -.146615E+01 0.345336E+01 -.819321E+00 0.257009E+01 0.343126E+02
 -.187714E+01 -.146652E+01 0.345133E+01 -.816408E+00 0.257003E+01 0.343257E+02
 -.187680E+01 -.146429E+01 0.346846E+01 -.822757E+00 0.258039E+01 0.348593E+02
 -.187776E+01 -.146762E+01 0.345616E+01 -.858642E+00 0.257006E+01 0.389181E+02
 -.186525E+01 -.148875E+01 0.346180E+01 -.820473E+00 0.257018E+01 0.361093E+02
 -.187796E+01 -.147783E+01 0.345355E+01 -.825853E+00 0.257000E+01 0.346585E+02
 -.188085E+01 -.146640E+01 0.343966E+01 -.817879E+00 0.257030E+01 0.358898E+02
 -.188613E+01 -.146653E+01 0.344367E+01 -.849831E+00 0.257002E+01 0.413862E+02
 -.187173E+01 -.148719E+01 0.345457E+01 -.821610E+00 0.257007E+01 0.349394E+02
 -.187641E+01 -.142590E+01 0.346251E+01 -.810483E+00 0.257105E+01 0.387138E+02
 -.187782E+01 -.146664E+01 0.345345E+01 -.819077E+00 0.257007E+01 0.343118E+02
 -.187805E+01 -.146158E+01 0.346396E+01 -.820182E+00 0.257018E+01 0.351477E+02
 -.187864E+01 -.147662E+01 0.345334E+01 -.819883E+00 0.257005E+01 0.344512E+02
 -.187111E+01 -.146730E+01 0.345123E+01 -.819424E+00 0.257000E+01 0.343550E+02
 -.187792E+01 -.146658E+01 0.345322E+01 -.818387E+00 0.257016E+01 0.343131E+02
 -.187799E+01 -.146658E+01 0.345443E+01 -.819062E+00 0.257013E+01 0.343192E+02
 -.187785E+01 -.146609E+01 0.345265E+01 -.820276E+00 0.257010E+01 0.343287E+02
 -.189073E+01 -.147104E+01 0.345595E+01 -.807424E+00 0.257008E+01 0.351374E+02
 -.187820E+01 -.146560E+01 0.345361E+01 -.819257E+00 0.257009E+01 0.343138E+02
 -.187855E+01 -.146525E+01 0.345211E+01 -.819090E+00 0.257008E+01 0.343334E+02
 -.184106E+01 -.146010E+01 0.344990E+01 -.818303E+00 0.257000E+01 0.363730E+02
 -.187911E+01 -.146471E+01 0.345061E+01 -.821724E+00 0.257006E+01 0.344858E+02
 -.187792E+01 -.147308E+01 0.345405E+01 -.819312E+00 0.257007E+01 0.343662E+02
 -.186611E+01 -.146908E+01 0.346786E+01 -.827551E+00 0.257010E+01 0.362441E+02
 -.187081E+01 -.146649E+01 0.345448E+01 -.818182E+00 0.257004E+01 0.344758E+02
 -.189245E+01 -.146292E+01 0.345313E+01 -.813394E+00 0.257000E+01 0.347577E+02
 -.187781E+01 -.146309E+01 0.345384E+01 -.818647E+00 0.257006E+01 0.343368E+02
 -.187566E+01 -.146951E+01 0.345233E+01 -.817972E+00 0.257006E+01 0.343252E+02
 -.188475E+01 -.146702E+01 0.345451E+01 -.832421E+00 0.257001E+01 0.350453E+02
 -.187812E+01 -.146092E+01 0.345131E+01 -.819191E+00 0.257010E+01 0.343936E+02
 -.189627E+01 -.146673E+01 0.345859E+01 -.818712E+00 0.257023E+01 0.346554E+02
 -.187762E+01 -.146726E+01 0.345225E+01 -.820306E+00 0.257011E+01 0.343394E+02
 -.187780E+01 -.146626E+01 0.345373E+01 -.847256E+00 0.257082E+01 0.372418E+02
 -.187931E+01 -.146425E+01 0.345362E+01 -.818669E+00 0.257133E+01 0.343307E+02
 -.187782E+01 -.146904E+01 0.345156E+01 -.819369E+00 0.257006E+01 0.343515E+02
 -.187944E+01 -.147016E+01 0.345352E+01 -.816652E+00 0.257017E+01 0.343510E+02
 -.190805E+01 -.148163E+01 0.349846E+01 -.818831E+00 0.259287E+01 0.364788E+02
 -.187694E+01 -.146682E+01 0.344209E+01 -.820689E+00 0.257007E+01 0.353874E+02
 -.186982E+01 -.147438E+01 0.346759E+01 -.819682E+00 0.257006E+01 0.365963E+02
 -.187793E+01 -.146660E+01 0.345327E+01 -.819210E+00 0.257006E+01 0.343119E+02
 -.189587E+01 -.146512E+01 0.345321E+01 -.830367E+00 0.257010E+01 0.357339E+02
 -.187731E+01 -.146682E+01 0.345365E+01 -.819964E+00 0.257009E+01 0.343134E+02
 -.187838E+01 -.146685E+01 0.345405E+01 -.818402E+00 0.257006E+01 0.343198E+02
 -.187890E+01 -.146621E+01 0.345232E+01 -.815228E+00 0.257017E+01 0.343512E+02
 -.187732E+01 -.146678E+01 0.345249E+01 -.819586E+00 0.257028E+01 0.343233E+02
 -.187805E+01 -.146954E+01 0.345367E+01 -.819258E+00 0.257012E+01 0.343221E+02
 -.186363E+01 -.146525E+01 0.345205E+01 -.818813E+00 0.257018E+01 0.346063E+02
 -.189029E+01 -.146692E+01 0.345213E+01 -.819146E+00 0.257012E+01 0.347064E+02
 -.187054E+01 -.148607E+01 0.343475E+01 -.817978E+00 0.257002E+01 0.367960E+02
 -.187824E+01 -.146652E+01 0.345190E+01 -.819622E+00 0.257009E+01 0.343412E+02
 -.187692E+01 -.146652E+01 0.345426E+01 -.819970E+00 0.257016E+01 0.343182E+02
 -.187671E+01 -.146055E+01 0.344923E+01 -.823096E+00 0.257016E+01 0.346567E+02
 -.187746E+01 -.141982E+01 0.345333E+01 -.819356E+00 0.257008E+01 0.376991E+02
 -.187502E+01 -.146662E+01 0.345600E+01 -.813433E+00 0.257083E+01 0.346350E+02
 -.188712E+01 -.150524E+01 0.344678E+01 -.810871E+00 0.259195E+01 0.411495E+02
 -.187710E+01 -.146665E+01 0.345350E+01 -.819845E+00 0.257003E+01 0.343131E+02
 -.187312E+01 -.146241E+01 0.345623E+01 -.820458E+00 0.257018E+01 0.344841E+02
 -.191909E+01 -.147131E+01 0.345657E+01 -.831506E+00 0.257714E+01 0.394741E+02
 -.187861E+01 -.147165E+01 0.348474E+01 -.849021E+00 0.257008E+01 0.377557E+02
 -.187955E+01 -.146458E+01 0.345538E+01 -.818498E+00 0.257014E+01 0.343481E+02
 -.187807E+01 -.146656E+01 0.345015E+01 -.817288E+00 0.257011E+01 0.343636E+02
 -.187267E+01 -.146873E+01 0.345346E+01 -.814976E+00 0.257000E+01 0.344711E+02
 -.187779E+01 -.145789E+01 0.346402E+01 -.827232E+00 0.257034E+01 0.348686E+02
 -.188133E+01 -.146253E+01 0.345603E+01 -.815701E+00 0.257010E+01 0.344808E+02
 -.187777E+01 -.146673E+01 0.345347E+01 -.819589E+00 0.257002E+01 0.343118E+02
 -.187671E+01 -.146756E+01 0.345131E+01 -.817522E+00 0.257009E+01 0.343231E+02
 -.187803E+01 -.146670E+01 0.345317E+01 -.819133E+00 0.257009E+01 0.343125E+02
 -.187786E+01 -.146693E+01 0.345359E+01 -.819272E+00 0.257007E+01 0.343117E+02
 -.187806E+01 -.146656E+01 0.345259E+01 -.817491E+00 0.257005E+01 0.343191E+02
 -.189689E+01 -.146699E+01 0.348402E+01 -.823353E+00 0.257000E+01 0.385920E+02
 -.188511E+01 -.145721E+01 0.345689E+01 -.870680E+00 0.257000E+01 0.422700E+02
 -.187564E+01 -.147716E+01 0.345060E+01 -.821809E+00 0.257008E+01 0.345941E+02
 -.187750E+01 -.146554E+01 0.345348E+01 -.813979E+00 0.257005E+01 0.344341E+02
 -.187774E+01 -.146627E+01 0.345780E+01 -.817904E+00 0.257016E+01 0.345150E+02
 -.187045E+01 -.148905E+01 0.346175E+01 -.821618E+00 0.257007E+01 0.356658E+02
 -.187777E+01 -.146655E+01 0.345355E+01 -.819371E+00 0.257006E+01 0.343117E+02
 -.188342E+01 -.145986E+01 0.346626E+01 -.821087E+00 0.257017E+01 0.352098E+02
 -.186818E+01 -.146805E+01 0.344880E+01 -.817166E+00 0.260101E+01 0.416605E+02
 -.187778E+01 -.150960E+01 0.345397E+01 -.819960E+00 0.257019E+01 0.366330E+02
 -.189592E+01 -.146702E+01 0.345216E+01 -.817915E+00 0.257007E+01 0.350253E+02
 -.187795E+01 -.146722E+01 0.345371E+01 -.820781E+00 0.257028E+01 0.343219E+02
 -.187897E+01 -.146884E+01 0.345361E+01 -.818980E+00 0.257000E+01 0.343196E+02
 -.187761E+01 -.146749E+01 0.345480E+01 -.817587E+00 0.257010E+01 0.343566E+02
 -.188036E+01 -.146968E+01 0.345557E+01 -.797296E+00 0.257008E+01 0.367784E+02
 -.187823E+01 -.146603E+01 0.345343E+01 -.819244E+00 0.257011E+01 0.343129E+02
 -.187777E+01 -.146428E+01 0.345134E+01 -.819203E+00 0.257003E+01 0.343510E+02
 -.187753E+01 -.146173E+01 0.345522E+01 -.818450E+00 0.257647E+01 0.344924E+02
 -.187978E+01 -.146810E+01 0.345208E+01 -.817878E+00 0.257003E+01 0.343400E+02
 -.187851E+01 -.146404E+01 0.345725E+01 -.819213E+00 0.257008E+01 0.344281E+02
 -.187973E+01 -.146280E+01 0.346811E+01 -.827042E+00 0.257009E+01 0.352190E+02
 -.188248E+01 -.146734E+01 0.345315E+01 -.812694E+00 0.257002E+01 0.344802E+02
 -.187773E+01 -.146395E+01 0.345389E+01 -.814550E+00 0.257003E+01 0.344396E+02
 -.188817E+01 -.146574E+01 0.345666E+01 -.819718E+00 0.257006E+01 0.344141E+02
 -.187754E+01 -.146731E+01 0.345369E+01 -.840474E+00 0.257000E+01 0.359159E+02
 -.187817E+01 -.147759E+01 0.345357E+01 -.818039E+00 0.257009E+01 0.344728E+02
 -.186164E+01 -.146659E+01 0.345367E+01 -.819744E+00 0.257012E+01 0.348100E+02
 -.187728E+01 -.146576E+01 0.345413E+01 -.816388E+00 0.257004E+01 0.343731E+02
 -.188013E+01 -.146682E+01 0.345251E+01 -.788527E+00 0.257000E+01 0.382845E+02
 -.187863E+01 -.146167E+01 0.345324E+01 -.815385E+00 0.257078E+01 0.343836E+02
 -.187787E+01 -.147074E+01 0.345905E+01 -.818998E+00 0.257000E+01 0.345838E+02
 -.187846E+01 -.146402E+01 0.345263E+01 -.821618E+00 0.257024E+01 0.343759E+02
 -.187757E+01 -.146686E+01 0.345675E+01 -.819633E+00 0.257007E+01 0.343911E+02
 -.183137E+01 -.151008E+01 0.344800E+01 -.818474E+00 0.257007E+01 0.394110E+02
 -.187779E+01 -.146662E+01 0.345326E+01 -.819104E+00 0.257005E+01 0.343117E+02
 -.187783E+01 -.146649E+01 0.345353E+01 -.820848E+00 0.257036E+01 0.343260E+02
 -.187465E+01 -.146659E+01 0.345380E+01 -.816588E+00 0.257006E+01 0.343862E+02
 -.187578E+01 -.146605E+01 0.345354E+01 -.821001E+00 0.257012E+01 0.343276E+02
 -.187820E+01 -.146662E+01 0.345419E+01 -.819173E+00 0.257044E+01 0.343131E+02
 -.187829E+01 -.146476E+01 0.345346E+01 -.819232E+00 0.257004E+01 0.343176E+02
 -.186174E+01 -.146485E+01 0.345346E+01 -.819102E+00 0.257003E+01 0.348117E+02
 -.187355E+01 -.146799E+01 0.345541E+01 -.819223E+00 0.257007E+01 0.344207E+02
 -.182535E+01 -.146705E+01 0.345645E+01 -.824043E+00 0.257025E+01 0.400249E+02
 -.187731E+01 -.146614E+01 0.345212E+01 -.819713E+00 0.257009E+01 0.343297E+02
 -.186338E+01 -.145308E+01 0.345998E+01 -.824602E+00 0.257003E+01 0.355908E+02
 -.187562E+01 -.146624E+01 0.345473E+01 -.818837E+00 0.257006E+01 0.343561E+02
 -.187792E+01 -.146212E+01 0.345509E+01 -.787361E+00 0.257016E+01 0.395206E+02
 -.187746E+01 -.149444E+01 0.345258E+01 -.818547E+00 0.257010E+01 0.353202E+02
 -.187674E+01 -.147147E+01 0.344562E+01 -.814004E+00 0.257007E+01 0.345627E+02
 -.187168E+01 -.146657E+01 0.345565E+01 -.808752E+00 0.257009E+01 0.352442E+02
 -.187531E+01 -.146642E+01 0.345363E+01 -.820097E+00 0.257003E+01 0.343247E+02
 -.187422E+01 -.147575E+01 0.345434E+01 -.810111E+00 0.257015E+01 0.348911E+02
 -.187888E+01 -.146269E+01 0.345474E+01 -.819639E+00 0.257011E+01 0.343411E+02
 -.187766E+01 -.146631E+01 0.344994E+01 -.818246E+00 0.257006E+01 0.343797E+02
 -.187933E+01 -.146565E+01 0.345330E+01 -.823694E+00 0.257004E+01 0.344092E+02
 -.187882E+01 -.146663E+01 0.343794E+01 -.826200E+00 0.257000E+01 0.372396E+02
 -.188354E+01 -.147053E+01 0.345808E+01 -.823756E+00 0.257014E+01 0.343624E+02
 -.187812E+01 -.146665E+01 0.345344E+01 -.819455E+00 0.257001E+01 0.343119E+02
 -.188055E+01 -.146601E+01 0.345831E+01 -.818033E+00 0.257000E+01 0.344997E+02
 -.187800E+01 -.146678E+01 0.345334E+01 -.819023E+00 0.257004E+01 0.343118E+02
 -.187766E+01 -.146706E+01 0.345347E+01 -.819189E+00 0.257006E+01 0.343118E+02
 -.187807E+01 -.146693E+01 0.345369E+01 -.821061E+00 0.257005E+01 0.343220E+02
 -.190742E+01 -.146544E+01 0.346454E+01 -.819296E+00 0.259078E+01 0.365603E+02
 -.189261E+01 -.144547E+01 0.344891E+01 -.817442E+00 0.257009E+01 0.357140E+02
 -.187740E+01 -.145733E+01 0.345349E+01 -.812987E+00 0.257008E+01 0.346225E+02
 -.187610E+01 -.146537E+01 0.346545E+01 -.818041E+00 0.257035E+01 0.356735E+02
 -.187766E+01 -.146707E+01 0.348077E+01 -.816407E+00 0.257003E+01 0.412064E+02
 -.190178E+01 -.145026E+01 0.345748E+01 -.821464E+00 0.257006E+01 0.353690E+02
 -.187779E+01 -.146658E+01 0.345328E+01 -.819434E+00 0.257006E+01 0.343122E+02
 -.188602E+01 -.147151E+01 0.346591E+01 -.820284E+00 0.257004E+01 0.350458E+02
 -.189563E+01 -.146112E+01 0.350000E+01 -.817546E+00 0.259385E+01 0.382307E+02
 -.187773E+01 -.146574E+01 0.345454E+01 -.819484E+00 0.257018E+01 0.343203E+02
 -.188906E+01 -.146681E+01 0.345298E+01 -.817580E+00 0.257003E+01 0.345572E+02
 -.187782E+01 -.146671E+01 0.345404E+01 -.819877E+00 0.257014E+01 0.343128E+02
 -.187846E+01 -.146683E+01 0.345274E+01 -.819728E+00 0.257008E+01 0.343244E+02
 -.187790E+01 -.146811E+01 0.345456E+01 -.819457E+00 0.257007E+01 0.343208E+02
 -.179692E+01 -.146405E+01 0.340941E+01 -.818297E+00 0.257006E+01 0.420320E+02
 -.186904E+01 -.146496E+01 0.345565E+01 -.829835E+00 0.257004E+01 0.347141E+02
 -.187762E+01 -.146781E+01 0.345344E+01 -.819194E+00 0.257012E+01 0.343131E+02
 -.187658E+01 -.146410E+01 0.345382E+01 -.819267E+00 0.257009E+01 0.343289E+02
 -.191453E+01 -.146775E+01 0.345949E+01 -.819163E+00 0.257889E+01 0.364892E+02
 -.187903E+01 -.146972E+01 0.345648E+01 -.819759E+00 0.257003E+01 0.343655E+02
 -.187826E+01 -.146267E+01 0.345606E+01 -.818751E+00 0.257007E+01 0.344006E+02
 -.188896E+01 -.145857E+01 0.344489E+01 -.811262E+00 0.257006E+01 0.352411E+02
 -.188754E+01 -.146771E+01 0.345312E+01 -.818604E+00 0.257043E+01 0.345103E+02
 -.187774E+01 -.146665E+01 0.345344E+01 -.819449E+00 0.257005E+01 0.343117E+02
 -.187052E+01 -.146530E+01 0.345704E+01 -.819914E+00 0.257007E+01 0.346348E+02
 -.187224E+01 -.146714E+01 0.345419E+01 -.821075E+00 0.257006E+01 0.343833E+02
 -.187607E+01 -.148383E+01 0.345396E+01 -.818422E+00 0.257040E+01 0.347051E+02
 -.187724E+01 -.146636E+01 0.345020E+01 -.819779E+00 0.257005E+01 0.343986E+02
 -.187841E+01 -.146513E+01 0.345468E+01 -.817825E+00 0.257000E+01 0.343493E+02
 -.187925E+01 -.146699E+01 0.345178E+01 -.793799E+00 0.257127E+01 0.365053E+02
 -.187738E+01 -.146286E+01 0.345366E+01 -.818319E+00 0.257000E+01 0.343428E+02
 -.187781E+01 -.146815E+01 0.345549E+01 -.818869E+00 0.257016E+01 0.343498E+02
 -.187779E+01 -.146326E+01 0.345304E+01 -.818226E+00 0.257008E+01 0.343312E+02
 -.188861E+01 -.146444E+01 0.343099E+01 -.819782E+00 0.257449E+01 0.411534E+02
 -.187989E+01 -.146684E+01 0.346270E+01 -.818347E+00 0.257007E+01 0.349678E+02
 -.187768E+01 -.146665E+01 0.345336E+01 -.819104E+00 0.257008E+01 0.343117E+02
 -.186321E+01 -.146757E+01 0.345393E+01 -.822296E+00 0.257016E+01 0.347135E+02
 -.187818E+01 -.146726E+01 0.345341E+01 -.818072E+00 0.257034E+01 0.343149E+02
 -.187979E+01 -.146678E+01 0.345393E+01 -.822588E+00 0.257002E+01 0.343547E+02
 -.187621E+01 -.146637E+01 0.345434E+01 -.823417E+00 0.257004E+01 0.343581E+02
 -.187848E+01 -.146650E+01 0.345535E+01 -.818845E+00 0.257017E+01 0.343385E+02
 -.187771E+01 -.146415E+01 0.345329E+01 -.819202E+00 0.257004E+01 0.343212E+02
 -.187705E+01 -.146659E+01 0.345299E+01 -.819257E+00 0.257006E+01 0.343124E+02
 -.186708E+01 -.146685E+01 0.345606E+01 -.819346E+00 0.257008E+01 0.347265E+02
 -.190619E+01 -.143900E+01 0.350000E+01 -.765290E+00 0.265372E+01 0.387665E+02
 -.188267E+01 -.145110E+01 0.346618E+01 -.820621E+00 0.257015E+01 0.356140E+02
 -.187478E+01 -.141802E+01 0.347657E+01 -.827369E+00 0.257002E+01 0.418765E+02
 -.187578E+01 -.146709E+01 0.345505E+01 -.819058E+00 0.257003E+01 0.343607E+02
 -.187839E+01 -.146914E+01 0.345251E+01 -.830967E+00 0.257019E+01 0.349768E+02
 -.187756E+01 -.148324E+01 0.345367E+01 -.817904E+00 0.257005E+01 0.346767E+02
 -.187684E+01 -.146584E+01 0.344919E+01 -.812510E+00 0.257001E+01 0.343884E+02
 -.187991E+01 -.141085E+01 0.345418E+01 -.819429E+00 0.257000E+01 0.392174E+02
 -.188022E+01 -.146686E+01 0.345438E+01 -.810330E+00 0.257000E+01 0.346953E+02
 -.191804E+01 -.145249E+01 0.345680E+01 -.819082E+00 0.257006E+01 0.369154E+02
 -.187825E+01 -.146654E+01 0.345355E+01 -.819813E+00 0.257005E+01 0.343130E+02
 -.188717E+01 -.147291E+01 0.345463E+01 -.815977E+00 0.257000E+01 0.345148E+02
 -.187504E+01 -.145487E+01 0.346049E+01 -.815261E+00 0.257556E+01 0.348460E+02
 -.188895E+01 -.148491E+01 0.341637E+01 -.768205E+00 0.257010E+01 0.420165E+02
 -.187881E+01 -.146813E+01 0.345411E+01 -.819944E+00 0.257012E+01 0.343152E+02
 -.187768E+01 -.146539E+01 0.345386E+01 -.816683E+00 0.257000E+01 0.343555E+02
 -.188545E+01 -.146614E+01 0.345413E+01 -.826153E+00 0.257005E+01 0.346189E+02
 -.187750E+01 -.147236E+01 0.343543E+01 -.820717E+00 0.257076E+01 0.372202E+02
 -.188098E+01 -.147002E+01 0.345428E+01 -.820234E+00 0.257010E+01 0.343395E+02
 -.187775E+01 -.146652E+01 0.345349E+01 -.818936E+00 0.257003E+01 0.343124E+02
 -.188236E+01 -.146632E+01 0.345279E+01 -.819118E+00 0.257034E+01 0.343749E+02
 -.187788E+01 -.146676E+01 0.345360E+01 -.819234E+00 0.257004E+01 0.343118E+02
 -.187781E+01 -.146609E+01 0.345331E+01 -.819165E+00 0.257006E+01 0.343123E+02
 -.187738E+01 -.146710E+01 0.345442E+01 -.821730E+00 0.257004E+01 0.343244E+02
 -.186584E+01 -.146418E+01 0.344202E+01 -.811778E+00 0.257487E+01 0.349366E+02
 -.188663E+01 -.146619E+01 0.345302E+01 -.779747E+00 0.257022E+01 0.411131E+02
 -.188921E+01 -.146948E+01 0.345592E+01 -.816630E+00 0.257019E+01 0.344991E+02
 -.187770E+01 -.145738E+01 0.345339E+01 -.816994E+00 0.257008E+01 0.344624E+02
 -.187822E+01 -.146534E+01 0.345890E+01 -.818194E+00 0.257064E+01 0.345493E+02
 -.191656E+01 -.147279E+01 0.345214E+01 -.821245E+00 0.257006E+01 0.376667E+02
 -.187781E+01 -.146667E+01 0.345325E+01 -.818742E+00 0.257007E+01 0.343121E+02
 -.187692E+01 -.147226E+01 0.344971E+01 -.818678E+00 0.257000E+01 0.344358E+02
 -.187775E+01 -.143219E+01 0.345361E+01 -.818934E+00 0.257017E+01 0.361084E+02
 -.186576E+01 -.146679E+01 0.345191E+01 -.818168E+00 0.257000E+01 0.345119E+02
 -.187772E+01 -.146636E+01 0.345364E+01 -.818586E+00 0.257003E+01 0.343156E+02
 -.187729E+01 -.146536E+01 0.345256E+01 -.820203E+00 0.257010E+01 0.343283E+02
 -.187810E+01 -.146679E+01 0.345429E+01 -.820805E+00 0.257003E+01 0.343153E+02
 -.188434E+01 -.146342E+01 0.345474E+01 -.840106E+00 0.257003E+01 0.359364E+02
 -.187767E+01 -.146681E+01 0.345352E+01 -.819160E+00 0.257005E+01 0.343118E+02
 -.187190E+01 -.141053E+01 0.345411E+01 -.809241E+00 0.257006E+01 0.401801E+02
 -.187626E+01 -.146575E+01 0.345546E+01 -.819240E+00 0.257012E+01 0.343661E+02
 -.190454E+01 -.146873E+01 0.346728E+01 -.823961E+00 0.257000E+01 0.349113E+02
 -.187911E+01 -.146472E+01 0.345875E+01 -.821361E+00 0.257004E+01 0.344382E+02
 -.187595E+01 -.146874E+01 0.345184E+01 -.818609E+00 0.257005E+01 0.343224E+02
 -.186765E+01 -.147066E+01 0.344002E+01 -.818704E+00 0.257009E+01 0.351510E+02
 -.187771E+01 -.146575E+01 0.345389E+01 -.820264E+00 0.257063E+01 0.343201E+02
 -.187775E+01 -.146876E+01 0.345306E+01 -.823057E+00 0.257007E+01 0.343900E+02
 -.186705E+01 -.146548E+01 0.345040E+01 -.819263E+00 0.257007E+01 0.344281E+02
 -.187293E+01 -.146627E+01 0.345446E+01 -.805730E+00 0.257011E+01 0.353750E+02
 -.187549E+01 -.146916E+01 0.345186E+01 -.819527E+00 0.257042E+01 0.343418E+02
 -.189479E+01 -.146619E+01 0.345156E+01 -.818976E+00 0.257009E+01 0.350435E+02
 -.187857E+01 -.146594E+01 0.345263E+01 -.820524E+00 0.257012E+01 0.343406E+02
 -.187878E+01 -.146662E+01 0.345567E+01 -.831783E+00 0.257046E+01 0.347699E+02
 -.187820E+01 -.146705E+01 0.345373E+01 -.821786E+00 0.257139E+01 0.343763E+02
 -.187774E+01 -.146570E+01 0.344945E+01 -.819320E+00 0.257028E+01 0.344482E+02
 -.187926E+01 -.146427E+01 0.345344E+01 -.816305E+00 0.257000E+01 0.343566E+02
 -.186619E+01 -.147022E+01 0.343770E+01 -.819438E+00 0.257000E+01 0.355256E+02
 -.188152E+01 -.146695E+01 0.345333E+01 -.817772E+00 0.257007E+01 0.343408E+02
 -.192735E+01 -.143738E+01 0.345201E+01 -.819487E+00 0.257009E+01 0.403198E+02
 -.193542E+01 -.146747E+01 0.348835E+01 -.820018E+00 0.259725E+01 0.354466E+02
 -.187773E+01 -.146665E+01 0.345353E+01 -.819188E+00 0.257008E+01 0.343118E+02
 -.184883E+01 -.147043E+01 0.345377E+01 -.855545E+00 0.257000E+01 0.390966E+02
 -.187777E+01 -.146735E+01 0.345332E+01 -.817923E+00 0.257026E+01 0.343161E+02
 -.188225E+01 -.146720E+01 0.345418E+01 -.820324E+00 0.257002E+01 0.343419E+02
 -.187770E+01 -.146656E+01 0.345403E+01 -.822413E+00 0.257000E+01 0.343371E+02
 -.187777E+01 -.146649E+01 0.345282E+01 -.818743E+00 0.257000E+01 0.343128E+02
 -.187790E+01 -.146577E+01 0.345329E+01 -.819225E+00 0.257012E+01 0.343134E+02
 -.188988E+01 -.146802E+01 0.345272E+01 -.819348E+00 0.257009E+01 0.346465E+02
 -.187890E+01 -.146603E+01 0.345604E+01 -.819212E+00 0.257016E+01 0.343509E+02
 -.188314E+01 -.145897E+01 0.347615E+01 -.818950E+00 0.257007E+01 0.381327E+02
 -.187775E+01 -.146765E+01 0.345357E+01 -.819858E+00 0.257004E+01 0.343135E+02
 -.187867E+01 -.147366E+01 0.345606E+01 -.854667E+00 0.257009E+01 0.382049E+02
 -.187652E+01 -.145565E+01 0.343376E+01 -.806787E+00 0.257005E+01 0.358685E+02
 -.187747E+01 -.144710E+01 0.345491E+01 -.820447E+00 0.257014E+01 0.348920E+02
 -.187756E+01 -.146179E+01 0.345881E+01 -.813804E+00 0.257015E+01 0.349686E+02
 -.188520E+01 -.146691E+01 0.345259E+01 -.821227E+00 0.257035E+01 0.345199E+02
 -.188013E+01 -.146676E+01 0.345348E+01 -.819496E+00 0.257006E+01 0.343237E+02
 -.188467E+01 -.146520E+01 0.345563E+01 -.829899E+00 0.257000E+01 0.347047E+02
 -.187894E+01 -.146860E+01 0.345289E+01 -.820395E+00 0.257006E+01 0.343392E+02
 -.187781E+01 -.146492E+01 0.345674E+01 -.818950E+00 0.257008E+01 0.344131E+02
 -.188721E+01 -.146722E+01 0.345382E+01 -.815541E+00 0.257005E+01 0.344790E+02
 -.187573E+01 -.146069E+01 0.348316E+01 -.819115E+00 0.257092E+01 0.417349E+02
 -.187643E+01 -.146519E+01 0.344794E+01 -.815364E+00 0.257005E+01 0.344015E+02
 -.187768E+01 -.146663E+01 0.345351E+01 -.818669E+00 0.257005E+01 0.343136E+02
 -.187207E+01 -.146848E+01 0.344821E+01 -.819457E+00 0.257013E+01 0.344441E+02
 -.187779E+01 -.146654E+01 0.345349E+01 -.819247E+00 0.257008E+01 0.343117E+02
 -.187795E+01 -.146649E+01 0.345334E+01 -.819142E+00 0.257009E+01 0.343119E+02
 -.187675E+01 -.146653E+01 0.345342E+01 -.819045E+00 0.257003E+01 0.343141E+02
 -.185017E+01 -.146591E+01 0.344924E+01 -.813778E+00 0.257000E+01 0.354053E+02
 -.187754E+01 -.147644E+01 0.345069E+01 -.824540E+00 0.257010E+01 0.347500E+02
 -.188023E+01 -.148468E+01 0.345718E+01 -.821486E+00 0.257007E+01 0.347534E+02
 -.187768E+01 -.147536E+01 0.345341E+01 -.824190E+00 0.257000E+01 0.345164E+02
 -.187960E+01 -.146523E+01 0.344363E+01 -.818340E+00 0.257000E+01 0.350691E+02
 -.188883E+01 -.146636E+01 0.343774E+01 -.819419E+00 0.257003E+01 0.373506E+02
 -.188394E+01 -.148738E+01 0.346392E+01 -.821727E+00 0.257006E+01 0.352234E+02
 -.187779E+01 -.146660E+01 0.345352E+01 -.819039E+00 0.257007E+01 0.343120E+02
 -.187396E+01 -.146991E+01 0.344341E+01 -.818455E+00 0.257023E+01 0.348966E+02
 -.186807E+01 -.146573E+01 0.344785E+01 -.819688E+00 0.257000E+01 0.344522E+02
 -.187775E+01 -.142113E+01 0.345394E+01 -.819562E+00 0.257012E+01 0.375138E+02
 -.185702E+01 -.146708E+01 0.345073E+01 -.820459E+00 0.257006E+01 0.348767E+02
 -.187779E+01 -.146708E+01 0.345332E+01 -.817853E+00 0.257007E+01 0.343181E+02
 -.187757E+01 -.146637E+01 0.345505E+01 -.819330E+00 0.257000E+01 0.343347E+02
 -.187810E+01 -.146554E+01 0.345360E+01 -.820072E+00 0.257003E+01 0.343155E+02
 -.190948E+01 -.146335E+01 0.343646E+01 -.819733E+00 0.257007E+01 0.413055E+02
 -.189120E+01 -.146473E+01 0.345500E+01 -.832173E+00 0.257004E+01 0.352751E+02
 -.187785E+01 -.146585E+01 0.345352E+01 -.819133E+00 0.257001E+01 0.343131E+02
 -.187707E+01 -.146798E+01 0.345288E+01 -.819083E+00 0.257012E+01 0.343148E+02
 -.185388E+01 -.146734E+01 0.346058E+01 -.824200E+00 0.258123E+01 0.362469E+02
 -.187877E+01 -.146234E+01 0.345561E+01 -.819615E+00 0.257003E+01 0.343659E+02
 -.187621E+01 -.147295E+01 0.344916E+01 -.818717E+00 0.257005E+01 0.344686E+02
 -.185215E+01 -.147181E+01 0.345779E+01 -.830446E+00 0.257011E+01 0.360099E+02
 -.187005E+01 -.146456E+01 0.345433E+01 -.821406E+00 0.257017E+01 0.344550E+02
 -.187777E+01 -.146738E+01 0.345354E+01 -.819435E+00 0.257007E+01 0.343122E+02
 -.188035E+01 -.147029E+01 0.344706E+01 -.817652E+00 0.257005E+01 0.346735E+02
 -.188001E+01 -.146600E+01 0.345444E+01 -.825425E+00 0.257000E+01 0.344318E+02
 -.187533E+01 -.145577E+01 0.345148E+01 -.819848E+00 0.257044E+01 0.345103E+02
 -.188276E+01 -.146626E+01 0.345672E+01 -.818714E+00 0.257013E+01 0.343661E+02
 -.187818E+01 -.146743E+01 0.345280E+01 -.818303E+00 0.257020E+01 0.343154E+02
 -.187755E+01 -.146622E+01 0.345318E+01 -.852466E+00 0.257000E+01 0.382143E+02
 -.187884E+01 -.146910E+01 0.345329E+01 -.821238E+00 0.257139E+01 0.343928E+02
 -.187781E+01 -.146502E+01 0.345182E+01 -.819219E+00 0.257023E+01 0.343398E+02
 -.187948E+01 -.147230E+01 0.345373E+01 -.817457E+00 0.257021E+01 0.343658E+02
 -.186584E+01 -.148272E+01 0.348264E+01 -.819434E+00 0.257720E+01 0.407900E+02
 -.187665E+01 -.146694E+01 0.344860E+01 -.818886E+00 0.257010E+01 0.344560E+02
 -.189077E+01 -.150541E+01 0.346916E+01 -.819874E+00 0.257005E+01 0.371271E+02
 -.187781E+01 -.146663E+01 0.345339E+01 -.819212E+00 0.257006E+01 0.343117E+02
 -.187698E+01 -.147175E+01 0.345385E+01 -.857210E+00 0.257008E+01 0.392047E+02
 -.187750E+01 -.146654E+01 0.345335E+01 -.819116E+00 0.257000E+01 0.343118E+02
 -.187838E+01 -.146710E+01 0.345450E+01 -.817158E+00 0.257003E+01 0.343533E+02
 -.187638E+01 -.146663E+01 0.345316E+01 -.818013E+00 0.257016E+01 0.343187E+02
 -.187722E+01 -.146653E+01 0.345130E+01 -.818903E+00 0.257008E+01 0.343372E+02
 -.187825E+01 -.146869E+01 0.345350E+01 -.819209E+00 0.257009E+01 0.343170E+02
 -.188164E+01 -.146714E+01 0.345318E+01 -.819327E+00 0.257005E+01 0.343473E+02
 -.188704E+01 -.146705E+01 0.345284E+01 -.819161E+00 0.257020E+01 0.345085E+02
 -.191427E+01 -.146690E+01 0.344629E+01 -.817016E+00 0.257016E+01 0.383777E+02
 -.187506E+01 -.147105E+01 0.343768E+01 -.818853E+00 0.257003E+01 0.359865E+02
 -.186954E+01 -.150709E+01 0.345090E+01 -.818827E+00 0.257009E+01 0.364325E+02
 -.187776E+01 -.146690E+01 0.345190E+01 -.820130E+00 0.257004E+01 0.343445E+02
 -.187867E+01 -.146372E+01 0.345722E+01 -.818611E+00 0.257003E+01 0.344504E+02
 -.187686E+01 -.143585E+01 0.345381E+01 -.821407E+00 0.257017E+01 0.357385E+02
 -.187790E+01 -.146828E+01 0.346205E+01 -.829616E+00 0.257014E+01 0.345755E+02
 -.188281E+01 -.154736E+01 0.345376E+01 -.819273E+00 0.257017E+01 0.419988E+02
 -.187949E+01 -.146678E+01 0.345460E+01 -.827907E+00 0.257044E+01 0.345751E+02
 -.187509E+01 -.145434E+01 0.345563E+01 -.819389E+00 0.257012E+01 0.346301E+02
 -.187866E+01 -.146681E+01 0.345340E+01 -.819082E+00 0.257006E+01 0.343131E+02
 -.187870E+01 -.146394E+01 0.345790E+01 -.833022E+00 0.257008E+01 0.347015E+02
 -.189109E+01 -.148360E+01 0.346196E+01 -.836330E+00 0.257000E+01 0.352754E+02
 -.188240E+01 -.148400E+01 0.348753E+01 -.851264E+00 0.257000E+01 0.382100E+02
 -.187774E+01 -.146844E+01 0.345390E+01 -.819536E+00 0.257012E+01 0.343160E+02
 -.187778E+01 -.146589E+01 0.345041E+01 -.818427E+00 0.257003E+01 0.343647E+02
 -.187745E+01 -.146848E+01 0.345402E+01 -.812584E+00 0.257001E+01 0.345385E+02
 -.187533E+01 -.145448E+01 0.347745E+01 -.820462E+00 0.257041E+01 0.393441E+02
 -.187808E+01 -.146208E+01 0.344527E+01 -.815236E+00 0.257009E+01 0.346509E+02
 -.187781E+01 -.146670E+01 0.345353E+01 -.818854E+00 0.257002E+01 0.343128E+02
 -.187359E+01 -.146706E+01 0.345023E+01 -.817696E+00 0.257000E+01 0.343300E+02
 -.187787E+01 -.146659E+01 0.345332E+01 -.819092E+00 0.257010E+01 0.343118E+02
 -.187784E+01 -.146714E+01 0.345349E+01 -.819296E+00 0.257008E+01 0.343118E+02
 -.187662E+01 -.146643E+01 0.345222E+01 -.816860E+00 0.257003E+01 0.343212E+02
 -.189676E+01 -.146783E+01 0.347452E+01 -.819457E+00 0.257463E+01 0.353829E+02
 -.187443E+01 -.147322E+01 0.345058E+01 -.854377E+00 0.257001E+01 0.393048E+02
 -.187752E+01 -.148526E+01 0.345501E+01 -.821473E+00 0.257006E+01 0.347737E+02
 -.187746E+01 -.148612E+01 0.345366E+01 -.821159E+00 0.257013E+01 0.348283E+02
 -.187864E+01 -.146494E+01 0.344675E+01 -.818359E+00 0.257057E+01 0.346847E+02
 -.186335E+01 -.146354E+01 0.346266E+01 -.819567E+00 0.257006E+01 0.360990E+02
 -.187778E+01 -.146654E+01 0.345343E+01 -.819358E+00 0.257007E+01 0.343118E+02
 -.188639E+01 -.146166E+01 0.344538E+01 -.818597E+00 0.257016E+01 0.352923E+02
 -.187778E+01 -.148471E+01 0.345417E+01 -.820001E+00 0.257010E+01 0.347397E+02
 -.187293E+01 -.146710E+01 0.345172E+01 -.820520E+00 0.257008E+01 0.343507E+02
 -.187798E+01 -.146761E+01 0.345338E+01 -.818410E+00 0.257027E+01 0.343139E+02
 -.187900E+01 -.146893E+01 0.345416E+01 -.818781E+00 0.257005E+01 0.343225E+02
 -.187794E+01 -.146524E+01 0.345393E+01 -.820175E+00 0.257004E+01 0.343163E+02
 -.192097E+01 -.146472E+01 0.348016E+01 -.819217E+00 0.257006E+01 0.373776E+02
 -.189158E+01 -.147323E+01 0.345423E+01 -.817302E+00 0.257009E+01 0.346709E+02
 -.187775E+01 -.146570E+01 0.345341E+01 -.819138E+00 0.257009E+01 0.343133E+02
 -.187598E+01 -.144864E+01 0.345060E+01 -.841000E+00 0.257007E+01 0.368610E+02
 -.187784E+01 -.146797E+01 0.345167E+01 -.819128E+00 0.257005E+01 0.343384E+02
 -.187158E+01 -.146183E+01 0.344751E+01 -.817298E+00 0.258440E+01 0.365360E+02
 -.187837E+01 -.146874E+01 0.345115E+01 -.819456E+00 0.257007E+01 0.343731E+02
 -.187656E+01 -.147044E+01 0.345316E+01 -.818896E+00 0.257007E+01 0.343311E+02
 -.188216E+01 -.146043E+01 0.346743E+01 -.820264E+00 0.257012E+01 0.355612E+02
 -.187007E+01 -.146815E+01 0.345389E+01 -.820586E+00 0.257018E+01 0.344313E+02
 -.187778E+01 -.146521E+01 0.345378E+01 -.816338E+00 0.257004E+01 0.343613E+02
 -.188437E+01 -.147324E+01 0.345559E+01 -.818481E+00 0.257006E+01 0.344198E+02
 -.188449E+01 -.146812E+01 0.345344E+01 -.838078E+00 0.257008E+01 0.359050E+02
 -.187803E+01 -.146360E+01 0.345304E+01 -.819035E+00 0.257042E+01 0.343288E+02
 -.187157E+01 -.146661E+01 0.345768E+01 -.819461E+00 0.257015E+01 0.346535E+02
 -.187770E+01 -.146841E+01 0.345374E+01 -.816927E+00 0.257019E+01 0.343397E+02
 -.187991E+01 -.146647E+01 0.345195E+01 -.826864E+00 0.257056E+01 0.347439E+02
 -.187963E+01 -.146454E+01 0.345309E+01 -.816559E+00 0.257087E+01 0.343360E+02
 -.187786E+01 -.146765E+01 0.345654E+01 -.819005E+00 0.257005E+01 0.343929E+02
 -.187952E+01 -.147567E+01 0.345289E+01 -.820113E+00 0.257021E+01 0.344533E+02
 -.188097E+01 -.147061E+01 0.350000E+01 -.819732E+00 0.259445E+01 0.400464E+02
 -.187545E+01 -.146659E+01 0.344764E+01 -.824032E+00 0.257010E+01 0.348109E+02
 -.187517E+01 -.150466E+01 0.345354E+01 -.819625E+00 0.257005E+01 0.361445E+02
 -.188897E+01 -.146782E+01 0.346692E+01 -.810566E+00 0.257659E+01 0.350777E+02
 -.187788E+01 -.146661E+01 0.345328E+01 -.819231E+00 0.257005E+01 0.343119E+02
 -.190175E+01 -.147227E+01 0.345436E+01 -.814791E+00 0.257012E+01 0.352874E+02
 -.187771E+01 -.146595E+01 0.345339E+01 -.820064E+00 0.257019E+01 0.343166E+02
 -.187745E+01 -.146653E+01 0.345398E+01 -.820973E+00 0.257000E+01 0.343179E+02
 -.187700E+01 -.146668E+01 0.345266E+01 -.815448E+00 0.257015E+01 0.343500E+02
 -.187762E+01 -.146653E+01 0.345400E+01 -.819353E+00 0.257013E+01 0.343141E+02
 -.187814E+01 -.146577E+01 0.345353E+01 -.819200E+00 0.257003E+01 0.343132E+02
 -.186663E+01 -.146604E+01 0.345357E+01 -.819139E+00 0.257004E+01 0.345570E+02
 -.187965E+01 -.146782E+01 0.345283E+01 -.819365E+00 0.257001E+01 0.343305E+02
 -.187398E+01 -.147516E+01 0.343444E+01 -.820120E+00 0.257007E+01 0.369836E+02
 -.187650E+01 -.146604E+01 0.345181E+01 -.818983E+00 0.257004E+01 0.343224E+02
 -.187807E+01 -.146270E+01 0.345425E+01 -.793464E+00 0.257016E+01 0.374942E+02
 -.184828E+01 -.147240E+01 0.343636E+01 -.806222E+00 0.257006E+01 0.349299E+02
 -.187678E+01 -.147639E+01 0.345267E+01 -.820304E+00 0.257017E+01 0.344563E+02
 -.187719E+01 -.147006E+01 0.345536E+01 -.819578E+00 0.257001E+01 0.343550E+02
 -.187544E+01 -.146668E+01 0.345469E+01 -.818878E+00 0.257012E+01 0.343541E+02
 -.191331E+01 -.148332E+01 0.344919E+01 -.819581E+00 0.257007E+01 0.381619E+02
 -.190004E+01 -.141551E+01 0.345882E+01 -.805623E+00 0.258361E+01 0.388732E+02
 -.187536E+01 -.146676E+01 0.345357E+01 -.819229E+00 0.257004E+01 0.343246E+02
 -.187502E+01 -.147317E+01 0.345537E+01 -.822596E+00 0.257015E+01 0.344142E+02
 -.182755E+01 -.146572E+01 0.345469E+01 -.822833E+00 0.257387E+01 0.390312E+02
 -.187750E+01 -.146302E+01 0.345544E+01 -.819222E+00 0.257018E+01 0.343677E+02
 -.187770E+01 -.146690E+01 0.344748E+01 -.815619E+00 0.257000E+01 0.344555E+02
 -.187308E+01 -.146744E+01 0.345431E+01 -.814726E+00 0.257004E+01 0.345283E+02
 -.187731E+01 -.146580E+01 0.342880E+01 -.822862E+00 0.257000E+01 0.394883E+02
 -.187955E+01 -.146536E+01 0.345270E+01 -.818937E+00 0.257012E+01 0.343302E+02
 -.187814E+01 -.146660E+01 0.345352E+01 -.819670E+00 0.257005E+01 0.343124E+02
 -.187897E+01 -.146624E+01 0.345515E+01 -.816491E+00 0.257030E+01 0.343828E+02
 -.187787E+01 -.146668E+01 0.345325E+01 -.819045E+00 0.257007E+01 0.343118E+02
 -.187775E+01 -.146666E+01 0.345357E+01 -.819269E+00 0.257007E+01 0.343118E+02
 -.187766E+01 -.146730E+01 0.345167E+01 -.817939E+00 0.257006E+01 0.343240E+02
 -.190633E+01 -.146440E+01 0.348940E+01 -.818935E+00 0.258085E+01 0.369952E+02
 -.188755E+01 -.146036E+01 0.345814E+01 -.848268E+00 0.257017E+01 0.368243E+02
 -.187616E+01 -.144743E+01 0.345071E+01 -.815420E+00 0.257008E+01 0.348734E+02
 -.187767E+01 -.146974E+01 0.345374E+01 -.814669E+00 0.257003E+01 0.344196E+02
 -.187846E+01 -.146440E+01 0.346146E+01 -.818825E+00 0.257027E+01 0.348186E+02
 -.188167E+01 -.146611E+01 0.349678E+01 -.855656E+00 0.257004E+01 0.408496E+02
 -.189274E+01 -.145721E+01 0.345590E+01 -.823622E+00 0.257006E+01 0.347699E+02
 -.187847E+01 -.146856E+01 0.344694E+01 -.827286E+00 0.257055E+01 0.354285E+02
 -.187780E+01 -.146664E+01 0.345320E+01 -.819322E+00 0.257006E+01 0.343122E+02
 -.188710E+01 -.146129E+01 0.346662E+01 -.820325E+00 0.257000E+01 0.351803E+02
 -.187756E+01 -.146535E+01 0.346250E+01 -.819029E+00 0.257261E+01 0.347325E+02
 -.187779E+01 -.149719E+01 0.345401E+01 -.818545E+00 0.257005E+01 0.355067E+02
 -.188836E+01 -.146672E+01 0.345274E+01 -.818676E+00 0.257008E+01 0.345557E+02
 -.187806E+01 -.146664E+01 0.345374E+01 -.819339E+00 0.257026E+01 0.343119E+02
 -.187930E+01 -.146873E+01 0.345233E+01 -.820178E+00 0.257009E+01 0.343576E+02
 -.187778E+01 -.146529E+01 0.345421E+01 -.819767E+00 0.257005E+01 0.343177E+02
 -.187958E+01 -.146874E+01 0.345601E+01 -.823819E+00 0.257012E+01 0.343485E+02
 -.187770E+01 -.146752E+01 0.345339E+01 -.819258E+00 0.257008E+01 0.343124E+02
 -.187832E+01 -.146310E+01 0.345347E+01 -.819231E+00 0.257004E+01 0.343308E+02
 -.189284E+01 -.146132E+01 0.345213E+01 -.819395E+00 0.257198E+01 0.350048E+02
 -.187769E+01 -.147114E+01 0.344873E+01 -.819849E+00 0.257000E+01 0.345392E+02
 -.187791E+01 -.146469E+01 0.345650E+01 -.819228E+00 0.257007E+01 0.343930E+02
 -.189087E+01 -.145988E+01 0.345196E+01 -.816855E+00 0.257012E+01 0.347542E+02
 -.187351E+01 -.146779E+01 0.345293E+01 -.818946E+00 0.257057E+01 0.343382E+02
 -.187776E+01 -.146584E+01 0.345370E+01 -.821949E+00 0.257005E+01 0.343356E+02
 -.188349E+01 -.146894E+01 0.345874E+01 -.819015E+00 0.257007E+01 0.344437E+02
 -.188505E+01 -.146653E+01 0.345410E+01 -.847201E+00 0.257011E+01 0.373395E+02
 -.187939E+01 -.147352E+01 0.345382E+01 -.817859E+00 0.257009E+01 0.343830E+02
 -.186757E+01 -.146662E+01 0.345212E+01 -.819657E+00 0.257008E+01 0.344480E+02
 -.187777E+01 -.146760E+01 0.345381E+01 -.819367E+00 0.257009E+01 0.343131E+02
 -.187989E+01 -.146670E+01 0.345259E+01 -.793347E+00 0.257072E+01 0.368780E+02
 -.187902E+01 -.146167E+01 0.345338E+01 -.816171E+00 0.257000E+01 0.343882E+02
 -.187783E+01 -.146915E+01 0.345586E+01 -.819191E+00 0.257000E+01 0.343650E+02
 -.187712E+01 -.146194E+01 0.345246E+01 -.820791E+00 0.257013E+01 0.343680E+02
 -.190075E+01 -.145922E+01 0.346954E+01 -.819664E+00 0.257000E+01 0.354657E+02
 -.188060E+01 -.146678E+01 0.346001E+01 -.822398E+00 0.257008E+01 0.344461E+02
 -.188546E+01 -.146912E+01 0.344701E+01 -.818416E+00 0.257007E+01 0.349736E+02
 -.187783E+01 -.146662E+01 0.345327E+01 -.819224E+00 0.257006E+01 0.343119E+02
 -.186919E+01 -.146762E+01 0.345413E+01 -.784457E+00 0.257000E+01 0.407568E+02
 -.187793E+01 -.146611E+01 0.345337E+01 -.818651E+00 0.257018E+01 0.343131E+02
 -.187733E+01 -.146621E+01 0.345338E+01 -.822599E+00 0.257006E+01 0.343556E+02
 -.187815E+01 -.146658E+01 0.345355E+01 -.819456E+00 0.257008E+01 0.343119E+02
 -.187832E+01 -.146656E+01 0.345554E+01 -.818880E+00 0.257006E+01 0.343482E+02
 -.187801E+01 -.146452E+01 0.345360E+01 -.819249E+00 0.257006E+01 0.343190E+02
 -.187344E+01 -.146567E+01 0.345286E+01 -.819055E+00 0.257006E+01 0.343386E+02
 -.187120E+01 -.146745E+01 0.345586E+01 -.819491E+00 0.257008E+01 0.345159E+02
 -.187862E+01 -.145668E+01 0.347284E+01 -.819705E+00 0.257011E+01 0.374284E+02
 -.186796E+01 -.144194E+01 0.345627E+01 -.827483E+00 0.257007E+01 0.355959E+02
 -.187672E+01 -.146620E+01 0.345275E+01 -.818742E+00 0.257003E+01 0.343127E+02
 -.187776E+01 -.146820E+01 0.345235E+01 -.805395E+00 0.257018E+01 0.349870E+02
 -.187713E+01 -.149416E+01 0.345350E+01 -.818093E+00 0.257003E+01 0.352876E+02
 -.187551E+01 -.146678E+01 0.344921E+01 -.811421E+00 0.257001E+01 0.344086E+02
 -.187868E+01 -.146663E+01 0.345400E+01 -.813775E+00 0.257009E+01 0.344535E+02
 -.187716E+01 -.145976E+01 0.345122E+01 -.819230E+00 0.257005E+01 0.344059E+02
 -.187358E+01 -.146647E+01 0.345349E+01 -.819450E+00 0.257005E+01 0.343451E+02
 -.188015E+01 -.147314E+01 0.345142E+01 -.813695E+00 0.257012E+01 0.344465E+02
 -.181472E+01 -.144993E+01 0.344801E+01 -.811893E+00 0.257213E+01 0.410540E+02
 -.188189E+01 -.148070E+01 0.345036E+01 -.786577E+00 0.257005E+01 0.384004E+02
 -.187753E+01 -.146198E+01 0.345382E+01 -.819655E+00 0.257017E+01 0.343455E+02
 -.187763E+01 -.146622E+01 0.345129E+01 -.815935E+00 0.257006E+01 0.343326E+02
 -.188700E+01 -.146732E+01 0.345307E+01 -.823101E+00 0.257004E+01 0.346139E+02
 -.187897E+01 -.146844E+01 0.345896E+01 -.821829E+00 0.257011E+01 0.344299E+02
 -.187821E+01 -.146654E+01 0.345341E+01 -.819692E+00 0.257007E+01 0.343133E+02
 -.188027E+01 -.146758E+01 0.345505E+01 -.817364E+00 0.257033E+01 0.343472E+02
 -.192175E+01 -.146946E+01 0.350000E+01 -.833009E+00 0.257003E+01 0.407787E+02
 -.187783E+01 -.146668E+01 0.345344E+01 -.819102E+00 0.257005E+01 0.343117E+02
 -.187785E+01 -.146627E+01 0.345335E+01 -.819176E+00 0.257008E+01 0.343120E+02
 -.187814E+01 -.146705E+01 0.345392E+01 -.820935E+00 0.257006E+01 0.343184E+02
 -.188379E+01 -.146180E+01 0.346868E+01 -.815732E+00 0.257647E+01 0.351219E+02
 -.187756E+01 -.144082E+01 0.345431E+01 -.817352E+00 0.257012E+01 0.353624E+02
 -.187757E+01 -.144746E+01 0.345348E+01 -.818170E+00 0.257000E+01 0.348660E+02
 -.187878E+01 -.146606E+01 0.345399E+01 -.818134E+00 0.257000E+01 0.343236E+02
 -.191530E+01 -.146285E+01 0.345115E+01 -.824364E+00 0.257006E+01 0.379241E+02
 -.187616E+01 -.154237E+01 0.344993E+01 -.827996E+00 0.257120E+01 0.420967E+02
 -.187783E+01 -.146667E+01 0.345318E+01 -.819166E+00 0.257007E+01 0.343120E+02
 -.188217E+01 -.146997E+01 0.345860E+01 -.820902E+00 0.257031E+01 0.343853E+02
 -.189523E+01 -.146430E+01 0.342818E+01 -.819966E+00 0.257000E+01 0.420929E+02
 -.187775E+01 -.144703E+01 0.345374E+01 -.818492E+00 0.257005E+01 0.348902E+02
 -.187627E+01 -.146668E+01 0.345281E+01 -.819459E+00 0.257007E+01 0.343147E+02
 -.187786E+01 -.146588E+01 0.345387E+01 -.819879E+00 0.257013E+01 0.343136E+02
 -.187775E+01 -.146478E+01 0.345273E+01 -.820091E+00 0.257009E+01 0.343280E+02
 -.187781E+01 -.146870E+01 0.345355E+01 -.819945E+00 0.257006E+01 0.343183E+02
 -.182139E+01 -.146506E+01 0.342401E+01 -.819335E+00 0.257005E+01 0.380563E+02
 -.186978E+01 -.146375E+01 0.345519E+01 -.823807E+00 0.257013E+01 0.345121E+02
 -.187771E+01 -.146824E+01 0.345347E+01 -.819300E+00 0.257003E+01 0.343145E+02
 -.187671E+01 -.146338E+01 0.345481E+01 -.819285E+00 0.257009E+01 0.343547E+02
 -.190133E+01 -.146593E+01 0.347027E+01 -.823033E+00 0.257000E+01 0.351364E+02
 -.187994E+01 -.146776E+01 0.345126E+01 -.820993E+00 0.257000E+01 0.344322E+02
 -.187887E+01 -.146894E+01 0.345235E+01 -.818626E+00 0.257005E+01 0.343327E+02
 -.185527E+01 -.147188E+01 0.344217E+01 -.821584E+00 0.257012E+01 0.351044E+02
 -.188381E+01 -.146605E+01 0.345399E+01 -.819733E+00 0.257073E+01 0.343789E+02
 -.187776E+01 -.146713E+01 0.345333E+01 -.821125E+00 0.257007E+01 0.343279E+02
 -.187944E+01 -.146461E+01 0.345168E+01 -.818275E+00 0.257006E+01 0.343493E+02
 -.187349E+01 -.146573E+01 0.345462E+01 -.819000E+00 0.257006E+01 0.343911E+02
 -.187779E+01 -.147410E+01 0.345236E+01 -.819475E+00 0.257017E+01 0.344036E+02
 -.189043E+01 -.146659E+01 0.345403E+01 -.819215E+00 0.257014E+01 0.345759E+02
 -.187785E+01 -.146604E+01 0.345358E+01 -.821080E+00 0.257000E+01 0.343226E+02
 -.187954E+01 -.146676E+01 0.345411E+01 -.798174E+00 0.257000E+01 0.363476E+02
 -.187789E+01 -.146456E+01 0.345365E+01 -.820358E+00 0.257197E+01 0.343646E+02
 -.187776E+01 -.146842E+01 0.345290E+01 -.819349E+00 0.257013E+01 0.343191E+02
 -.187928E+01 -.145842E+01 0.345284E+01 -.817713E+00 0.257002E+01 0.344212E+02
 -.188026E+01 -.146687E+01 0.345420E+01 -.818877E+00 0.257004E+01 0.343194E+02
 -.189134E+01 -.143783E+01 0.344897E+01 -.817539E+00 0.257008E+01 0.361646E+02
 -.185789E+01 -.146787E+01 0.347907E+01 -.801341E+00 0.260637E+01 0.384205E+02
 -.187776E+01 -.146664E+01 0.345351E+01 -.819203E+00 0.257008E+01 0.343117E+02
 -.185374E+01 -.146424E+01 0.345333E+01 -.820955E+00 0.257008E+01 0.353578E+02
 -.187754E+01 -.146675E+01 0.345335E+01 -.818240E+00 0.257003E+01 0.343156E+02
 -.187835E+01 -.146667E+01 0.345319E+01 -.819555E+00 0.257008E+01 0.343149E+02
 -.187856E+01 -.146654E+01 0.345404E+01 -.822325E+00 0.257002E+01 0.343377E+02
 -.187840E+01 -.146656E+01 0.345098E+01 -.818911E+00 0.257000E+01 0.343593E+02
 -.187790E+01 -.146400E+01 0.345351E+01 -.819244E+00 0.257008E+01 0.343226E+02
 -.188337E+01 -.146613E+01 0.345298E+01 -.819209E+00 0.257008E+01 0.343862E+02
 -.186940E+01 -.146638E+01 0.345534E+01 -.819268E+00 0.257019E+01 0.345527E+02
 -.187137E+01 -.142625E+01 0.343946E+01 -.820902E+00 0.257004E+01 0.378021E+02
 -.187772E+01 -.146683E+01 0.345408E+01 -.819241E+00 0.257006E+01 0.343151E+02
 -.187817E+01 -.147035E+01 0.345106E+01 -.850787E+00 0.257013E+01 0.385067E+02
 -.190067E+01 -.147166E+01 0.345571E+01 -.833886E+00 0.257007E+01 0.361576E+02
 -.187789E+01 -.146837E+01 0.345451E+01 -.817763E+00 0.257006E+01 0.343441E+02
 -.187566E+01 -.146223E+01 0.344743E+01 -.817189E+00 0.257012E+01 0.344752E+02
 -.187462E+01 -.153091E+01 0.345428E+01 -.819566E+00 0.257015E+01 0.392702E+02
 -.188244E+01 -.146669E+01 0.345396E+01 -.827149E+00 0.257062E+01 0.346495E+02
 -.184949E+01 -.144430E+01 0.345446E+01 -.818932E+00 0.257004E+01 0.368583E+02
 -.187225E+01 -.150790E+01 0.347435E+01 -.834921E+00 0.257201E+01 0.382190E+02
 -.187979E+01 -.146654E+01 0.345347E+01 -.819730E+00 0.257005E+01 0.343221E+02
 -.188377E+01 -.146424E+01 0.345361E+01 -.820900E+00 0.257009E+01 0.344036E+02
 -.188575E+01 -.146495E+01 0.341274E+01 -.781520E+00 0.257000E+01 0.412359E+02
 -.187994E+01 -.146501E+01 0.345247E+01 -.820163E+00 0.257000E+01 0.343541E+02
 -.187767E+01 -.146611E+01 0.345726E+01 -.817437E+00 0.257011E+01 0.345005E+02
 -.188079E+01 -.146782E+01 0.345255E+01 -.821601E+00 0.257001E+01 0.344005E+02
 -.187510E+01 -.146339E+01 0.345103E+01 -.819533E+00 0.257064E+01 0.343743E+02
 -.187844E+01 -.146893E+01 0.345448E+01 -.820441E+00 0.257006E+01 0.343199E+02
 -.187807E+01 -.146664E+01 0.345340E+01 -.818958E+00 0.257005E+01 0.343120E+02
 -.187642E+01 -.146784E+01 0.345107E+01 -.820857E+00 0.257015E+01 0.343877E+02
 -.187779E+01 -.146667E+01 0.345353E+01 -.819262E+00 0.257004E+01 0.343117E+02
 -.187789E+01 -.146657E+01 0.345320E+01 -.819254E+00 0.257008E+01 0.343123E+02
 -.187806E+01 -.146625E+01 0.345359E+01 -.819136E+00 0.257006E+01 0.343123E+02
 -.186486E+01 -.146487E+01 0.343171E+01 -.814678E+00 0.257112E+01 0.362918E+02
 -.188223E+01 -.145277E+01 0.345230E+01 -.813893E+00 0.257003E+01 0.347025E+02
 -.188503E+01 -.146985E+01 0.345591E+01 -.820139E+00 0.257012E+01 0.343709E+02
 -.187765E+01 -.146073E+01 0.345332E+01 -.822002E+00 0.257006E+01 0.343910E+02
 -.187780E+01 -.146808E+01 0.344738E+01 -.818342E+00 0.257021E+01 0.345714E+02
 -.188064E+01 -.146703E+01 0.345342E+01 -.784725E+00 0.257004E+01 0.396947E+02
 -.189011E+01 -.147967E+01 0.345712E+01 -.818604E+00 0.257006E+01 0.346963E+02
 -.187656E+01 -.154985E+01 0.345533E+01 -.816833E+00 0.257023E+01 0.423005E+02
 -.187784E+01 -.146664E+01 0.345334E+01 -.819061E+00 0.257007E+01 0.343117E+02
 -.187518E+01 -.147334E+01 0.344970E+01 -.819018E+00 0.257014E+01 0.344474E+02
 -.186884E+01 -.146767E+01 0.345144E+01 -.819786E+00 0.257426E+01 0.345972E+02
 -.187774E+01 -.145743E+01 0.345345E+01 -.820316E+00 0.257017E+01 0.344382E+02
 -.186719E+01 -.146662E+01 0.345300E+01 -.819918E+00 0.257006E+01 0.344932E+02
 -.187766E+01 -.146716E+01 0.345368E+01 -.819168E+00 0.257010E+01 0.343125E+02
 -.187681E+01 -.146244E+01 0.345388E+01 -.818772E+00 0.257000E+01 0.343504E+02
 -.187802E+01 -.146825E+01 0.345311E+01 -.820210E+00 0.257004E+01 0.343229E+02
 -.186636E+01 -.146924E+01 0.345307E+01 -.819821E+00 0.257011E+01 0.345323E+02
 -.187780E+01 -.146537E+01 0.345346E+01 -.819037E+00 0.257002E+01 0.343148E+02
 -.187706E+01 -.146636E+01 0.345323E+01 -.819216E+00 0.257009E+01 0.343124E+02
 -.189258E+01 -.146927E+01 0.347574E+01 -.824292E+00 0.257512E+01 0.352299E+02
 -.188095E+01 -.146345E+01 0.345772E+01 -.819278E+00 0.257001E+01 0.344249E+02
 -.187547E+01 -.147033E+01 0.344909E+01 -.818473E+00 0.257004E+01 0.344142E+02
 -.185572E+01 -.147048E+01 0.345082E+01 -.827139E+00 0.257007E+01 0.351628E+02
 -.187864E+01 -.146477E+01 0.345454E+01 -.819951E+00 0.257000E+01 0.343205E+02
 -.187777E+01 -.146799E+01 0.345326E+01 -.818421E+00 0.257008E+01 0.343151E+02
 -.186931E+01 -.146728E+01 0.344870E+01 -.818896E+00 0.257005E+01 0.343969E+02
 -.186681E+01 -.146696E+01 0.345440E+01 -.800589E+00 0.257001E+01 0.365701E+02
 -.187651E+01 -.147302E+01 0.345269E+01 -.819193E+00 0.257040E+01 0.343721E+02
 -.189603E+01 -.146624E+01 0.345724E+01 -.818836E+00 0.257016E+01 0.346792E+02
 -.187779E+01 -.146735E+01 0.345344E+01 -.820845E+00 0.257020E+01 0.343250E+02
 -.187778E+01 -.146658E+01 0.345429E+01 -.840093E+00 0.257065E+01 0.358871E+02
 -.187813E+01 -.146820E+01 0.345351E+01 -.822760E+00 0.257119E+01 0.344133E+02
 -.187779E+01 -.146685E+01 0.345167E+01 -.819007E+00 0.257024E+01 0.343380E+02
 -.187959E+01 -.146803E+01 0.345348E+01 -.815821E+00 0.257005E+01 0.343590E+02
 -.187108E+01 -.147674E+01 0.343017E+01 -.819770E+00 0.257873E+01 0.408850E+02
 -.187851E+01 -.146684E+01 0.344954E+01 -.816317E+00 0.257004E+01 0.343826E+02
 -.189221E+01 -.142299E+01 0.345527E+01 -.817757E+00 0.257006E+01 0.374608E+02
 -.187450E+01 -.146888E+01 0.348790E+01 -.831952E+00 0.260133E+01 0.378087E+02
 -.187776E+01 -.146664E+01 0.345355E+01 -.819211E+00 0.257007E+01 0.343118E+02
 -.188411E+01 -.146541E+01 0.345398E+01 -.848750E+00 0.257005E+01 0.375980E+02
 -.187753E+01 -.146707E+01 0.345335E+01 -.820434E+00 0.257000E+01 0.343171E+02
 -.187901E+01 -.146700E+01 0.345314E+01 -.816853E+00 0.257009E+01 0.343308E+02
 -.187851E+01 -.146663E+01 0.345359E+01 -.817712E+00 0.257009E+01 0.343218E+02
 -.187739E+01 -.146656E+01 0.345076E+01 -.819144E+00 0.257005E+01 0.343600E+02
 -.187774E+01 -.146745E+01 0.345348E+01 -.819230E+00 0.257007E+01 0.343122E+02
 -.188227E+01 -.146762E+01 0.345354E+01 -.819386E+00 0.257006E+01 0.343506E+02
 -.187652E+01 -.146727E+01 0.345180E+01 -.819142E+00 0.257014E+01 0.343263E+02
 -.187549E+01 -.146227E+01 0.344364E+01 -.819192E+00 0.257007E+01 0.349438E+02
 -.187289E+01 -.144979E+01 0.343031E+01 -.819475E+00 0.257005E+01 0.380463E+02
 -.187712E+01 -.146681E+01 0.345349E+01 -.819470E+00 0.257005E+01 0.343125E+02
 -.187840E+01 -.146699E+01 0.345601E+01 -.832817E+00 0.257011E+01 0.347943E+02
 -.186578E+01 -.147053E+01 0.345167E+01 -.805679E+00 0.257008E+01 0.352899E+02
 -.187786E+01 -.144634E+01 0.345493E+01 -.818841E+00 0.257016E+01 0.349562E+02
 -.187610E+01 -.146351E+01 0.345332E+01 -.825028E+00 0.257015E+01 0.344541E+02
 -.188416E+01 -.146676E+01 0.345463E+01 -.820291E+00 0.257005E+01 0.343632E+02
 -.184604E+01 -.148273E+01 0.345261E+01 -.819101E+00 0.257005E+01 0.363351E+02
 -.189081E+01 -.152014E+01 0.348409E+01 -.839507E+00 0.257000E+01 0.399178E+02
 -.188228E+01 -.146663E+01 0.345345E+01 -.819569E+00 0.257003E+01 0.343524E+02
 -.187694E+01 -.146432E+01 0.345685E+01 -.825534E+00 0.257009E+01 0.344001E+02
 -.188285E+01 -.146180E+01 0.344165E+01 -.799519E+00 0.257003E+01 0.352932E+02
 -.188111E+01 -.146921E+01 0.345174E+01 -.819573E+00 0.257032E+01 0.344137E+02
 -.187788E+01 -.146671E+01 0.345381E+01 -.819222E+00 0.257009E+01 0.343126E+02
 -.187585E+01 -.146773E+01 0.345371E+01 -.812764E+00 0.257004E+01 0.345288E+02
 -.187732E+01 -.145527E+01 0.347812E+01 -.818780E+00 0.257000E+01 0.398216E+02
 -.187726E+01 -.146881E+01 0.344997E+01 -.819284E+00 0.257003E+01 0.344051E+02
 -.187771E+01 -.146672E+01 0.345343E+01 -.818949E+00 0.257004E+01 0.343120E+02
 -.187394E+01 -.146726E+01 0.344920E+01 -.818975E+00 0.257000E+01 0.343825E+02
 -.188022E+01 -.147687E+01 0.346178E+01 -.802467E+00 0.257006E+01 0.372466E+02
 -.187779E+01 -.146662E+01 0.345356E+01 -.819387E+00 0.257003E+01 0.343117E+02
 -.187780E+01 -.146705E+01 0.345330E+01 -.819293E+00 0.257007E+01 0.343119E+02
 -.187785E+01 -.146569E+01 0.345327E+01 -.817788E+00 0.257006E+01 0.343203E+02
 -.187998E+01 -.147236E+01 0.345277E+01 -.855916E+00 0.257008E+01 0.393704E+02
 -.188919E+01 -.148886E+01 0.345500E+01 -.822152E+00 0.257004E+01 0.352120E+02
 -.193408E+01 -.147597E+01 0.348176E+01 -.816986E+00 0.257000E+01 0.385783E+02
 -.187778E+01 -.148030E+01 0.345350E+01 -.822000E+00 0.257005E+01 0.345956E+02
 -.187827E+01 -.146772E+01 0.344988E+01 -.818562E+00 0.257019E+01 0.344095E+02
 -.187876E+01 -.146566E+01 0.344823E+01 -.852466E+00 0.257004E+01 0.396885E+02
 -.185906E+01 -.148828E+01 0.346111E+01 -.814647E+00 0.257007E+01 0.371440E+02
 -.187815E+01 -.142408E+01 0.345212E+01 -.809417E+00 0.257002E+01 0.374877E+02
 -.187784E+01 -.146661E+01 0.345349E+01 -.819170E+00 0.257006E+01 0.343117E+02
 -.188140E+01 -.146755E+01 0.344549E+01 -.818520E+00 0.257000E+01 0.349256E+02
 -.186147E+01 -.146731E+01 0.346974E+01 -.819336E+00 0.257058E+01 0.382236E+02
 -.187776E+01 -.148779E+01 0.345338E+01 -.820286E+00 0.257022E+01 0.349110E+02
 -.187544E+01 -.146661E+01 0.345317E+01 -.819798E+00 0.257005E+01 0.343196E+02
 -.187762E+01 -.146681E+01 0.345317E+01 -.818722E+00 0.257008E+01 0.343120E+02
 -.187645E+01 -.147184E+01 0.345428E+01 -.819496E+00 0.257007E+01 0.343565E+02
 -.187802E+01 -.146489E+01 0.345481E+01 -.819491E+00 0.257005E+01 0.343287E+02
 -.192393E+01 -.145491E+01 0.347084E+01 -.818963E+00 0.257007E+01 0.366100E+02
 -.188031E+01 -.147119E+01 0.345384E+01 -.820872E+00 0.257009E+01 0.343616E+02
 -.187772E+01 -.146605E+01 0.345345E+01 -.819094E+00 0.257005E+01 0.343126E+02
 -.187782E+01 -.146908E+01 0.345210E+01 -.819159E+00 0.257006E+01 0.343346E+02
 -.187938E+01 -.146743E+01 0.346415E+01 -.820292E+00 0.257856E+01 0.344901E+02
 -.187952E+01 -.146492E+01 0.345976E+01 -.819546E+00 0.257007E+01 0.345691E+02
 -.187525E+01 -.147084E+01 0.345299E+01 -.819013E+00 0.257007E+01 0.343406E+02
 -.187389E+01 -.145900E+01 0.345821E+01 -.821095E+00 0.257006E+01 0.346554E+02
 -.187223E+01 -.146530E+01 0.345380E+01 -.820420E+00 0.257055E+01 0.343782E+02
 -.187779E+01 -.146765E+01 0.345347E+01 -.818589E+00 0.257003E+01 0.343145E+02
 -.187705E+01 -.147247E+01 0.344837E+01 -.818999E+00 0.257005E+01 0.345397E+02
 -.188013E+01 -.146790E+01 0.345354E+01 -.809015E+00 0.257000E+01 0.347391E+02
 -.187566E+01 -.146313E+01 0.345309E+01 -.818552E+00 0.257014E+01 0.343387E+02
 -.187025E+01 -.146635E+01 0.345829E+01 -.819112E+00 0.257015E+01 0.348025E+02
 -.187774E+01 -.146813E+01 0.345381E+01 -.817984E+00 0.257008E+01 0.343247E+02
 -.187927E+01 -.146641E+01 0.345238E+01 -.833967E+00 0.257000E+01 0.352953E+02
 -.187792E+01 -.146700E+01 0.345353E+01 -.821943E+00 0.257000E+01 0.343375E+02
 -.187784E+01 -.146599E+01 0.345481E+01 -.819100E+00 0.257027E+01 0.343256E+02
 -.187852E+01 -.147542E+01 0.345384E+01 -.818568E+00 0.257018E+01 0.344144E+02
 -.188229E+01 -.147237E+01 0.345025E+01 -.820299E+00 0.257202E+01 0.347565E+02
 -.187725E+01 -.146675E+01 0.345131E+01 -.820011E+00 0.257005E+01 0.343565E+02
 -.187603E+01 -.147027E+01 0.345008E+01 -.819814E+00 0.257006E+01 0.344116E+02
 -.194791E+01 -.146715E+01 0.346773E+01 -.817507E+00 0.257933E+01 0.398486E+02
 -.187785E+01 -.146662E+01 0.345316E+01 -.819220E+00 0.257006E+01 0.343122E+02
 -.190322E+01 -.147046E+01 0.345445E+01 -.834833E+00 0.257000E+01 0.368020E+02
 -.187764E+01 -.146687E+01 0.345337E+01 -.819644E+00 0.257006E+01 0.343124E+02
 -.187724E+01 -.146693E+01 0.345341E+01 -.816435E+00 0.257007E+01 0.343452E+02
 -.187799E+01 -.146668E+01 0.345295E+01 -.815450E+00 0.257012E+01 0.343543E+02
 -.187724E+01 -.146653E+01 0.345215E+01 -.818848E+00 0.257005E+01 0.343189E+02
 -.187769E+01 -.146897E+01 0.345333E+01 -.819200E+00 0.257005E+01 0.343182E+02
 -.187887E+01 -.146728E+01 0.345383E+01 -.819285E+00 0.257005E+01 0.343131E+02
 -.188444E+01 -.146779E+01 0.345076E+01 -.819155E+00 0.257003E+01 0.345467E+02
 -.190416E+01 -.146947E+01 0.344314E+01 -.808518E+00 0.257086E+01 0.371048E+02
 -.187488E+01 -.146832E+01 0.343107E+01 -.820002E+00 0.257004E+01 0.378859E+02
 -.187307E+01 -.149174E+01 0.347480E+01 -.823729E+00 0.257008E+01 0.383537E+02
 -.187688E+01 -.146655E+01 0.345297E+01 -.819432E+00 0.257006E+01 0.343131E+02
 -.187836E+01 -.146543E+01 0.345788E+01 -.786914E+00 0.257015E+01 0.405816E+02
 -.182549E+01 -.146995E+01 0.343155E+01 -.794676E+00 0.257005E+01 0.367848E+02
 -.187758E+01 -.146637E+01 0.345366E+01 -.820894E+00 0.257018E+01 0.343215E+02
 -.187697E+01 -.147068E+01 0.345847E+01 -.824002E+00 0.257014E+01 0.344330E+02
 -.187459E+01 -.146680E+01 0.345387E+01 -.815422E+00 0.257000E+01 0.344332E+02
 -.186980E+01 -.148663E+01 0.344975E+01 -.819444E+00 0.257008E+01 0.349176E+02
 -.190296E+01 -.144139E+01 0.346815E+01 -.823435E+00 0.259077E+01 0.367277E+02
 -.188230E+01 -.146664E+01 0.345350E+01 -.819028E+00 0.257002E+01 0.343480E+02
 -.187839E+01 -.146615E+01 0.345661E+01 -.820505E+00 0.257012E+01 0.343550E+02
 -.187743E+01 -.148843E+01 0.348528E+01 -.822639E+00 0.257009E+01 0.420590E+02
 -.187736E+01 -.146749E+01 0.345533E+01 -.819063E+00 0.257033E+01 0.343409E+02
 -.187802E+01 -.146713E+01 0.345060E+01 -.820618E+00 0.257005E+01 0.344191E+02
 -.187804E+01 -.146754E+01 0.345428E+01 -.816902E+00 0.257008E+01 0.343536E+02
 -.187634E+01 -.146177E+01 0.344733E+01 -.818823E+00 0.257057E+01 0.345978E+02
 -.187820E+01 -.146595E+01 0.345262E+01 -.819041E+00 0.257006E+01 0.343193E+02
 -.187757E+01 -.146671E+01 0.345354E+01 -.819361E+00 0.257003E+01 0.343118E+02
 -.187458E+01 -.146709E+01 0.345195E+01 -.816862E+00 0.257020E+01 0.343255E+02
 -.187779E+01 -.146659E+01 0.345352E+01 -.819102E+00 0.257006E+01 0.343119E+02
 -.187783E+01 -.146638E+01 0.345360E+01 -.819192E+00 0.257009E+01 0.343121E+02
 -.187785E+01 -.146638E+01 0.345305E+01 -.818789E+00 0.257006E+01 0.343124E+02
 -.189249E+01 -.146719E+01 0.344720E+01 -.819186E+00 0.257600E+01 0.364203E+02
 -.188035E+01 -.148100E+01 0.345740E+01 -.849698E+00 0.257016E+01 0.372632E+02
 -.187988E+01 -.147964E+01 0.345275E+01 -.819605E+00 0.257008E+01 0.345694E+02
 -.187771E+01 -.147936E+01 0.345362E+01 -.819936E+00 0.257001E+01 0.345268E+02
 -.187897E+01 -.146573E+01 0.345496E+01 -.818888E+00 0.257000E+01 0.343310E+02
 -.188191E+01 -.146482E+01 0.347117E+01 -.874129E+00 0.257005E+01 0.395074E+02
 -.185234E+01 -.146428E+01 0.345325E+01 -.819670E+00 0.257007E+01 0.355076E+02
 -.187783E+01 -.146666E+01 0.345343E+01 -.819269E+00 0.257006E+01 0.343116E+02
 -.188691E+01 -.146272E+01 0.345265E+01 -.821575E+00 0.257026E+01 0.346025E+02
 -.186536E+01 -.146635E+01 0.346835E+01 -.819100E+00 0.257000E+01 0.374214E+02
 -.187777E+01 -.149822E+01 0.345393E+01 -.819019E+00 0.257007E+01 0.355864E+02
 -.188402E+01 -.146664E+01 0.345331E+01 -.819034E+00 0.257006E+01 0.343882E+02
 -.187765E+01 -.146623E+01 0.345348E+01 -.819422E+00 0.257031E+01 0.343131E+02
 -.187899E+01 -.147273E+01 0.345433E+01 -.820009E+00 0.257002E+01 0.343609E+02
 -.187783E+01 -.146316E+01 0.345575E+01 -.820152E+00 0.257006E+01 0.343610E+02
 -.188922E+01 -.146793E+01 0.345706E+01 -.824296E+00 0.257009E+01 0.344762E+02
 -.187761E+01 -.146740E+01 0.345344E+01 -.819246E+00 0.257009E+01 0.343122E+02
 -.187802E+01 -.146779E+01 0.345446E+01 -.819333E+00 0.257004E+01 0.343191E+02
 -.186760E+01 -.146326E+01 0.345328E+01 -.818901E+00 0.257517E+01 0.346124E+02
 -.187817E+01 -.146972E+01 0.345161E+01 -.821547E+00 0.257010E+01 0.344181E+02
 -.187717E+01 -.147001E+01 0.345482E+01 -.819010E+00 0.257008E+01 0.343461E+02
 -.188985E+01 -.146294E+01 0.345801E+01 -.819947E+00 0.257011E+01 0.344615E+02
 -.187418E+01 -.146712E+01 0.345325E+01 -.819056E+00 0.257068E+01 0.343330E+02
 -.188035E+01 -.146580E+01 0.347897E+01 -.822212E+00 0.257003E+01 0.386878E+02
 -.187783E+01 -.146623E+01 0.345358E+01 -.819973E+00 0.257002E+01 0.343132E+02
 -.188151E+01 -.147508E+01 0.345526E+01 -.817816E+00 0.257006E+01 0.344383E+02
 -.188701E+01 -.146699E+01 0.345336E+01 -.840979E+00 0.257004E+01 0.365007E+02
 -.187871E+01 -.146121E+01 0.345360E+01 -.818398E+00 0.257000E+01 0.343609E+02
 -.185791E+01 -.146672E+01 0.345190E+01 -.819408E+00 0.257013E+01 0.349057E+02
 -.187787E+01 -.146589E+01 0.345361E+01 -.818255E+00 0.257000E+01 0.343192E+02
 -.188016E+01 -.146645E+01 0.345359E+01 -.807348E+00 0.257034E+01 0.348623E+02
 -.187833E+01 -.146297E+01 0.345363E+01 -.817732E+00 0.257127E+01 0.343352E+02
 -.187784E+01 -.146819E+01 0.345462E+01 -.819379E+00 0.257002E+01 0.343236E+02
 -.187857E+01 -.146897E+01 0.345215E+01 -.820936E+00 0.257012E+01 0.343748E+02
 -.188648E+01 -.146519E+01 0.346805E+01 -.819800E+00 0.257000E+01 0.354434E+02
 -.188111E+01 -.146672E+01 0.345827E+01 -.821219E+00 0.257007E+01 0.343750E+02
 -.186382E+01 -.150333E+01 0.344618E+01 -.820626E+00 0.257006E+01 0.363762E+02
 -.187788E+01 -.146663E+01 0.345336E+01 -.819275E+00 0.257006E+01 0.343117E+02
 -.187620E+01 -.147316E+01 0.345352E+01 -.807304E+00 0.257010E+01 0.349799E+02
 -.187765E+01 -.146634E+01 0.345346E+01 -.817898E+00 0.257003E+01 0.343204E+02
 -.187661E+01 -.146655E+01 0.345354E+01 -.819903E+00 0.257006E+01 0.343151E+02
 -.187759E+01 -.146657E+01 0.345274E+01 -.820462E+00 0.257013E+01 0.343288E+02
 -.187812E+01 -.146652E+01 0.345523E+01 -.819064E+00 0.257000E+01 0.343386E+02
 -.187781E+01 -.146600E+01 0.345340E+01 -.819305E+00 0.257007E+01 0.343125E+02
 -.187424E+01 -.146563E+01 0.345294E+01 -.819179E+00 0.257005E+01 0.343299E+02
 -.187841E+01 -.146755E+01 0.345540E+01 -.819438E+00 0.257005E+01 0.343338E+02
 -.187610E+01 -.147032E+01 0.346090E+01 -.820035E+00 0.257012E+01 0.347743E+02
 -.187752E+01 -.146677E+01 0.345381E+01 -.819255E+00 0.257006E+01 0.343133E+02
 -.187761E+01 -.146815E+01 0.345135E+01 -.785667E+00 0.257010E+01 0.388603E+02
 -.184471E+01 -.146837E+01 0.345276E+01 -.803918E+00 0.257005E+01 0.378260E+02
 -.187720E+01 -.148250E+01 0.345330E+01 -.820352E+00 0.257008E+01 0.346529E+02
 -.187702E+01 -.146571E+01 0.345038E+01 -.818218E+00 0.257006E+01 0.343531E+02
 -.187372E+01 -.146681E+01 0.345494E+01 -.816165E+00 0.257034E+01 0.344729E+02
 -.189177E+01 -.144218E+01 0.345183E+01 -.819589E+00 0.257005E+01 0.356328E+02
 -.187831E+01 -.146657E+01 0.345351E+01 -.819376E+00 0.257005E+01 0.343121E+02
 -.187881E+01 -.146794E+01 0.345340E+01 -.814838E+00 0.257006E+01 0.343859E+02
 -.188162E+01 -.148616E+01 0.348218E+01 -.829021E+00 0.257010E+01 0.387366E+02
 -.187591E+01 -.146403E+01 0.345670E+01 -.821075E+00 0.257005E+01 0.344084E+02
 -.187793E+01 -.146634E+01 0.345462E+01 -.821081E+00 0.257006E+01 0.343179E+02
 -.188135E+01 -.146696E+01 0.345385E+01 -.822726E+00 0.257002E+01 0.343828E+02
 -.187570E+01 -.147245E+01 0.343197E+01 -.820251E+00 0.257083E+01 0.380396E+02
 -.187867E+01 -.146419E+01 0.345584E+01 -.818919E+00 0.257009E+01 0.343655E+02
 -.187811E+01 -.146658E+01 0.345352E+01 -.819626E+00 0.257005E+01 0.343122E+02
 -.187788E+01 -.146683E+01 0.345559E+01 -.817742E+00 0.257008E+01 0.343820E+02
 -.186285E+01 -.147413E+01 0.344201E+01 -.858033E+00 0.257009E+01 0.424641E+02
 -.187779E+01 -.146671E+01 0.345341E+01 -.819104E+00 0.257008E+01 0.343117E+02
 -.187791E+01 -.146624E+01 0.345360E+01 -.819208E+00 0.257009E+01 0.343122E+02
 -.187795E+01 -.146724E+01 0.345372E+01 -.820527E+00 0.257006E+01 0.343163E+02
 -.187987E+01 -.148074E+01 0.345927E+01 -.792779E+00 0.257008E+01 0.391333E+02
 -.187492E+01 -.145168E+01 0.345247E+01 -.818100E+00 0.257011E+01 0.346519E+02
 -.187860E+01 -.147713E+01 0.348753E+01 -.814311E+00 0.262965E+01 0.415788E+02
 -.187733E+01 -.146114E+01 0.345348E+01 -.816495E+00 0.257003E+01 0.343962E+02
 -.187822E+01 -.146457E+01 0.345790E+01 -.818791E+00 0.257023E+01 0.344779E+02
 -.189206E+01 -.146773E+01 0.347776E+01 -.814727E+00 0.257001E+01 0.386438E+02
 -.187779E+01 -.146578E+01 0.345210E+01 -.821881E+00 0.257006E+01 0.343833E+02
 -.187724E+01 -.147814E+01 0.345119E+01 -.820619E+00 0.257161E+01 0.346598E+02
 -.187782E+01 -.146669E+01 0.345339E+01 -.819346E+00 0.257007E+01 0.343117E+02
 -.188557E+01 -.147001E+01 0.345967E+01 -.822311E+00 0.257011E+01 0.343926E+02
 -.187620E+01 -.146554E+01 0.345233E+01 -.819353E+00 0.257127E+01 0.343457E+02
 -.187783E+01 -.144689E+01 0.345467E+01 -.818948E+00 0.257007E+01 0.349146E+02
 -.187835E+01 -.146668E+01 0.345348E+01 -.818856E+00 0.257007E+01 0.343125E+02
 -.187836E+01 -.146626E+01 0.345401E+01 -.819712E+00 0.257029E+01 0.343127E+02
 -.188011E+01 -.146269E+01 0.345335E+01 -.819230E+00 0.257000E+01 0.343454E+02
 -.187789E+01 -.146323E+01 0.345320E+01 -.821205E+00 0.257003E+01 0.343463E+02
 -.182604E+01 -.147336E+01 0.342444E+01 -.818949E+00 0.257006E+01 0.377888E+02
 -.187799E+01 -.146502E+01 0.345794E+01 -.823479E+00 0.257010E+01 0.343854E+02
 -.187764E+01 -.146815E+01 0.345344E+01 -.819351E+00 0.257008E+01 0.343143E+02
 -.187684E+01 -.146396E+01 0.345495E+01 -.819382E+00 0.257009E+01 0.343500E+02
 -.189857E+01 -.146387E+01 0.346129E+01 -.822179E+00 0.257202E+01 0.346336E+02
 -.187708E+01 -.147009E+01 0.345225E+01 -.818873E+00 0.257001E+01 0.343329E+02
 -.187828E+01 -.146423E+01 0.345023E+01 -.819245E+00 0.257004E+01 0.344049E+02
 -.189334E+01 -.146796E+01 0.345518E+01 -.818865E+00 0.257010E+01 0.346469E+02
 -.188337E+01 -.146662E+01 0.345340E+01 -.819410E+00 0.257005E+01 0.343736E+02
 -.186680E+01 -.146480E+01 0.348125E+01 -.824240E+00 0.257000E+01 0.413675E+02
 -.187779E+01 -.146578E+01 0.345345E+01 -.819902E+00 0.257006E+01 0.343145E+02
 -.188112E+01 -.146876E+01 0.345613E+01 -.818948E+00 0.257007E+01 0.343507E+02
 -.189107E+01 -.146636E+01 0.345460E+01 -.832409E+00 0.257003E+01 0.353538E+02
 -.187929E+01 -.147035E+01 0.345279E+01 -.818747E+00 0.257069E+01 0.343507E+02
 -.185963E+01 -.146675E+01 0.345194E+01 -.819501E+00 0.257013E+01 0.347991E+02
 -.187786E+01 -.146536E+01 0.345347E+01 -.820427E+00 0.257002E+01 0.343189E+02
 -.187955E+01 -.146661E+01 0.345437E+01 -.812774E+00 0.257008E+01 0.345227E+02
 -.187806E+01 -.146533E+01 0.345354E+01 -.815864E+00 0.257181E+01 0.343286E+02
 -.187778E+01 -.146768E+01 0.345288E+01 -.819331E+00 0.257000E+01 0.343152E+02
 -.187816E+01 -.146267E+01 0.345222E+01 -.820991E+00 0.257000E+01 0.343746E+02
 -.187748E+01 -.146201E+01 0.346674E+01 -.819243E+00 0.257451E+01 0.351462E+02
 -.188085E+01 -.146674E+01 0.345567E+01 -.819557E+00 0.257007E+01 0.343278E+02
 -.186806E+01 -.147223E+01 0.344966E+01 -.820017E+00 0.257006E+01 0.344622E+02
 -.187779E+01 -.146666E+01 0.345363E+01 -.819273E+00 0.257007E+01 0.343119E+02
 -.185830E+01 -.146647E+01 0.345327E+01 -.808978E+00 0.257006E+01 0.357106E+02
 -.187772E+01 -.146638E+01 0.345347E+01 -.817783E+00 0.257000E+01 0.343221E+02
 -.187899E+01 -.146632E+01 0.345338E+01 -.821630E+00 0.257008E+01 0.343430E+02
 -.187790E+01 -.146658E+01 0.345306E+01 -.823158E+00 0.257003E+01 0.343844E+02
 -.187817E+01 -.146651E+01 0.345481E+01 -.819130E+00 0.257006E+01 0.343256E+02
 -.187784E+01 -.146540E+01 0.345351E+01 -.819280E+00 0.257008E+01 0.343143E+02
 -.187455E+01 -.146609E+01 0.345244E+01 -.819211E+00 0.257005E+01 0.343221E+02
 -.187338E+01 -.146626E+01 0.345608E+01 -.819440E+00 0.257013E+01 0.344590E+02
 -.187146E+01 -.146203E+01 0.345200E+01 -.820822E+00 0.257000E+01 0.343988E+02
 -.188213E+01 -.145460E+01 0.346150E+01 -.793825E+00 0.259722E+01 0.351900E+02
 -.187974E+01 -.146784E+01 0.346328E+01 -.819419E+00 0.257013E+01 0.349606E+02
 -.187102E+01 -.146642E+01 0.344763E+01 -.824886E+00 0.257007E+01 0.347827E+02
 -.187798E+01 -.146689E+01 0.345382E+01 -.819181E+00 0.257006E+01 0.343127E+02
 -.187814E+01 -.147030E+01 0.345035E+01 -.842500E+00 0.257009E+01 0.369687E+02
 -.188490E+01 -.147048E+01 0.345159E+01 -.822029E+00 0.257007E+01 0.346358E+02
 -.187758E+01 -.146589E+01 0.345403E+01 -.818103E+00 0.257002E+01 0.343291E+02
 -.187672E+01 -.146300E+01 0.344920E+01 -.815435E+00 0.257009E+01 0.343765E+02
 -.186929E+01 -.147652E+01 0.345392E+01 -.819345E+00 0.257000E+01 0.345818E+02
 -.187797E+01 -.146667E+01 0.345585E+01 -.823227E+00 0.257062E+01 0.343460E+02
 -.189195E+01 -.144030E+01 0.345440E+01 -.819244E+00 0.257005E+01 0.355998E+02
 -.186311E+01 -.140956E+01 0.346670E+01 -.823869E+00 0.258940E+01 0.414661E+02
 -.187388E+01 -.146661E+01 0.345356E+01 -.819737E+00 0.257006E+01 0.343406E+02
 -.187816E+01 -.146752E+01 0.345470E+01 -.819398E+00 0.257008E+01 0.343206E+02
 -.185229E+01 -.146164E+01 0.346067E+01 -.811726E+00 0.257134E+01 0.377140E+02
 -.187969E+01 -.146572E+01 0.345436E+01 -.821485E+00 0.257000E+01 0.343251E+02
 -.187778E+01 -.146645E+01 0.345706E+01 -.819576E+00 0.257009E+01 0.344048E+02
 -.187901E+01 -.146674E+01 0.345296E+01 -.819475E+00 0.257000E+01 0.343213E+02
 -.187560E+01 -.146539E+01 0.345387E+01 -.819367E+00 0.257065E+01 0.343276E+02
 -.187844E+01 -.146705E+01 0.345182E+01 -.819351E+00 0.257008E+01 0.343419E+02
 -.187798E+01 -.146659E+01 0.345339E+01 -.819496E+00 0.257005E+01 0.343122E+02
 -.188005E+01 -.146705E+01 0.345010E+01 -.820157E+00 0.257000E+01 0.344776E+02
 -.187784E+01 -.146674E+01 0.345335E+01 -.819315E+00 0.257008E+01 0.343118E+02
 -.187793E+01 -.146617E+01 0.345341E+01 -.819337E+00 0.257007E+01 0.343123E+02
 -.187802E+01 -.146717E+01 0.345381E+01 -.821098E+00 0.257006E+01 0.343212E+02
 -.188534E+01 -.145475E+01 0.345427E+01 -.793359E+00 0.257007E+01 0.375822E+02
 -.187213E+01 -.145074E+01 0.345513E+01 -.820837E+00 0.257009E+01 0.348130E+02
 -.189847E+01 -.148335E+01 0.348518E+01 -.814288E+00 0.259999E+01 0.349891E+02
 -.187740E+01 -.145651E+01 0.345338E+01 -.818487E+00 0.257007E+01 0.344666E+02
 -.187777E+01 -.146677E+01 0.345535E+01 -.819016E+00 0.257009E+01 0.343437E+02
 -.187545E+01 -.146828E+01 0.345671E+01 -.784503E+00 0.257001E+01 0.412566E+02
 -.189774E+01 -.146814E+01 0.345149E+01 -.821097E+00 0.257006E+01 0.354054E+02
 -.187676E+01 -.153257E+01 0.345312E+01 -.809348E+00 0.257120E+01 0.396884E+02
 -.187781E+01 -.146665E+01 0.345345E+01 -.819333E+00 0.257006E+01 0.343117E+02
 -.187775E+01 -.147064E+01 0.346049E+01 -.820190E+00 0.257000E+01 0.346672E+02
 -.188477E+01 -.146517E+01 0.344018E+01 -.819442E+00 0.257204E+01 0.366458E+02
 -.187776E+01 -.142846E+01 0.345461E+01 -.819969E+00 0.257012E+01 0.365481E+02
 -.187389E+01 -.146670E+01 0.345358E+01 -.819067E+00 0.257008E+01 0.343441E+02
 -.187881E+01 -.146735E+01 0.345340E+01 -.818936E+00 0.257024E+01 0.343146E+02
 -.187699E+01 -.146043E+01 0.345332E+01 -.818838E+00 0.257001E+01 0.343716E+02
 -.187795E+01 -.146705E+01 0.345211E+01 -.819208E+00 0.257005E+01 0.343273E+02
 -.186935E+01 -.146440E+01 0.345042E+01 -.817452E+00 0.257010E+01 0.343780E+02
 -.187786E+01 -.146590E+01 0.345346E+01 -.819188E+00 0.257005E+01 0.343127E+02
 -.187696E+01 -.146709E+01 0.345415E+01 -.819193E+00 0.257010E+01 0.343201E+02
 -.190606E+01 -.146640E+01 0.346789E+01 -.821996E+00 0.257079E+01 0.349998E+02
 -.187864E+01 -.146501E+01 0.345825E+01 -.819737E+00 0.257001E+01 0.344662E+02
 -.187647E+01 -.146375E+01 0.344917E+01 -.818602E+00 0.257003E+01 0.344131E+02
 -.188297E+01 -.146492E+01 0.345366E+01 -.818174E+00 0.257006E+01 0.343600E+02
 -.188583E+01 -.146537E+01 0.345401E+01 -.820019E+00 0.257040E+01 0.344274E+02
 -.186648E+01 -.146376E+01 0.347649E+01 -.818555E+00 0.257002E+01 0.405047E+02
 -.187775E+01 -.146743E+01 0.345332E+01 -.818961E+00 0.257008E+01 0.343123E+02
 -.187585E+01 -.146203E+01 0.344846E+01 -.818731E+00 0.257006E+01 0.344626E+02
 -.186920E+01 -.146642E+01 0.345429E+01 -.816846E+00 0.257004E+01 0.345661E+02
 -.187917E+01 -.147232E+01 0.345203E+01 -.818963E+00 0.257029E+01 0.343906E+02
 -.189291E+01 -.146628E+01 0.345701E+01 -.818958E+00 0.257010E+01 0.345543E+02
 -.187778E+01 -.146628E+01 0.345380E+01 -.821193E+00 0.257006E+01 0.343221E+02
 -.187935E+01 -.146672E+01 0.345332E+01 -.831692E+00 0.257000E+01 0.349398E+02
 -.187776E+01 -.146738E+01 0.345332E+01 -.817522E+00 0.257135E+01 0.343166E+02
 -.187781E+01 -.146666E+01 0.345227E+01 -.819159E+00 0.257029E+01 0.343266E+02
 -.187924E+01 -.146730E+01 0.345391E+01 -.816511E+00 0.257010E+01 0.343482E+02
 -.187308E+01 -.146791E+01 0.345140E+01 -.819680E+00 0.257115E+01 0.343755E+02
 -.187613E+01 -.146685E+01 0.345263E+01 -.818048E+00 0.257005E+01 0.343150E+02
 -.187817E+01 -.144436E+01 0.345375E+01 -.818472E+00 0.257006E+01 0.350561E+02
 -.187774E+01 -.146665E+01 0.345346E+01 -.819239E+00 0.257007E+01 0.343117E+02
 -.189440E+01 -.146148E+01 0.345338E+01 -.811829E+00 0.257003E+01 0.349124E+02
 -.187773E+01 -.146672E+01 0.345331E+01 -.819639E+00 0.257003E+01 0.343125E+02
 -.187869E+01 -.146649E+01 0.345307E+01 -.821330E+00 0.257008E+01 0.343428E+02
 -.187837E+01 -.146667E+01 0.345408E+01 -.824037E+00 0.257000E+01 0.343801E+02
 -.187783E+01 -.146667E+01 0.345237E+01 -.818862E+00 0.257006E+01 0.343190E+02
 -.187777E+01 -.146793E+01 0.345353E+01 -.819216E+00 0.257008E+01 0.343134E+02
 -.187560E+01 -.146694E+01 0.345280E+01 -.819381E+00 0.257006E+01 0.343165E+02
 -.187918E+01 -.146577E+01 0.345378E+01 -.819358E+00 0.257015E+01 0.343151E+02
 -.190654E+01 -.147040E+01 0.350000E+01 -.838933E+00 0.261958E+01 0.399308E+02
 -.188112E+01 -.146471E+01 0.346116E+01 -.819099E+00 0.257005E+01 0.346907E+02
 -.187695E+01 -.144281E+01 0.342455E+01 -.815820E+00 0.257005E+01 0.401974E+02
 -.187796E+01 -.146668E+01 0.345357E+01 -.819456E+00 0.257005E+01 0.343117E+02
 -.187862E+01 -.146869E+01 0.345178E+01 -.853905E+00 0.257006E+01 0.390069E+02
 -.191224E+01 -.146936E+01 0.345152E+01 -.836157E+00 0.257008E+01 0.391445E+02
 -.187756E+01 -.145431E+01 0.345441E+01 -.818092E+00 0.257013E+01 0.345667E+02
 -.187741E+01 -.146691E+01 0.345154E+01 -.816473E+00 0.257014E+01 0.343255E+02
 -.188159E+01 -.146670E+01 0.345585E+01 -.821921E+00 0.257076E+01 0.343303E+02
 -.186586E+01 -.147660E+01 0.345259E+01 -.818981E+00 0.257005E+01 0.346463E+02
 -.190155E+01 -.148083E+01 0.348603E+01 -.834703E+00 0.257881E+01 0.355601E+02
 -.187357E+01 -.146659E+01 0.345360E+01 -.819669E+00 0.257005E+01 0.343464E+02
 -.187747E+01 -.146648E+01 0.345389E+01 -.822815E+00 0.257009E+01 0.343504E+02
 -.188122E+01 -.146856E+01 0.345252E+01 -.820912E+00 0.257029E+01 0.344062E+02
 -.187778E+01 -.146682E+01 0.345668E+01 -.817918E+00 0.257008E+01 0.344371E+02
 -.187586E+01 -.146655E+01 0.345256E+01 -.816712E+00 0.257005E+01 0.343300E+02
 -.187745E+01 -.146060E+01 0.347051E+01 -.818565E+00 0.257000E+01 0.369248E+02
 -.187725E+01 -.146825E+01 0.345133E+01 -.819560E+00 0.257004E+01 0.343509E+02
 -.187766E+01 -.146661E+01 0.345353E+01 -.819193E+00 0.257002E+01 0.343119E+02
 -.187814E+01 -.146729E+01 0.344737E+01 -.820391E+00 0.257015E+01 0.346813E+02
 -.187785E+01 -.146673E+01 0.345343E+01 -.819233E+00 0.257007E+01 0.343116E+02
 -.187779E+01 -.146679E+01 0.345330E+01 -.819348E+00 0.257007E+01 0.343119E+02
 -.187787E+01 -.146554E+01 0.345345E+01 -.820729E+00 0.257006E+01 0.343220E+02
 -.187918E+01 -.144945E+01 0.345140E+01 -.837873E+00 0.257014E+01 0.363237E+02
 -.189392E+01 -.147673E+01 0.345730E+01 -.821123E+00 0.257008E+01 0.347295E+02
 -.190772E+01 -.148734E+01 0.344403E+01 -.814512E+00 0.257000E+01 0.384139E+02
 -.187747E+01 -.146730E+01 0.345350E+01 -.821260E+00 0.257008E+01 0.343270E+02
 -.187895E+01 -.146768E+01 0.345090E+01 -.818890E+00 0.257000E+01 0.343736E+02
 -.186962E+01 -.146497E+01 0.344741E+01 -.823397E+00 0.257003E+01 0.346742E+02
 -.187333E+01 -.146633E+01 0.345412E+01 -.819530E+00 0.257006E+01 0.343662E+02
 -.187667E+01 -.152636E+01 0.345184E+01 -.804423E+00 0.257040E+01 0.391760E+02
 -.187784E+01 -.146663E+01 0.345346E+01 -.819248E+00 0.257006E+01 0.343116E+02
 -.187950E+01 -.146494E+01 0.345264E+01 -.817779E+00 0.257022E+01 0.343302E+02
 -.188135E+01 -.146551E+01 0.346022E+01 -.819134E+00 0.257224E+01 0.344332E+02
 -.187774E+01 -.143191E+01 0.345416E+01 -.819428E+00 0.257015E+01 0.361455E+02
 -.187654E+01 -.146670E+01 0.345333E+01 -.819235E+00 0.257007E+01 0.343139E+02
 -.187861E+01 -.146742E+01 0.345328E+01 -.818865E+00 0.257011E+01 0.343141E+02
 -.187546E+01 -.147146E+01 0.345367E+01 -.818664E+00 0.257002E+01 0.343566E+02
 -.187788E+01 -.146919E+01 0.345382E+01 -.819507E+00 0.257006E+01 0.343197E+02
 -.189965E+01 -.145595E+01 0.344987E+01 -.819537E+00 0.257009E+01 0.358500E+02
 -.186793E+01 -.147131E+01 0.345576E+01 -.816581E+00 0.257009E+01 0.347863E+02
 -.187797E+01 -.146634E+01 0.345352E+01 -.819080E+00 0.257005E+01 0.343121E+02
 -.187773E+01 -.146820E+01 0.345219E+01 -.819097E+00 0.257007E+01 0.343266E+02
 -.186480E+01 -.146884E+01 0.345389E+01 -.817759E+00 0.257276E+01 0.346406E+02
 -.188062E+01 -.146320E+01 0.345905E+01 -.822085E+00 0.257005E+01 0.344244E+02
 -.187594E+01 -.146742E+01 0.345274E+01 -.818750E+00 0.257010E+01 0.343147E+02
 -.187388E+01 -.146437E+01 0.345222E+01 -.818869E+00 0.257004E+01 0.343334E+02
 -.187974E+01 -.146543E+01 0.345419E+01 -.820026E+00 0.257054E+01 0.343203E+02
 -.188603E+01 -.146445E+01 0.342508E+01 -.812672E+00 0.257003E+01 0.402644E+02
 -.187778E+01 -.146809E+01 0.345338E+01 -.818292E+00 0.257006E+01 0.343169E+02
 -.187370E+01 -.146819E+01 0.344455E+01 -.818608E+00 0.257006E+01 0.347247E+02
 -.186535E+01 -.146772E+01 0.345314E+01 -.812284E+00 0.257004E+01 0.348843E+02
 -.187623E+01 -.146125E+01 0.345378E+01 -.819032E+00 0.257000E+01 0.343679E+02
 -.189646E+01 -.146634E+01 0.345784E+01 -.819022E+00 0.257010E+01 0.346794E+02
 -.187774E+01 -.146764E+01 0.345362E+01 -.817451E+00 0.257012E+01 0.343272E+02
 -.187894E+01 -.146676E+01 0.345255E+01 -.822816E+00 0.257019E+01 0.344155E+02
 -.187763E+01 -.146811E+01 0.345330E+01 -.820454E+00 0.257000E+01 0.343206E+02
 -.187784E+01 -.146752E+01 0.345342E+01 -.819104E+00 0.257029E+01 0.343129E+02
 -.187898E+01 -.147089E+01 0.345332E+01 -.814643E+00 0.257017E+01 0.344041E+02
 -.187067E+01 -.147233E+01 0.343973E+01 -.819907E+00 0.257000E+01 0.354523E+02
 -.187416E+01 -.146677E+01 0.345080E+01 -.817416E+00 0.257004E+01 0.343215E+02
 -.188560E+01 -.146845E+01 0.345406E+01 -.819034E+00 0.257007E+01 0.344089E+02
 -.187788E+01 -.146672E+01 0.345322E+01 -.819201E+00 0.257006E+01 0.343120E+02
 -.189712E+01 -.146208E+01 0.345464E+01 -.826633E+00 0.257000E+01 0.352532E+02
 -.187756E+01 -.146677E+01 0.345330E+01 -.820494E+00 0.257004E+01 0.343186E+02
 -.187720E+01 -.146698E+01 0.345306E+01 -.818400E+00 0.257007E+01 0.343130E+02
 -.187794E+01 -.146669E+01 0.345364E+01 -.820509E+00 0.257018E+01 0.343178E+02
 -.187752E+01 -.146665E+01 0.345129E+01 -.818855E+00 0.257001E+01 0.343380E+02
 -.187772E+01 -.146798E+01 0.345345E+01 -.819196E+00 0.257006E+01 0.343136E+02
 -.187950E+01 -.146744E+01 0.345370E+01 -.819402E+00 0.257007E+01 0.343162E+02
 -.188204E+01 -.146611E+01 0.345184E+01 -.819246E+00 0.257010E+01 0.344038E+02
 -.187717E+01 -.146612E+01 0.345560E+01 -.819805E+00 0.257003E+01 0.343490E+02
 -.187940E+01 -.148752E+01 0.343586E+01 -.814739E+00 0.257006E+01 0.369727E+02
 -.187783E+01 -.146659E+01 0.345327E+01 -.819664E+00 0.257007E+01 0.343132E+02
 -.187807E+01 -.146476E+01 0.345544E+01 -.780588E+00 0.257011E+01 0.421232E+02
 -.188634E+01 -.146668E+01 0.345275E+01 -.827720E+00 0.257007E+01 0.349155E+02
 -.187773E+01 -.147238E+01 0.345444E+01 -.820156E+00 0.257023E+01 0.343569E+02
 -.187833E+01 -.146981E+01 0.345465E+01 -.819969E+00 0.257012E+01 0.343268E+02
 -.187900E+01 -.146674E+01 0.345496E+01 -.816868E+00 0.257000E+01 0.343748E+02
 -.186736E+01 -.148838E+01 0.345032E+01 -.819402E+00 0.257007E+01 0.350324E+02
 -.191387E+01 -.149423E+01 0.345291E+01 -.841185E+00 0.257000E+01 0.411600E+02
 -.187910E+01 -.146659E+01 0.345346E+01 -.819023E+00 0.257004E+01 0.343146E+02
 -.187760E+01 -.146594E+01 0.345337E+01 -.823698E+00 0.257009E+01 0.343924E+02
 -.189576E+01 -.146459E+01 0.345544E+01 -.834015E+00 0.257219E+01 0.360653E+02
 -.188052E+01 -.146770E+01 0.345447E+01 -.817930E+00 0.257040E+01 0.343272E+02
 -.187789E+01 -.146698E+01 0.345346E+01 -.819931E+00 0.257008E+01 0.343137E+02
 -.187771E+01 -.146678E+01 0.345295E+01 -.819259E+00 0.257005E+01 0.343131E+02
 -.187704E+01 -.146985E+01 0.346565E+01 -.818272E+00 0.257113E+01 0.354715E+02
 -.187736E+01 -.146458E+01 0.345306E+01 -.819071E+00 0.257005E+01 0.343184E+02
 -.187783E+01 -.146673E+01 0.345354E+01 -.819059E+00 0.257007E+01 0.343120E+02
 -.187506E+01 -.146742E+01 0.345520E+01 -.819015E+00 0.257011E+01 0.343784E+02
 -.187785E+01 -.146673E+01 0.345349E+01 -.819169E+00 0.257006E+01 0.343117E+02
 -.187780E+01 -.146720E+01 0.345356E+01 -.819212E+00 0.257009E+01 0.343119E+02
 -.187795E+01 -.146616E+01 0.345321E+01 -.818542E+00 0.257008E+01 0.343133E+02
 -.188190E+01 -.146709E+01 0.345595E+01 -.860296E+00 0.257018E+01 0.395933E+02
 -.189498E+01 -.149155E+01 0.345502E+01 -.818754E+00 0.257013E+01 0.355952E+02
 -.187752E+01 -.147379E+01 0.345360E+01 -.821039E+00 0.257005E+01 0.343911E+02
 -.187893E+01 -.146644E+01 0.344842E+01 -.819005E+00 0.257012E+01 0.345333E+02
 -.187960E+01 -.146483E+01 0.346614E+01 -.859736E+00 0.257007E+01 0.373471E+02
 -.185475E+01 -.146501E+01 0.345600E+01 -.818105E+00 0.257007E+01 0.357527E+02
 -.187785E+01 -.146671E+01 0.345342E+01 -.819188E+00 0.257007E+01 0.343116E+02
 -.187908E+01 -.146165E+01 0.344756E+01 -.817787E+00 0.257024E+01 0.345925E+02
 -.187234E+01 -.146644E+01 0.347208E+01 -.819170E+00 0.257099E+01 0.374873E+02
 -.187786E+01 -.148468E+01 0.345409E+01 -.818951E+00 0.257022E+01 0.347369E+02
 -.188197E+01 -.146671E+01 0.345322E+01 -.819094E+00 0.257007E+01 0.343497E+02
 -.187771E+01 -.146601E+01 0.345376E+01 -.819072E+00 0.257016E+01 0.343137E+02
 -.187822E+01 -.147053E+01 0.345443E+01 -.820093E+00 0.257001E+01 0.343325E+02
 -.187805E+01 -.146836E+01 0.345515E+01 -.819571E+00 0.257006E+01 0.343306E+02
 -.189530E+01 -.145350E+01 0.347756E+01 -.818820E+00 0.257008E+01 0.378068E+02
 -.187531E+01 -.147478E+01 0.345692E+01 -.824222E+00 0.257006E+01 0.344813E+02
 -.187789E+01 -.146718E+01 0.345351E+01 -.819162E+00 0.257006E+01 0.343119E+02
 -.187752E+01 -.146659E+01 0.345359E+01 -.819210E+00 0.257006E+01 0.343123E+02
 -.185515E+01 -.146364E+01 0.345133E+01 -.819920E+00 0.257486E+01 0.351973E+02
 -.187926E+01 -.146810E+01 0.345423E+01 -.820161E+00 0.257008E+01 0.343163E+02
 -.187679E+01 -.146968E+01 0.345603E+01 -.819194E+00 0.257011E+01 0.343866E+02
 -.186987E+01 -.146632E+01 0.345249E+01 -.819672E+00 0.257004E+01 0.343955E+02
 -.187123E+01 -.146725E+01 0.345350E+01 -.819390E+00 0.257030E+01 0.343907E+02
 -.187788E+01 -.146793E+01 0.345349E+01 -.819046E+00 0.257005E+01 0.343136E+02
 -.187852E+01 -.147238E+01 0.345954E+01 -.818703E+00 0.257006E+01 0.346368E+02
 -.187156E+01 -.146842E+01 0.345301E+01 -.819904E+00 0.257006E+01 0.343719E+02
 -.187440E+01 -.145453E+01 0.345420E+01 -.819058E+00 0.257048E+01 0.345728E+02
 -.187420E+01 -.146661E+01 0.345309E+01 -.819455E+00 0.257014E+01 0.343299E+02
 -.187782E+01 -.146842E+01 0.345342E+01 -.818608E+00 0.257011E+01 0.343163E+02
 -.187977E+01 -.146649E+01 0.345307E+01 -.809035E+00 0.257000E+01 0.347063E+02
 -.187788E+01 -.146704E+01 0.345335E+01 -.819984E+00 0.257266E+01 0.343918E+02
 -.187787E+01 -.146790E+01 0.345433E+01 -.819144E+00 0.257011E+01 0.343189E+02
 -.187741E+01 -.147165E+01 0.345232E+01 -.823761E+00 0.257005E+01 0.344791E+02
 -.187789E+01 -.146627E+01 0.344651E+01 -.819636E+00 0.257229E+01 0.349538E+02
 -.187932E+01 -.146674E+01 0.345008E+01 -.818424E+00 0.257007E+01 0.344106E+02
 -.188194E+01 -.148484E+01 0.345373E+01 -.819632E+00 0.257007E+01 0.347884E+02
 -.187794E+01 -.146670E+01 0.345342E+01 -.819187E+00 0.257007E+01 0.343117E+02
 -.187538E+01 -.147459E+01 0.345513E+01 -.832642E+00 0.257003E+01 0.349205E+02
 -.187759E+01 -.146673E+01 0.345341E+01 -.819573E+00 0.257002E+01 0.343119E+02
 -.187698E+01 -.146733E+01 0.345320E+01 -.816665E+00 0.257006E+01 0.343369E+02
 -.187764E+01 -.146671E+01 0.345306E+01 -.817360E+00 0.257022E+01 0.343194E+02
 -.187775E+01 -.146659E+01 0.345474E+01 -.818881E+00 0.257000E+01 0.343312E+02
 -.187769E+01 -.146669E+01 0.345339E+01 -.819231E+00 0.257007E+01 0.343116E+02
 -.187882E+01 -.146664E+01 0.345321E+01 -.819124E+00 0.257008E+01 0.343150E+02
 -.187842E+01 -.146615E+01 0.345214E+01 -.819206E+00 0.257009E+01 0.343310E+02
 -.180933E+01 -.146685E+01 0.345172E+01 -.818135E+00 0.257000E+01 0.426149E+02
 -.186715E+01 -.148651E+01 0.342169E+01 -.783952E+00 0.257000E+01 0.373566E+02
 -.187515E+01 -.146771E+01 0.344664E+01 -.819561E+00 0.257006E+01 0.346067E+02
 -.187954E+01 -.151583E+01 0.345710E+01 -.828868E+00 0.257009E+01 0.375378E+02
 -.187794E+01 -.146684E+01 0.345311E+01 -.819370E+00 0.257006E+01 0.343132E+02
 -.187767E+01 -.146905E+01 0.345701E+01 -.781981E+00 0.257018E+01 0.421345E+02
 -.185482E+01 -.146555E+01 0.345391E+01 -.816967E+00 0.257007E+01 0.354705E+02
 -.187716E+01 -.147685E+01 0.345333E+01 -.821024E+00 0.257025E+01 0.344711E+02
 -.187808E+01 -.146740E+01 0.345085E+01 -.821279E+00 0.257007E+01 0.344314E+02
 -.187654E+01 -.146682E+01 0.345340E+01 -.821829E+00 0.257069E+01 0.343550E+02
 -.187935E+01 -.146010E+01 0.345214E+01 -.819492E+00 0.257005E+01 0.344006E+02
 -.188096E+01 -.146659E+01 0.345344E+01 -.819662E+00 0.257006E+01 0.343340E+02
 -.187811E+01 -.146705E+01 0.345316E+01 -.818091E+00 0.257008E+01 0.343150E+02
 -.182709E+01 -.146755E+01 0.346127E+01 -.815418E+00 0.257235E+01 0.417914E+02
 -.187570E+01 -.146426E+01 0.345445E+01 -.817725E+00 0.257000E+01 0.343801E+02
 -.187795E+01 -.146671E+01 0.345142E+01 -.819758E+00 0.257008E+01 0.343561E+02
 -.187933E+01 -.146694E+01 0.345346E+01 -.821244E+00 0.257008E+01 0.343365E+02
 -.187464E+01 -.147360E+01 0.342903E+01 -.819161E+00 0.257006E+01 0.385109E+02
 -.187775E+01 -.146466E+01 0.345452E+01 -.818761E+00 0.257009E+01 0.343338E+02
 -.187814E+01 -.146674E+01 0.345341E+01 -.819457E+00 0.257011E+01 0.343125E+02
 -.187697E+01 -.146683E+01 0.345713E+01 -.816336E+00 0.257005E+01 0.345660E+02
 -.187785E+01 -.146673E+01 0.345350E+01 -.819145E+00 0.257008E+01 0.343117E+02
 -.187798E+01 -.146706E+01 0.345366E+01 -.819183E+00 0.257009E+01 0.343120E+02
 -.187805E+01 -.146701E+01 0.345326E+01 -.817360E+00 0.257009E+01 0.343226E+02
 -.188447E+01 -.148026E+01 0.345932E+01 -.865608E+00 0.257005E+01 0.404550E+02
 -.188347E+01 -.145891E+01 0.345229E+01 -.818690E+00 0.257013E+01 0.344874E+02
 -.186716E+01 -.147287E+01 0.348954E+01 -.818654E+00 0.260624E+01 0.385602E+02
 -.187770E+01 -.146714E+01 0.345353E+01 -.818466E+00 0.257001E+01 0.343154E+02
 -.187813E+01 -.146548E+01 0.345562E+01 -.818906E+00 0.257014E+01 0.343533E+02
 -.189411E+01 -.146588E+01 0.347253E+01 -.815992E+00 0.257008E+01 0.365977E+02
 -.187415E+01 -.146682E+01 0.345489E+01 -.819663E+00 0.257007E+01 0.343742E+02
 -.187786E+01 -.146679E+01 0.345339E+01 -.819159E+00 0.257008E+01 0.343116E+02
 -.187768E+01 -.146295E+01 0.344484E+01 -.818333E+00 0.257024E+01 0.348387E+02
 -.186861E+01 -.146656E+01 0.345327E+01 -.819290E+00 0.257000E+01 0.344619E+02
 -.187786E+01 -.151086E+01 0.345336E+01 -.819367E+00 0.257008E+01 0.367695E+02
 -.187723E+01 -.146668E+01 0.345336E+01 -.818860E+00 0.257006E+01 0.343127E+02
 -.187707E+01 -.146632E+01 0.345391E+01 -.819431E+00 0.257022E+01 0.343152E+02
 -.188059E+01 -.146699E+01 0.345327E+01 -.820659E+00 0.257004E+01 0.343454E+02
 -.187807E+01 -.146383E+01 0.345261E+01 -.820242E+00 0.257005E+01 0.343391E+02
 -.186632E+01 -.146137E+01 0.344746E+01 -.818934E+00 0.257006E+01 0.344952E+02
 -.188763E+01 -.147253E+01 0.345494E+01 -.824682E+00 0.257008E+01 0.346191E+02
 -.187749E+01 -.146685E+01 0.345335E+01 -.819235E+00 0.257006E+01 0.343117E+02
 -.187760E+01 -.146539E+01 0.345456E+01 -.819314E+00 0.257006E+01 0.343256E+02
 -.187995E+01 -.146334E+01 0.346697E+01 -.823160E+00 0.257393E+01 0.348475E+02
 -.187690E+01 -.147088E+01 0.345020E+01 -.818244E+00 0.257009E+01 0.343870E+02
 -.187796E+01 -.146774E+01 0.345635E+01 -.819148E+00 0.257008E+01 0.343772E+02
 -.187829E+01 -.146765E+01 0.345281E+01 -.819551E+00 0.257007E+01 0.343218E+02
 -.186817E+01 -.146855E+01 0.345334E+01 -.819411E+00 0.257046E+01 0.344748E+02
 -.187234E+01 -.146626E+01 0.343976E+01 -.813737E+00 0.257003E+01 0.349449E+02
 -.187791E+01 -.146629E+01 0.345351E+01 -.819803E+00 0.257006E+01 0.343129E+02
 -.187969E+01 -.147112E+01 0.346766E+01 -.818086E+00 0.257006E+01 0.359336E+02
 -.188381E+01 -.146621E+01 0.345569E+01 -.825227E+00 0.257009E+01 0.344291E+02
 -.187691E+01 -.146944E+01 0.345306E+01 -.818519E+00 0.257019E+01 0.343223E+02
 -.186133E+01 -.146689E+01 0.344953E+01 -.819591E+00 0.257016E+01 0.346014E+02
 -.187770E+01 -.146742E+01 0.345349E+01 -.820506E+00 0.257007E+01 0.343181E+02
 -.188041E+01 -.146630E+01 0.345408E+01 -.806050E+00 0.257013E+01 0.350740E+02
 -.187805E+01 -.146654E+01 0.345341E+01 -.818772E+00 0.257448E+01 0.344470E+02
 -.187766E+01 -.146704E+01 0.345340E+01 -.819155E+00 0.257013E+01 0.343118E+02
 -.187661E+01 -.146351E+01 0.345273E+01 -.819976E+00 0.257004E+01 0.343322E+02
 -.188315E+01 -.146300E+01 0.346038E+01 -.818969E+00 0.257062E+01 0.345458E+02
 -.188055E+01 -.146675E+01 0.345371E+01 -.819870E+00 0.257009E+01 0.343266E+02
 -.188229E+01 -.146926E+01 0.345331E+01 -.819038E+00 0.257007E+01 0.343633E+02
 -.187758E+01 -.146658E+01 0.345351E+01 -.819215E+00 0.257007E+01 0.343119E+02
 -.186099E+01 -.147771E+01 0.345296E+01 -.825573E+00 0.257002E+01 0.349858E+02
 -.187758E+01 -.146648E+01 0.345345E+01 -.818341E+00 0.257000E+01 0.343161E+02
 -.187709E+01 -.146689E+01 0.345338E+01 -.819782E+00 0.257007E+01 0.343132E+02
 -.187804E+01 -.146662E+01 0.345336E+01 -.817979E+00 0.257000E+01 0.343177E+02
 -.187793E+01 -.146657E+01 0.345618E+01 -.818861E+00 0.257003E+01 0.343796E+02
 -.187766E+01 -.146569E+01 0.345335E+01 -.819257E+00 0.257008E+01 0.343133E+02
 -.187676E+01 -.146603E+01 0.345251E+01 -.818934E+00 0.257007E+01 0.343142E+02
 -.187602E+01 -.146594E+01 0.345452E+01 -.819403E+00 0.257011E+01 0.343360E+02
 -.186823E+01 -.146407E+01 0.350000E+01 -.772006E+00 0.264633E+01 0.419982E+02
 -.187766E+01 -.146608E+01 0.345490E+01 -.819118E+00 0.257011E+01 0.343314E+02
 -.186452E+01 -.142928E+01 0.347026E+01 -.824673E+00 0.257007E+01 0.398490E+02
 -.187769E+01 -.146675E+01 0.345341E+01 -.819062E+00 0.257007E+01 0.343117E+02
 -.187763E+01 -.147220E+01 0.345358E+01 -.835057E+00 0.257008E+01 0.352957E+02
 -.187536E+01 -.146867E+01 0.345320E+01 -.814617E+00 0.257006E+01 0.344158E+02
 -.187728E+01 -.145770E+01 0.345360E+01 -.819380E+00 0.257003E+01 0.344308E+02
 -.187682E+01 -.146516E+01 0.344843E+01 -.820716E+00 0.257012E+01 0.345529E+02
 -.187674E+01 -.146686E+01 0.345385E+01 -.823415E+00 0.257020E+01 0.343706E+02
 -.188776E+01 -.144125E+01 0.345423E+01 -.819278E+00 0.257005E+01 0.353835E+02
 -.187921E+01 -.146663E+01 0.345345E+01 -.819713E+00 0.257006E+01 0.343171E+02
 -.187833E+01 -.146785E+01 0.345315E+01 -.815150E+00 0.257006E+01 0.343694E+02
 -.185017E+01 -.146010E+01 0.345761E+01 -.804221E+00 0.257293E+01 0.380107E+02
 -.187735E+01 -.146634E+01 0.345376E+01 -.821942E+00 0.257031E+01 0.343396E+02
 -.187770E+01 -.146648E+01 0.345494E+01 -.818637E+00 0.257008E+01 0.343391E+02
 -.187860E+01 -.146685E+01 0.345322E+01 -.820083E+00 0.257007E+01 0.343197E+02
 -.187762E+01 -.146104E+01 0.343283E+01 -.820019E+00 0.257000E+01 0.375932E+02
 -.187768E+01 -.146530E+01 0.345344E+01 -.819415E+00 0.257006E+01 0.343148E+02
 -.187798E+01 -.146660E+01 0.345347E+01 -.819441E+00 0.257007E+01 0.343119E+02
 -.187937E+01 -.146687E+01 0.345260E+01 -.815384E+00 0.257003E+01 0.343554E+02
 -.187768E+01 -.146671E+01 0.345338E+01 -.819291E+00 0.257007E+01 0.343117E+02
 -.187799E+01 -.146607E+01 0.345327E+01 -.819209E+00 0.257006E+01 0.343127E+02
 -.187807E+01 -.146694E+01 0.345370E+01 -.820677E+00 0.257006E+01 0.343176E+02
 -.187906E+01 -.148171E+01 0.345962E+01 -.857291E+00 0.257006E+01 0.382895E+02
 -.186810E+01 -.143761E+01 0.345094E+01 -.819574E+00 0.257009E+01 0.356786E+02
 -.187764E+01 -.146172E+01 0.345333E+01 -.817787E+00 0.257004E+01 0.343575E+02
 -.187729E+01 -.146667E+01 0.345938E+01 -.818227E+00 0.257000E+01 0.346705E+02
 -.189238E+01 -.146883E+01 0.346894E+01 -.801012E+00 0.257000E+01 0.391273E+02
 -.189419E+01 -.146767E+01 0.345137E+01 -.820322E+00 0.257007E+01 0.350868E+02
 -.187776E+01 -.146668E+01 0.345339E+01 -.819252E+00 0.257007E+01 0.343116E+02
 -.187724E+01 -.146801E+01 0.346063E+01 -.818750E+00 0.257015E+01 0.347642E+02
 -.188198E+01 -.146556E+01 0.343818E+01 -.819401E+00 0.257066E+01 0.365918E+02
 -.187764E+01 -.144295E+01 0.345358E+01 -.819762E+00 0.257000E+01 0.351419E+02
 -.187434E+01 -.146667E+01 0.345357E+01 -.818970E+00 0.257008E+01 0.343382E+02
 -.187727E+01 -.146745E+01 0.345379E+01 -.819418E+00 0.257017E+01 0.343138E+02
 -.188002E+01 -.146402E+01 0.345274E+01 -.819645E+00 0.257006E+01 0.343466E+02
 -.187802E+01 -.146663E+01 0.345254E+01 -.820355E+00 0.257005E+01 0.343333E+02
 -.185193E+01 -.146993E+01 0.342905E+01 -.819102E+00 0.257005E+01 0.367135E+02
 -.188416E+01 -.146796E+01 0.345220E+01 -.820738E+00 0.257011E+01 0.344877E+02
 -.187721E+01 -.146640E+01 0.345329E+01 -.819291E+00 0.257007E+01 0.343122E+02
 -.187755E+01 -.146712E+01 0.345328E+01 -.819344E+00 0.257006E+01 0.343120E+02
 -.189986E+01 -.146704E+01 0.346454E+01 -.819767E+00 0.257000E+01 0.348599E+02
 -.187591E+01 -.146961E+01 0.344946E+01 -.820474E+00 0.257007E+01 0.344616E+02
 -.187855E+01 -.146571E+01 0.345152E+01 -.819154E+00 0.257006E+01 0.343489E+02
 -.188418E+01 -.146738E+01 0.345342E+01 -.819114E+00 0.257009E+01 0.343906E+02
 -.189268E+01 -.146583E+01 0.345367E+01 -.819533E+00 0.257019E+01 0.347199E+02
 -.187774E+01 -.146557E+01 0.345338E+01 -.819774E+00 0.257006E+01 0.343148E+02
 -.187858E+01 -.146459E+01 0.346451E+01 -.818646E+00 0.257006E+01 0.353217E+02
 -.188315E+01 -.146576E+01 0.345509E+01 -.816368E+00 0.257008E+01 0.343940E+02
 -.187915E+01 -.147784E+01 0.345186E+01 -.818878E+00 0.257022E+01 0.345223E+02
 -.188733E+01 -.146655E+01 0.345579E+01 -.819481E+00 0.257014E+01 0.344051E+02
 -.187763E+01 -.146670E+01 0.345378E+01 -.819973E+00 0.257007E+01 0.343128E+02
 -.187723E+01 -.146650E+01 0.345412E+01 -.831542E+00 0.257010E+01 0.348227E+02
 -.187764E+01 -.146694E+01 0.345338E+01 -.817220E+00 0.257364E+01 0.343603E+02
 -.187752E+01 -.146604E+01 0.345267E+01 -.819276E+00 0.257010E+01 0.343163E+02
 -.187936E+01 -.146210E+01 0.345338E+01 -.815999E+00 0.257016E+01 0.343816E+02
 -.187425E+01 -.146967E+01 0.346793E+01 -.819089E+00 0.257000E+01 0.363157E+02
 -.187695E+01 -.146675E+01 0.345592E+01 -.820060E+00 0.257005E+01 0.343576E+02
 -.188007E+01 -.145566E+01 0.345302E+01 -.818647E+00 0.257007E+01 0.344974E+02
 -.187761E+01 -.146656E+01 0.345354E+01 -.819240E+00 0.257006E+01 0.343119E+02
 -.187578E+01 -.146593E+01 0.345348E+01 -.806161E+00 0.257005E+01 0.350917E+02
 -.187750E+01 -.146639E+01 0.345335E+01 -.818552E+00 0.257010E+01 0.343135E+02
 -.187795E+01 -.146664E+01 0.345348E+01 -.821571E+00 0.257008E+01 0.343330E+02
 -.187824E+01 -.146661E+01 0.345369E+01 -.819259E+00 0.257030E+01 0.343121E+02
 -.187764E+01 -.146667E+01 0.345421E+01 -.819322E+00 0.257010E+01 0.343163E+02
 -.187770E+01 -.146563E+01 0.345337E+01 -.819267E+00 0.257007E+01 0.343135E+02
 -.187589E+01 -.146684E+01 0.345301E+01 -.819395E+00 0.257004E+01 0.343155E+02
 -.187590E+01 -.146568E+01 0.345423E+01 -.819355E+00 0.257009E+01 0.343322E+02
 -.184651E+01 -.146578E+01 0.345392E+01 -.823127E+00 0.257008E+01 0.361188E+02
 -.187950E+01 -.146574E+01 0.345580E+01 -.819478E+00 0.257009E+01 0.343373E+02
 -.187753E+01 -.146654E+01 0.345378E+01 -.819172E+00 0.257005E+01 0.343136E+02
 -.189317E+01 -.146873E+01 0.345275E+01 -.817722E+00 0.257007E+01 0.347940E+02
 -.187744E+01 -.145663E+01 0.345414E+01 -.818750E+00 0.257008E+01 0.344732E+02
 -.187744E+01 -.146787E+01 0.345371E+01 -.819126E+00 0.257011E+01 0.343145E+02
 -.187897E+01 -.146682E+01 0.345543E+01 -.820791E+00 0.257000E+01 0.343199E+02
 -.187071E+01 -.146634E+01 0.345523E+01 -.819326E+00 0.257006E+01 0.344973E+02
 -.188012E+01 -.145917E+01 0.346506E+01 -.819343E+00 0.257000E+01 0.353796E+02
 -.187637E+01 -.146668E+01 0.345353E+01 -.819506E+00 0.257001E+01 0.343158E+02
 -.187829E+01 -.146785E+01 0.345316E+01 -.817670E+00 0.257008E+01 0.343198E+02
 -.190821E+01 -.146186E+01 0.345933E+01 -.833742E+00 0.257313E+01 0.365522E+02
 -.187911E+01 -.146817E+01 0.345312E+01 -.820739E+00 0.257018E+01 0.343412E+02
 -.187755E+01 -.146668E+01 0.345683E+01 -.818369E+00 0.257009E+01 0.344342E+02
 -.187590E+01 -.146668E+01 0.345315E+01 -.817710E+00 0.257005E+01 0.343260E+02
 -.187919E+01 -.146359E+01 0.346902E+01 -.819796E+00 0.257073E+01 0.359792E+02
 -.187763E+01 -.146691E+01 0.345256E+01 -.819836E+00 0.257004E+01 0.343222E+02
 -.187752E+01 -.146651E+01 0.345351E+01 -.819154E+00 0.257004E+01 0.343122E+02
 -.187624E+01 -.146752E+01 0.344936E+01 -.818260E+00 0.257010E+01 0.343887E+02
 -.186895E+01 -.147004E+01 0.346713E+01 -.883360E+00 0.257005E+01 0.427054E+02
 -.187768E+01 -.146670E+01 0.345330E+01 -.819269E+00 0.257006E+01 0.343117E+02
 -.187759E+01 -.146610E+01 0.345324E+01 -.819326E+00 0.257007E+01 0.343125E+02
 -.187800E+01 -.146564E+01 0.345385E+01 -.821636E+00 0.257005E+01 0.343289E+02
 -.188083E+01 -.144887E+01 0.345150E+01 -.796990E+00 0.257012E+01 0.366240E+02
 -.188118E+01 -.148249E+01 0.345615E+01 -.820376E+00 0.257007E+01 0.346498E+02
 -.185490E+01 -.147117E+01 0.341486E+01 -.817005E+00 0.257000E+01 0.410700E+02
 -.187760E+01 -.146313E+01 0.345330E+01 -.818317E+00 0.257005E+01 0.343339E+02
 -.187875E+01 -.146754E+01 0.345368E+01 -.818214E+00 0.257018E+01 0.343171E+02
 -.188025E+01 -.147018E+01 0.344981E+01 -.817716E+00 0.257012E+01 0.344563E+02
 -.187926E+01 -.146711E+01 0.345208E+01 -.819366E+00 0.257007E+01 0.343438E+02
 -.187770E+01 -.146664E+01 0.345340E+01 -.819284E+00 0.257006E+01 0.343116E+02
 -.187820E+01 -.146847E+01 0.346130E+01 -.818418E+00 0.257005E+01 0.348421E+02
 -.188157E+01 -.146587E+01 0.344343E+01 -.819294E+00 0.257116E+01 0.354692E+02
 -.187756E+01 -.143374E+01 0.345491E+01 -.819956E+00 0.257024E+01 0.359680E+02
 -.187788E+01 -.146669E+01 0.345357E+01 -.818924E+00 0.257009E+01 0.343124E+02
 -.187918E+01 -.146730E+01 0.345365E+01 -.819033E+00 0.257011E+01 0.343146E+02
 -.187609E+01 -.146343E+01 0.345378E+01 -.818724E+00 0.257002E+01 0.343434E+02
 -.187764E+01 -.146886E+01 0.345579E+01 -.821023E+00 0.257003E+01 0.343391E+02
 -.186898E+01 -.146958E+01 0.344251E+01 -.819153E+00 0.257007E+01 0.348772E+02
 -.187460E+01 -.146271E+01 0.345515E+01 -.816272E+00 0.257009E+01 0.345062E+02
 -.187755E+01 -.146704E+01 0.345341E+01 -.819243E+00 0.257007E+01 0.343117E+02
 -.186964E+01 -.153806E+01 0.345248E+01 -.832295E+00 0.257007E+01 0.412182E+02
 -.187766E+01 -.146817E+01 0.345245E+01 -.819269E+00 0.257007E+01 0.343232E+02
 -.189575E+01 -.146974E+01 0.344893E+01 -.818118E+00 0.257802E+01 0.366159E+02
 -.188049E+01 -.146595E+01 0.345477E+01 -.820930E+00 0.257006E+01 0.343201E+02
 -.187479E+01 -.146691E+01 0.345165E+01 -.818784E+00 0.257009E+01 0.343208E+02
 -.187603E+01 -.146688E+01 0.345381E+01 -.819079E+00 0.257007E+01 0.343230E+02
 -.188288E+01 -.146476E+01 0.345361E+01 -.820637E+00 0.257027E+01 0.343810E+02
 -.187459E+01 -.146237E+01 0.344528E+01 -.816512E+00 0.257006E+01 0.345793E+02
 -.187756E+01 -.146668E+01 0.345335E+01 -.819124E+00 0.257006E+01 0.343117E+02
 -.187481E+01 -.146363E+01 0.345198E+01 -.818588E+00 0.257007E+01 0.343318E+02
 -.188010E+01 -.146836E+01 0.345339E+01 -.818082E+00 0.257001E+01 0.343284E+02
 -.187945E+01 -.147525E+01 0.345155E+01 -.819237E+00 0.257042E+01 0.344831E+02
 -.189024E+01 -.146644E+01 0.345658E+01 -.819157E+00 0.257003E+01 0.344730E+02
 -.187764E+01 -.146614E+01 0.345353E+01 -.818922E+00 0.257007E+01 0.343132E+02
 -.187820E+01 -.146688E+01 0.345279E+01 -.831486E+00 0.257001E+01 0.349528E+02
 -.187733E+01 -.146736E+01 0.345336E+01 -.817278E+00 0.257000E+01 0.343287E+02
 -.187769E+01 -.146591E+01 0.345233E+01 -.819260E+00 0.257007E+01 0.343225E+02
 -.188029E+01 -.147539E+01 0.345300E+01 -.818303E+00 0.257018E+01 0.344336E+02
 -.186667E+01 -.147277E+01 0.345186E+01 -.820014E+00 0.257106E+01 0.345323E+02
 -.187420E+01 -.146685E+01 0.345364E+01 -.818555E+00 0.257003E+01 0.343467E+02
 -.187790E+01 -.146132E+01 0.345324E+01 -.819282E+00 0.257007E+01 0.343534E+02
 -.187789E+01 -.146665E+01 0.345336E+01 -.819220E+00 0.257006E+01 0.343117E+02
 -.189175E+01 -.145812E+01 0.345429E+01 -.797161E+00 0.257003E+01 0.366263E+02
 -.187756E+01 -.146661E+01 0.345329E+01 -.820275E+00 0.257011E+01 0.343174E+02
 -.187773E+01 -.146691E+01 0.345315E+01 -.819102E+00 0.257008E+01 0.343120E+02
 -.187816E+01 -.146663E+01 0.345357E+01 -.820320E+00 0.257043E+01 0.343207E+02
 -.187763E+01 -.146672E+01 0.345216E+01 -.818854E+00 0.257001E+01 0.343200E+02
 -.187770E+01 -.146720E+01 0.345343E+01 -.819253E+00 0.257007E+01 0.343118E+02
 -.187715E+01 -.146729E+01 0.345354E+01 -.819456E+00 0.257007E+01 0.343129E+02
 -.188264E+01 -.146707E+01 0.345304E+01 -.819235E+00 0.257009E+01 0.343693E+02
 -.190853E+01 -.146268E+01 0.345280E+01 -.818771E+00 0.257002E+01 0.361666E+02
 -.187787E+01 -.146624E+01 0.345226E+01 -.819510E+00 0.257006E+01 0.343270E+02
 -.188505E+01 -.147352E+01 0.344656E+01 -.822375E+00 0.257005E+01 0.353863E+02
 -.187769E+01 -.146659E+01 0.345374E+01 -.819342E+00 0.257006E+01 0.343124E+02
 -.187855E+01 -.145843E+01 0.345399E+01 -.806318E+00 0.257011E+01 0.351932E+02
 -.187388E+01 -.146870E+01 0.345326E+01 -.818913E+00 0.257007E+01 0.343420E+02
 -.187722E+01 -.147535E+01 0.345434E+01 -.818922E+00 0.257011E+01 0.344183E+02
 -.187796E+01 -.146855E+01 0.345742E+01 -.817955E+00 0.257005E+01 0.344835E+02
 -.188056E+01 -.146660E+01 0.345425E+01 -.818642E+00 0.257010E+01 0.343222E+02
 -.186683E+01 -.147754E+01 0.345418E+01 -.819484E+00 0.257007E+01 0.347121E+02
 -.190948E+01 -.150621E+01 0.345289E+01 -.832220E+00 0.257863E+01 0.421791E+02
 -.187470E+01 -.146663E+01 0.345343E+01 -.819185E+00 0.257005E+01 0.343297E+02
 -.187738E+01 -.146733E+01 0.345340E+01 -.820555E+00 0.257009E+01 0.343192E+02
 -.190315E+01 -.146816E+01 0.346417E+01 -.836597E+00 0.257193E+01 0.354042E+02
 -.187935E+01 -.146835E+01 0.345401E+01 -.817365E+00 0.257000E+01 0.343371E+02
 -.187790E+01 -.146687E+01 0.345214E+01 -.818729E+00 0.257008E+01 0.343223E+02
 -.187786E+01 -.146667E+01 0.345303E+01 -.819161E+00 0.257004E+01 0.343127E+02
 -.187540E+01 -.146807E+01 0.346135E+01 -.819407E+00 0.257074E+01 0.348358E+02
 -.187770E+01 -.146662E+01 0.345313E+01 -.819050E+00 0.257005E+01 0.343119E+02
 -.187768E+01 -.146676E+01 0.345347E+01 -.819214E+00 0.257000E+01 0.343117E+02
 -.187477E+01 -.146740E+01 0.345012E+01 -.820743E+00 0.257014E+01 0.344104E+02
 -.186437E+01 -.147823E+01 0.345465E+01 -.785131E+00 0.257004E+01 0.411847E+02
 -.187791E+01 -.146672E+01 0.345328E+01 -.819187E+00 0.257006E+01 0.343118E+02
 -.187782E+01 -.146676E+01 0.345348E+01 -.819243E+00 0.257010E+01 0.343117E+02
 -.187787E+01 -.146538E+01 0.345358E+01 -.816674E+00 0.257008E+01 0.343447E+02
 -.187993E+01 -.144212E+01 0.344809E+01 -.785719E+00 0.257013E+01 0.390454E+02
 -.189157E+01 -.149491E+01 0.345619E+01 -.819946E+00 0.257009E+01 0.355919E+02
 -.187749E+01 -.146956E+01 0.345377E+01 -.820661E+00 0.257005E+01 0.343275E+02
 -.187845E+01 -.146774E+01 0.344891E+01 -.818679E+00 0.257031E+01 0.344853E+02
 -.186894E+01 -.146969E+01 0.343805E+01 -.830713E+00 0.257017E+01 0.373069E+02
 -.186699E+01 -.146615E+01 0.345273E+01 -.818456E+00 0.257006E+01 0.345041E+02
 -.187786E+01 -.146671E+01 0.345341E+01 -.819195E+00 0.257007E+01 0.343116E+02
 -.187992E+01 -.146430E+01 0.344571E+01 -.818135E+00 0.257015E+01 0.348072E+02
 -.187762E+01 -.146704E+01 0.345688E+01 -.819210E+00 0.257024E+01 0.344003E+02
 -.187774E+01 -.147783E+01 0.345377E+01 -.819134E+00 0.257040E+01 0.344767E+02
 -.188037E+01 -.146670E+01 0.345347E+01 -.819062E+00 0.257007E+01 0.343244E+02
 -.187919E+01 -.146629E+01 0.345323E+01 -.818953E+00 0.257027E+01 0.343188E+02
 -.187355E+01 -.146576E+01 0.345475E+01 -.818046E+00 0.257001E+01 0.344196E+02
 -.187801E+01 -.146819E+01 0.345645E+01 -.821181E+00 0.257003E+01 0.343482E+02
 -.188820E+01 -.145758E+01 0.345514E+01 -.818975E+00 0.257008E+01 0.345559E+02
 -.187505E+01 -.146090E+01 0.345760E+01 -.825755E+00 0.257010E+01 0.344943E+02
 -.187782E+01 -.146737E+01 0.345341E+01 -.819190E+00 0.257006E+01 0.343121E+02
 -.187787E+01 -.146513E+01 0.345315E+01 -.810205E+00 0.257009E+01 0.346345E+02
 -.187764E+01 -.146863E+01 0.345217E+01 -.819266E+00 0.257007E+01 0.343304E+02
 -.188703E+01 -.146214E+01 0.345534E+01 -.821608E+00 0.257000E+01 0.344473E+02
 -.187904E+01 -.146622E+01 0.345786E+01 -.820548E+00 0.257008E+01 0.344003E+02
 -.187435E+01 -.146803E+01 0.345418E+01 -.818551E+00 0.257011E+01 0.343608E+02
 -.187258E+01 -.146728E+01 0.345294E+01 -.819329E+00 0.257005E+01 0.343500E+02
 -.187159E+01 -.146698E+01 0.345365E+01 -.819430E+00 0.257023E+01 0.343871E+02
 -.188498E+01 -.146410E+01 0.343416E+01 -.817773E+00 0.257003E+01 0.376982E+02
 -.187760E+01 -.146754E+01 0.345338E+01 -.818748E+00 0.257007E+01 0.343132E+02
 -.187556E+01 -.146747E+01 0.344238E+01 -.818250E+00 0.257007E+01 0.350506E+02
 -.187616E+01 -.146935E+01 0.345208E+01 -.823892E+00 0.257000E+01 0.344544E+02
 -.187573E+01 -.146988E+01 0.345523E+01 -.818913E+00 0.257009E+01 0.343786E+02
 -.187831E+01 -.146663E+01 0.345279E+01 -.819079E+00 0.257002E+01 0.343159E+02
 -.187765E+01 -.146636E+01 0.345354E+01 -.818497E+00 0.257007E+01 0.343151E+02
 -.188049E+01 -.146682E+01 0.345289E+01 -.813175E+00 0.257002E+01 0.344383E+02
 -.187727E+01 -.146761E+01 0.345332E+01 -.819723E+00 0.257431E+01 0.344767E+02
 -.187779E+01 -.146755E+01 0.345373E+01 -.819182E+00 0.257011E+01 0.343130E+02
 -.187837E+01 -.147050E+01 0.345274E+01 -.819976E+00 0.257000E+01 0.343465E+02
 -.186863E+01 -.147311E+01 0.343907E+01 -.820562E+00 0.257138E+01 0.358240E+02
 -.187547E+01 -.146693E+01 0.345093E+01 -.817418E+00 0.257006E+01 0.343217E+02
 -.187608E+01 -.147219E+01 0.345358E+01 -.819738E+00 0.257007E+01 0.343564E+02
 -.189781E+01 -.146835E+01 0.350000E+01 -.807244E+00 0.264298E+01 0.409129E+02
 -.187783E+01 -.146674E+01 0.345327E+01 -.819199E+00 0.257007E+01 0.343118E+02
 -.188608E+01 -.145836E+01 0.345453E+01 -.795098E+00 0.257003E+01 0.370958E+02
 -.187772E+01 -.146680E+01 0.345344E+01 -.819445E+00 0.257005E+01 0.343117E+02
 -.187753E+01 -.146695E+01 0.345306E+01 -.817365E+00 0.257008E+01 0.343211E+02
 -.187751E+01 -.146660E+01 0.345345E+01 -.819862E+00 0.257000E+01 0.343126E+02
 -.187783E+01 -.146674E+01 0.345282E+01 -.818824E+00 0.257000E+01 0.343129E+02
 -.187766E+01 -.146819E+01 0.345339E+01 -.819208E+00 0.257007E+01 0.343143E+02
 -.187821E+01 -.146720E+01 0.345321E+01 -.818919E+00 0.257008E+01 0.343128E+02
 -.187772E+01 -.146797E+01 0.345306E+01 -.819271E+00 0.257015E+01 0.343154E+02
 -.192117E+01 -.146009E+01 0.345164E+01 -.816917E+00 0.257000E+01 0.381165E+02
 -.187657E+01 -.146673E+01 0.344969E+01 -.819156E+00 0.257005E+01 0.343963E+02
 -.188503E+01 -.152044E+01 0.346792E+01 -.823321E+00 0.257008E+01 0.384224E+02
 -.187793E+01 -.146673E+01 0.345317E+01 -.819511E+00 0.257006E+01 0.343133E+02
 -.187778E+01 -.145655E+01 0.345533E+01 -.786010E+00 0.257016E+01 0.402521E+02
 -.186287E+01 -.146848E+01 0.345381E+01 -.820116E+00 0.257007E+01 0.347422E+02
 -.187680E+01 -.147466E+01 0.345391E+01 -.820122E+00 0.257014E+01 0.343997E+02
 -.187764E+01 -.146810E+01 0.345382E+01 -.817950E+00 0.257005E+01 0.343260E+02
 -.187801E+01 -.146649E+01 0.345212E+01 -.819735E+00 0.257049E+01 0.343457E+02
 -.188323E+01 -.147071E+01 0.345195E+01 -.819412E+00 0.257007E+01 0.344610E+02
 -.189777E+01 -.146280E+01 0.346952E+01 -.831482E+00 0.258051E+01 0.349122E+02
 -.187658E+01 -.146663E+01 0.345344E+01 -.819721E+00 0.257005E+01 0.343144E+02
 -.187798E+01 -.146591E+01 0.345333E+01 -.821263E+00 0.257007E+01 0.343312E+02
 -.185089E+01 -.146818E+01 0.345393E+01 -.815599E+00 0.257000E+01 0.359419E+02
 -.188075E+01 -.150942E+01 0.346557E+01 -.802062E+00 0.257009E+01 0.402725E+02
 -.187867E+01 -.146504E+01 0.345482E+01 -.818809E+00 0.257014E+01 0.343308E+02
 -.187808E+01 -.146691E+01 0.345007E+01 -.820267E+00 0.257007E+01 0.344397E+02
 -.187922E+01 -.146669E+01 0.345323E+01 -.820316E+00 0.257006E+01 0.343270E+02
 -.187416E+01 -.146914E+01 0.344353E+01 -.819062E+00 0.257011E+01 0.349086E+02
 -.187773E+01 -.146644E+01 0.345377E+01 -.818543E+00 0.257007E+01 0.343168E+02
 -.187814E+01 -.146674E+01 0.345344E+01 -.819345E+00 0.257006E+01 0.343119E+02
 -.187777E+01 -.146642E+01 0.345389E+01 -.820851E+00 0.257002E+01 0.343172E+02
 -.188900E+01 -.147394E+01 0.345170E+01 -.775320E+00 0.257007E+01 0.424514E+02
 -.187774E+01 -.146672E+01 0.345333E+01 -.819138E+00 0.257006E+01 0.343116E+02
 -.187781E+01 -.146719E+01 0.345357E+01 -.819165E+00 0.257012E+01 0.343120E+02
 -.187783E+01 -.146653E+01 0.345313E+01 -.816201E+00 0.257007E+01 0.343420E+02
 -.188029E+01 -.144877E+01 0.345136E+01 -.862813E+00 0.257008E+01 0.418118E+02
 -.188966E+01 -.144424E+01 0.345298E+01 -.819858E+00 0.257009E+01 0.353062E+02
 -.190647E+01 -.147141E+01 0.346158E+01 -.816414E+00 0.259090E+01 0.369348E+02
 -.187755E+01 -.147027E+01 0.345350E+01 -.820663E+00 0.257005E+01 0.343362E+02
 -.187775E+01 -.146718E+01 0.345314E+01 -.819199E+00 0.257031E+01 0.343140E+02
 -.187071E+01 -.146875E+01 0.343743E+01 -.821071E+00 0.257005E+01 0.359931E+02
 -.187465E+01 -.146721E+01 0.345313E+01 -.818347E+00 0.257007E+01 0.343302E+02
 -.187874E+01 -.149559E+01 0.345043E+01 -.821052E+00 0.257009E+01 0.356048E+02
 -.187783E+01 -.146675E+01 0.345341E+01 -.819168E+00 0.257007E+01 0.343116E+02
 -.187797E+01 -.146216E+01 0.344263E+01 -.817947E+00 0.257021E+01 0.351367E+02
 -.187406E+01 -.146744E+01 0.345818E+01 -.819208E+00 0.257069E+01 0.345684E+02
 -.187787E+01 -.150954E+01 0.345366E+01 -.818749E+00 0.257018E+01 0.366215E+02
 -.187563E+01 -.146672E+01 0.345349E+01 -.819150E+00 0.257007E+01 0.343212E+02
 -.187696E+01 -.146611E+01 0.345307E+01 -.819374E+00 0.257034E+01 0.343152E+02
 -.188065E+01 -.147056E+01 0.345386E+01 -.820938E+00 0.257001E+01 0.343572E+02
 -.187829E+01 -.146405E+01 0.345159E+01 -.819969E+00 0.257006E+01 0.343651E+02
 -.188589E+01 -.145544E+01 0.345403E+01 -.819022E+00 0.257008E+01 0.345830E+02
 -.188255E+01 -.146840E+01 0.345240E+01 -.829634E+00 0.257007E+01 0.349718E+02
 -.187785E+01 -.146732E+01 0.345336E+01 -.819167E+00 0.257006E+01 0.343120E+02
 -.187401E+01 -.142109E+01 0.345235E+01 -.799367E+00 0.257006E+01 0.394481E+02
 -.187765E+01 -.146753E+01 0.345435E+01 -.819286E+00 0.257006E+01 0.343189E+02
 -.187558E+01 -.146313E+01 0.346254E+01 -.824955E+00 0.257577E+01 0.346298E+02
 -.187722E+01 -.146664E+01 0.345051E+01 -.818050E+00 0.257009E+01 0.343491E+02
 -.187958E+01 -.146728E+01 0.345461E+01 -.818743E+00 0.257006E+01 0.343221E+02
 -.188277E+01 -.146694E+01 0.345216E+01 -.819534E+00 0.257007E+01 0.344121E+02
 -.187222E+01 -.146806E+01 0.345378E+01 -.819043E+00 0.257040E+01 0.343791E+02
 -.187855E+01 -.146787E+01 0.343338E+01 -.814587E+00 0.257000E+01 0.367658E+02
 -.187765E+01 -.146675E+01 0.345332E+01 -.819250E+00 0.257006E+01 0.343116E+02
 -.187898E+01 -.147269E+01 0.345361E+01 -.818642E+00 0.257005E+01 0.343622E+02
 -.187699E+01 -.146547E+01 0.345442E+01 -.822254E+00 0.257010E+01 0.343354E+02
 -.187642E+01 -.146325E+01 0.345240E+01 -.818398E+00 0.257004E+01 0.343302E+02
 -.186871E+01 -.146680E+01 0.345047E+01 -.819095E+00 0.257006E+01 0.343886E+02
 -.187773E+01 -.146657E+01 0.345335E+01 -.821177E+00 0.257006E+01 0.343278E+02
 -.188085E+01 -.146644E+01 0.345374E+01 -.805164E+00 0.257005E+01 0.351466E+02
 -.187794E+01 -.146763E+01 0.345331E+01 -.820404E+00 0.257099E+01 0.343401E+02
 -.187777E+01 -.146771E+01 0.345412E+01 -.819058E+00 0.257009E+01 0.343171E+02
 -.187633E+01 -.146434E+01 0.345288E+01 -.818918E+00 0.257024E+01 0.343221E+02
 -.187212E+01 -.146224E+01 0.345420E+01 -.819130E+00 0.257141E+01 0.344208E+02
 -.187774E+01 -.146682E+01 0.344943E+01 -.818610E+00 0.257008E+01 0.344176E+02
 -.187520E+01 -.146508E+01 0.345376E+01 -.819310E+00 0.257006E+01 0.343341E+02
 -.187167E+01 -.146809E+01 0.342073E+01 -.817575E+00 0.257000E+01 0.408431E+02
 -.187764E+01 -.146678E+01 0.345323E+01 -.819139E+00 0.257006E+01 0.343117E+02
 -.187604E+01 -.147045E+01 0.345350E+01 -.832716E+00 0.257002E+01 0.349931E+02
 -.187785E+01 -.146693E+01 0.345354E+01 -.818538E+00 0.257001E+01 0.343145E+02
 -.187780E+01 -.146675E+01 0.345311E+01 -.819596E+00 0.257006E+01 0.343138E+02
 -.187779E+01 -.146670E+01 0.345345E+01 -.818977E+00 0.257041E+01 0.343123E+02
 -.187790E+01 -.146675E+01 0.345354E+01 -.819003E+00 0.257005E+01 0.343121E+02
 -.187771E+01 -.146569E+01 0.345333E+01 -.819141E+00 0.257006E+01 0.343133E+02
 -.187712E+01 -.146647E+01 0.345305E+01 -.818644E+00 0.257005E+01 0.343124E+02
 -.187524E+01 -.146429E+01 0.345330E+01 -.819275E+00 0.257010E+01 0.343313E+02
 -.182276E+01 -.146498E+01 0.345346E+01 -.818162E+00 0.257001E+01 0.401156E+02
 -.187727E+01 -.146640E+01 0.345581E+01 -.819148E+00 0.257007E+01 0.343654E+02
 -.187044E+01 -.151173E+01 0.346238E+01 -.821785E+00 0.257008E+01 0.375256E+02
 -.187796E+01 -.146683E+01 0.345338E+01 -.819520E+00 0.257005E+01 0.343122E+02
 -.187724E+01 -.147143E+01 0.345593E+01 -.807027E+00 0.257012E+01 0.352739E+02
 -.187374E+01 -.146714E+01 0.345396E+01 -.818958E+00 0.257005E+01 0.343587E+02
 -.187742E+01 -.147043E+01 0.345338E+01 -.820693E+00 0.257011E+01 0.343405E+02
 -.187753E+01 -.146699E+01 0.345030E+01 -.819576E+00 0.257012E+01 0.343963E+02
 -.187751E+01 -.149154E+01 0.345242E+01 -.818998E+00 0.257010E+01 0.351344E+02
 -.187594E+01 -.146695E+01 0.345505E+01 -.821251E+00 0.257068E+01 0.343382E+02
 -.188722E+01 -.145117E+01 0.345083E+01 -.819302E+00 0.257005E+01 0.349681E+02
 -.188849E+01 -.143062E+01 0.346135E+01 -.817258E+00 0.257398E+01 0.363981E+02
 -.187966E+01 -.146658E+01 0.345338E+01 -.819673E+00 0.257004E+01 0.343218E+02
 -.187842E+01 -.146685E+01 0.345317E+01 -.817639E+00 0.257006E+01 0.343192E+02
 -.186782E+01 -.145733E+01 0.345086E+01 -.804583E+00 0.257301E+01 0.350396E+02
 -.187807E+01 -.146514E+01 0.345366E+01 -.822331E+00 0.257022E+01 0.343522E+02
 -.187787E+01 -.146659E+01 0.345392E+01 -.819564E+00 0.257007E+01 0.343125E+02
 -.187815E+01 -.146673E+01 0.345336E+01 -.818468E+00 0.257007E+01 0.343136E+02
 -.187856E+01 -.146240E+01 0.344217E+01 -.819253E+00 0.257024E+01 0.353612E+02
 -.187776E+01 -.146666E+01 0.345301E+01 -.819008E+00 0.257008E+01 0.343124E+02
 -.187805E+01 -.146665E+01 0.345339E+01 -.819434E+00 0.257005E+01 0.343121E+02
 -.188009E+01 -.146589E+01 0.345627E+01 -.820663E+00 0.257000E+01 0.343319E+02
 -.190300E+01 -.146984E+01 0.346483E+01 -.823174E+00 0.257006E+01 0.348279E+02
 -.187762E+01 -.146672E+01 0.345337E+01 -.819099E+00 0.257006E+01 0.343117E+02
 -.187775E+01 -.146673E+01 0.345346E+01 -.819183E+00 0.257011E+01 0.343117E+02
 -.187801E+01 -.146742E+01 0.345350E+01 -.818405E+00 0.257004E+01 0.343152E+02
 -.188752E+01 -.147434E+01 0.345673E+01 -.837202E+00 0.257007E+01 0.355044E+02
 -.187651E+01 -.142047E+01 0.345348E+01 -.818959E+00 0.257012E+01 0.376225E+02
 -.187758E+01 -.146488E+01 0.345335E+01 -.818401E+00 0.257004E+01 0.343198E+02
 -.187720E+01 -.146631E+01 0.345669E+01 -.819575E+00 0.257023E+01 0.343913E+02
 -.189318E+01 -.146837E+01 0.345791E+01 -.809763E+00 0.257003E+01 0.350796E+02
 -.188485E+01 -.146742E+01 0.345367E+01 -.818923E+00 0.257006E+01 0.343972E+02
 -.187909E+01 -.140331E+01 0.345099E+01 -.826185E+00 0.257102E+01 0.409829E+02
 -.187772E+01 -.146678E+01 0.345342E+01 -.819120E+00 0.257007E+01 0.343117E+02
 -.187734E+01 -.146263E+01 0.345120E+01 -.818378E+00 0.257023E+01 0.343583E+02
 -.187540E+01 -.146719E+01 0.344882E+01 -.819246E+00 0.257152E+01 0.345292E+02
 -.187764E+01 -.149801E+01 0.345417E+01 -.819343E+00 0.257000E+01 0.355691E+02
 -.187653E+01 -.146672E+01 0.345358E+01 -.818888E+00 0.257007E+01 0.343172E+02
 -.187731E+01 -.146644E+01 0.345344E+01 -.819514E+00 0.257000E+01 0.343122E+02
 -.188086E+01 -.146473E+01 0.345300E+01 -.820866E+00 0.257001E+01 0.343646E+02
 -.187784E+01 -.146401E+01 0.345401E+01 -.819211E+00 0.257006E+01 0.343258E+02
 -.188264E+01 -.147231E+01 0.345146E+01 -.819043E+00 0.257007E+01 0.344859E+02
 -.188506E+01 -.147253E+01 0.345426E+01 -.817824E+00 0.257010E+01 0.344360E+02
 -.187748E+01 -.146682E+01 0.345329E+01 -.819192E+00 0.257006E+01 0.343117E+02
 -.186894E+01 -.150225E+01 0.345245E+01 -.817635E+00 0.257005E+01 0.360024E+02
 -.187759E+01 -.146590E+01 0.345412E+01 -.819213E+00 0.257006E+01 0.343178E+02
 -.189387E+01 -.146986E+01 0.345833E+01 -.820042E+00 0.257948E+01 0.350158E+02
 -.187854E+01 -.146908E+01 0.345050E+01 -.818745E+00 0.257008E+01 0.343920E+02
 -.187964E+01 -.146589E+01 0.345364E+01 -.819072E+00 0.257004E+01 0.343174E+02
 -.188866E+01 -.146686E+01 0.345382E+01 -.819624E+00 0.257007E+01 0.345193E+02
 -.188134E+01 -.146598E+01 0.345337E+01 -.820454E+00 0.257046E+01 0.343603E+02
 -.187199E+01 -.146279E+01 0.346698E+01 -.817233E+00 0.257007E+01 0.365950E+02
 -.187770E+01 -.146612E+01 0.345327E+01 -.819624E+00 0.257005E+01 0.343133E+02
 -.187713E+01 -.147017E+01 0.346035E+01 -.819393E+00 0.257004E+01 0.347119E+02
 -.187822E+01 -.146487E+01 0.345625E+01 -.818963E+00 0.257006E+01 0.343826E+02
 -.187792E+01 -.146017E+01 0.345074E+01 -.818636E+00 0.257013E+01 0.344139E+02
 -.188348E+01 -.146688E+01 0.345485E+01 -.819131E+00 0.257007E+01 0.343468E+02
 -.187778E+01 -.146689E+01 0.345368E+01 -.821566E+00 0.257006E+01 0.343289E+02
 -.187797E+01 -.146634E+01 0.345385E+01 -.817289E+00 0.257008E+01 0.343346E+02
 -.187836E+01 -.146699E+01 0.345334E+01 -.818249E+00 0.257000E+01 0.343154E+02
 -.187758E+01 -.146654E+01 0.345296E+01 -.819183E+00 0.257007E+01 0.343128E+02
 -.187626E+01 -.146282E+01 0.345348E+01 -.818172E+00 0.257023E+01 0.343456E+02
 -.187691E+01 -.145829E+01 0.346438E+01 -.818576E+00 0.257000E+01 0.355496E+02
 -.187797E+01 -.146667E+01 0.345399E+01 -.819613E+00 0.257004E+01 0.343126E+02
 -.187646E+01 -.146142E+01 0.345378E+01 -.818746E+00 0.257005E+01 0.343651E+02
 -.187775E+01 -.146672E+01 0.345347E+01 -.819161E+00 0.257005E+01 0.343117E+02
 -.187171E+01 -.147842E+01 0.345272E+01 -.835096E+00 0.257000E+01 0.354759E+02
 -.187772E+01 -.146670E+01 0.345355E+01 -.819575E+00 0.257008E+01 0.343119E+02
 -.187792E+01 -.146667E+01 0.345340E+01 -.820501E+00 0.257006E+01 0.343186E+02
 -.187834E+01 -.146667E+01 0.345341E+01 -.819105E+00 0.257015E+01 0.343124E+02
 -.187784E+01 -.146674E+01 0.345402E+01 -.819182E+00 0.257010E+01 0.343143E+02
 -.187775E+01 -.146435E+01 0.345334E+01 -.819133E+00 0.257007E+01 0.343199E+02
 -.187632E+01 -.146615E+01 0.345293E+01 -.819067E+00 0.257003E+01 0.343138E+02
 -.187996E+01 -.146479E+01 0.345398E+01 -.819381E+00 0.257008E+01 0.343218E+02
 -.187889E+01 -.146621E+01 0.345952E+01 -.819578E+00 0.257008E+01 0.345544E+02
 -.186186E+01 -.146338E+01 0.343601E+01 -.823818E+00 0.257007E+01 0.362162E+02
 -.187792E+01 -.146684E+01 0.345372E+01 -.819059E+00 0.257004E+01 0.343127E+02
 -.187882E+01 -.147422E+01 0.345513E+01 -.843091E+00 0.257010E+01 0.362465E+02
 -.188652E+01 -.146781E+01 0.345289E+01 -.818050E+00 0.257005E+01 0.344718E+02
 -.187732E+01 -.146645E+01 0.345364E+01 -.819047E+00 0.257009E+01 0.343136E+02
 -.187768E+01 -.146696E+01 0.345344E+01 -.820298E+00 0.257007E+01 0.343161E+02
 -.187702E+01 -.146711E+01 0.345598E+01 -.821481E+00 0.257056E+01 0.343397E+02
 -.187984E+01 -.145550E+01 0.345228E+01 -.819315E+00 0.257003E+01 0.345145E+02
 -.187902E+01 -.146072E+01 0.345719E+01 -.811619E+00 0.257022E+01 0.349332E+02
 -.188016E+01 -.146661E+01 0.345342E+01 -.819462E+00 0.257005E+01 0.343245E+02
 -.187799E+01 -.146759E+01 0.345312E+01 -.815949E+00 0.257005E+01 0.343477E+02
 -.190886E+01 -.146250E+01 0.346282E+01 -.821807E+00 0.257123E+01 0.351747E+02
 -.182231E+01 -.146970E+01 0.344521E+01 -.812594E+00 0.259306E+01 0.408981E+02
 -.187771E+01 -.146760E+01 0.345282E+01 -.824937E+00 0.257015E+01 0.344776E+02
 -.187752E+01 -.146648E+01 0.345650E+01 -.818922E+00 0.257006E+01 0.343994E+02
 -.187633E+01 -.146666E+01 0.345297E+01 -.818021E+00 0.257006E+01 0.343173E+02
 -.188032E+01 -.146010E+01 0.346396E+01 -.819449E+00 0.257022E+01 0.351203E+02
 -.187769E+01 -.146684E+01 0.345258E+01 -.819434E+00 0.257006E+01 0.343183E+02
 -.187758E+01 -.146656E+01 0.345349E+01 -.819335E+00 0.257005E+01 0.343118E+02
 -.187776E+01 -.146687E+01 0.345261E+01 -.820389E+00 0.257009E+01 0.343307E+02
 -.189833E+01 -.146537E+01 0.346073E+01 -.854833E+00 0.257005E+01 0.382017E+02
 -.187786E+01 -.146672E+01 0.345337E+01 -.819142E+00 0.257006E+01 0.343116E+02
 -.187778E+01 -.146639E+01 0.345320E+01 -.819220E+00 0.257006E+01 0.343121E+02
 -.187796E+01 -.146649E+01 0.345376E+01 -.821725E+00 0.257006E+01 0.343307E+02
 -.188599E+01 -.148672E+01 0.345602E+01 -.788003E+00 0.257015E+01 0.395284E+02
 -.187727E+01 -.143674E+01 0.345638E+01 -.820068E+00 0.257010E+01 0.357485E+02
 -.187763E+01 -.146357E+01 0.345330E+01 -.817810E+00 0.257000E+01 0.343351E+02
 -.187809E+01 -.146707E+01 0.345499E+01 -.819268E+00 0.257004E+01 0.343281E+02
 -.189163E+01 -.146889E+01 0.346287E+01 -.813520E+00 0.257018E+01 0.351467E+02
 -.188634E+01 -.146660E+01 0.345356E+01 -.818783E+00 0.257006E+01 0.344401E+02
 -.187871E+01 -.141542E+01 0.345310E+01 -.824527E+00 0.257130E+01 0.384962E+02
 -.187768E+01 -.146676E+01 0.345335E+01 -.819163E+00 0.257006E+01 0.343116E+02
 -.187814E+01 -.146992E+01 0.345960E+01 -.818890E+00 0.257010E+01 0.346198E+02
 -.187730E+01 -.146568E+01 0.344813E+01 -.819307E+00 0.257000E+01 0.345141E+02
 -.187757E+01 -.140929E+01 0.345370E+01 -.819585E+00 0.257032E+01 0.395087E+02
 -.187947E+01 -.146672E+01 0.345341E+01 -.818877E+00 0.257007E+01 0.343168E+02
 -.187842E+01 -.146688E+01 0.345372E+01 -.819145E+00 0.257035E+01 0.343122E+02
 -.187494E+01 -.146391E+01 0.345355E+01 -.818738E+00 0.257005E+01 0.343459E+02
 -.187737E+01 -.146697E+01 0.345608E+01 -.818682E+00 0.257006E+01 0.343868E+02
 -.187819E+01 -.148159E+01 0.345182E+01 -.819191E+00 0.257006E+01 0.346433E+02
 -.187305E+01 -.147181E+01 0.345621E+01 -.815560E+00 0.257011E+01 0.346663E+02
 -.187748E+01 -.146642E+01 0.345331E+01 -.819180E+00 0.257007E+01 0.343118E+02
 -.187392E+01 -.153812E+01 0.345284E+01 -.839644E+00 0.257010E+01 0.422378E+02
 -.187759E+01 -.146599E+01 0.345304E+01 -.819226E+00 0.257006E+01 0.343132E+02
 -.190568E+01 -.146577E+01 0.345981E+01 -.815146E+00 0.258091E+01 0.354072E+02
 -.187933E+01 -.146830E+01 0.345819E+01 -.820174E+00 0.257007E+01 0.344227E+02
 -.187627E+01 -.146633E+01 0.345210E+01 -.819031E+00 0.257010E+01 0.343178E+02
 -.186306E+01 -.146746E+01 0.345444E+01 -.819393E+00 0.257007E+01 0.347999E+02
 -.188616E+01 -.146446E+01 0.345375E+01 -.820867E+00 0.257003E+01 0.344596E+02
 -.186886E+01 -.146353E+01 0.346637E+01 -.818293E+00 0.257008E+01 0.365805E+02
 -.187768E+01 -.146647E+01 0.345332E+01 -.819166E+00 0.257006E+01 0.343117E+02
 -.187595E+01 -.146673E+01 0.345435E+01 -.818263E+00 0.257005E+01 0.343476E+02
 -.187952E+01 -.146785E+01 0.345639E+01 -.819109E+00 0.257000E+01 0.343643E+02
 -.187732E+01 -.147119E+01 0.345262E+01 -.818933E+00 0.257052E+01 0.343475E+02
 -.188932E+01 -.146689E+01 0.345436E+01 -.819161E+00 0.257000E+01 0.345110E+02
 -.187762E+01 -.146697E+01 0.345369E+01 -.818100E+00 0.257006E+01 0.343204E+02
 -.187826E+01 -.146647E+01 0.345345E+01 -.828989E+00 0.257000E+01 0.346772E+02
 -.187853E+01 -.146622E+01 0.345337E+01 -.817693E+00 0.257114E+01 0.343167E+02
 -.187750E+01 -.146588E+01 0.345304E+01 -.819239E+00 0.257011E+01 0.343136E+02
 -.187758E+01 -.146654E+01 0.345349E+01 -.819450E+00 0.257011E+01 0.343120E+02
 -.187754E+01 -.146977E+01 0.346454E+01 -.820477E+00 0.257166E+01 0.349917E+02
 -.187777E+01 -.146663E+01 0.345707E+01 -.819801E+00 0.257002E+01 0.344022E+02
 -.187764E+01 -.146766E+01 0.345378E+01 -.819093E+00 0.257006E+01 0.343143E+02
 -.192046E+01 -.146770E+01 0.350000E+01 -.809192E+00 0.263002E+01 0.368805E+02
 -.187781E+01 -.146656E+01 0.345338E+01 -.819188E+00 0.257006E+01 0.343117E+02
 -.187841E+01 -.146413E+01 0.345397E+01 -.818292E+00 0.257002E+01 0.343316E+02
 -.187756E+01 -.146666E+01 0.345338E+01 -.819831E+00 0.257011E+01 0.343135E+02
 -.187784E+01 -.146690E+01 0.345349E+01 -.820012E+00 0.257008E+01 0.343139E+02
 -.187848E+01 -.146665E+01 0.345347E+01 -.819618E+00 0.257000E+01 0.343129E+02
 -.187773E+01 -.146675E+01 0.345368E+01 -.819285E+00 0.257006E+01 0.343121E+02
 -.187767E+01 -.146650E+01 0.345335E+01 -.819198E+00 0.257007E+01 0.343117E+02
 -.187649E+01 -.146687E+01 0.345300E+01 -.819607E+00 0.257007E+01 0.343144E+02
 -.188069E+01 -.146760E+01 0.345368E+01 -.819428E+00 0.257014E+01 0.343277E+02
 -.187742E+01 -.146656E+01 0.344467E+01 -.819511E+00 0.257009E+01 0.349077E+02
 -.188434E+01 -.142962E+01 0.344664E+01 -.824242E+00 0.257005E+01 0.372520E+02
 -.187778E+01 -.146664E+01 0.345384E+01 -.819106E+00 0.257006E+01 0.343135E+02
 -.187876E+01 -.147230E+01 0.345295E+01 -.844595E+00 0.257014E+01 0.368688E+02
 -.187248E+01 -.146692E+01 0.345274E+01 -.818815E+00 0.257006E+01 0.343496E+02
 -.187735E+01 -.146363E+01 0.345382E+01 -.817943E+00 0.257007E+01 0.343418E+02
 -.187774E+01 -.146788E+01 0.345610E+01 -.819358E+00 0.257008E+01 0.343652E+02
 -.187839E+01 -.155205E+01 0.345407E+01 -.819787E+00 0.257000E+01 0.427197E+02
 -.188331E+01 -.146677E+01 0.345411E+01 -.818941E+00 0.257000E+01 0.343535E+02
 -.187149E+01 -.146943E+01 0.345358E+01 -.819229E+00 0.257007E+01 0.343972E+02
 -.189683E+01 -.148678E+01 0.345965E+01 -.819870E+00 0.257899E+01 0.355266E+02
 -.187357E+01 -.146665E+01 0.345361E+01 -.819404E+00 0.257004E+01 0.343480E+02
 -.187740E+01 -.146756E+01 0.345327E+01 -.816753E+00 0.257009E+01 0.343344E+02
 -.193405E+01 -.146587E+01 0.346978E+01 -.840558E+00 0.257177E+01 0.382773E+02
 -.187981E+01 -.146881E+01 0.345399E+01 -.815645E+00 0.257008E+01 0.343779E+02
 -.187771E+01 -.146651E+01 0.345302E+01 -.819247E+00 0.257007E+01 0.343129E+02
 -.187528E+01 -.146663E+01 0.345292E+01 -.819195E+00 0.257003E+01 0.343184E+02
 -.187641E+01 -.146756E+01 0.346615E+01 -.819461E+00 0.257021E+01 0.356480E+02
 -.187763E+01 -.146665E+01 0.345256E+01 -.819327E+00 0.257005E+01 0.343172E+02
 -.187745E+01 -.146659E+01 0.345345E+01 -.819085E+00 0.257000E+01 0.343122E+02
 -.187587E+01 -.146718E+01 0.345190E+01 -.820086E+00 0.257015E+01 0.343350E+02
 -.186569E+01 -.146571E+01 0.346005E+01 -.814195E+00 0.257006E+01 0.358494E+02
 -.187783E+01 -.146677E+01 0.345334E+01 -.819182E+00 0.257006E+01 0.343116E+02
 -.187771E+01 -.146702E+01 0.345329E+01 -.819187E+00 0.257008E+01 0.343118E+02
 -.187770E+01 -.146560E+01 0.345382E+01 -.820360E+00 0.257007E+01 0.343162E+02
 -.188128E+01 -.145635E+01 0.345517E+01 -.810564E+00 0.257019E+01 0.348954E+02
 -.188751E+01 -.149440E+01 0.345746E+01 -.819767E+00 0.257009E+01 0.353897E+02
 -.187753E+01 -.146524E+01 0.345361E+01 -.818148E+00 0.257004E+01 0.343234E+02
 -.187825E+01 -.146758E+01 0.345165E+01 -.818982E+00 0.257028E+01 0.343456E+02
 -.185842E+01 -.146817E+01 0.346047E+01 -.821158E+00 0.257015E+01 0.359687E+02
 -.187040E+01 -.146694E+01 0.345288E+01 -.818692E+00 0.257006E+01 0.343981E+02
 -.187469E+01 -.148084E+01 0.345295E+01 -.820455E+00 0.257073E+01 0.346111E+02
 -.187765E+01 -.146674E+01 0.345330E+01 -.819196E+00 0.257005E+01 0.343116E+02
 -.187908E+01 -.146467E+01 0.346044E+01 -.819179E+00 0.257001E+01 0.346761E+02
 -.187775E+01 -.146515E+01 0.345367E+01 -.819218E+00 0.257154E+01 0.343280E+02
 -.187784E+01 -.143272E+01 0.345360E+01 -.819598E+00 0.257017E+01 0.360436E+02
 -.187890E+01 -.146673E+01 0.345346E+01 -.819176E+00 0.257007E+01 0.343138E+02
 -.187812E+01 -.146703E+01 0.345353E+01 -.819092E+00 0.257031E+01 0.343122E+02
 -.187398E+01 -.146900E+01 0.345437E+01 -.818386E+00 0.257008E+01 0.343819E+02
 -.187774E+01 -.146890E+01 0.345604E+01 -.821215E+00 0.257003E+01 0.343430E+02
 -.187838E+01 -.146706E+01 0.345291E+01 -.819212E+00 0.257006E+01 0.343162E+02
 -.187356E+01 -.146807E+01 0.345622E+01 -.825271E+00 0.257010E+01 0.344396E+02
 -.187760E+01 -.146697E+01 0.345338E+01 -.819152E+00 0.257006E+01 0.343117E+02
 -.187776E+01 -.147722E+01 0.345225E+01 -.841974E+00 0.257010E+01 0.366382E+02
 -.187756E+01 -.146646E+01 0.345238E+01 -.819225E+00 0.257006E+01 0.343201E+02
 -.187614E+01 -.146320E+01 0.346524E+01 -.821389E+00 0.257898E+01 0.347022E+02
 -.187771E+01 -.146530E+01 0.346036E+01 -.820760E+00 0.257006E+01 0.346224E+02
 -.187439E+01 -.146714E+01 0.345306E+01 -.818900E+00 0.257011E+01 0.343282E+02
 -.186343E+01 -.146789E+01 0.345457E+01 -.819198E+00 0.257006E+01 0.347944E+02
 -.187414E+01 -.146758E+01 0.345389E+01 -.819533E+00 0.257046E+01 0.343424E+02
 -.187183E+01 -.146862E+01 0.344758E+01 -.812199E+00 0.257002E+01 0.343797E+02
 -.187765E+01 -.146676E+01 0.345340E+01 -.818894E+00 0.257006E+01 0.343120E+02
 -.187702E+01 -.146638E+01 0.344564E+01 -.817079E+00 0.257007E+01 0.346321E+02
 -.188045E+01 -.146966E+01 0.345481E+01 -.821101E+00 0.257011E+01 0.343325E+02
 -.187656E+01 -.147121E+01 0.345469E+01 -.819308E+00 0.257041E+01 0.343527E+02
 -.187836E+01 -.146682E+01 0.345172E+01 -.819121E+00 0.257003E+01 0.343389E+02
 -.187759E+01 -.146681E+01 0.345379E+01 -.818626E+00 0.257007E+01 0.343165E+02
 -.188093E+01 -.146678E+01 0.345325E+01 -.819669E+00 0.257012E+01 0.343388E+02
 -.187829E+01 -.146661E+01 0.345336E+01 -.818861E+00 0.257125E+01 0.343222E+02
 -.187781E+01 -.146742E+01 0.345363E+01 -.819176E+00 0.257010E+01 0.343124E+02
 -.187861E+01 -.146962E+01 0.345332E+01 -.820390E+00 0.257000E+01 0.343328E+02
 -.187621E+01 -.147551E+01 0.346085E+01 -.821293E+00 0.257084E+01 0.347149E+02
 -.187785E+01 -.146672E+01 0.345538E+01 -.818970E+00 0.257002E+01 0.343466E+02
 -.187860E+01 -.147140E+01 0.345364E+01 -.819424E+00 0.257007E+01 0.343420E+02
 -.190378E+01 -.146828E+01 0.347105E+01 -.799343E+00 0.257000E+01 0.398882E+02
 -.187776E+01 -.146662E+01 0.345330E+01 -.819203E+00 0.257007E+01 0.343117E+02
 -.188267E+01 -.145566E+01 0.345413E+01 -.806057E+00 0.257004E+01 0.352838E+02
 -.187761E+01 -.146674E+01 0.345323E+01 -.818942E+00 0.257009E+01 0.343117E+02
 -.187759E+01 -.146693E+01 0.345300E+01 -.817685E+00 0.257007E+01 0.343171E+02
 -.187718E+01 -.146669E+01 0.345354E+01 -.819423E+00 0.257029E+01 0.343130E+02
 -.187780E+01 -.146677E+01 0.345327E+01 -.818934E+00 0.257002E+01 0.343118E+02
 -.187764E+01 -.146851E+01 0.345340E+01 -.819280E+00 0.257007E+01 0.343157E+02
 -.187757E+01 -.146711E+01 0.345305E+01 -.819296E+00 0.257008E+01 0.343128E+02
 -.187751E+01 -.146891E+01 0.345342E+01 -.819410E+00 0.257014E+01 0.343183E+02
 -.188152E+01 -.146607E+01 0.345169E+01 -.818928E+00 0.257000E+01 0.343893E+02
 -.187707E+01 -.146645E+01 0.344545E+01 -.819406E+00 0.257004E+01 0.347811E+02
 -.187487E+01 -.147890E+01 0.345965E+01 -.821989E+00 0.257005E+01 0.347685E+02
 -.187779E+01 -.146667E+01 0.345338E+01 -.819299E+00 0.257007E+01 0.343117E+02
 -.187753E+01 -.146686E+01 0.345477E+01 -.807959E+00 0.257008E+01 0.349957E+02
 -.186994E+01 -.146712E+01 0.345399E+01 -.819449E+00 0.257008E+01 0.344484E+02
 -.187767E+01 -.146565E+01 0.345355E+01 -.818651E+00 0.257005E+01 0.343160E+02
 -.187757E+01 -.146820E+01 0.345448E+01 -.818240E+00 0.257009E+01 0.343355E+02
 -.188071E+01 -.140936E+01 0.345262E+01 -.819335E+00 0.257010E+01 0.394710E+02
 -.188311E+01 -.146654E+01 0.345338E+01 -.819026E+00 0.257044E+01 0.343709E+02
 -.187221E+01 -.147970E+01 0.345426E+01 -.819144E+00 0.257008E+01 0.346073E+02
 -.189620E+01 -.147330E+01 0.346058E+01 -.834848E+00 0.257659E+01 0.360635E+02
 -.187143E+01 -.146668E+01 0.345365E+01 -.819426E+00 0.257003E+01 0.343935E+02
 -.187825E+01 -.146668E+01 0.345335E+01 -.820274E+00 0.257009E+01 0.343184E+02
 -.182659E+01 -.146556E+01 0.346217E+01 -.835637E+00 0.257103E+01 0.409940E+02
 -.188028E+01 -.146612E+01 0.345555E+01 -.813137E+00 0.257002E+01 0.345781E+02
 -.187793E+01 -.146691E+01 0.345101E+01 -.819578E+00 0.257007E+01 0.343678E+02
 -.187918E+01 -.146663E+01 0.345333E+01 -.820076E+00 0.257004E+01 0.343212E+02
 -.187426E+01 -.146992E+01 0.344247E+01 -.819263E+00 0.257060E+01 0.351569E+02
 -.187763E+01 -.146665E+01 0.345374E+01 -.818816E+00 0.257005E+01 0.343148E+02
 -.187821E+01 -.146684E+01 0.345346E+01 -.819160E+00 0.257003E+01 0.343119E+02
 -.187560E+01 -.146621E+01 0.345413E+01 -.819333E+00 0.257015E+01 0.343315E+02
 -.189422E+01 -.146690E+01 0.346312E+01 -.797668E+00 0.257007E+01 0.381706E+02
 -.187770E+01 -.146677E+01 0.345332E+01 -.819163E+00 0.257006E+01 0.343116E+02
 -.187769E+01 -.146693E+01 0.345348E+01 -.819157E+00 0.257010E+01 0.343117E+02
 -.187798E+01 -.146591E+01 0.345340E+01 -.817847E+00 0.257005E+01 0.343203E+02
 -.187903E+01 -.144706E+01 0.345368E+01 -.851669E+00 0.257003E+01 0.384036E+02
 -.188918E+01 -.151475E+01 0.345269E+01 -.819820E+00 0.257011E+01 0.376210E+02
 -.187764E+01 -.146031E+01 0.342809E+01 -.817150E+00 0.257000E+01 0.386667E+02
 -.187749E+01 -.146816E+01 0.345358E+01 -.820592E+00 0.257007E+01 0.343203E+02
 -.187750E+01 -.146640E+01 0.345354E+01 -.819155E+00 0.257020E+01 0.343123E+02
 -.186257E+01 -.146699E+01 0.344836E+01 -.820454E+00 0.257009E+01 0.345660E+02
 -.187227E+01 -.146752E+01 0.345280E+01 -.818488E+00 0.257007E+01 0.343571E+02
 -.187783E+01 -.151745E+01 0.345237E+01 -.812639E+00 0.257103E+01 0.375543E+02
 -.187767E+01 -.146675E+01 0.345330E+01 -.819131E+00 0.257005E+01 0.343116E+02
 -.187877E+01 -.146331E+01 0.344212E+01 -.818953E+00 0.257022E+01 0.353467E+02
 -.187806E+01 -.146714E+01 0.345794E+01 -.819107E+00 0.257181E+01 0.343886E+02
 -.187784E+01 -.149635E+01 0.345421E+01 -.819515E+00 0.257000E+01 0.354433E+02
 -.187667E+01 -.146672E+01 0.345350E+01 -.819111E+00 0.257007E+01 0.343146E+02
 -.187762E+01 -.146691E+01 0.345338E+01 -.819375E+00 0.257000E+01 0.343116E+02
 -.188463E+01 -.147142E+01 0.345414E+01 -.819239E+00 0.257000E+01 0.344117E+02
 -.187852E+01 -.146636E+01 0.345082E+01 -.821733E+00 0.257003E+01 0.344554E+02
 -.187773E+01 -.145556E+01 0.345382E+01 -.819162E+00 0.257006E+01 0.344950E+02
 -.188535E+01 -.146476E+01 0.345237E+01 -.829560E+00 0.257010E+01 0.350825E+02
 -.187776E+01 -.146725E+01 0.345337E+01 -.819185E+00 0.257006E+01 0.343119E+02
 -.187616E+01 -.142842E+01 0.345168E+01 -.832177E+00 0.257003E+01 0.371695E+02
 -.187758E+01 -.146792E+01 0.345332E+01 -.819273E+00 0.257006E+01 0.343135E+02
 -.185505E+01 -.146531E+01 0.345316E+01 -.825045E+00 0.257229E+01 0.352951E+02
 -.187865E+01 -.146713E+01 0.344966E+01 -.819604E+00 0.257008E+01 0.344560E+02
 -.187514E+01 -.146764E+01 0.345404E+01 -.818911E+00 0.257007E+01 0.343394E+02
 -.188346E+01 -.146755E+01 0.345266E+01 -.819192E+00 0.257006E+01 0.344028E+02
 -.187122E+01 -.146691E+01 0.345393E+01 -.818765E+00 0.257045E+01 0.344107E+02
 -.187864E+01 -.147088E+01 0.343647E+01 -.810408E+00 0.257003E+01 0.357052E+02
 -.187767E+01 -.146698E+01 0.345340E+01 -.819266E+00 0.257007E+01 0.343117E+02
 -.187686E+01 -.146863E+01 0.344681E+01 -.820093E+00 0.257007E+01 0.346790E+02
 -.187922E+01 -.146545E+01 0.345220E+01 -.822614E+00 0.257001E+01 0.344214E+02
 -.187703E+01 -.146433E+01 0.345271E+01 -.818612E+00 0.257000E+01 0.343204E+02
 -.186964E+01 -.146654E+01 0.345350E+01 -.819037E+00 0.257006E+01 0.344418E+02
 -.187763E+01 -.146660E+01 0.345366E+01 -.819350E+00 0.257007E+01 0.343121E+02
 -.187840E+01 -.146698E+01 0.345368E+01 -.811831E+00 0.257005E+01 0.345485E+02
 -.187770E+01 -.146733E+01 0.345335E+01 -.819597E+00 0.257000E+01 0.343125E+02
 -.187768E+01 -.146846E+01 0.345379E+01 -.819107E+00 0.257007E+01 0.343167E+02
 -.187767E+01 -.146766E+01 0.345344E+01 -.819549E+00 0.257022E+01 0.343139E+02
 -.187600E+01 -.146982E+01 0.344773E+01 -.817975E+00 0.257000E+01 0.344814E+02
 -.187800E+01 -.146679E+01 0.345163E+01 -.818597E+00 0.257009E+01 0.343325E+02
 -.187801E+01 -.146822E+01 0.345325E+01 -.819191E+00 0.257006E+01 0.343151E+02
 -.187775E+01 -.146687E+01 0.345332E+01 -.819196E+00 0.257007E+01 0.343117E+02
 -.188346E+01 -.146978E+01 0.345364E+01 -.818326E+00 0.257006E+01 0.343790E+02
 -.187774E+01 -.146683E+01 0.345326E+01 -.818555E+00 0.257003E+01 0.343128E+02
 -.187764E+01 -.146693E+01 0.345283E+01 -.817184E+00 0.257006E+01 0.343211E+02
 -.187760E+01 -.146667E+01 0.345347E+01 -.819058E+00 0.257014E+01 0.343119E+02
 -.187769E+01 -.146678E+01 0.345303E+01 -.818984E+00 0.257001E+01 0.343119E+02
 -.187769E+01 -.146671E+01 0.345339E+01 -.819138E+00 0.257006E+01 0.343116E+02
 -.187828E+01 -.146658E+01 0.345308E+01 -.818931E+00 0.257008E+01 0.343133E+02
 -.187600E+01 -.146400E+01 0.345361E+01 -.819339E+00 0.257012E+01 0.343307E+02
 -.183138E+01 -.146689E+01 0.345056E+01 -.816497E+00 0.257010E+01 0.378416E+02
 -.191650E+01 -.149703E+01 0.345015E+01 -.784356E+00 0.257000E+01 0.414011E+02
 -.187764E+01 -.146642E+01 0.345451E+01 -.819338E+00 0.257006E+01 0.343213E+02
 -.187083E+01 -.150919E+01 0.346821E+01 -.816602E+00 0.257006E+01 0.389810E+02
 -.187786E+01 -.146673E+01 0.345303E+01 -.819379E+00 0.257005E+01 0.343135E+02
 -.187696E+01 -.146336E+01 0.345628E+01 -.781022E+00 0.257003E+01 0.424368E+02
 -.187619E+01 -.146899E+01 0.345392E+01 -.819224E+00 0.257009E+01 0.343277E+02
 -.187742E+01 -.146850E+01 0.345328E+01 -.819443E+00 0.257009E+01 0.343164E+02
 -.187750E+01 -.146629E+01 0.345171E+01 -.818279E+00 0.257008E+01 0.343237E+02
 -.187717E+01 -.146686E+01 0.345393E+01 -.819963E+00 0.257069E+01 0.343175E+02
 -.187905E+01 -.148310E+01 0.345399E+01 -.819189E+00 0.257006E+01 0.346687E+02
 -.188489E+01 -.144851E+01 0.347014E+01 -.834112E+00 0.257439E+01 0.352924E+02
 -.188380E+01 -.146667E+01 0.345355E+01 -.819260E+00 0.257007E+01 0.343772E+02
 -.187845E+01 -.146626E+01 0.345327E+01 -.819212E+00 0.257007E+01 0.343135E+02
 -.183645E+01 -.145939E+01 0.345465E+01 -.806007E+00 0.257000E+01 0.395722E+02
 -.187904E+01 -.146489E+01 0.345220E+01 -.817267E+00 0.257018E+01 0.343321E+02
 -.187780E+01 -.146703E+01 0.345240E+01 -.819612E+00 0.257007E+01 0.343253E+02
 -.188078E+01 -.146669E+01 0.345344E+01 -.818734E+00 0.257005E+01 0.343285E+02
 -.187385E+01 -.146695E+01 0.343713E+01 -.819141E+00 0.257085E+01 0.361697E+02
 -.187771E+01 -.146676E+01 0.345418E+01 -.819218E+00 0.257007E+01 0.343164E+02
 -.187813E+01 -.146669E+01 0.345350E+01 -.819349E+00 0.257003E+01 0.343118E+02
 -.187852E+01 -.146621E+01 0.345506E+01 -.819320E+00 0.257000E+01 0.343282E+02
 -.192005E+01 -.146838E+01 0.345942E+01 -.830190E+00 0.257006E+01 0.372226E+02
 -.187758E+01 -.146675E+01 0.345333E+01 -.819149E+00 0.257006E+01 0.343116E+02
 -.187783E+01 -.146655E+01 0.345363E+01 -.819262E+00 0.257010E+01 0.343119E+02
 -.187819E+01 -.146765E+01 0.345334E+01 -.818284E+00 0.257006E+01 0.343155E+02
 -.188014E+01 -.146592E+01 0.345421E+01 -.860412E+00 0.257003E+01 0.399587E+02
 -.187366E+01 -.148838E+01 0.345338E+01 -.819734E+00 0.257008E+01 0.349464E+02
 -.187771E+01 -.146745E+01 0.345338E+01 -.821054E+00 0.257004E+01 0.343260E+02
 -.187703E+01 -.146568E+01 0.345481E+01 -.819296E+00 0.257000E+01 0.343362E+02
 -.188823E+01 -.146972E+01 0.344573E+01 -.815835E+00 0.257003E+01 0.352066E+02
 -.187986E+01 -.146673E+01 0.345321E+01 -.819048E+00 0.257007E+01 0.343231E+02
 -.187981E+01 -.147481E+01 0.345138E+01 -.809075E+00 0.257135E+01 0.346022E+02
 -.187770E+01 -.146677E+01 0.345336E+01 -.819149E+00 0.257006E+01 0.343116E+02
 -.187825E+01 -.146765E+01 0.345982E+01 -.818843E+00 0.257020E+01 0.346264E+02
 -.187780E+01 -.146644E+01 0.345213E+01 -.819517E+00 0.257000E+01 0.343280E+02
 -.187743E+01 -.149813E+01 0.345450E+01 -.819330E+00 0.257029E+01 0.355795E+02
 -.187642E+01 -.146678E+01 0.345345E+01 -.819209E+00 0.257004E+01 0.343152E+02
 -.187723E+01 -.146682E+01 0.345327E+01 -.819593E+00 0.257015E+01 0.343131E+02
 -.187938E+01 -.146725E+01 0.345373E+01 -.820333E+00 0.257003E+01 0.343194E+02
 -.187868E+01 -.146490E+01 0.345033E+01 -.820222E+00 0.257003E+01 0.344330E+02
 -.187732E+01 -.147201E+01 0.345294E+01 -.819251E+00 0.257000E+01 0.343504E+02
 -.188390E+01 -.146588E+01 0.345192E+01 -.819544E+00 0.257008E+01 0.344572E+02
 -.187745E+01 -.146733E+01 0.345338E+01 -.819484E+00 0.257006E+01 0.343124E+02
 -.187414E+01 -.144034E+01 0.345278E+01 -.805090E+00 0.257000E+01 0.363293E+02
 -.187761E+01 -.146796E+01 0.345406E+01 -.819343E+00 0.257000E+01 0.343167E+02
 -.188341E+01 -.146835E+01 0.344595E+01 -.821897E+00 0.257000E+01 0.352415E+02
 -.187858E+01 -.146985E+01 0.344332E+01 -.819108E+00 0.257005E+01 0.351578E+02
 -.187684E+01 -.146701E+01 0.345267E+01 -.819026E+00 0.257004E+01 0.343129E+02
 -.189138E+01 -.146715E+01 0.345143E+01 -.819848E+00 0.257000E+01 0.348578E+02
 -.188446E+01 -.146481E+01 0.345323E+01 -.819819E+00 0.257000E+01 0.344133E+02
 -.188206E+01 -.146488E+01 0.344920E+01 -.817276E+00 0.257001E+01 0.345149E+02
 -.187766E+01 -.146678E+01 0.345334E+01 -.819614E+00 0.257006E+01 0.343124E+02
 -.187625E+01 -.146865E+01 0.345947E+01 -.820293E+00 0.257001E+01 0.346052E+02
 -.187789E+01 -.146414E+01 0.345501E+01 -.821692E+00 0.257000E+01 0.343324E+02
 -.187792E+01 -.145953E+01 0.345139E+01 -.818459E+00 0.257017E+01 0.344056E+02
 -.187780E+01 -.146659E+01 0.345417E+01 -.819281E+00 0.257000E+01 0.343163E+02
 -.187766E+01 -.146651E+01 0.345352E+01 -.819938E+00 0.257000E+01 0.343128E+02
 -.187756E+01 -.146697E+01 0.345383E+01 -.819234E+00 0.257000E+01 0.343138E+02
 -.187723E+01 -.146767E+01 0.345336E+01 -.819852E+00 0.257079E+01 0.343238E+02
 -.187758E+01 -.146871E+01 0.345316E+01 -.819510E+00 0.257001E+01 0.343177E+02
 -.187683E+01 -.146507E+01 0.345350E+01 -.818689E+00 0.257005E+01 0.343208E+02
 -.187558E+01 -.146112E+01 0.344426E+01 -.817685E+00 0.257143E+01 0.349298E+02
 -.187774E+01 -.146675E+01 0.345252E+01 -.820560E+00 0.257004E+01 0.343341E+02
 -.187699E+01 -.146516E+01 0.345370E+01 -.819070E+00 0.257000E+01 0.343197E+02
 -.187916E+01 -.146728E+01 0.347759E+01 -.817342E+00 0.261622E+01 0.393397E+02
 -.187764E+01 -.146682E+01 0.345348E+01 -.819290E+00 0.257000E+01 0.343116E+02
 -.187769E+01 -.147622E+01 0.345303E+01 -.828260E+00 0.257002E+01 0.347963E+02
 -.187754E+01 -.146689E+01 0.345331E+01 -.819423E+00 0.257000E+01 0.343117E+02
 -.187768E+01 -.146690E+01 0.345300E+01 -.820249E+00 0.257002E+01 0.343197E+02
 -.187794E+01 -.146675E+01 0.345339E+01 -.819096E+00 0.257000E+01 0.343117E+02
 -.187765E+01 -.146685E+01 0.345300E+01 -.819286E+00 0.257001E+01 0.343126E+02
 -.187770E+01 -.146556E+01 0.345338E+01 -.819237E+00 0.257001E+01 0.343137E+02
 -.187857E+01 -.146663E+01 0.345332E+01 -.819394E+00 0.257001E+01 0.343135E+02
 -.188148E+01 -.146412E+01 0.345380E+01 -.819286E+00 0.257003E+01 0.343412E+02
 -.183790E+01 -.146661E+01 0.345269E+01 -.818789E+00 0.257011E+01 0.371652E+02
 -.187806E+01 -.146677E+01 0.346108E+01 -.819298E+00 0.257005E+01 0.347625E+02
 -.187387E+01 -.144517E+01 0.346987E+01 -.823171E+00 0.257005E+01 0.372069E+02
 -.187787E+01 -.146691E+01 0.345363E+01 -.819493E+00 0.257000E+01 0.343117E+02
 -.187813E+01 -.146219E+01 0.345316E+01 -.865383E+00 0.257010E+01 0.415100E+02
 -.188200E+01 -.146945E+01 0.345365E+01 -.819179E+00 0.257009E+01 0.343532E+02
 -.187724E+01 -.146679E+01 0.345319E+01 -.819653E+00 0.257002E+01 0.343127E+02
 -.187743E+01 -.146695E+01 0.345067E+01 -.819086E+00 0.257003E+01 0.343627E+02
 -.187838E+01 -.146433E+01 0.345461E+01 -.819513E+00 0.257000E+01 0.343277E+02
 -.187307E+01 -.146716E+01 0.345417E+01 -.820576E+00 0.257030E+01 0.343651E+02
 -.187152E+01 -.145420E+01 0.345279E+01 -.819542E+00 0.257000E+01 0.346010E+02
 -.188333E+01 -.147513E+01 0.345972E+01 -.825554E+00 0.257069E+01 0.344599E+02
 -.188079E+01 -.146667E+01 0.345339E+01 -.819351E+00 0.257000E+01 0.343305E+02
 -.187856E+01 -.146651E+01 0.345338E+01 -.818490E+00 0.257000E+01 0.343145E+02
 -.191110E+01 -.145570E+01 0.345575E+01 -.795717E+00 0.257451E+01 0.371181E+02
 -.188013E+01 -.145884E+01 0.347841E+01 -.827398E+00 0.259712E+01 0.363101E+02
 -.187654E+01 -.146714E+01 0.345088E+01 -.822586E+00 0.257027E+01 0.344712E+02
 -.187750E+01 -.146666E+01 0.345573E+01 -.819371E+00 0.257003E+01 0.343555E+02
 -.187915E+01 -.146689E+01 0.345340E+01 -.818217E+00 0.257000E+01 0.343178E+02
 -.187633E+01 -.146322E+01 0.344781E+01 -.819566E+00 0.257021E+01 0.345510E+02
 -.187765E+01 -.146674E+01 0.345220E+01 -.819533E+00 0.257003E+01 0.343263E+02
 -.187775E+01 -.146654E+01 0.345338E+01 -.819512E+00 0.257000E+01 0.343118E+02
 -.187925E+01 -.146715E+01 0.345327E+01 -.820326E+00 0.257009E+01 0.343276E+02
 -.191128E+01 -.146873E+01 0.346223E+01 -.832391E+00 0.257003E+01 0.358255E+02
 -.187766E+01 -.146685E+01 0.345336E+01 -.819234E+00 0.257000E+01 0.343115E+02
 -.187792E+01 -.146672E+01 0.345341E+01 -.819385E+00 0.257000E+01 0.343116E+02
 -.187765E+01 -.146706E+01 0.345339E+01 -.819743E+00 0.257002E+01 0.343126E+02
 -.188237E+01 -.148180E+01 0.345651E+01 -.811501E+00 0.257010E+01 0.350076E+02
 -.186712E+01 -.144205E+01 0.345489E+01 -.819493E+00 0.257000E+01 0.355827E+02
 -.187781E+01 -.146421E+01 0.345351E+01 -.819114E+00 0.257000E+01 0.343214E+02
 -.187723E+01 -.146753E+01 0.345377E+01 -.819303E+00 0.257010E+01 0.343143E+02
 -.188978E+01 -.146985E+01 0.345047E+01 -.814467E+00 0.257000E+01 0.347505E+02
 -.188380E+01 -.146631E+01 0.345377E+01 -.819863E+00 0.257004E+01 0.343754E+02
 -.187409E+01 -.142880E+01 0.345159E+01 -.812664E+00 0.257082E+01 0.366281E+02
 -.187764E+01 -.146690E+01 0.345341E+01 -.819185E+00 0.257000E+01 0.343116E+02
 -.187874E+01 -.146983E+01 0.346057E+01 -.818291E+00 0.257018E+01 0.347294E+02
 -.187739E+01 -.146595E+01 0.344876E+01 -.819664E+00 0.257106E+01 0.345601E+02
 -.187746E+01 -.145015E+01 0.345473E+01 -.819238E+00 0.257030E+01 0.347328E+02
 -.187951E+01 -.146686E+01 0.345329E+01 -.819270E+00 0.257000E+01 0.343196E+02
 -.187772E+01 -.146679E+01 0.345336E+01 -.819246E+00 0.257009E+01 0.343117E+02
 -.187459E+01 -.146387E+01 0.345333E+01 -.819354E+00 0.257001E+01 0.343421E+02
 -.187811E+01 -.146639E+01 0.345796E+01 -.817929E+00 0.257000E+01 0.345279E+02
 -.187765E+01 -.147437E+01 0.345229E+01 -.819261E+00 0.257010E+01 0.344056E+02
 -.187294E+01 -.147167E+01 0.345199E+01 -.816428E+00 0.257007E+01 0.343798E+02
 -.187728E+01 -.146618E+01 0.345323E+01 -.819187E+00 0.257000E+01 0.343122E+02
 -.187004E+01 -.149908E+01 0.345276E+01 -.795781E+00 0.257002E+01 0.380545E+02
 -.187762E+01 -.146646E+01 0.345299E+01 -.819285E+00 0.257003E+01 0.343128E+02
 -.190079E+01 -.146770E+01 0.346830E+01 -.819268E+00 0.257350E+01 0.347763E+02
 -.187900E+01 -.146719E+01 0.346594E+01 -.819096E+00 0.257002E+01 0.355025E+02
 -.187923E+01 -.146635E+01 0.345221E+01 -.819312E+00 0.257000E+01 0.343372E+02
 -.187922E+01 -.146704E+01 0.345213E+01 -.819394E+00 0.257007E+01 0.343423E+02
 -.188166E+01 -.146551E+01 0.345308E+01 -.820277E+00 0.257069E+01 0.343805E+02
 -.187328E+01 -.146352E+01 0.346347E+01 -.819932E+00 0.257000E+01 0.353749E+02
 -.187765E+01 -.146660E+01 0.345329E+01 -.819373E+00 0.257000E+01 0.343117E+02
 -.187605E+01 -.146660E+01 0.345228E+01 -.819239E+00 0.257002E+01 0.343162E+02
 -.187756E+01 -.146626E+01 0.345608E+01 -.818722E+00 0.257004E+01 0.343849E+02
 -.187720E+01 -.146395E+01 0.345158E+01 -.818657E+00 0.257003E+01 0.343358E+02
 -.188456E+01 -.146693E+01 0.345211E+01 -.819240E+00 0.257007E+01 0.344607E+02
 -.187767E+01 -.146692E+01 0.345346E+01 -.818706E+00 0.257010E+01 0.343128E+02
 -.187691E+01 -.146679E+01 0.345372E+01 -.824954E+00 0.257003E+01 0.344212E+02
 -.187757E+01 -.146760E+01 0.345337E+01 -.819045E+00 0.257028E+01 0.343130E+02
 -.187764E+01 -.146691E+01 0.345290E+01 -.819195E+00 0.257000E+01 0.343129E+02
 -.187690E+01 -.146567E+01 0.345352E+01 -.819561E+00 0.257000E+01 0.343151E+02
 -.187684E+01 -.147174E+01 0.345179E+01 -.819807E+00 0.257098E+01 0.344056E+02
 -.187780E+01 -.146674E+01 0.345407E+01 -.819389E+00 0.257000E+01 0.343145E+02
 -.187734E+01 -.146521E+01 0.345389E+01 -.819143E+00 0.257010E+01 0.343189E+02
 -.190567E+01 -.146675E+01 0.349168E+01 -.827897E+00 0.257000E+01 0.398124E+02
 -.187758E+01 -.146678E+01 0.345350E+01 -.819363E+00 0.257003E+01 0.343117E+02
 -.187347E+01 -.146945E+01 0.345373E+01 -.824977E+00 0.257000E+01 0.344429E+02
 -.187754E+01 -.146688E+01 0.345339E+01 -.820062E+00 0.257002E+01 0.343140E+02
 -.187776E+01 -.146685E+01 0.345369E+01 -.821970E+00 0.257004E+01 0.343354E+02
 -.187806E+01 -.146688E+01 0.345332E+01 -.819135E+00 0.257011E+01 0.343121E+02
 -.187764E+01 -.146688E+01 0.345383E+01 -.818985E+00 0.257001E+01 0.343147E+02
 -.187765E+01 -.146646E+01 0.345336E+01 -.819303E+00 0.257000E+01 0.343117E+02
 -.187838E+01 -.146671E+01 0.345318E+01 -.819573E+00 0.257000E+01 0.343145E+02
 -.187938E+01 -.146853E+01 0.345381E+01 -.819313E+00 0.257000E+01 0.343187E+02
 -.189492E+01 -.146648E+01 0.345435E+01 -.821095E+00 0.257000E+01 0.348296E+02
 -.187795E+01 -.146668E+01 0.345548E+01 -.819184E+00 0.257005E+01 0.343441E+02
 -.187822E+01 -.145357E+01 0.345874E+01 -.825076E+00 0.257000E+01 0.346673E+02
 -.187766E+01 -.146696E+01 0.345400E+01 -.819230E+00 0.257002E+01 0.343149E+02
 -.187128E+01 -.146622E+01 0.345343E+01 -.819223E+00 0.257007E+01 0.343915E+02
 -.187739E+01 -.146551E+01 0.345324E+01 -.819547E+00 0.257000E+01 0.343143E+02
 -.187759E+01 -.146857E+01 0.345443E+01 -.819886E+00 0.257007E+01 0.343204E+02
 -.187692E+01 -.153155E+01 0.345395E+01 -.819851E+00 0.257004E+01 0.393705E+02
 -.187922E+01 -.146717E+01 0.345391E+01 -.820919E+00 0.257020E+01 0.343242E+02
 -.186799E+01 -.144929E+01 0.345277E+01 -.819479E+00 0.257010E+01 0.349219E+02
 -.187950E+01 -.148346E+01 0.344381E+01 -.814726E+00 0.257000E+01 0.352613E+02
 -.186979E+01 -.146675E+01 0.345353E+01 -.819411E+00 0.257005E+01 0.344333E+02
 -.187807E+01 -.146658E+01 0.345343E+01 -.818032E+00 0.257006E+01 0.343173E+02
 -.189259E+01 -.148268E+01 0.346467E+01 -.823483E+00 0.257006E+01 0.348968E+02
 -.187529E+01 -.146861E+01 0.345798E+01 -.821585E+00 0.257016E+01 0.344676E+02
 -.187776E+01 -.146632E+01 0.345442E+01 -.819158E+00 0.257004E+01 0.343211E+02
 -.187538E+01 -.146690E+01 0.345322E+01 -.818795E+00 0.257004E+01 0.343215E+02
 -.187882E+01 -.146367E+01 0.346444E+01 -.819750E+00 0.257000E+01 0.352113E+02
 -.187765E+01 -.146672E+01 0.345154E+01 -.818944E+00 0.257000E+01 0.343334E+02
 -.187740E+01 -.146665E+01 0.345341E+01 -.819518E+00 0.257003E+01 0.343119E+02
 -.187527E+01 -.146679E+01 0.345227E+01 -.820525E+00 0.257000E+01 0.343310E+02
 -.187645E+01 -.146708E+01 0.346448E+01 -.819562E+00 0.257000E+01 0.353439E+02
 -.187771E+01 -.146692E+01 0.345338E+01 -.819301E+00 0.257003E+01 0.343116E+02
 -.187790E+01 -.146702E+01 0.345321E+01 -.819452E+00 0.257005E+01 0.343128E+02
 -.187758E+01 -.146574E+01 0.345354E+01 -.820686E+00 0.257001E+01 0.343191E+02
 -.188982E+01 -.146361E+01 0.344331E+01 -.818108E+00 0.257186E+01 0.361850E+02
 -.188078E+01 -.145640E+01 0.345752E+01 -.783542E+00 0.257008E+01 0.418656E+02
 -.187179E+01 -.145774E+01 0.345541E+01 -.819777E+00 0.257007E+01 0.345940E+02
 -.187748E+01 -.146768E+01 0.345354E+01 -.817826E+00 0.257004E+01 0.343229E+02
 -.187751E+01 -.146676E+01 0.345270E+01 -.819061E+00 0.257020E+01 0.343152E+02
 -.187853E+01 -.146768E+01 0.345697E+01 -.817775E+00 0.257001E+01 0.344507E+02
 -.188484E+01 -.146676E+01 0.345307E+01 -.818732E+00 0.257000E+01 0.344146E+02
 -.187301E+01 -.141906E+01 0.345385E+01 -.822510E+00 0.257044E+01 0.378893E+02
 -.187765E+01 -.146686E+01 0.345333E+01 -.819273E+00 0.257011E+01 0.343118E+02
 -.187898E+01 -.146333E+01 0.344777E+01 -.817342E+00 0.257014E+01 0.345339E+02
 -.187781E+01 -.146678E+01 0.345078E+01 -.819522E+00 0.257062E+01 0.343981E+02
 -.187766E+01 -.142156E+01 0.345314E+01 -.819461E+00 0.257010E+01 0.374352E+02
 -.187864E+01 -.146686E+01 0.345329E+01 -.819281E+00 0.257004E+01 0.343138E+02
 -.187791E+01 -.146686E+01 0.345346E+01 -.818986E+00 0.257000E+01 0.343120E+02
 -.187870E+01 -.146840E+01 0.345313E+01 -.818893E+00 0.257000E+01 0.343182E+02
 -.187738E+01 -.146786E+01 0.345395E+01 -.818602E+00 0.257000E+01 0.343217E+02
 -.187813E+01 -.146155E+01 0.345379E+01 -.819245E+00 0.257017E+01 0.343509E+02
 -.187836E+01 -.146930E+01 0.345676E+01 -.821020E+00 0.257009E+01 0.343588E+02
 -.187756E+01 -.146663E+01 0.345337E+01 -.818971E+00 0.257003E+01 0.343120E+02
 -.186949E+01 -.150333E+01 0.345264E+01 -.821506E+00 0.257002E+01 0.361153E+02
 -.187759E+01 -.146596E+01 0.345287E+01 -.819274E+00 0.257006E+01 0.343144E+02
 -.187752E+01 -.146598E+01 0.346114E+01 -.819840E+00 0.257507E+01 0.344604E+02
 -.187829E+01 -.146555E+01 0.347004E+01 -.819255E+00 0.257000E+01 0.365122E+02
 -.187592E+01 -.146631E+01 0.345356E+01 -.819309E+00 0.257005E+01 0.343197E+02
 -.186848E+01 -.146692E+01 0.345334E+01 -.818988E+00 0.257010E+01 0.344715E+02
 -.187063E+01 -.146697E+01 0.345376E+01 -.820518E+00 0.257070E+01 0.344108E+02
 -.186688E+01 -.146948E+01 0.345338E+01 -.818221E+00 0.257004E+01 0.345552E+02
 -.187765E+01 -.146685E+01 0.345336E+01 -.819073E+00 0.257010E+01 0.343117E+02
 -.187826E+01 -.146534E+01 0.344708E+01 -.818424E+00 0.257001E+01 0.345947E+02
 -.187829E+01 -.146819E+01 0.345139E+01 -.819189E+00 0.257002E+01 0.343532E+02
 -.187694E+01 -.146913E+01 0.345383E+01 -.819285E+00 0.257000E+01 0.343228E+02
 -.188565E+01 -.146677E+01 0.345100E+01 -.819104E+00 0.257000E+01 0.345705E+02
 -.187764E+01 -.146711E+01 0.345341E+01 -.818400E+00 0.257006E+01 0.343145E+02
 -.187811E+01 -.146667E+01 0.345318E+01 -.819871E+00 0.257000E+01 0.343153E+02
 -.187797E+01 -.146717E+01 0.345336E+01 -.818903E+00 0.257000E+01 0.343122E+02
 -.187772E+01 -.146554E+01 0.345352E+01 -.818949E+00 0.257009E+01 0.343145E+02
 -.187760E+01 -.146705E+01 0.345328E+01 -.820026E+00 0.257019E+01 0.343166E+02
 -.187470E+01 -.147890E+01 0.345749E+01 -.821133E+00 0.257000E+01 0.346426E+02
 -.187784E+01 -.146686E+01 0.345439E+01 -.818636E+00 0.257006E+01 0.343249E+02
 -.187827E+01 -.146672E+01 0.345369E+01 -.819198E+00 0.257007E+01 0.343120E+02
 -.187764E+01 -.146677E+01 0.345334E+01 -.819265E+00 0.257000E+01 0.343115E+02
 -.188221E+01 -.145949E+01 0.345398E+01 -.815174E+00 0.257002E+01 0.344810E+02
 -.187766E+01 -.146684E+01 0.345331E+01 -.819206E+00 0.257001E+01 0.343115E+02
 -.187769E+01 -.146683E+01 0.345361E+01 -.818676E+00 0.257008E+01 0.343140E+02
 -.187758E+01 -.146692E+01 0.345337E+01 -.819171E+00 0.257000E+01 0.343116E+02
 -.187772E+01 -.146684E+01 0.345414E+01 -.818844E+00 0.257002E+01 0.343194E+02
 -.187764E+01 -.146763E+01 0.345337E+01 -.819238E+00 0.257009E+01 0.343126E+02
 -.187620E+01 -.146679E+01 0.345311E+01 -.819215E+00 0.257006E+01 0.343143E+02
 -.187535E+01 -.146794E+01 0.345349E+01 -.819370E+00 0.257025E+01 0.343240E+02
 -.191218E+01 -.146606E+01 0.345258E+01 -.821324E+00 0.257008E+01 0.368303E+02
 -.187736E+01 -.146664E+01 0.344687E+01 -.819145E+00 0.257000E+01 0.346194E+02
 -.188139E+01 -.147281E+01 0.344734E+01 -.817989E+00 0.257002E+01 0.347443E+02
 -.187759E+01 -.146691E+01 0.345409E+01 -.819096E+00 0.257002E+01 0.343171E+02
 -.187380E+01 -.146700E+01 0.345350E+01 -.819259E+00 0.257004E+01 0.343424E+02
 -.187755E+01 -.146693E+01 0.345330E+01 -.819466E+00 0.257004E+01 0.343120E+02
 -.187761E+01 -.146669E+01 0.345645E+01 -.819114E+00 0.257007E+01 0.343892E+02
 -.188016E+01 -.144393E+01 0.345295E+01 -.819011E+00 0.257000E+01 0.350765E+02
 -.188104E+01 -.146646E+01 0.345328E+01 -.817920E+00 0.257024E+01 0.343345E+02
 -.187195E+01 -.147063E+01 0.345285E+01 -.819168E+00 0.257014E+01 0.343771E+02
 -.187422E+01 -.146921E+01 0.345110E+01 -.816854E+00 0.257207E+01 0.343672E+02
 -.187274E+01 -.146680E+01 0.345354E+01 -.819834E+00 0.257007E+01 0.343587E+02
 -.187732E+01 -.146642E+01 0.345331E+01 -.820477E+00 0.257011E+01 0.343191E+02
 -.188976E+01 -.146795E+01 0.345564E+01 -.858646E+00 0.257552E+01 0.417433E+02
 -.187605E+01 -.146504E+01 0.345787E+01 -.817054E+00 0.257000E+01 0.346367E+02
 -.187796E+01 -.146690E+01 0.345234E+01 -.819594E+00 0.257004E+01 0.343266E+02
 -.187536E+01 -.146661E+01 0.345286E+01 -.819827E+00 0.257004E+01 0.343196E+02
 -.187843E+01 -.146644E+01 0.346246E+01 -.819081E+00 0.257083E+01 0.348533E+02
 -.187768E+01 -.146666E+01 0.345320E+01 -.819005E+00 0.257002E+01 0.343117E+02
 -.187790E+01 -.146677E+01 0.345354E+01 -.819383E+00 0.257002E+01 0.343116E+02
 -.187530E+01 -.146641E+01 0.345197E+01 -.820545E+00 0.257007E+01 0.343385E+02
 -.185539E+01 -.146979E+01 0.345377E+01 -.812648E+00 0.257006E+01 0.356881E+02
 -.187767E+01 -.146684E+01 0.345334E+01 -.819289E+00 0.257000E+01 0.343115E+02
 -.187754E+01 -.146711E+01 0.345353E+01 -.819306E+00 0.257001E+01 0.343120E+02
 -.187762E+01 -.146612E+01 0.345362E+01 -.818438E+00 0.257004E+01 0.343172E+02
 -.188224E+01 -.145956E+01 0.345147E+01 -.821150E+00 0.257005E+01 0.345402E+02
 -.187746E+01 -.148068E+01 0.345431E+01 -.820259E+00 0.257008E+01 0.345725E+02
 -.185858E+01 -.144297E+01 0.346015E+01 -.820750E+00 0.257000E+01 0.369300E+02
 -.187727E+01 -.146872E+01 0.345336E+01 -.819719E+00 0.257000E+01 0.343177E+02
 -.187777E+01 -.146577E+01 0.345333E+01 -.819037E+00 0.257008E+01 0.343131E+02
 -.186891E+01 -.146582E+01 0.346134E+01 -.822151E+00 0.257000E+01 0.351451E+02
 -.187066E+01 -.146713E+01 0.345301E+01 -.818163E+00 0.257006E+01 0.344030E+02
 -.187545E+01 -.148571E+01 0.345369E+01 -.827607E+00 0.257000E+01 0.350558E+02
 -.187766E+01 -.146669E+01 0.345328E+01 -.819214E+00 0.257013E+01 0.343119E+02
 -.187767E+01 -.145996E+01 0.344548E+01 -.817307E+00 0.257004E+01 0.347244E+02
 -.187813E+01 -.146712E+01 0.345565E+01 -.819203E+00 0.257000E+01 0.343487E+02
 -.187785E+01 -.149773E+01 0.345225E+01 -.819539E+00 0.257000E+01 0.355896E+02
 -.187742E+01 -.146663E+01 0.345353E+01 -.819195E+00 0.257008E+01 0.343122E+02
 -.187780E+01 -.146684E+01 0.345331E+01 -.819100E+00 0.257005E+01 0.343116E+02
 -.188146E+01 -.147134E+01 0.345466E+01 -.819895E+00 0.257001E+01 0.343527E+02
 -.187798E+01 -.146736E+01 0.345122E+01 -.821385E+00 0.257002E+01 0.344106E+02
 -.187836E+01 -.146247E+01 0.345444E+01 -.819245E+00 0.257000E+01 0.343460E+02
 -.188348E+01 -.146353E+01 0.345885E+01 -.825511E+00 0.257010E+01 0.343776E+02
 -.187778E+01 -.146735E+01 0.345338E+01 -.819318E+00 0.257003E+01 0.343120E+02
 -.187357E+01 -.142897E+01 0.345285E+01 -.839324E+00 0.257007E+01 0.377711E+02
 -.187760E+01 -.146737E+01 0.345379E+01 -.819322E+00 0.257001E+01 0.343133E+02
 -.185983E+01 -.146450E+01 0.345386E+01 -.823158E+00 0.257322E+01 0.349893E+02
 -.187838E+01 -.146794E+01 0.344133E+01 -.820506E+00 0.257009E+01 0.356162E+02
 -.187601E+01 -.146752E+01 0.345385E+01 -.819082E+00 0.257004E+01 0.343243E+02
 -.187747E+01 -.146715E+01 0.345362E+01 -.819328E+00 0.257011E+01 0.343123E+02
 -.187428E+01 -.146771E+01 0.345393E+01 -.820115E+00 0.257000E+01 0.343416E+02
 -.187513E+01 -.147213E+01 0.344038E+01 -.811135E+00 0.257005E+01 0.349298E+02
 -.187764E+01 -.146687E+01 0.345338E+01 -.819180E+00 0.257005E+01 0.343116E+02
 -.187797E+01 -.146617E+01 0.345101E+01 -.819945E+00 0.257000E+01 0.343742E+02
 -.187964E+01 -.146659E+01 0.345035E+01 -.820956E+00 0.257000E+01 0.344788E+02
 -.187759E+01 -.146744E+01 0.345514E+01 -.818934E+00 0.257006E+01 0.343413E+02
 -.188004E+01 -.146657E+01 0.345280E+01 -.819027E+00 0.257005E+01 0.343311E+02
 -.187761E+01 -.146636E+01 0.345335E+01 -.819315E+00 0.257000E+01 0.343118E+02
 -.187833E+01 -.146688E+01 0.345361E+01 -.814959E+00 0.257002E+01 0.343913E+02
 -.187819E+01 -.146630E+01 0.345334E+01 -.818908E+00 0.257028E+01 0.343128E+02
 -.187774E+01 -.146565E+01 0.345396E+01 -.819021E+00 0.257009E+01 0.343171E+02
 -.187816E+01 -.146719E+01 0.345343E+01 -.819281E+00 0.257016E+01 0.343125E+02
 -.187545E+01 -.146205E+01 0.345159E+01 -.818250E+00 0.257178E+01 0.343857E+02
 -.187784E+01 -.146668E+01 0.345394E+01 -.818777E+00 0.257003E+01 0.343166E+02
 -.187840E+01 -.146792E+01 0.345332E+01 -.819318E+00 0.257002E+01 0.343148E+02
 -.187768E+01 -.146676E+01 0.345321E+01 -.819190E+00 0.257002E+01 0.343117E+02
 -.188407E+01 -.145801E+01 0.345358E+01 -.811338E+00 0.257003E+01 0.347016E+02
 -.187773E+01 -.146678E+01 0.345326E+01 -.818610E+00 0.257000E+01 0.343127E+02
 -.187762E+01 -.146689E+01 0.345297E+01 -.816951E+00 0.257003E+01 0.343262E+02
 -.187728E+01 -.146689E+01 0.345338E+01 -.819318E+00 0.257007E+01 0.343119E+02
 -.187785E+01 -.146674E+01 0.345422E+01 -.819301E+00 0.257002E+01 0.343163E+02
 -.187767E+01 -.146712E+01 0.345336E+01 -.819185E+00 0.257007E+01 0.343118E+02
 -.187527E+01 -.146665E+01 0.345307E+01 -.819053E+00 0.257004E+01 0.343198E+02
 -.187422E+01 -.146431E+01 0.345362E+01 -.819342E+00 0.257004E+01 0.343491E+02
 -.184779E+01 -.146585E+01 0.345188E+01 -.819283E+00 0.257004E+01 0.357758E+02
 -.192869E+01 -.144222E+01 0.345437E+01 -.795154E+00 0.259977E+01 0.424579E+02
 -.187717E+01 -.146644E+01 0.345195E+01 -.819220E+00 0.257004E+01 0.343249E+02
 -.187803E+01 -.147100E+01 0.345599E+01 -.819775E+00 0.257000E+01 0.343708E+02
 -.187798E+01 -.146676E+01 0.345306E+01 -.819364E+00 0.257000E+01 0.343132E+02
 -.187861E+01 -.146752E+01 0.345372E+01 -.819282E+00 0.257004E+01 0.343130E+02
 -.187771E+01 -.146781E+01 0.345336E+01 -.819350E+00 0.257005E+01 0.343132E+02
 -.187764E+01 -.146629E+01 0.345135E+01 -.818568E+00 0.257005E+01 0.343347E+02
 -.187912E+01 -.139722E+01 0.345268E+01 -.819298E+00 0.257000E+01 0.420893E+02
 -.187617E+01 -.146636E+01 0.345294E+01 -.818216E+00 0.257055E+01 0.343158E+02
 -.188023E+01 -.148549E+01 0.345295E+01 -.818946E+00 0.257001E+01 0.348064E+02
 -.187063E+01 -.145749E+01 0.345976E+01 -.819524E+00 0.257183E+01 0.349609E+02
 -.188067E+01 -.146663E+01 0.345357E+01 -.819836E+00 0.257000E+01 0.343291E+02
 -.187820E+01 -.146647E+01 0.345321E+01 -.820448E+00 0.257004E+01 0.343213E+02
 -.184500E+01 -.145531E+01 0.345920E+01 -.797954E+00 0.257000E+01 0.420151E+02
 -.188187E+01 -.146309E+01 0.345377E+01 -.814343E+00 0.257013E+01 0.344403E+02
 -.187803E+01 -.146714E+01 0.345225E+01 -.819467E+00 0.257003E+01 0.343276E+02
 -.187733E+01 -.146648E+01 0.345333E+01 -.820446E+00 0.257002E+01 0.343173E+02
 -.187433E+01 -.146778E+01 0.344542E+01 -.818681E+00 0.257122E+01 0.347715E+02
 -.187765E+01 -.146664E+01 0.345458E+01 -.819135E+00 0.257003E+01 0.343246E+02
 -.187803E+01 -.146686E+01 0.345336E+01 -.819188E+00 0.257001E+01 0.343117E+02
 -.187649E+01 -.146625E+01 0.345446E+01 -.820567E+00 0.257004E+01 0.343240E+02
 -.188361E+01 -.147100E+01 0.345650E+01 -.823350E+00 0.257002E+01 0.343767E+02
 -.187760E+01 -.146676E+01 0.345331E+01 -.819178E+00 0.257000E+01 0.343115E+02
 -.187762E+01 -.146653E+01 0.345337E+01 -.819238E+00 0.257000E+01 0.343116E+02
 -.187829E+01 -.146659E+01 0.345354E+01 -.817674E+00 0.257003E+01 0.343228E+02
 -.188063E+01 -.147525E+01 0.345398E+01 -.847330E+00 0.257001E+01 0.372860E+02
 -.189166E+01 -.147926E+01 0.345334E+01 -.820159E+00 0.257010E+01 0.349493E+02
 -.190813E+01 -.143815E+01 0.346255E+01 -.816716E+00 0.258831E+01 0.372633E+02
 -.187767E+01 -.146755E+01 0.345343E+01 -.820005E+00 0.257003E+01 0.343145E+02
 -.187784E+01 -.146576E+01 0.345398E+01 -.819191E+00 0.257000E+01 0.343163E+02
 -.187641E+01 -.146587E+01 0.345609E+01 -.819870E+00 0.257000E+01 0.343810E+02
 -.187543E+01 -.146691E+01 0.345349E+01 -.819422E+00 0.257011E+01 0.343219E+02
 -.188109E+01 -.148941E+01 0.345296E+01 -.820270E+00 0.257075E+01 0.350842E+02
 -.187766E+01 -.146674E+01 0.345328E+01 -.819168E+00 0.257004E+01 0.343116E+02
 -.187847E+01 -.146134E+01 0.345712E+01 -.818692E+00 0.257008E+01 0.344749E+02
 -.187793E+01 -.146623E+01 0.345695E+01 -.819361E+00 0.257078E+01 0.343758E+02
 -.187761E+01 -.152640E+01 0.345485E+01 -.819348E+00 0.257023E+01 0.386297E+02
 -.187650E+01 -.146655E+01 0.345345E+01 -.819133E+00 0.257005E+01 0.343152E+02
 -.187736E+01 -.146687E+01 0.345326E+01 -.819313E+00 0.257001E+01 0.343117E+02
 -.187795E+01 -.146978E+01 0.345582E+01 -.819941E+00 0.257000E+01 0.343533E+02
 -.187819E+01 -.146651E+01 0.344989E+01 -.819927E+00 0.257005E+01 0.344391E+02
 -.187786E+01 -.147074E+01 0.345359E+01 -.819225E+00 0.257011E+01 0.343330E+02
 -.188108E+01 -.146995E+01 0.345440E+01 -.826374E+00 0.257006E+01 0.345183E+02
 -.187774E+01 -.146666E+01 0.345331E+01 -.819421E+00 0.257004E+01 0.343119E+02
 -.187566E+01 -.140141E+01 0.345309E+01 -.810585E+00 0.257011E+01 0.416481E+02
 -.187754E+01 -.146825E+01 0.345390E+01 -.819309E+00 0.257000E+01 0.343167E+02
 -.190866E+01 -.146566E+01 0.345449E+01 -.819528E+00 0.257000E+01 0.359374E+02
 -.187922E+01 -.146876E+01 0.344377E+01 -.819293E+00 0.257006E+01 0.351254E+02
 -.187866E+01 -.146805E+01 0.345303E+01 -.819000E+00 0.257000E+01 0.343176E+02
 -.188442E+01 -.146686E+01 0.345361E+01 -.819527E+00 0.257000E+01 0.343912E+02
 -.188664E+01 -.146562E+01 0.345319E+01 -.819146E+00 0.257033E+01 0.344771E+02
 -.188033E+01 -.146688E+01 0.344417E+01 -.807511E+00 0.257000E+01 0.347221E+02
 -.187763E+01 -.146685E+01 0.345335E+01 -.819292E+00 0.257000E+01 0.343115E+02
 -.187542E+01 -.146738E+01 0.345769E+01 -.820359E+00 0.257000E+01 0.344820E+02
 -.187754E+01 -.146565E+01 0.345812E+01 -.822844E+00 0.257003E+01 0.344046E+02
 -.187793E+01 -.146428E+01 0.345182E+01 -.818361E+00 0.257000E+01 0.343317E+02
 -.187452E+01 -.146643E+01 0.345474E+01 -.819168E+00 0.257006E+01 0.343696E+02
 -.187759E+01 -.146617E+01 0.345329E+01 -.819976E+00 0.257004E+01 0.343147E+02
 -.187813E+01 -.146704E+01 0.345364E+01 -.816386E+00 0.257001E+01 0.343501E+02
 -.187747E+01 -.146597E+01 0.345333E+01 -.819382E+00 0.257019E+01 0.343133E+02
 -.187769E+01 -.146781E+01 0.345354E+01 -.819529E+00 0.257011E+01 0.343134E+02
 -.187707E+01 -.146627E+01 0.345358E+01 -.818732E+00 0.257000E+01 0.343165E+02
 -.187656E+01 -.145409E+01 0.344824E+01 -.818238E+00 0.257147E+01 0.347423E+02
 -.187783E+01 -.146656E+01 0.345327E+01 -.819966E+00 0.257000E+01 0.343143E+02
 -.187756E+01 -.146648E+01 0.345321E+01 -.819251E+00 0.257003E+01 0.343118E+02
 -.187769E+01 -.146677E+01 0.345332E+01 -.819309E+00 0.257002E+01 0.343116E+02
 -.187150E+01 -.146217E+01 0.345321E+01 -.827125E+00 0.257001E+01 0.345858E+02
 -.187762E+01 -.146680E+01 0.345336E+01 -.818533E+00 0.257002E+01 0.343135E+02
 -.187769E+01 -.146694E+01 0.345298E+01 -.818091E+00 0.257000E+01 0.343144E+02
 -.187758E+01 -.146677E+01 0.345337E+01 -.819142E+00 0.257003E+01 0.343116E+02
 -.187761E+01 -.146674E+01 0.345266E+01 -.819311E+00 0.257000E+01 0.343153E+02
 -.187768E+01 -.146568E+01 0.345335E+01 -.819182E+00 0.257005E+01 0.343133E+02
 -.187788E+01 -.146649E+01 0.345330E+01 -.819037E+00 0.257000E+01 0.343118E+02
 -.187497E+01 -.146414E+01 0.345378E+01 -.819246E+00 0.257000E+01 0.343448E+02
 -.183564E+01 -.146682E+01 0.345184E+01 -.817339E+00 0.257000E+01 0.374091E+02
 -.187749E+01 -.146657E+01 0.345959E+01 -.819465E+00 0.257008E+01 0.346094E+02
 -.187530E+01 -.146762E+01 0.345978E+01 -.820616E+00 0.257000E+01 0.346585E+02
 -.187798E+01 -.146684E+01 0.345268E+01 -.819555E+00 0.257001E+01 0.343187E+02
 -.187826E+01 -.146543E+01 0.345765E+01 -.799746E+00 0.257000E+01 0.368606E+02
 -.188096E+01 -.146713E+01 0.345382E+01 -.819293E+00 0.257000E+01 0.343267E+02
 -.187771E+01 -.146768E+01 0.345332E+01 -.819284E+00 0.257000E+01 0.343127E+02
 -.187758E+01 -.146795E+01 0.345279E+01 -.818486E+00 0.257004E+01 0.343145E+02
 -.187417E+01 -.146650E+01 0.345309E+01 -.818890E+00 0.257072E+01 0.343318E+02
 -.187314E+01 -.147344E+01 0.345335E+01 -.819074E+00 0.257000E+01 0.344064E+02
 -.187931E+01 -.146312E+01 0.345404E+01 -.819439E+00 0.257172E+01 0.343472E+02
 -.188232E+01 -.146657E+01 0.345328E+01 -.819219E+00 0.257003E+01 0.343548E+02
 -.187826E+01 -.146693E+01 0.345321E+01 -.817876E+00 0.257000E+01 0.343175E+02
 -.186075E+01 -.145738E+01 0.345494E+01 -.817846E+00 0.257000E+01 0.352387E+02
 -.188549E+01 -.146593E+01 0.345004E+01 -.814796E+00 0.257017E+01 0.345592E+02
 -.187765E+01 -.146656E+01 0.345298E+01 -.819330E+00 0.257002E+01 0.343129E+02
 -.187930E+01 -.146664E+01 0.345351E+01 -.819402E+00 0.257000E+01 0.343156E+02
 -.187535E+01 -.146533E+01 0.343849E+01 -.819792E+00 0.257045E+01 0.359620E+02
 -.187766E+01 -.146682E+01 0.345368E+01 -.819320E+00 0.257000E+01 0.343122E+02
 -.187755E+01 -.146672E+01 0.345328E+01 -.819330E+00 0.257000E+01 0.343116E+02
 -.188003E+01 -.146685E+01 0.345599E+01 -.819773E+00 0.257000E+01 0.343347E+02
 -.189757E+01 -.146560E+01 0.345521E+01 -.828267E+00 0.257000E+01 0.353195E+02
 -.187761E+01 -.146679E+01 0.345337E+01 -.819211E+00 0.257001E+01 0.343116E+02
 -.187769E+01 -.146609E+01 0.345319E+01 -.819209E+00 0.257002E+01 0.343123E+02
 -.187822E+01 -.146708E+01 0.345326E+01 -.819132E+00 0.257002E+01 0.343125E+02
 -.188170E+01 -.146333E+01 0.343621E+01 -.819434E+00 0.257883E+01 0.394434E+02
 -.188090E+01 -.146963E+01 0.345688E+01 -.832326E+00 0.257009E+01 0.347331E+02
 -.187840E+01 -.146095E+01 0.345630E+01 -.818821E+00 0.257013E+01 0.344319E+02
 -.190721E+01 -.153046E+01 0.349544E+01 -.816193E+00 0.259029E+01 0.409083E+02
 -.187798E+01 -.146565E+01 0.345349E+01 -.820157E+00 0.257002E+01 0.343160E+02
 -.187751E+01 -.146678E+01 0.345326E+01 -.819310E+00 0.257027E+01 0.343128E+02
 -.188322E+01 -.146609E+01 0.345055E+01 -.818061E+00 0.257000E+01 0.344817E+02
 -.188101E+01 -.146655E+01 0.345380E+01 -.820266E+00 0.257011E+01 0.343336E+02
 -.187813E+01 -.147210E+01 0.345147E+01 -.812415E+00 0.257098E+01 0.344277E+02
 -.187764E+01 -.146679E+01 0.345330E+01 -.819262E+00 0.257000E+01 0.343115E+02
 -.187913E+01 -.146594E+01 0.346146E+01 -.818894E+00 0.257028E+01 0.347740E+02
 -.187745E+01 -.146569E+01 0.345281E+01 -.819419E+00 0.257023E+01 0.343178E+02
 -.187759E+01 -.144808E+01 0.345543E+01 -.819336E+00 0.257016E+01 0.348661E+02
 -.187833E+01 -.146661E+01 0.345323E+01 -.819338E+00 0.257000E+01 0.343131E+02
 -.187709E+01 -.146684E+01 0.345346E+01 -.819437E+00 0.257000E+01 0.343124E+02
 -.187522E+01 -.146644E+01 0.345163E+01 -.818951E+00 0.257001E+01 0.343205E+02
 -.187810E+01 -.146642E+01 0.345493E+01 -.819165E+00 0.257002E+01 0.343291E+02
 -.187789E+01 -.147070E+01 0.345219E+01 -.819253E+00 0.257003E+01 0.343486E+02
 -.187749E+01 -.146957E+01 0.345204E+01 -.819825E+00 0.257009E+01 0.343472E+02
 -.187732E+01 -.146641E+01 0.345327E+01 -.819141E+00 0.257005E+01 0.343119E+02
 -.187663E+01 -.152723E+01 0.345326E+01 -.797544E+00 0.257000E+01 0.404782E+02
 -.187757E+01 -.146527E+01 0.345246E+01 -.819285E+00 0.257006E+01 0.343207E+02
 -.192922E+01 -.146706E+01 0.345910E+01 -.819846E+00 0.257289E+01 0.381425E+02
 -.187959E+01 -.146714E+01 0.346724E+01 -.818979E+00 0.257001E+01 0.357499E+02
 -.187992E+01 -.146718E+01 0.345281E+01 -.819034E+00 0.257005E+01 0.343304E+02
 -.187277E+01 -.146670E+01 0.345344E+01 -.819376E+00 0.257022E+01 0.343568E+02
 -.188195E+01 -.146557E+01 0.345340E+01 -.819020E+00 0.257075E+01 0.343549E+02
 -.187081E+01 -.146289E+01 0.345539E+01 -.816618E+00 0.257003E+01 0.346382E+02
 -.187763E+01 -.146681E+01 0.345333E+01 -.819375E+00 0.257003E+01 0.343117E+02
 -.187574E+01 -.146702E+01 0.345885E+01 -.818442E+00 0.257002E+01 0.346554E+02
 -.187739E+01 -.146765E+01 0.346266E+01 -.820965E+00 0.257000E+01 0.348868E+02
 -.187688E+01 -.146510E+01 0.345078E+01 -.819312E+00 0.257003E+01 0.343582E+02
 -.187724E+01 -.146694E+01 0.345439E+01 -.819414E+00 0.257003E+01 0.343210E+02
 -.187764E+01 -.146689E+01 0.345334E+01 -.819419E+00 0.257002E+01 0.343117E+02
 -.187716E+01 -.146680E+01 0.345382E+01 -.823241E+00 0.257000E+01 0.343597E+02
 -.187727E+01 -.146640E+01 0.345334E+01 -.819614E+00 0.257000E+01 0.343124E+02
 -.187764E+01 -.146806E+01 0.345288E+01 -.819060E+00 0.257004E+01 0.343152E+02
 -.187714E+01 -.146612E+01 0.345332E+01 -.819584E+00 0.257021E+01 0.343140E+02
 -.187696E+01 -.147688E+01 0.344999E+01 -.818734E+00 0.257000E+01 0.345282E+02
 -.187788E+01 -.146665E+01 0.345286E+01 -.819959E+00 0.257007E+01 0.343201E+02
 -.187692E+01 -.146557E+01 0.345327E+01 -.819201E+00 0.257002E+01 0.343146E+02
 -.186164E+01 -.146716E+01 0.347882E+01 -.826671E+00 0.257000E+01 0.406792E+02
 -.187767E+01 -.146677E+01 0.345343E+01 -.819360E+00 0.257000E+01 0.343116E+02
 -.187185E+01 -.146719E+01 0.345347E+01 -.834373E+00 0.257001E+01 0.351086E+02
 -.187760E+01 -.146681E+01 0.345336E+01 -.819497E+00 0.257002E+01 0.343118E+02
 -.187776E+01 -.146669E+01 0.345311E+01 -.820502E+00 0.257005E+01 0.343217E+02
 -.187782E+01 -.146671E+01 0.345334E+01 -.819151E+00 0.257000E+01 0.343116E+02
 -.187763E+01 -.146678E+01 0.345312E+01 -.819221E+00 0.257001E+01 0.343118E+02
 -.187763E+01 -.146572E+01 0.345334E+01 -.819318E+00 0.257005E+01 0.343132E+02
 -.187957E+01 -.146676E+01 0.345349E+01 -.819304E+00 0.257002E+01 0.343171E+02
 -.187982E+01 -.146501E+01 0.345337E+01 -.819247E+00 0.257024E+01 0.343264E+02
 -.190314E+01 -.146744E+01 0.345167E+01 -.819405E+00 0.257004E+01 0.357943E+02
 -.186980E+01 -.147806E+01 0.340564E+01 -.775560E+00 0.257000E+01 0.408878E+02
 -.187803E+01 -.146684E+01 0.345912E+01 -.819363E+00 0.257006E+01 0.345537E+02
 -.187732E+01 -.146474E+01 0.345613E+01 -.819375E+00 0.257001E+01 0.343835E+02
 -.187780E+01 -.146685E+01 0.345299E+01 -.819564E+00 0.257000E+01 0.343142E+02
 -.187947E+01 -.146206E+01 0.345617E+01 -.850538E+00 0.257020E+01 0.372803E+02
 -.187657E+01 -.146706E+01 0.345374E+01 -.819261E+00 0.257003E+01 0.343172E+02
 -.187759E+01 -.146659E+01 0.345328E+01 -.819443E+00 0.257002E+01 0.343119E+02
 -.187757E+01 -.146813E+01 0.345466E+01 -.818848E+00 0.257000E+01 0.343322E+02
 -.187781E+01 -.142218E+01 0.345418E+01 -.819496E+00 0.257001E+01 0.373728E+02
 -.187671E+01 -.146658E+01 0.345325E+01 -.819094E+00 0.257000E+01 0.343131E+02
 -.187295E+01 -.145587E+01 0.345362E+01 -.819481E+00 0.257010E+01 0.345369E+02
 -.188568E+01 -.147276E+01 0.344859E+01 -.819327E+00 0.257142E+01 0.350188E+02
 -.187473E+01 -.146671E+01 0.345336E+01 -.819079E+00 0.257003E+01 0.343287E+02
 -.187846E+01 -.146698E+01 0.345328E+01 -.817554E+00 0.257012E+01 0.343203E+02
 -.189681E+01 -.145310E+01 0.345905E+01 -.830098E+00 0.257008E+01 0.351456E+02
 -.187572E+01 -.146849E+01 0.345396E+01 -.819314E+00 0.257000E+01 0.343306E+02
 -.187751E+01 -.146643E+01 0.345482E+01 -.819394E+00 0.257008E+01 0.343273E+02
 -.187769E+01 -.146693E+01 0.345283E+01 -.818361E+00 0.257001E+01 0.343129E+02
 -.187694E+01 -.146563E+01 0.344437E+01 -.819598E+00 0.257000E+01 0.349196E+02
 -.187768E+01 -.146678E+01 0.345206E+01 -.819102E+00 0.257005E+01 0.343249E+02
 -.187730E+01 -.146668E+01 0.345324E+01 -.819396E+00 0.257001E+01 0.343118E+02
 -.187861E+01 -.146679E+01 0.345364E+01 -.819405E+00 0.257007E+01 0.343124E+02
 -.186428E+01 -.146618E+01 0.345309E+01 -.813180E+00 0.257003E+01 0.348816E+02
 -.187769E+01 -.146685E+01 0.345337E+01 -.819349E+00 0.257000E+01 0.343116E+02
 -.187766E+01 -.146581E+01 0.345343E+01 -.819230E+00 0.257002E+01 0.343130E+02
 -.187769E+01 -.146667E+01 0.345323E+01 -.820316E+00 0.257000E+01 0.343173E+02
 -.188122E+01 -.146548E+01 0.344763E+01 -.818523E+00 0.257557E+01 0.353017E+02
 -.188248E+01 -.146193E+01 0.345266E+01 -.795596E+00 0.257008E+01 0.365771E+02
 -.187486E+01 -.146272E+01 0.345646E+01 -.818516E+00 0.257009E+01 0.345017E+02
 -.185807E+01 -.150350E+01 0.345613E+01 -.815912E+00 0.257709E+01 0.368616E+02
 -.187782E+01 -.146698E+01 0.345337E+01 -.819378E+00 0.257001E+01 0.343117E+02
 -.187741E+01 -.146732E+01 0.345308E+01 -.819192E+00 0.257018E+01 0.343131E+02
 -.188407E+01 -.146707E+01 0.345530E+01 -.818449E+00 0.257000E+01 0.343608E+02
 -.187676E+01 -.146704E+01 0.345319E+01 -.819569E+00 0.257004E+01 0.343132E+02
 -.187334E+01 -.145083E+01 0.345221E+01 -.817738E+00 0.257078E+01 0.347041E+02
 -.187762E+01 -.146682E+01 0.345331E+01 -.819335E+00 0.257003E+01 0.343117E+02
 -.187781E+01 -.146878E+01 0.345617E+01 -.818033E+00 0.257019E+01 0.344000E+02
 -.187718E+01 -.146541E+01 0.344965E+01 -.819420E+00 0.257000E+01 0.344146E+02
 -.187783E+01 -.141821E+01 0.345205E+01 -.819441E+00 0.257000E+01 0.379282E+02
 -.187785E+01 -.146670E+01 0.345320E+01 -.819245E+00 0.257007E+01 0.343121E+02
 -.187769E+01 -.146685E+01 0.345354E+01 -.819485E+00 0.257001E+01 0.343117E+02
 -.187934E+01 -.146512E+01 0.345186E+01 -.819644E+00 0.257000E+01 0.343567E+02
 -.187741E+01 -.146686E+01 0.345758E+01 -.820059E+00 0.257000E+01 0.344321E+02
 -.187802E+01 -.146319E+01 0.345280E+01 -.819285E+00 0.257000E+01 0.343321E+02
 -.187484E+01 -.146871E+01 0.345151E+01 -.814364E+00 0.257010E+01 0.343669E+02
 -.187733E+01 -.146673E+01 0.345329E+01 -.819025E+00 0.257006E+01 0.343118E+02
 -.187693E+01 -.153728E+01 0.345310E+01 -.834851E+00 0.257010E+01 0.414565E+02
 -.187761E+01 -.146391E+01 0.345195E+01 -.819330E+00 0.257011E+01 0.343399E+02
 -.192408E+01 -.146468E+01 0.346490E+01 -.822226E+00 0.257302E+01 0.364389E+02
 -.187891E+01 -.146664E+01 0.347497E+01 -.819470E+00 0.257002E+01 0.379191E+02
 -.187932E+01 -.146612E+01 0.345273E+01 -.819389E+00 0.257007E+01 0.343285E+02
 -.187277E+01 -.146704E+01 0.345338E+01 -.819167E+00 0.257033E+01 0.343557E+02
 -.187362E+01 -.146601E+01 0.345357E+01 -.820269E+00 0.257059E+01 0.343478E+02
 -.187239E+01 -.147072E+01 0.345949E+01 -.824567E+00 0.257003E+01 0.346460E+02
 -.187764E+01 -.146681E+01 0.345332E+01 -.819202E+00 0.257004E+01 0.343116E+02
 -.187629E+01 -.146651E+01 0.345510E+01 -.818413E+00 0.257001E+01 0.343694E+02
 -.187961E+01 -.146768E+01 0.345746E+01 -.818677E+00 0.257000E+01 0.344282E+02
 -.187683E+01 -.146589E+01 0.345495E+01 -.819273E+00 0.257000E+01 0.343420E+02
 -.187982E+01 -.146677E+01 0.345283E+01 -.819334E+00 0.257000E+01 0.343298E+02
 -.187767E+01 -.146740E+01 0.345338E+01 -.818841E+00 0.257002E+01 0.343127E+02
 -.187689E+01 -.146676E+01 0.345332E+01 -.820560E+00 0.257001E+01 0.343184E+02
 -.187756E+01 -.146716E+01 0.345336E+01 -.818864E+00 0.257012E+01 0.343122E+02
 -.187762E+01 -.146704E+01 0.345308E+01 -.818774E+00 0.257000E+01 0.343119E+02
 -.187832E+01 -.146640E+01 0.345316E+01 -.819814E+00 0.257017E+01 0.343180E+02
 -.187345E+01 -.147585E+01 0.345405E+01 -.820288E+00 0.257211E+01 0.344910E+02
 -.187770E+01 -.146677E+01 0.345358E+01 -.819692E+00 0.257006E+01 0.343121E+02
 -.187713E+01 -.146784E+01 0.345325E+01 -.819259E+00 0.257000E+01 0.343133E+02
 -.191765E+01 -.146747E+01 0.350000E+01 -.825311E+00 0.259919E+01 0.347955E+02
 -.187761E+01 -.146678E+01 0.345348E+01 -.819267E+00 0.257001E+01 0.343117E+02
 -.188223E+01 -.146979E+01 0.345419E+01 -.800935E+00 0.257001E+01 0.357988E+02
 -.187769E+01 -.146679E+01 0.345328E+01 -.819795E+00 0.257001E+01 0.343132E+02
 -.187774E+01 -.146681E+01 0.345338E+01 -.819117E+00 0.257009E+01 0.343116E+02
 -.187792E+01 -.146669E+01 0.345331E+01 -.819197E+00 0.257003E+01 0.343117E+02
 -.187778E+01 -.146680E+01 0.345384E+01 -.818958E+00 0.257001E+01 0.343146E+02
 -.187768E+01 -.146716E+01 0.345338E+01 -.819366E+00 0.257004E+01 0.343118E+02
 -.187941E+01 -.146657E+01 0.345350E+01 -.819365E+00 0.257002E+01 0.343162E+02
 -.188103E+01 -.146792E+01 0.345330E+01 -.819330E+00 0.257007E+01 0.343381E+02
 -.191878E+01 -.146609E+01 0.345364E+01 -.820627E+00 0.257002E+01 0.374998E+02
 -.187807E+01 -.146680E+01 0.345089E+01 -.819133E+00 0.257004E+01 0.343639E+02
 -.187997E+01 -.146527E+01 0.345268E+01 -.818665E+00 0.257000E+01 0.343325E+02
 -.187749E+01 -.146681E+01 0.345344E+01 -.819114E+00 0.257001E+01 0.343120E+02
 -.187824E+01 -.147056E+01 0.345147E+01 -.855215E+00 0.257012E+01 0.394418E+02
 -.187661E+01 -.146740E+01 0.345363E+01 -.819254E+00 0.257004E+01 0.343160E+02
 -.187752E+01 -.146599E+01 0.345331E+01 -.819304E+00 0.257001E+01 0.343125E+02
 -.187758E+01 -.146793E+01 0.345467E+01 -.819098E+00 0.257002E+01 0.343285E+02
 -.187999E+01 -.153604E+01 0.345448E+01 -.819422E+00 0.257000E+01 0.400512E+02
 -.187887E+01 -.146684E+01 0.345346E+01 -.819398E+00 0.257041E+01 0.343165E+02
 -.187680E+01 -.146140E+01 0.345240E+01 -.819346E+00 0.257016E+01 0.343568E+02
 -.188849E+01 -.146566E+01 0.345008E+01 -.819324E+00 0.257120E+01 0.348950E+02
 -.187644E+01 -.146672E+01 0.345367E+01 -.819378E+00 0.257000E+01 0.343169E+02
 -.187803E+01 -.146616E+01 0.345336E+01 -.819158E+00 0.257017E+01 0.343126E+02
 -.192719E+01 -.146885E+01 0.346231E+01 -.850284E+00 0.257000E+01 0.407348E+02
 -.189509E+01 -.144545E+01 0.344205E+01 -.827019E+00 0.257000E+01 0.384493E+02
 -.187467E+01 -.146891E+01 0.345637E+01 -.823579E+00 0.257029E+01 0.344006E+02
 -.187773E+01 -.146684E+01 0.345423E+01 -.819478E+00 0.257004E+01 0.343157E+02
 -.187660E+01 -.146691E+01 0.345302E+01 -.819175E+00 0.257002E+01 0.343126E+02
 -.187774E+01 -.146587E+01 0.346485E+01 -.818860E+00 0.257114E+01 0.352358E+02
 -.187768E+01 -.146662E+01 0.345195E+01 -.818971E+00 0.257006E+01 0.343259E+02
 -.187763E+01 -.146683E+01 0.345325E+01 -.819270E+00 0.257000E+01 0.343116E+02
 -.187608E+01 -.146672E+01 0.345144E+01 -.819121E+00 0.257012E+01 0.343304E+02
 -.185211E+01 -.147456E+01 0.345639E+01 -.809960E+00 0.257005E+01 0.369600E+02
 -.187768E+01 -.146685E+01 0.345336E+01 -.819218E+00 0.257001E+01 0.343115E+02
 -.187761E+01 -.146674E+01 0.345347E+01 -.819281E+00 0.257000E+01 0.343117E+02
 -.187774E+01 -.146623E+01 0.345367E+01 -.819413E+00 0.257001E+01 0.343124E+02
 -.189663E+01 -.146848E+01 0.346077E+01 -.818333E+00 0.257000E+01 0.347029E+02
 -.187922E+01 -.146521E+01 0.345080E+01 -.792075E+00 0.257008E+01 0.369958E+02
 -.188699E+01 -.147642E+01 0.345187E+01 -.819882E+00 0.257005E+01 0.347366E+02
 -.187759E+01 -.146771E+01 0.345326E+01 -.818657E+00 0.257000E+01 0.343136E+02
 -.187750E+01 -.146653E+01 0.345311E+01 -.819142E+00 0.257003E+01 0.343118E+02
 -.187854E+01 -.146766E+01 0.345795E+01 -.819822E+00 0.257000E+01 0.344377E+02
 -.187473E+01 -.146714E+01 0.345285E+01 -.818955E+00 0.257000E+01 0.343222E+02
 -.187678E+01 -.147410E+01 0.345181E+01 -.820185E+00 0.257000E+01 0.344189E+02
 -.187762E+01 -.146677E+01 0.345333E+01 -.819305E+00 0.257000E+01 0.343115E+02
 -.187711E+01 -.146793E+01 0.344510E+01 -.818841E+00 0.257000E+01 0.347919E+02
 -.187753E+01 -.146559E+01 0.345071E+01 -.819362E+00 0.257027E+01 0.343777E+02
 -.187779E+01 -.145609E+01 0.345209E+01 -.819344E+00 0.257014E+01 0.344841E+02
 -.187723E+01 -.146680E+01 0.345333E+01 -.819199E+00 0.257010E+01 0.343120E+02
 -.187803E+01 -.146683E+01 0.345342E+01 -.819202E+00 0.257000E+01 0.343117E+02
 -.188177E+01 -.146677E+01 0.345677E+01 -.820031E+00 0.257000E+01 0.343446E+02
 -.187713E+01 -.146714E+01 0.345065E+01 -.820863E+00 0.257003E+01 0.344089E+02
 -.187809E+01 -.146299E+01 0.345362E+01 -.819199E+00 0.257007E+01 0.343322E+02
 -.187850E+01 -.146688E+01 0.345399E+01 -.819948E+00 0.257005E+01 0.343124E+02
 -.187747E+01 -.146704E+01 0.345331E+01 -.819271E+00 0.257005E+01 0.343117E+02
 -.187266E+01 -.142421E+01 0.345197E+01 -.836589E+00 0.257011E+01 0.381122E+02
 -.187764E+01 -.146567E+01 0.345355E+01 -.819351E+00 0.257005E+01 0.343136E+02
 -.182536E+01 -.146604E+01 0.345549E+01 -.823075E+00 0.257395E+01 0.396165E+02
 -.187716E+01 -.146717E+01 0.347616E+01 -.820185E+00 0.257010E+01 0.383816E+02
 -.187432E+01 -.146702E+01 0.345317E+01 -.819331E+00 0.257000E+01 0.343294E+02
 -.188336E+01 -.146724E+01 0.345332E+01 -.819268E+00 0.257012E+01 0.343767E+02
 -.187000E+01 -.146689E+01 0.345353E+01 -.820626E+00 0.257000E+01 0.344201E+02
 -.187642E+01 -.147082E+01 0.345216E+01 -.822135E+00 0.257002E+01 0.344013E+02
 -.187764E+01 -.146681E+01 0.345333E+01 -.819229E+00 0.257000E+01 0.343115E+02
 -.187791E+01 -.146615E+01 0.344968E+01 -.820420E+00 0.257000E+01 0.344616E+02
 -.188035E+01 -.146630E+01 0.344895E+01 -.818451E+00 0.257001E+01 0.345084E+02
 -.187760E+01 -.146614E+01 0.345606E+01 -.818541E+00 0.257002E+01 0.343895E+02
 -.188118E+01 -.146651E+01 0.345174E+01 -.819079E+00 0.257004E+01 0.343838E+02
 -.187761E+01 -.146739E+01 0.345336E+01 -.819322E+00 0.257001E+01 0.343121E+02
 -.187811E+01 -.146676E+01 0.345363E+01 -.816871E+00 0.257000E+01 0.343389E+02
 -.187788E+01 -.146762E+01 0.345334E+01 -.818703E+00 0.257021E+01 0.343131E+02
 -.187767E+01 -.146611E+01 0.345373E+01 -.819436E+00 0.257005E+01 0.343129E+02
 -.187825E+01 -.146720E+01 0.345354E+01 -.819377E+00 0.257000E+01 0.343121E+02
 -.187692E+01 -.146834E+01 0.345545E+01 -.820016E+00 0.257113E+01 0.343325E+02
 -.187748E+01 -.146686E+01 0.345403E+01 -.819051E+00 0.257003E+01 0.343170E+02
 -.187782E+01 -.146786E+01 0.345326E+01 -.819298E+00 0.257002E+01 0.343135E+02
 -.187764E+01 -.146677E+01 0.345321E+01 -.819193E+00 0.257000E+01 0.343116E+02
 -.188856E+01 -.146907E+01 0.345366E+01 -.804912E+00 0.257002E+01 0.351992E+02
 -.187770E+01 -.146681E+01 0.345325E+01 -.818583E+00 0.257000E+01 0.343128E+02
 -.187758E+01 -.146689E+01 0.345358E+01 -.818067E+00 0.257001E+01 0.343200E+02
 -.187777E+01 -.146680E+01 0.345334E+01 -.819235E+00 0.257002E+01 0.343116E+02
 -.187788E+01 -.146675E+01 0.345331E+01 -.819029E+00 0.257001E+01 0.343117E+02
 -.187768E+01 -.146757E+01 0.345339E+01 -.819342E+00 0.257003E+01 0.343124E+02
 -.187713E+01 -.146647E+01 0.345326E+01 -.818960E+00 0.257000E+01 0.343124E+02
 -.187753E+01 -.146779E+01 0.345385E+01 -.819308E+00 0.257000E+01 0.343149E+02
 -.186171E+01 -.146518E+01 0.345407E+01 -.819280E+00 0.257000E+01 0.348641E+02
 -.187774E+01 -.146621E+01 0.344997E+01 -.819114E+00 0.257000E+01 0.343978E+02
 -.188021E+01 -.146696E+01 0.345064E+01 -.818908E+00 0.257000E+01 0.344101E+02
 -.187733E+01 -.146681E+01 0.345399E+01 -.819028E+00 0.257000E+01 0.343177E+02
 -.187702E+01 -.147414E+01 0.345314E+01 -.823961E+00 0.257003E+01 0.344872E+02
 -.187806E+01 -.146739E+01 0.345348E+01 -.819261E+00 0.257002E+01 0.343122E+02
 -.187757E+01 -.146629E+01 0.345334E+01 -.819205E+00 0.257001E+01 0.343119E+02
 -.187759E+01 -.146684E+01 0.345360E+01 -.819464E+00 0.257005E+01 0.343119E+02
 -.187934E+01 -.146261E+01 0.345389E+01 -.819462E+00 0.257001E+01 0.343381E+02
 -.187727E+01 -.146698E+01 0.345323E+01 -.819325E+00 0.257048E+01 0.343149E+02
 -.188077E+01 -.147283E+01 0.345262E+01 -.819193E+00 0.257004E+01 0.344022E+02
 -.187783E+01 -.145948E+01 0.345851E+01 -.819385E+00 0.257011E+01 0.345986E+02
 -.188059E+01 -.146668E+01 0.345369E+01 -.819551E+00 0.257003E+01 0.343251E+02
 -.187719E+01 -.146584E+01 0.345339E+01 -.820546E+00 0.257018E+01 0.343209E+02
 -.188325E+01 -.146846E+01 0.345308E+01 -.780602E+00 0.257605E+01 0.387205E+02
 -.187065E+01 -.149237E+01 0.343429E+01 -.820374E+00 0.257010E+01 0.376960E+02
 -.188399E+01 -.146569E+01 0.345471E+01 -.818752E+00 0.257039E+01 0.343566E+02
 -.187789E+01 -.146708E+01 0.345254E+01 -.819603E+00 0.257000E+01 0.343219E+02
 -.187604E+01 -.146683E+01 0.345345E+01 -.819808E+00 0.257002E+01 0.343170E+02
 -.187719E+01 -.146646E+01 0.347308E+01 -.818863E+00 0.257017E+01 0.375394E+02
 -.187766E+01 -.146670E+01 0.345490E+01 -.819256E+00 0.257000E+01 0.343307E+02
 -.187789E+01 -.146691E+01 0.345334E+01 -.819172E+00 0.257000E+01 0.343116E+02
 -.187689E+01 -.146681E+01 0.345332E+01 -.819289E+00 0.257000E+01 0.343125E+02
 -.186006E+01 -.147771E+01 0.345466E+01 -.818766E+00 0.257000E+01 0.351696E+02
 -.187762E+01 -.146674E+01 0.345333E+01 -.819149E+00 0.257000E+01 0.343116E+02
 -.187760E+01 -.146730E+01 0.345333E+01 -.819268E+00 0.257000E+01 0.343119E+02
 -.187791E+01 -.146667E+01 0.345389E+01 -.818506E+00 0.257005E+01 0.343180E+02
 -.188358E+01 -.146736E+01 0.347240E+01 -.815852E+00 0.257345E+01 0.363806E+02
 -.188199E+01 -.146932E+01 0.345107E+01 -.837067E+00 0.257002E+01 0.360736E+02
 -.188870E+01 -.147682E+01 0.345173E+01 -.820811E+00 0.257005E+01 0.348832E+02
 -.192058E+01 -.145804E+01 0.348392E+01 -.816137E+00 0.259013E+01 0.347670E+02
 -.187746E+01 -.146738E+01 0.345334E+01 -.818820E+00 0.257001E+01 0.343128E+02
 -.187771E+01 -.146622E+01 0.345344E+01 -.819122E+00 0.257000E+01 0.343122E+02
 -.187656E+01 -.146683E+01 0.345656E+01 -.819296E+00 0.257000E+01 0.344126E+02
 -.187503E+01 -.146680E+01 0.345317E+01 -.819031E+00 0.257006E+01 0.343228E+02
 -.187971E+01 -.147717E+01 0.345171E+01 -.821473E+00 0.257192E+01 0.347068E+02
 -.187765E+01 -.146674E+01 0.345335E+01 -.819186E+00 0.257001E+01 0.343115E+02
 -.187708E+01 -.146187E+01 0.344095E+01 -.819106E+00 0.257013E+01 0.354596E+02
 -.187776E+01 -.146708E+01 0.345553E+01 -.819337E+00 0.257035E+01 0.343376E+02
 -.187772E+01 -.149398E+01 0.345443E+01 -.819279E+00 0.257018E+01 0.352739E+02
 -.187685E+01 -.146687E+01 0.345343E+01 -.819173E+00 0.257008E+01 0.343133E+02
 -.187735E+01 -.146686E+01 0.345325E+01 -.819180E+00 0.257000E+01 0.343116E+02
 -.188009E+01 -.146853E+01 0.345753E+01 -.819450E+00 0.257000E+01 0.344012E+02
 -.187813E+01 -.146695E+01 0.345264E+01 -.819451E+00 0.257002E+01 0.343206E+02
 -.187772E+01 -.146939E+01 0.345338E+01 -.819187E+00 0.257009E+01 0.343210E+02
 -.188107E+01 -.146540E+01 0.345561E+01 -.823942E+00 0.257001E+01 0.343560E+02
 -.187770E+01 -.146705E+01 0.345333E+01 -.819344E+00 0.257000E+01 0.343117E+02
 -.187127E+01 -.144312E+01 0.345225E+01 -.813154E+00 0.257002E+01 0.353835E+02
 -.187755E+01 -.146989E+01 0.345424E+01 -.819269E+00 0.257000E+01 0.343300E+02
 -.187845E+01 -.146798E+01 0.342037E+01 -.819312E+00 0.257012E+01 0.425587E+02
 -.187744E+01 -.146769E+01 0.345294E+01 -.818953E+00 0.257008E+01 0.343133E+02
 -.187442E+01 -.146678E+01 0.345335E+01 -.819375E+00 0.257000E+01 0.343309E+02
 -.187630E+01 -.146696E+01 0.345365E+01 -.820759E+00 0.257107E+01 0.343388E+02
 -.187720E+01 -.146286E+01 0.344725E+01 -.815186E+00 0.257000E+01 0.344628E+02
 -.187765E+01 -.146680E+01 0.345334E+01 -.819249E+00 0.257003E+01 0.343116E+02
 -.187641E+01 -.146688E+01 0.345142E+01 -.820427E+00 0.257002E+01 0.343544E+02
 -.187782E+01 -.146586E+01 0.345552E+01 -.823867E+00 0.257001E+01 0.343505E+02
 -.187782E+01 -.146619E+01 0.345096E+01 -.818655E+00 0.257001E+01 0.343484E+02
 -.187775E+01 -.146654E+01 0.345312E+01 -.819038E+00 0.257002E+01 0.343119E+02
 -.187758E+01 -.146663E+01 0.345329E+01 -.819705E+00 0.257000E+01 0.343126E+02
 -.187845E+01 -.146692E+01 0.345386E+01 -.820128E+00 0.257000E+01 0.343130E+02
 -.187741E+01 -.146775E+01 0.345333E+01 -.819576E+00 0.257000E+01 0.343133E+02
 -.187768E+01 -.146582E+01 0.345371E+01 -.819535E+00 0.257013E+01 0.343134E+02
 -.187735E+01 -.146718E+01 0.345358E+01 -.818942E+00 0.257020E+01 0.343131E+02
 -.188033E+01 -.146028E+01 0.345456E+01 -.819163E+00 0.257000E+01 0.343805E+02
 -.187762E+01 -.146684E+01 0.345294E+01 -.818718E+00 0.257003E+01 0.343121E+02
 -.187806E+01 -.146561E+01 0.345324E+01 -.819189E+00 0.257004E+01 0.343139E+02
 -.186763E+01 -.146704E+01 0.345157E+01 -.809919E+00 0.258047E+01 0.347006E+02
 -.187766E+01 -.146678E+01 0.345321E+01 -.819210E+00 0.257000E+01 0.343116E+02
 -.186697E+01 -.146485E+01 0.345321E+01 -.817197E+00 0.257000E+01 0.345740E+02
 -.187763E+01 -.146684E+01 0.345333E+01 -.819088E+00 0.257003E+01 0.343116E+02
 -.187769E+01 -.146680E+01 0.345345E+01 -.817613E+00 0.257002E+01 0.343234E+02
 -.187760E+01 -.146688E+01 0.345335E+01 -.819260E+00 0.257000E+01 0.343115E+02
 -.187784E+01 -.146677E+01 0.345293E+01 -.819134E+00 0.257001E+01 0.343129E+02
 -.187765E+01 -.146724E+01 0.345337E+01 -.819089E+00 0.257002E+01 0.343119E+02
 -.187554E+01 -.146655E+01 0.345314E+01 -.819034E+00 0.257001E+01 0.343186E+02
 -.187489E+01 -.146664E+01 0.345380E+01 -.819173E+00 0.257006E+01 0.343345E+02
 -.185686E+01 -.146652E+01 0.345324E+01 -.817952E+00 0.257002E+01 0.351564E+02
 -.188417E+01 -.144111E+01 0.343823E+01 -.782755E+00 0.257217E+01 0.380829E+02
 -.187725E+01 -.146669E+01 0.345365E+01 -.819243E+00 0.257004E+01 0.343133E+02
 -.187999E+01 -.146761E+01 0.345264E+01 -.818964E+00 0.257000E+01 0.343344E+02
 -.187787E+01 -.146682E+01 0.345363E+01 -.819547E+00 0.257000E+01 0.343117E+02
 -.187813E+01 -.146923E+01 0.345469E+01 -.795007E+00 0.257005E+01 0.371853E+02
 -.187876E+01 -.146711E+01 0.345316E+01 -.819224E+00 0.257000E+01 0.343153E+02
 -.187762E+01 -.146654E+01 0.345336E+01 -.819140E+00 0.257000E+01 0.343117E+02
 -.187766E+01 -.146597E+01 0.345266E+01 -.819707E+00 0.257003E+01 0.343195E+02
 -.187830E+01 -.140889E+01 0.345297E+01 -.819259E+00 0.257000E+01 0.395701E+02
 -.187654E+01 -.146649E+01 0.345306E+01 -.819169E+00 0.257000E+01 0.343129E+02
 -.187703E+01 -.148035E+01 0.345341E+01 -.819166E+00 0.257007E+01 0.345587E+02
 -.186963E+01 -.146490E+01 0.346043E+01 -.819464E+00 0.257027E+01 0.351054E+02
 -.188151E+01 -.146665E+01 0.345330E+01 -.819524E+00 0.257002E+01 0.343433E+02
 -.187730E+01 -.146614E+01 0.345335E+01 -.820289E+00 0.257000E+01 0.343160E+02
 -.184309E+01 -.146419E+01 0.345202E+01 -.792325E+00 0.257693E+01 0.386000E+02
 -.189144E+01 -.147388E+01 0.346407E+01 -.813953E+00 0.257040E+01 0.352623E+02
 -.188860E+01 -.146509E+01 0.345272E+01 -.816860E+00 0.257000E+01 0.345497E+02
 -.187778E+01 -.146673E+01 0.345307E+01 -.819173E+00 0.257002E+01 0.343122E+02
 -.187795E+01 -.146682E+01 0.345348E+01 -.819274E+00 0.257000E+01 0.343116E+02
 -.187502E+01 -.146642E+01 0.343195E+01 -.819227E+00 0.257000E+01 0.374640E+02
 -.187766E+01 -.146688E+01 0.345450E+01 -.819161E+00 0.257005E+01 0.343221E+02
 -.187780E+01 -.146674E+01 0.345335E+01 -.819212E+00 0.257000E+01 0.343115E+02
 -.187879E+01 -.146687E+01 0.345519E+01 -.819543E+00 0.257011E+01 0.343239E+02
 -.187614E+01 -.146713E+01 0.345306E+01 -.826226E+00 0.257004E+01 0.345090E+02
 -.187763E+01 -.146676E+01 0.345333E+01 -.819157E+00 0.257000E+01 0.343115E+02
 -.187767E+01 -.146688E+01 0.345326E+01 -.819189E+00 0.257001E+01 0.343116E+02
 -.187807E+01 -.146656E+01 0.345395E+01 -.819334E+00 0.257004E+01 0.343129E+02
 -.186965E+01 -.146405E+01 0.346224E+01 -.818675E+00 0.258668E+01 0.352666E+02
 -.188572E+01 -.146918E+01 0.345852E+01 -.842821E+00 0.257013E+01 0.358107E+02
 -.188026E+01 -.147004E+01 0.345395E+01 -.820477E+00 0.257012E+01 0.343407E+02
 -.189472E+01 -.147524E+01 0.349243E+01 -.816513E+00 0.259059E+01 0.368048E+02
 -.187763E+01 -.146652E+01 0.345342E+01 -.819240E+00 0.257001E+01 0.343117E+02
 -.187758E+01 -.146682E+01 0.345350E+01 -.819208E+00 0.257008E+01 0.343118E+02
 -.188370E+01 -.146619E+01 0.345315E+01 -.817841E+00 0.257000E+01 0.343805E+02
 -.187920E+01 -.146659E+01 0.345363E+01 -.819353E+00 0.257008E+01 0.343144E+02
 -.188127E+01 -.146152E+01 0.345380E+01 -.815279E+00 0.257169E+01 0.343869E+02
 -.187766E+01 -.146677E+01 0.345327E+01 -.819158E+00 0.257000E+01 0.343115E+02
 -.188011E+01 -.146653E+01 0.345386E+01 -.818987E+00 0.257029E+01 0.343182E+02
 -.187776E+01 -.146748E+01 0.345495E+01 -.819276E+00 0.257000E+01 0.343307E+02
 -.187764E+01 -.147836E+01 0.345490E+01 -.819465E+00 0.257018E+01 0.344989E+02
 -.187726E+01 -.146681E+01 0.345345E+01 -.819206E+00 0.257000E+01 0.343122E+02
 -.187723E+01 -.146691E+01 0.345324E+01 -.819261E+00 0.257001E+01 0.343117E+02
 -.187615E+01 -.146673E+01 0.345255E+01 -.819216E+00 0.257000E+01 0.343141E+02
 -.187859E+01 -.146638E+01 0.345574E+01 -.819141E+00 0.257003E+01 0.343483E+02
 -.187749E+01 -.146930E+01 0.345245E+01 -.819257E+00 0.257007E+01 0.343290E+02
 -.187858E+01 -.146703E+01 0.345523E+01 -.824150E+00 0.257000E+01 0.343569E+02
 -.187768E+01 -.146687E+01 0.345333E+01 -.819232E+00 0.257005E+01 0.343116E+02
 -.187437E+01 -.150773E+01 0.345265E+01 -.816033E+00 0.257000E+01 0.364489E+02
 -.187755E+01 -.146897E+01 0.345349E+01 -.819161E+00 0.257003E+01 0.343183E+02
 -.189856E+01 -.146810E+01 0.344636E+01 -.820377E+00 0.257008E+01 0.364143E+02
 -.187943E+01 -.146704E+01 0.345309E+01 -.819061E+00 0.257005E+01 0.343211E+02
 -.187281E+01 -.146662E+01 0.345337E+01 -.819382E+00 0.257019E+01 0.343546E+02
 -.188292E+01 -.146648E+01 0.345349E+01 -.818968E+00 0.257033E+01 0.343618E+02
 -.187071E+01 -.146127E+01 0.344940E+01 -.808759E+00 0.257004E+01 0.346373E+02
 -.187764E+01 -.146681E+01 0.345333E+01 -.819250E+00 0.257000E+01 0.343115E+02
 -.187662E+01 -.146725E+01 0.345655E+01 -.819383E+00 0.257001E+01 0.344074E+02
 -.187632E+01 -.146768E+01 0.345776E+01 -.826244E+00 0.257000E+01 0.344246E+02
 -.187687E+01 -.146453E+01 0.345010E+01 -.819366E+00 0.257000E+01 0.343884E+02
 -.187509E+01 -.146695E+01 0.345420E+01 -.819009E+00 0.257000E+01 0.343442E+02
 -.187765E+01 -.146651E+01 0.345332E+01 -.819399E+00 0.257002E+01 0.343118E+02
 -.187819E+01 -.146689E+01 0.345354E+01 -.822510E+00 0.257000E+01 0.343515E+02
 -.187727E+01 -.146722E+01 0.345336E+01 -.819672E+00 0.257000E+01 0.343126E+02
 -.187763E+01 -.146818E+01 0.345302E+01 -.819271E+00 0.257014E+01 0.343162E+02
 -.187688E+01 -.146620E+01 0.345323E+01 -.819301E+00 0.257019E+01 0.343134E+02
 -.187732E+01 -.146243E+01 0.345370E+01 -.819718E+00 0.257237E+01 0.343798E+02
 -.187778E+01 -.146679E+01 0.345302E+01 -.820399E+00 0.257006E+01 0.343222E+02
 -.187806E+01 -.146683E+01 0.345319E+01 -.819137E+00 0.257003E+01 0.343123E+02
 -.188556E+01 -.146709E+01 0.345369E+01 -.815239E+00 0.257000E+01 0.344468E+02
 -.187764E+01 -.146680E+01 0.345353E+01 -.819278E+00 0.257000E+01 0.343118E+02
 -.188244E+01 -.146211E+01 0.345371E+01 -.829771E+00 0.257001E+01 0.348295E+02
 -.187764E+01 -.146683E+01 0.345337E+01 -.819625E+00 0.257000E+01 0.343120E+02
 -.187775E+01 -.146674E+01 0.345321E+01 -.820727E+00 0.257009E+01 0.343239E+02
 -.187753E+01 -.146686E+01 0.345335E+01 -.819271E+00 0.257000E+01 0.343116E+02
 -.187774E+01 -.146681E+01 0.345324E+01 -.819171E+00 0.257000E+01 0.343116E+02
 -.187765E+01 -.146623E+01 0.345330E+01 -.819155E+00 0.257004E+01 0.343120E+02
 -.187463E+01 -.146681E+01 0.345306E+01 -.819244E+00 0.257001E+01 0.343250E+02
 -.187743E+01 -.146696E+01 0.345373E+01 -.819248E+00 0.257000E+01 0.343133E+02
 -.187641E+01 -.146702E+01 0.345161E+01 -.818129E+00 0.257001E+01 0.343184E+02
 -.187705E+01 -.146719E+01 0.345635E+01 -.819323E+00 0.257006E+01 0.343885E+02
 -.187896E+01 -.146625E+01 0.345517E+01 -.818716E+00 0.257000E+01 0.343373E+02
 -.187812E+01 -.146682E+01 0.345303E+01 -.819653E+00 0.257000E+01 0.343154E+02
 -.187843E+01 -.146433E+01 0.345453E+01 -.800338E+00 0.257013E+01 0.360435E+02
 -.187782E+01 -.146681E+01 0.345313E+01 -.819220E+00 0.257003E+01 0.343121E+02
 -.187769E+01 -.146694E+01 0.345335E+01 -.819163E+00 0.257001E+01 0.343116E+02
 -.187770E+01 -.146663E+01 0.345306E+01 -.819082E+00 0.257002E+01 0.343120E+02
 -.187764E+01 -.139496E+01 0.345326E+01 -.819406E+00 0.257000E+01 0.426739E+02
 -.187673E+01 -.146648E+01 0.345299E+01 -.819071E+00 0.257022E+01 0.343132E+02
 -.187442E+01 -.147914E+01 0.345356E+01 -.819455E+00 0.257004E+01 0.345327E+02
 -.187488E+01 -.146990E+01 0.346092E+01 -.819243E+00 0.257149E+01 0.347533E+02
 -.187474E+01 -.146679E+01 0.345341E+01 -.819476E+00 0.257001E+01 0.343279E+02
 -.187861E+01 -.146647E+01 0.345332E+01 -.819132E+00 0.257016E+01 0.343138E+02
 -.189169E+01 -.146263E+01 0.345714E+01 -.820831E+00 0.257000E+01 0.345210E+02
 -.184984E+01 -.145669E+01 0.344559E+01 -.836673E+00 0.257039E+01 0.368004E+02
 -.187549E+01 -.146706E+01 0.345372E+01 -.819354E+00 0.257030E+01 0.343238E+02
 -.187769E+01 -.146650E+01 0.345376E+01 -.818850E+00 0.257003E+01 0.343148E+02
 -.187919E+01 -.146682E+01 0.345329E+01 -.818799E+00 0.257001E+01 0.343159E+02
 -.187767E+01 -.146674E+01 0.345236E+01 -.818964E+00 0.257000E+01 0.343181E+02
 -.187762E+01 -.146669E+01 0.345335E+01 -.819246E+00 0.257000E+01 0.343115E+02
 -.187921E+01 -.146683E+01 0.345351E+01 -.819306E+00 0.257008E+01 0.343152E+02
 -.189456E+01 -.146031E+01 0.345485E+01 -.824864E+00 0.257002E+01 0.349577E+02
 -.187766E+01 -.146684E+01 0.345337E+01 -.819353E+00 0.257000E+01 0.343116E+02
 -.187770E+01 -.146653E+01 0.345325E+01 -.819176E+00 0.257001E+01 0.343116E+02
 -.187765E+01 -.146670E+01 0.345288E+01 -.819734E+00 0.257000E+01 0.343160E+02
 -.188756E+01 -.146295E+01 0.345245E+01 -.819130E+00 0.259147E+01 0.384578E+02
 -.188199E+01 -.146389E+01 0.346090E+01 -.840910E+00 0.257007E+01 0.352048E+02
 -.187073E+01 -.146123E+01 0.345530E+01 -.819750E+00 0.257010E+01 0.345440E+02
 -.187313E+01 -.147663E+01 0.344523E+01 -.820243E+00 0.258674E+01 0.386377E+02
 -.187777E+01 -.146595E+01 0.345340E+01 -.819551E+00 0.257000E+01 0.343128E+02
 -.187756E+01 -.146727E+01 0.345337E+01 -.819291E+00 0.257005E+01 0.343119E+02
 -.188237E+01 -.146712E+01 0.345084E+01 -.819087E+00 0.257000E+01 0.344619E+02
 -.187825E+01 -.146702E+01 0.345338E+01 -.819751E+00 0.257000E+01 0.343135E+02
 -.187610E+01 -.146297E+01 0.345410E+01 -.813992E+00 0.257066E+01 0.344739E+02
 -.187765E+01 -.146683E+01 0.345329E+01 -.819162E+00 0.257001E+01 0.343115E+02
 -.188109E+01 -.147039E+01 0.346321E+01 -.819110E+00 0.257032E+01 0.348989E+02
 -.187755E+01 -.146462E+01 0.345396E+01 -.819333E+00 0.257035E+01 0.343202E+02
 -.187762E+01 -.144875E+01 0.345428E+01 -.819558E+00 0.257000E+01 0.347938E+02
 -.187771E+01 -.146675E+01 0.345321E+01 -.819260E+00 0.257008E+01 0.343120E+02
 -.187788E+01 -.146686E+01 0.345338E+01 -.819332E+00 0.257000E+01 0.343116E+02
 -.187591E+01 -.146546E+01 0.344975E+01 -.819527E+00 0.257000E+01 0.343930E+02
 -.187847E+01 -.146637E+01 0.345509E+01 -.819147E+00 0.257001E+01 0.343311E+02
 -.187777E+01 -.146630E+01 0.345277E+01 -.819277E+00 0.257003E+01 0.343149E+02
 -.187556E+01 -.146802E+01 0.345371E+01 -.815382E+00 0.257002E+01 0.344087E+02
 -.187762E+01 -.146671E+01 0.345333E+01 -.819143E+00 0.257002E+01 0.343116E+02
 -.187585E+01 -.149314E+01 0.345329E+01 -.821181E+00 0.257011E+01 0.352480E+02
 -.187762E+01 -.146642E+01 0.345275E+01 -.819192E+00 0.257003E+01 0.343141E+02
 -.187713E+01 -.146643E+01 0.345293E+01 -.819293E+00 0.257000E+01 0.343125E+02
 -.187918E+01 -.146740E+01 0.345362E+01 -.819138E+00 0.257017E+01 0.343150E+02
 -.188058E+01 -.146620E+01 0.345361E+01 -.818308E+00 0.257000E+01 0.343271E+02
 -.186613E+01 -.146337E+01 0.345472E+01 -.822316E+00 0.257001E+01 0.346379E+02
 -.187764E+01 -.146681E+01 0.345332E+01 -.819217E+00 0.257000E+01 0.343115E+02
 -.187817E+01 -.146687E+01 0.345588E+01 -.818557E+00 0.257000E+01 0.343717E+02
 -.187825E+01 -.146804E+01 0.345419E+01 -.816968E+00 0.257000E+01 0.343512E+02
 -.187680E+01 -.146338E+01 0.345016E+01 -.819478E+00 0.257001E+01 0.343949E+02
 -.187802E+01 -.146704E+01 0.345414E+01 -.819134E+00 0.257004E+01 0.343156E+02
 -.187769E+01 -.146651E+01 0.345336E+01 -.818961E+00 0.257002E+01 0.343120E+02
 -.187754E+01 -.146684E+01 0.345341E+01 -.817915E+00 0.257000E+01 0.343197E+02
 -.187791E+01 -.146639E+01 0.345339E+01 -.818796E+00 0.257010E+01 0.343124E+02
 -.187760E+01 -.146918E+01 0.345300E+01 -.818895E+00 0.257004E+01 0.343200E+02
 -.187747E+01 -.146603E+01 0.345340E+01 -.819700E+00 0.257000E+01 0.343129E+02
 -.187500E+01 -.147215E+01 0.345322E+01 -.820118E+00 0.257055E+01 0.343694E+02
 -.187784E+01 -.146675E+01 0.345330E+01 -.820523E+00 0.257006E+01 0.343199E+02
 -.187687E+01 -.146755E+01 0.345332E+01 -.819356E+00 0.257000E+01 0.343133E+02
 -.188849E+01 -.146702E+01 0.345506E+01 -.823178E+00 0.258348E+01 0.363347E+02
 -.187763E+01 -.146679E+01 0.345345E+01 -.819278E+00 0.257000E+01 0.343116E+02
 -.189199E+01 -.146236E+01 0.345363E+01 -.823708E+00 0.257001E+01 0.348495E+02
 -.187766E+01 -.146683E+01 0.345331E+01 -.819408E+00 0.257000E+01 0.343117E+02
 -.187773E+01 -.146676E+01 0.345325E+01 -.820468E+00 0.257013E+01 0.343207E+02
 -.187760E+01 -.146687E+01 0.345333E+01 -.819252E+00 0.257001E+01 0.343115E+02
 -.187757E+01 -.146684E+01 0.345361E+01 -.819255E+00 0.257000E+01 0.343122E+02
 -.187766E+01 -.146616E+01 0.345332E+01 -.819299E+00 0.257006E+01 0.343122E+02
 -.187755E+01 -.146699E+01 0.345324E+01 -.819191E+00 0.257000E+01 0.343116E+02
 -.187964E+01 -.146707E+01 0.345336E+01 -.819280E+00 0.257003E+01 0.343203E+02
 -.189152E+01 -.146710E+01 0.345068E+01 -.819258E+00 0.257000E+01 0.349261E+02
 -.183764E+01 -.149630E+01 0.346314E+01 -.805834E+00 0.259456E+01 0.400338E+02
 -.187787E+01 -.146756E+01 0.345456E+01 -.819282E+00 0.257004E+01 0.343214E+02
 -.187814E+01 -.146464E+01 0.345453E+01 -.819235E+00 0.257000E+01 0.343277E+02
 -.187784E+01 -.146681E+01 0.345336E+01 -.819531E+00 0.257000E+01 0.343119E+02
 -.187841E+01 -.146727E+01 0.345520E+01 -.827725E+00 0.257010E+01 0.344995E+02
 -.187706E+01 -.146658E+01 0.345317E+01 -.819226E+00 0.257001E+01 0.343119E+02
 -.187769E+01 -.146707E+01 0.345332E+01 -.819216E+00 0.257001E+01 0.343116E+02
 -.187765E+01 -.146750E+01 0.345403E+01 -.818712E+00 0.257000E+01 0.343199E+02
 -.187799E+01 -.149279E+01 0.345464E+01 -.819665E+00 0.257001E+01 0.351940E+02
 -.187801E+01 -.146689E+01 0.345337E+01 -.819214E+00 0.257014E+01 0.343120E+02
 -.187882E+01 -.145417E+01 0.345318E+01 -.819557E+00 0.257003E+01 0.345392E+02
 -.188172E+01 -.146568E+01 0.345153E+01 -.819269E+00 0.257071E+01 0.344357E+02
 -.187059E+01 -.146677E+01 0.345366E+01 -.819288E+00 0.257001E+01 0.344177E+02
 -.187920E+01 -.146683E+01 0.345331E+01 -.818383E+00 0.257025E+01 0.343166E+02
 -.187631E+01 -.146133E+01 0.345570E+01 -.861681E+00 0.257764E+01 0.424035E+02
 -.185689E+01 -.144709E+01 0.344799E+01 -.827851E+00 0.257000E+01 0.357013E+02
 -.187121E+01 -.146780E+01 0.345442E+01 -.821423E+00 0.257001E+01 0.344159E+02
 -.187771E+01 -.146701E+01 0.345348E+01 -.818935E+00 0.257000E+01 0.343124E+02
 -.187760E+01 -.146681E+01 0.345336E+01 -.819251E+00 0.257000E+01 0.343115E+02
 -.187711E+01 -.146523E+01 0.344354E+01 -.819284E+00 0.257067E+01 0.351087E+02
 -.187767E+01 -.146663E+01 0.345237E+01 -.818882E+00 0.257000E+01 0.343175E+02
 -.187750E+01 -.146672E+01 0.345333E+01 -.819256E+00 0.257000E+01 0.343116E+02
 -.187832E+01 -.146675E+01 0.345205E+01 -.819108E+00 0.257000E+01 0.343292E+02
 -.188119E+01 -.145798E+01 0.345711E+01 -.821064E+00 0.257000E+01 0.344576E+02
 -.187766E+01 -.146686E+01 0.345337E+01 -.819297E+00 0.257000E+01 0.343115E+02
 -.187767E+01 -.146681E+01 0.345330E+01 -.819221E+00 0.257000E+01 0.343115E+02
 -.187773E+01 -.146660E+01 0.345306E+01 -.819021E+00 0.257000E+01 0.343119E+02
 -.190063E+01 -.146300E+01 0.345545E+01 -.814389E+00 0.257000E+01 0.351053E+02
 -.188097E+01 -.146582E+01 0.346133E+01 -.808039E+00 0.257000E+01 0.359781E+02
 -.187038E+01 -.147234E+01 0.345391E+01 -.819613E+00 0.257000E+01 0.344649E+02
 -.187427E+01 -.147056E+01 0.343611E+01 -.821529E+00 0.258185E+01 0.402936E+02
 -.187781E+01 -.146676E+01 0.345332E+01 -.819374E+00 0.257001E+01 0.343117E+02
 -.187759E+01 -.146661E+01 0.345322E+01 -.819186E+00 0.257000E+01 0.343116E+02
 -.187594E+01 -.146765E+01 0.345639E+01 -.819206E+00 0.257000E+01 0.344189E+02
 -.187609E+01 -.146719E+01 0.345289E+01 -.819155E+00 0.257007E+01 0.343143E+02
 -.187424E+01 -.147166E+01 0.345294E+01 -.819231E+00 0.257022E+01 0.343589E+02
 -.187765E+01 -.146677E+01 0.345332E+01 -.819245E+00 0.257001E+01 0.343115E+02
 -.187960E+01 -.146583E+01 0.346674E+01 -.819191E+00 0.257003E+01 0.356240E+02
 -.187729E+01 -.146328E+01 0.345093E+01 -.819434E+00 0.257043E+01 0.343851E+02
 -.187775E+01 -.147787E+01 0.345265E+01 -.819473E+00 0.257000E+01 0.344894E+02
 -.187760E+01 -.146674E+01 0.345319E+01 -.819226E+00 0.257007E+01 0.343119E+02
 -.187821E+01 -.146680E+01 0.345349E+01 -.819304E+00 0.257000E+01 0.343118E+02
 -.187969E+01 -.146627E+01 0.345286E+01 -.819821E+00 0.257000E+01 0.343326E+02
 -.187795E+01 -.146698E+01 0.345363E+01 -.819237E+00 0.257001E+01 0.343119E+02
 -.187785E+01 -.146419E+01 0.345385E+01 -.819234E+00 0.257000E+01 0.343233E+02
 -.187414E+01 -.146684E+01 0.345274E+01 -.817961E+00 0.257006E+01 0.343323E+02
 -.187758E+01 -.146663E+01 0.345332E+01 -.819163E+00 0.257000E+01 0.343116E+02
 -.187757E+01 -.143187E+01 0.345344E+01 -.825536E+00 0.257014E+01 0.362333E+02
 -.187761E+01 -.146571E+01 0.345335E+01 -.819424E+00 0.257007E+01 0.343134E+02
 -.194274E+01 -.146325E+01 0.346262E+01 -.821978E+00 0.257838E+01 0.406209E+02
 -.187645E+01 -.146799E+01 0.343322E+01 -.820399E+00 0.257000E+01 0.374365E+02
 -.187578E+01 -.146639E+01 0.345337E+01 -.819441E+00 0.257004E+01 0.343184E+02
 -.188160E+01 -.146697E+01 0.345363E+01 -.819269E+00 0.257000E+01 0.343363E+02
 -.187704E+01 -.146641E+01 0.345370E+01 -.820666E+00 0.257091E+01 0.343314E+02
 -.186674E+01 -.146994E+01 0.345208E+01 -.827010E+00 0.257000E+01 0.346872E+02
 -.187764E+01 -.146681E+01 0.345333E+01 -.819210E+00 0.257001E+01 0.343115E+02
 -.187541E+01 -.146649E+01 0.345473E+01 -.818295E+00 0.257000E+01 0.343713E+02
 -.188067E+01 -.146766E+01 0.345196E+01 -.814517E+00 0.257000E+01 0.343829E+02
 -.187771E+01 -.146620E+01 0.345474E+01 -.818470E+00 0.257001E+01 0.343389E+02
 -.187992E+01 -.146676E+01 0.345287E+01 -.819252E+00 0.257001E+01 0.343296E+02
 -.187765E+01 -.146731E+01 0.345336E+01 -.819189E+00 0.257001E+01 0.343119E+02
 -.187836E+01 -.146686E+01 0.345357E+01 -.816387E+00 0.257000E+01 0.343476E+02
 -.187815E+01 -.146721E+01 0.345335E+01 -.818832E+00 0.257018E+01 0.343125E+02
 -.187771E+01 -.146805E+01 0.345323E+01 -.818774E+00 0.257000E+01 0.343142E+02
 -.187801E+01 -.146666E+01 0.345353E+01 -.819563E+00 0.257019E+01 0.343125E+02
 -.187777E+01 -.147890E+01 0.345513E+01 -.819381E+00 0.257000E+01 0.345218E+02
 -.187769E+01 -.146673E+01 0.345366E+01 -.818352E+00 0.257002E+01 0.343175E+02
 -.187755E+01 -.146713E+01 0.345334E+01 -.819247E+00 0.257003E+01 0.343117E+02
 -.188489E+01 -.146690E+01 0.345496E+01 -.820611E+00 0.258101E+01 0.353384E+02
 -.187763E+01 -.146677E+01 0.345325E+01 -.819253E+00 0.257000E+01 0.343116E+02
 -.188008E+01 -.146618E+01 0.345321E+01 -.813980E+00 0.257002E+01 0.344149E+02
 -.187768E+01 -.146680E+01 0.345329E+01 -.818916E+00 0.257001E+01 0.343118E+02
 -.187765E+01 -.146680E+01 0.345344E+01 -.816977E+00 0.257006E+01 0.343331E+02
 -.187769E+01 -.146683E+01 0.345332E+01 -.819208E+00 0.257000E+01 0.343115E+02
 -.187759E+01 -.146683E+01 0.345361E+01 -.819233E+00 0.257000E+01 0.343122E+02
 -.187767E+01 -.146667E+01 0.345338E+01 -.819219E+00 0.257004E+01 0.343116E+02
 -.187983E+01 -.146695E+01 0.345346E+01 -.819155E+00 0.257001E+01 0.343201E+02
 -.187786E+01 -.146697E+01 0.345359E+01 -.819275E+00 0.257000E+01 0.343118E+02
 -.188118E+01 -.146696E+01 0.345499E+01 -.819005E+00 0.257002E+01 0.343271E+02
 -.187748E+01 -.146703E+01 0.345180E+01 -.819135E+00 0.257001E+01 0.343286E+02
 -.187710E+01 -.146629E+01 0.345273E+01 -.819629E+00 0.257000E+01 0.343156E+02
 -.187765E+01 -.146681E+01 0.345386E+01 -.819329E+00 0.257000E+01 0.343134E+02
 -.187808E+01 -.147041E+01 0.345568E+01 -.841341E+00 0.257010E+01 0.358074E+02
 -.187679E+01 -.146649E+01 0.345323E+01 -.819231E+00 0.257000E+01 0.343127E+02
 -.187767E+01 -.146692E+01 0.345334E+01 -.819207E+00 0.257000E+01 0.343115E+02
 -.187753E+01 -.146692E+01 0.345402E+01 -.819143E+00 0.257002E+01 0.343161E+02
 -.188075E+01 -.152769E+01 0.345390E+01 -.819346E+00 0.257002E+01 0.388596E+02
 -.187869E+01 -.146712E+01 0.345361E+01 -.819333E+00 0.257000E+01 0.343127E+02
 -.187891E+01 -.145221E+01 0.345232E+01 -.819358E+00 0.257011E+01 0.346261E+02
 -.188548E+01 -.146117E+01 0.344727E+01 -.819448E+00 0.257135E+01 0.351387E+02
 -.187031E+01 -.146672E+01 0.345373E+01 -.819178E+00 0.257001E+01 0.344307E+02
 -.187830E+01 -.146630E+01 0.345337E+01 -.818292E+00 0.257008E+01 0.343151E+02
 -.191186E+01 -.146518E+01 0.345717E+01 -.803528E+00 0.257427E+01 0.361982E+02
 -.186453E+01 -.147810E+01 0.345608E+01 -.811326E+00 0.257030E+01 0.355452E+02
 -.187734E+01 -.146647E+01 0.345472E+01 -.820811E+00 0.257000E+01 0.343205E+02
 -.187765E+01 -.146705E+01 0.345265E+01 -.819355E+00 0.257004E+01 0.343165E+02
 -.187640E+01 -.146680E+01 0.345339E+01 -.819585E+00 0.257000E+01 0.343146E+02
 -.187641E+01 -.146648E+01 0.347902E+01 -.818985E+00 0.257000E+01 0.399431E+02
 -.187766E+01 -.146681E+01 0.345363E+01 -.819334E+00 0.257002E+01 0.343120E+02
 -.187762E+01 -.146681E+01 0.345334E+01 -.819220E+00 0.257000E+01 0.343115E+02
 -.187731E+01 -.146677E+01 0.345357E+01 -.819349E+00 0.257008E+01 0.343123E+02
 -.186888E+01 -.146808E+01 0.345242E+01 -.820957E+00 0.257002E+01 0.344253E+02
 -.187765E+01 -.146684E+01 0.345333E+01 -.819222E+00 0.257000E+01 0.343115E+02
 -.187762E+01 -.146702E+01 0.345335E+01 -.819259E+00 0.257000E+01 0.343116E+02
 -.187772E+01 -.146658E+01 0.345347E+01 -.818538E+00 0.257000E+01 0.343144E+02
 -.189396E+01 -.146424E+01 0.345653E+01 -.818157E+00 0.258607E+01 0.362030E+02
 -.188082E+01 -.146918E+01 0.344429E+01 -.807037E+00 0.257004E+01 0.347569E+02
 -.187840E+01 -.147460E+01 0.345257E+01 -.819863E+00 0.257017E+01 0.344200E+02
 -.187764E+01 -.146714E+01 0.345330E+01 -.818981E+00 0.257002E+01 0.343118E+02
 -.187769E+01 -.146628E+01 0.345322E+01 -.819113E+00 0.257002E+01 0.343119E+02
 -.188300E+01 -.146732E+01 0.345915E+01 -.819040E+00 0.257000E+01 0.344728E+02
 -.187539E+01 -.146706E+01 0.345334E+01 -.819282E+00 0.257006E+01 0.343211E+02
 -.187946E+01 -.147645E+01 0.345170E+01 -.820586E+00 0.257119E+01 0.345880E+02
 -.187765E+01 -.146673E+01 0.345336E+01 -.819294E+00 0.257000E+01 0.343115E+02
 -.187627E+01 -.146373E+01 0.344367E+01 -.819255E+00 0.257000E+01 0.349626E+02
 -.187751E+01 -.146755E+01 0.345306E+01 -.819257E+00 0.257016E+01 0.343139E+02
 -.187773E+01 -.148621E+01 0.345161E+01 -.819281E+00 0.257024E+01 0.348645E+02
 -.187757E+01 -.146682E+01 0.345325E+01 -.819204E+00 0.257000E+01 0.343115E+02
 -.187817E+01 -.146685E+01 0.345330E+01 -.819222E+00 0.257000E+01 0.343121E+02
 -.187933E+01 -.146778E+01 0.345610E+01 -.819312E+00 0.257000E+01 0.343510E+02
 -.187742E+01 -.146734E+01 0.345247E+01 -.819305E+00 0.257000E+01 0.343174E+02
 -.187776E+01 -.146554E+01 0.345364E+01 -.819262E+00 0.257005E+01 0.343143E+02
 -.187449E+01 -.146593E+01 0.345404E+01 -.822814E+00 0.257001E+01 0.343612E+02
 -.187769E+01 -.146672E+01 0.345333E+01 -.819187E+00 0.257004E+01 0.343116E+02
 -.187479E+01 -.139565E+01 0.345225E+01 -.823661E+00 0.257000E+01 0.425182E+02
 -.187755E+01 -.146606E+01 0.345372E+01 -.819459E+00 0.257007E+01 0.343131E+02
 -.187284E+01 -.146636E+01 0.345111E+01 -.820802E+00 0.257720E+01 0.349981E+02
 -.187709E+01 -.146877E+01 0.346682E+01 -.819985E+00 0.257002E+01 0.357119E+02
 -.187877E+01 -.146680E+01 0.345326E+01 -.819246E+00 0.257000E+01 0.343143E+02
 -.187894E+01 -.146677E+01 0.345351E+01 -.819399E+00 0.257018E+01 0.343145E+02
 -.187477E+01 -.146661E+01 0.345376E+01 -.820604E+00 0.257064E+01 0.343374E+02
 -.188290E+01 -.147361E+01 0.344823E+01 -.821569E+00 0.257002E+01 0.349369E+02
 -.187765E+01 -.146681E+01 0.345333E+01 -.819235E+00 0.257000E+01 0.343115E+02
 -.187368E+01 -.146632E+01 0.345280E+01 -.819085E+00 0.257002E+01 0.343330E+02
 -.187906E+01 -.146680E+01 0.345327E+01 -.819069E+00 0.257000E+01 0.343154E+02
 -.187826E+01 -.146710E+01 0.345587E+01 -.818307E+00 0.257000E+01 0.343768E+02
 -.187884E+01 -.146625E+01 0.345262E+01 -.819166E+00 0.257000E+01 0.343232E+02
 -.187761E+01 -.146679E+01 0.345330E+01 -.819533E+00 0.257001E+01 0.343120E+02
 -.187834E+01 -.146690E+01 0.345390E+01 -.822835E+00 0.257000E+01 0.343509E+02
 -.187738E+01 -.146727E+01 0.345331E+01 -.819144E+00 0.257009E+01 0.343121E+02
 -.187773E+01 -.146567E+01 0.345368E+01 -.819369E+00 0.257021E+01 0.343138E+02
 -.187754E+01 -.146719E+01 0.345349E+01 -.819167E+00 0.257025E+01 0.343122E+02
 -.187898E+01 -.146230E+01 0.345412E+01 -.819391E+00 0.257241E+01 0.343703E+02
 -.187756E+01 -.146679E+01 0.345369E+01 -.817151E+00 0.257001E+01 0.343366E+02
 -.187820E+01 -.146647E+01 0.345335E+01 -.819152E+00 0.257004E+01 0.343122E+02
 -.188173E+01 -.146687E+01 0.345204E+01 -.814988E+00 0.257000E+01 0.343870E+02
 -.187764E+01 -.146680E+01 0.345319E+01 -.819222E+00 0.257000E+01 0.343116E+02
 -.186811E+01 -.146885E+01 0.345330E+01 -.816479E+00 0.257001E+01 0.345480E+02
 -.187765E+01 -.146679E+01 0.345332E+01 -.818867E+00 0.257002E+01 0.343120E+02
 -.187767E+01 -.146684E+01 0.345349E+01 -.820365E+00 0.257000E+01 0.343154E+02
 -.187772E+01 -.146679E+01 0.345331E+01 -.819186E+00 0.257000E+01 0.343115E+02
 -.187776E+01 -.146679E+01 0.345286E+01 -.819131E+00 0.257000E+01 0.343132E+02
 -.187764E+01 -.146716E+01 0.345336E+01 -.819159E+00 0.257000E+01 0.343117E+02
 -.187984E+01 -.146679E+01 0.345342E+01 -.819140E+00 0.257000E+01 0.343204E+02
 -.187619E+01 -.146672E+01 0.345357E+01 -.819259E+00 0.257000E+01 0.343178E+02
 -.186564E+01 -.146673E+01 0.345296E+01 -.818126E+00 0.257001E+01 0.345797E+02
 -.187697E+01 -.146599E+01 0.345345E+01 -.819223E+00 0.257000E+01 0.343140E+02
 -.187653E+01 -.146787E+01 0.345147E+01 -.819434E+00 0.257000E+01 0.343360E+02
 -.187777E+01 -.146682E+01 0.345376E+01 -.819330E+00 0.257000E+01 0.343124E+02
 -.187772E+01 -.146858E+01 0.345586E+01 -.818837E+00 0.257017E+01 0.343657E+02
 -.187730E+01 -.146685E+01 0.345331E+01 -.819231E+00 0.257001E+01 0.343117E+02
 -.187763E+01 -.146673E+01 0.345336E+01 -.819201E+00 0.257000E+01 0.343116E+02
 -.187747E+01 -.146637E+01 0.345322E+01 -.819620E+00 0.257003E+01 0.343128E+02
 -.188091E+01 -.151492E+01 0.345280E+01 -.819163E+00 0.257000E+01 0.372817E+02
 -.187799E+01 -.146681E+01 0.345350E+01 -.819270E+00 0.257021E+01 0.343119E+02
 -.187570E+01 -.146864E+01 0.345310E+01 -.819074E+00 0.257004E+01 0.343212E+02
 -.187492E+01 -.146227E+01 0.345783E+01 -.819360E+00 0.257155E+01 0.345052E+02
 -.187371E+01 -.146648E+01 0.345336E+01 -.819628E+00 0.257002E+01 0.343401E+02
 -.187665E+01 -.146648E+01 0.345340E+01 -.820245E+00 0.257000E+01 0.343160E+02
 -.187971E+01 -.146526E+01 0.346433E+01 -.794652E+00 0.257000E+01 0.403640E+02
 -.190052E+01 -.147296E+01 0.343595E+01 -.817174E+00 0.257000E+01 0.394851E+02
 -.186926E+01 -.148498E+01 0.345938E+01 -.806190E+00 0.257039E+01 0.367860E+02
 -.188344E+01 -.146520E+01 0.345480E+01 -.818842E+00 0.257024E+01 0.343499E+02
 -.187779E+01 -.146669E+01 0.345276E+01 -.819358E+00 0.257001E+01 0.343153E+02
 -.187658E+01 -.146680E+01 0.345334E+01 -.819343E+00 0.257001E+01 0.343136E+02
 -.187703E+01 -.146664E+01 0.345999E+01 -.819416E+00 0.257088E+01 0.346036E+02
 -.187767E+01 -.146686E+01 0.345385E+01 -.819416E+00 0.257003E+01 0.343129E+02
 -.187774E+01 -.146687E+01 0.345334E+01 -.819204E+00 0.257000E+01 0.343115E+02
 -.187700E+01 -.146683E+01 0.345460E+01 -.819496E+00 0.257008E+01 0.343256E+02
 -.187872E+01 -.147697E+01 0.345462E+01 -.823434E+00 0.257004E+01 0.344994E+02
 -.187764E+01 -.146682E+01 0.345329E+01 -.819175E+00 0.257000E+01 0.343115E+02
 -.187761E+01 -.146706E+01 0.345331E+01 -.819255E+00 0.257000E+01 0.343116E+02
 -.187765E+01 -.146670E+01 0.345344E+01 -.819531E+00 0.257000E+01 0.343117E+02
 -.187352E+01 -.146611E+01 0.346346E+01 -.821992E+00 0.259083E+01 0.359638E+02
 -.188281E+01 -.146789E+01 0.345295E+01 -.827694E+00 0.257006E+01 0.347506E+02
 -.188542E+01 -.146977E+01 0.345276E+01 -.820302E+00 0.257010E+01 0.344953E+02
 -.193641E+01 -.146001E+01 0.347022E+01 -.814852E+00 0.259675E+01 0.394906E+02
 -.187751E+01 -.146716E+01 0.345344E+01 -.819184E+00 0.257001E+01 0.343119E+02
 -.187763E+01 -.146724E+01 0.345334E+01 -.819175E+00 0.257001E+01 0.343118E+02
 -.188906E+01 -.146625E+01 0.345920E+01 -.818233E+00 0.257000E+01 0.345061E+02
 -.187672E+01 -.146685E+01 0.345356E+01 -.819329E+00 0.257002E+01 0.343145E+02
 -.187976E+01 -.147417E+01 0.345188E+01 -.819459E+00 0.257156E+01 0.345047E+02
 -.187765E+01 -.146677E+01 0.345335E+01 -.819247E+00 0.257001E+01 0.343115E+02
 -.187439E+01 -.146522E+01 0.344670E+01 -.818941E+00 0.257044E+01 0.345768E+02
 -.187788E+01 -.147047E+01 0.345502E+01 -.819100E+00 0.257000E+01 0.343494E+02
 -.187764E+01 -.145979E+01 0.345340E+01 -.819099E+00 0.257015E+01 0.343808E+02
 -.187758E+01 -.146687E+01 0.345330E+01 -.819190E+00 0.257003E+01 0.343116E+02
 -.187709E+01 -.146693E+01 0.345325E+01 -.819210E+00 0.257000E+01 0.343120E+02
 -.187656E+01 -.146787E+01 0.345749E+01 -.819063E+00 0.257000E+01 0.344795E+02
 -.187794E+01 -.146704E+01 0.345294E+01 -.819211E+00 0.257000E+01 0.343135E+02
 -.187754E+01 -.146666E+01 0.345304E+01 -.819252E+00 0.257007E+01 0.343125E+02
 -.188341E+01 -.146748E+01 0.345410E+01 -.822394E+00 0.257000E+01 0.344026E+02
 -.187770E+01 -.146687E+01 0.345333E+01 -.819220E+00 0.257003E+01 0.343116E+02
 -.186845E+01 -.139928E+01 0.345259E+01 -.817170E+00 0.257015E+01 0.419152E+02
 -.187753E+01 -.146731E+01 0.345328E+01 -.819182E+00 0.257001E+01 0.343119E+02
 -.183731E+01 -.146805E+01 0.346022E+01 -.819474E+00 0.257110E+01 0.390187E+02
 -.187960E+01 -.146618E+01 0.348146E+01 -.818672E+00 0.257002E+01 0.406568E+02
 -.187913E+01 -.146667E+01 0.345319E+01 -.819107E+00 0.257000E+01 0.343165E+02
 -.187452E+01 -.146718E+01 0.345345E+01 -.819322E+00 0.257021E+01 0.343308E+02
 -.187853E+01 -.146591E+01 0.345345E+01 -.819151E+00 0.257000E+01 0.343135E+02
 -.187812E+01 -.146939E+01 0.344755E+01 -.805472E+00 0.257001E+01 0.346984E+02
 -.187765E+01 -.146681E+01 0.345333E+01 -.819245E+00 0.257000E+01 0.343115E+02
 -.187553E+01 -.146693E+01 0.345119E+01 -.819894E+00 0.257001E+01 0.343443E+02
 -.187719E+01 -.146614E+01 0.345433E+01 -.822646E+00 0.257000E+01 0.343385E+02
 -.187744E+01 -.146446E+01 0.345414E+01 -.818905E+00 0.257000E+01 0.343293E+02
 -.187641E+01 -.146631E+01 0.345337E+01 -.819017E+00 0.257002E+01 0.343157E+02
 -.187762E+01 -.146649E+01 0.345331E+01 -.819460E+00 0.257001E+01 0.343119E+02
 -.187839E+01 -.146693E+01 0.345401E+01 -.822153E+00 0.257000E+01 0.343342E+02
 -.187706E+01 -.146685E+01 0.345331E+01 -.819465E+00 0.257000E+01 0.343122E+02
 -.187760E+01 -.146443E+01 0.345351E+01 -.819769E+00 0.257010E+01 0.343202E+02
 -.187722E+01 -.146727E+01 0.345336E+01 -.819023E+00 0.257011E+01 0.343125E+02
 -.187723E+01 -.145576E+01 0.345471E+01 -.820092E+00 0.257078E+01 0.344949E+02
 -.187769E+01 -.146683E+01 0.345315E+01 -.820122E+00 0.257005E+01 0.343171E+02
 -.187791E+01 -.146674E+01 0.345333E+01 -.819215E+00 0.257000E+01 0.343116E+02
 -.187716E+01 -.146679E+01 0.345111E+01 -.814190E+00 0.257894E+01 0.347787E+02
 -.187765E+01 -.146679E+01 0.345329E+01 -.819253E+00 0.257000E+01 0.343115E+02
 -.188145E+01 -.146949E+01 0.345419E+01 -.819953E+00 0.257000E+01 0.343400E+02
 -.187765E+01 -.146685E+01 0.345333E+01 -.819617E+00 0.257000E+01 0.343121E+02
 -.187771E+01 -.146680E+01 0.345328E+01 -.821022E+00 0.257005E+01 0.343263E+02
 -.187768E+01 -.146682E+01 0.345333E+01 -.819245E+00 0.257000E+01 0.343115E+02
 -.187787E+01 -.146679E+01 0.345290E+01 -.819113E+00 0.257000E+01 0.343131E+02
 -.187763E+01 -.146700E+01 0.345336E+01 -.819216E+00 0.257002E+01 0.343116E+02
 -.187837E+01 -.146688E+01 0.345333E+01 -.819236E+00 0.257000E+01 0.343125E+02
 -.187762E+01 -.146692E+01 0.345348E+01 -.819257E+00 0.257002E+01 0.343117E+02
 -.187073E+01 -.146666E+01 0.345128E+01 -.818425E+00 0.257000E+01 0.343552E+02
 -.187754E+01 -.146656E+01 0.345463E+01 -.819311E+00 0.257006E+01 0.343241E+02
 -.187725E+01 -.146769E+01 0.345110E+01 -.819248E+00 0.257000E+01 0.343492E+02
 -.187787E+01 -.146682E+01 0.345319E+01 -.819382E+00 0.257000E+01 0.343122E+02
 -.187823E+01 -.146618E+01 0.345581E+01 -.802717E+00 0.257013E+01 0.358538E+02
 -.187819E+01 -.146710E+01 0.345340E+01 -.819230E+00 0.257001E+01 0.343121E+02
 -.187767E+01 -.146671E+01 0.345334E+01 -.819215E+00 0.257000E+01 0.343115E+02
 -.187765E+01 -.146663E+01 0.345280E+01 -.819427E+00 0.257002E+01 0.343149E+02
 -.187994E+01 -.146600E+01 0.345307E+01 -.819431E+00 0.257000E+01 0.343277E+02
 -.187719E+01 -.146658E+01 0.345336E+01 -.819185E+00 0.257011E+01 0.343122E+02
 -.187507E+01 -.147925E+01 0.345404E+01 -.818924E+00 0.257000E+01 0.345398E+02
 -.187391E+01 -.146373E+01 0.346281E+01 -.819192E+00 0.257067E+01 0.351886E+02
 -.188144E+01 -.146634E+01 0.345319E+01 -.819697E+00 0.257000E+01 0.343461E+02
 -.187678E+01 -.146662E+01 0.345334E+01 -.820135E+00 0.257022E+01 0.343172E+02
 -.185487E+01 -.146550E+01 0.345652E+01 -.826732E+00 0.257390E+01 0.356157E+02
 -.188895E+01 -.146702E+01 0.344549E+01 -.819911E+00 0.257002E+01 0.355581E+02
 -.186963E+01 -.147282E+01 0.345861E+01 -.828262E+00 0.257000E+01 0.347443E+02
 -.187859E+01 -.146608E+01 0.345423E+01 -.819806E+00 0.257027E+01 0.343132E+02
 -.187780E+01 -.146659E+01 0.345349E+01 -.819292E+00 0.257000E+01 0.343116E+02
 -.187863E+01 -.146681E+01 0.345332E+01 -.819004E+00 0.257001E+01 0.343132E+02
 -.187779E+01 -.146570E+01 0.342953E+01 -.819536E+00 0.257067E+01 0.388244E+02
 -.187767E+01 -.146680E+01 0.345304E+01 -.818928E+00 0.257000E+01 0.343118E+02
 -.187768E+01 -.146679E+01 0.345333E+01 -.819212E+00 0.257000E+01 0.343115E+02
 -.187707E+01 -.146676E+01 0.345339E+01 -.819083E+00 0.257000E+01 0.343126E+02
 -.188578E+01 -.147123E+01 0.345621E+01 -.821475E+00 0.257003E+01 0.343981E+02
 -.187763E+01 -.146680E+01 0.345334E+01 -.819253E+00 0.257000E+01 0.343115E+02
 -.187767E+01 -.146683E+01 0.345330E+01 -.819195E+00 0.257000E+01 0.343115E+02
 -.187759E+01 -.146691E+01 0.345331E+01 -.819901E+00 0.257000E+01 0.343134E+02
 -.186545E+01 -.146697E+01 0.346281E+01 -.812227E+00 0.257000E+01 0.368319E+02
 -.188278E+01 -.146565E+01 0.346176E+01 -.833714E+00 0.257017E+01 0.346092E+02
 -.187444E+01 -.146348E+01 0.345355E+01 -.820747E+00 0.257000E+01 0.343510E+02
 -.186894E+01 -.146516E+01 0.345141E+01 -.823721E+00 0.259424E+01 0.397340E+02
 -.187763E+01 -.146621E+01 0.345339E+01 -.819427E+00 0.257000E+01 0.343121E+02
 -.187756E+01 -.146715E+01 0.345328E+01 -.819229E+00 0.257000E+01 0.343117E+02
 -.187833E+01 -.146666E+01 0.345330E+01 -.818336E+00 0.257000E+01 0.343146E+02
 -.187839E+01 -.146681E+01 0.345300E+01 -.819677E+00 0.257000E+01 0.343172E+02
 -.187748E+01 -.146565E+01 0.345220E+01 -.815091E+00 0.257036E+01 0.343474E+02
 -.187765E+01 -.146686E+01 0.345333E+01 -.819194E+00 0.257000E+01 0.343115E+02
 -.188178E+01 -.146833E+01 0.345527E+01 -.819127E+00 0.257049E+01 0.343276E+02
 -.187735E+01 -.146699E+01 0.345175E+01 -.819020E+00 0.257028E+01 0.343336E+02
 -.187769E+01 -.144760E+01 0.345515E+01 -.819478E+00 0.257000E+01 0.348837E+02
 -.187762E+01 -.146684E+01 0.345333E+01 -.819225E+00 0.257001E+01 0.343115E+02
 -.187662E+01 -.146686E+01 0.345339E+01 -.819289E+00 0.257000E+01 0.343138E+02
 -.187547E+01 -.146639E+01 0.345555E+01 -.819350E+00 0.257000E+01 0.343836E+02
 -.187793E+01 -.146666E+01 0.345381E+01 -.819188E+00 0.257000E+01 0.343129E+02
 -.187749E+01 -.146770E+01 0.345287E+01 -.819243E+00 0.257009E+01 0.343149E+02
 -.188456E+01 -.146797E+01 0.345348E+01 -.817073E+00 0.257008E+01 0.343985E+02
 -.187763E+01 -.146696E+01 0.345334E+01 -.819254E+00 0.257000E+01 0.343116E+02
 -.186974E+01 -.154594E+01 0.345342E+01 -.817986E+00 0.257024E+01 0.416716E+02
 -.187759E+01 -.146765E+01 0.345296E+01 -.819025E+00 0.257000E+01 0.343131E+02
 -.189929E+01 -.146698E+01 0.347050E+01 -.820328E+00 0.257011E+01 0.354053E+02
 -.188069E+01 -.146673E+01 0.346910E+01 -.819750E+00 0.257009E+01 0.359818E+02
 -.187513E+01 -.146645E+01 0.345306E+01 -.819155E+00 0.257001E+01 0.343208E+02
 -.187863E+01 -.146715E+01 0.345350E+01 -.819213E+00 0.257016E+01 0.343132E+02
 -.188066E+01 -.146553E+01 0.345305E+01 -.818105E+00 0.257028E+01 0.343345E+02
 -.187048E+01 -.146176E+01 0.344983E+01 -.817317E+00 0.257000E+01 0.343832E+02
 -.187764E+01 -.146681E+01 0.345333E+01 -.819223E+00 0.257000E+01 0.343115E+02
 -.187819E+01 -.146709E+01 0.345111E+01 -.819509E+00 0.257000E+01 0.343638E+02
 -.187686E+01 -.146584E+01 0.345399E+01 -.821213E+00 0.257000E+01 0.343227E+02
 -.187675E+01 -.146394E+01 0.345209E+01 -.819252E+00 0.257000E+01 0.343292E+02
 -.187558E+01 -.146721E+01 0.345369E+01 -.819003E+00 0.257002E+01 0.343259E+02
 -.187769E+01 -.146676E+01 0.345333E+01 -.819312E+00 0.257001E+01 0.343116E+02
 -.187775E+01 -.146684E+01 0.345385E+01 -.818130E+00 0.257000E+01 0.343229E+02
 -.187762E+01 -.146707E+01 0.345332E+01 -.819343E+00 0.257015E+01 0.343122E+02
 -.187753E+01 -.146492E+01 0.345311E+01 -.819532E+00 0.257000E+01 0.343172E+02
 -.187763E+01 -.146718E+01 0.345336E+01 -.819795E+00 0.257000E+01 0.343129E+02
 -.187607E+01 -.147603E+01 0.345502E+01 -.819844E+00 0.257000E+01 0.344515E+02
 -.187773E+01 -.146681E+01 0.345337E+01 -.821114E+00 0.257004E+01 0.343261E+02
 -.187734E+01 -.146695E+01 0.345332E+01 -.819281E+00 0.257002E+01 0.343117E+02
 -.187860E+01 -.146683E+01 0.345419E+01 -.814076E+00 0.257550E+01 0.343587E+02
 -.187764E+01 -.146676E+01 0.345339E+01 -.819263E+00 0.257000E+01 0.343115E+02
 -.188562E+01 -.146230E+01 0.345346E+01 -.821206E+00 0.257001E+01 0.344824E+02
 -.187765E+01 -.146684E+01 0.345333E+01 -.819785E+00 0.257001E+01 0.343129E+02
 -.187776E+01 -.146679E+01 0.345325E+01 -.817765E+00 0.257008E+01 0.343182E+02
 -.187760E+01 -.146685E+01 0.345335E+01 -.819253E+00 0.257000E+01 0.343115E+02
 -.187783E+01 -.146683E+01 0.345321E+01 -.819190E+00 0.257000E+01 0.343118E+02
 -.187767E+01 -.146654E+01 0.345337E+01 -.819269E+00 0.257002E+01 0.343116E+02
 -.187704E+01 -.146694E+01 0.345315E+01 -.819237E+00 0.257000E+01 0.343119E+02
 -.187872E+01 -.146696E+01 0.345319E+01 -.819217E+00 0.257002E+01 0.343148E+02
 -.188567E+01 -.146685E+01 0.345214E+01 -.819201E+00 0.257000E+01 0.344946E+02
 -.187783E+01 -.146746E+01 0.345415E+01 -.819303E+00 0.257006E+01 0.343156E+02
 -.187801E+01 -.146632E+01 0.345183E+01 -.819561E+00 0.257000E+01 0.343377E+02
 -.187766E+01 -.146682E+01 0.345311E+01 -.819340E+00 0.257000E+01 0.343121E+02
 -.187834E+01 -.146734E+01 0.345523E+01 -.830026E+00 0.257004E+01 0.346320E+02
 -.187747E+01 -.146696E+01 0.345328E+01 -.819230E+00 0.257000E+01 0.343116E+02
 -.187766E+01 -.146680E+01 0.345331E+01 -.819243E+00 0.257000E+01 0.343115E+02
 -.187776E+01 -.146703E+01 0.345311E+01 -.819184E+00 0.257002E+01 0.343121E+02
 -.187894E+01 -.142914E+01 0.345345E+01 -.819417E+00 0.257001E+01 0.364394E+02
 -.187731E+01 -.146690E+01 0.345332E+01 -.819150E+00 0.257007E+01 0.343118E+02
 -.187747E+01 -.146948E+01 0.345346E+01 -.819343E+00 0.257004E+01 0.343216E+02
 -.187933E+01 -.146637E+01 0.345169E+01 -.819144E+00 0.257000E+01 0.343519E+02
 -.188435E+01 -.146665E+01 0.345366E+01 -.819349E+00 0.257001E+01 0.343863E+02
 -.187896E+01 -.146653E+01 0.345330E+01 -.819396E+00 0.257021E+01 0.343169E+02
 -.188367E+01 -.146571E+01 0.345693E+01 -.844461E+00 0.257125E+01 0.364284E+02
 -.188078E+01 -.145982E+01 0.345825E+01 -.821397E+00 0.257000E+01 0.344555E+02
 -.187626E+01 -.145863E+01 0.345569E+01 -.844541E+00 0.257027E+01 0.362976E+02
 -.187393E+01 -.146765E+01 0.345270E+01 -.819979E+00 0.257021E+01 0.343336E+02
 -.187760E+01 -.146659E+01 0.345392E+01 -.819164E+00 0.257001E+01 0.343148E+02
 -.187901E+01 -.146681E+01 0.345336E+01 -.818972E+00 0.257000E+01 0.343146E+02
 -.187588E+01 -.146603E+01 0.345348E+01 -.819242E+00 0.257000E+01 0.343201E+02
 -.187767E+01 -.146664E+01 0.345255E+01 -.819076E+00 0.257001E+01 0.343155E+02
 -.187760E+01 -.146674E+01 0.345332E+01 -.819239E+00 0.257000E+01 0.343115E+02
 -.187782E+01 -.146676E+01 0.345268E+01 -.819247E+00 0.257008E+01 0.343164E+02
 -.188333E+01 -.146074E+01 0.345646E+01 -.818276E+00 0.257000E+01 0.344319E+02
 -.187764E+01 -.146679E+01 0.345336E+01 -.819293E+00 0.257000E+01 0.343115E+02
 -.187769E+01 -.146665E+01 0.345332E+01 -.819156E+00 0.257000E+01 0.343116E+02
 -.187759E+01 -.146705E+01 0.345337E+01 -.819198E+00 0.257000E+01 0.343117E+02
 -.189061E+01 -.146603E+01 0.345466E+01 -.815536E+00 0.258688E+01 0.362198E+02
 -.187776E+01 -.146648E+01 0.345964E+01 -.809350E+00 0.257000E+01 0.355807E+02
 -.187152E+01 -.147050E+01 0.345456E+01 -.820817E+00 0.257007E+01 0.344279E+02
 -.187773E+01 -.146616E+01 0.345335E+01 -.819363E+00 0.257001E+01 0.343121E+02
 -.187763E+01 -.146615E+01 0.345324E+01 -.819218E+00 0.257001E+01 0.343121E+02
 -.186930E+01 -.146703E+01 0.344881E+01 -.818763E+00 0.257000E+01 0.343889E+02
 -.187900E+01 -.146679E+01 0.345268E+01 -.819193E+00 0.257004E+01 0.343242E+02
 -.187467E+01 -.146472E+01 0.345256E+01 -.814921E+00 0.257000E+01 0.343953E+02
 -.187764E+01 -.146684E+01 0.345331E+01 -.819258E+00 0.257000E+01 0.343115E+02
 -.188406E+01 -.146908E+01 0.345882E+01 -.819193E+00 0.257000E+01 0.344424E+02
 -.187741E+01 -.146423E+01 0.345151E+01 -.819445E+00 0.257034E+01 0.343556E+02
 -.187768E+01 -.147755E+01 0.345368E+01 -.819556E+00 0.257018E+01 0.344689E+02
 -.187765E+01 -.146677E+01 0.345324E+01 -.819245E+00 0.257000E+01 0.343116E+02
 -.187769E+01 -.146681E+01 0.345347E+01 -.819402E+00 0.257000E+01 0.343116E+02
 -.187844E+01 -.146662E+01 0.345358E+01 -.819471E+00 0.257000E+01 0.343122E+02
 -.187772E+01 -.146665E+01 0.345399E+01 -.819234E+00 0.257000E+01 0.343147E+02
 -.187761E+01 -.146707E+01 0.345342E+01 -.819241E+00 0.257004E+01 0.343117E+02
 -.187444E+01 -.146648E+01 0.345285E+01 -.817416E+00 0.257005E+01 0.343384E+02
 -.187759E+01 -.146685E+01 0.345333E+01 -.819257E+00 0.257002E+01 0.343116E+02
 -.187763E+01 -.146678E+01 0.345302E+01 -.819105E+00 0.257004E+01 0.343121E+02
 -.192241E+01 -.146602E+01 0.345014E+01 -.821408E+00 0.257386E+01 0.398404E+02
 -.187738E+01 -.146884E+01 0.344801E+01 -.820515E+00 0.257010E+01 0.346059E+02
 -.187536E+01 -.146654E+01 0.345296E+01 -.819411E+00 0.257001E+01 0.343182E+02
 -.187996E+01 -.146699E+01 0.345350E+01 -.819278E+00 0.257006E+01 0.343212E+02
 -.187681E+01 -.146557E+01 0.345337E+01 -.818408E+00 0.257042E+01 0.343169E+02
 -.187509E+01 -.146644E+01 0.345351E+01 -.822589E+00 0.257000E+01 0.343542E+02
 -.187765E+01 -.146681E+01 0.345333E+01 -.819213E+00 0.257000E+01 0.343115E+02
 -.187818E+01 -.146626E+01 0.345192E+01 -.819053E+00 0.257000E+01 0.343303E+02
 -.187764E+01 -.146576E+01 0.345296E+01 -.814840E+00 0.257001E+01 0.343798E+02
 -.187656E+01 -.146814E+01 0.345242E+01 -.818581E+00 0.257000E+01 0.343153E+02
 -.187878E+01 -.146671E+01 0.345365E+01 -.819254E+00 0.257001E+01 0.343128E+02
 -.187774E+01 -.146703E+01 0.345334E+01 -.819164E+00 0.257001E+01 0.343116E+02
 -.187713E+01 -.146678E+01 0.345366E+01 -.815469E+00 0.257000E+01 0.343845E+02
 -.187782E+01 -.146713E+01 0.345333E+01 -.819136E+00 0.257001E+01 0.343118E+02
 -.187776E+01 -.146900E+01 0.345316E+01 -.818886E+00 0.257016E+01 0.343190E+02
 -.187792E+01 -.146656E+01 0.345334E+01 -.819672E+00 0.257011E+01 0.343133E+02
 -.187730E+01 -.148764E+01 0.345532E+01 -.819737E+00 0.257164E+01 0.348970E+02
 -.187769E+01 -.146676E+01 0.345371E+01 -.820646E+00 0.257000E+01 0.343162E+02
 -.187777E+01 -.146678E+01 0.345331E+01 -.819216E+00 0.257000E+01 0.343116E+02
 -.187850E+01 -.146687E+01 0.345607E+01 -.814220E+00 0.257000E+01 0.345739E+02
 -.187763E+01 -.146675E+01 0.345343E+01 -.819252E+00 0.257000E+01 0.343116E+02
 -.187438E+01 -.146019E+01 0.345322E+01 -.817806E+00 0.257002E+01 0.344102E+02
 -.187767E+01 -.146680E+01 0.345331E+01 -.818455E+00 0.257002E+01 0.343137E+02
 -.187777E+01 -.146683E+01 0.345340E+01 -.817304E+00 0.257008E+01 0.343260E+02
 -.187766E+01 -.146685E+01 0.345334E+01 -.819219E+00 0.257000E+01 0.343115E+02
 -.187767E+01 -.146683E+01 0.345358E+01 -.819263E+00 0.257000E+01 0.343119E+02
 -.187767E+01 -.146668E+01 0.345333E+01 -.819244E+00 0.257003E+01 0.343116E+02
 -.187733E+01 -.146683E+01 0.345330E+01 -.819164E+00 0.257000E+01 0.343117E+02
 -.187900E+01 -.146677E+01 0.345343E+01 -.819231E+00 0.257001E+01 0.343143E+02
 -.188671E+01 -.146717E+01 0.345330E+01 -.818912E+00 0.257000E+01 0.344647E+02
 -.193949E+01 -.146143E+01 0.345665E+01 -.792869E+00 0.259535E+01 0.419001E+02
 -.187769E+01 -.146723E+01 0.345326E+01 -.819202E+00 0.257000E+01 0.343118E+02
 -.187675E+01 -.146530E+01 0.345415E+01 -.819437E+00 0.257000E+01 0.343248E+02
 -.187774E+01 -.146681E+01 0.345350E+01 -.819390E+00 0.257000E+01 0.343116E+02
 -.187757E+01 -.146931E+01 0.345333E+01 -.846365E+00 0.257003E+01 0.369875E+02
 -.187717E+01 -.146681E+01 0.345322E+01 -.819230E+00 0.257000E+01 0.343118E+02
 -.187764E+01 -.146687E+01 0.345331E+01 -.819261E+00 0.257000E+01 0.343115E+02
 -.187759E+01 -.146701E+01 0.345359E+01 -.819213E+00 0.257001E+01 0.343122E+02
 -.187764E+01 -.149225E+01 0.345438E+01 -.819403E+00 0.257002E+01 0.351582E+02
 -.187752E+01 -.146713E+01 0.345329E+01 -.819215E+00 0.257000E+01 0.343117E+02
 -.187670E+01 -.145836E+01 0.345271E+01 -.819385E+00 0.257005E+01 0.344128E+02
 -.188335E+01 -.146533E+01 0.344530E+01 -.819511E+00 0.257247E+01 0.354669E+02
 -.187354E+01 -.146705E+01 0.345369E+01 -.819126E+00 0.257001E+01 0.343531E+02
 -.187812E+01 -.146638E+01 0.345337E+01 -.818417E+00 0.257000E+01 0.343145E+02
 -.189735E+01 -.146560E+01 0.346251E+01 -.810831E+00 0.257000E+01 0.354699E+02
 -.187106E+01 -.145992E+01 0.346693E+01 -.819328E+00 0.257000E+01 0.364668E+02
 -.187318E+01 -.147365E+01 0.345132E+01 -.818745E+00 0.257035E+01 0.344006E+02
 -.187461E+01 -.146725E+01 0.345451E+01 -.819836E+00 0.257000E+01 0.343516E+02
 -.187770E+01 -.146676E+01 0.345319E+01 -.819178E+00 0.257001E+01 0.343117E+02
 -.187747E+01 -.146681E+01 0.345338E+01 -.819356E+00 0.257000E+01 0.343116E+02
 -.187623E+01 -.146649E+01 0.347159E+01 -.819006E+00 0.257036E+01 0.370927E+02
 -.187764E+01 -.146676E+01 0.345334E+01 -.819172E+00 0.257003E+01 0.343116E+02
 -.187762E+01 -.146681E+01 0.345332E+01 -.819216E+00 0.257000E+01 0.343115E+02
 -.187798E+01 -.146679E+01 0.345374E+01 -.819494E+00 0.257005E+01 0.343118E+02
 -.187593E+01 -.147332E+01 0.345295E+01 -.823129E+00 0.257003E+01 0.344434E+02
 -.187765E+01 -.146681E+01 0.345333E+01 -.819270E+00 0.257000E+01 0.343115E+02
 -.187761E+01 -.146676E+01 0.345333E+01 -.819191E+00 0.257000E+01 0.343115E+02
 -.187762E+01 -.146686E+01 0.345341E+01 -.818702E+00 0.257000E+01 0.343131E+02
 -.190821E+01 -.146424E+01 0.345984E+01 -.819368E+00 0.259154E+01 0.382335E+02
 -.188229E+01 -.146742E+01 0.345201E+01 -.806918E+00 0.257007E+01 0.348068E+02
 -.188207E+01 -.147342E+01 0.345484E+01 -.818797E+00 0.257018E+01 0.343925E+02
 -.194409E+01 -.146543E+01 0.350000E+01 -.806993E+00 0.258725E+01 0.392384E+02
 -.187770E+01 -.146727E+01 0.345337E+01 -.819062E+00 0.257001E+01 0.343120E+02
 -.187764E+01 -.146607E+01 0.345322E+01 -.819207E+00 0.257000E+01 0.343123E+02
 -.187478E+01 -.146683E+01 0.345280E+01 -.819042E+00 0.257000E+01 0.343211E+02
 -.187532E+01 -.146693E+01 0.345322E+01 -.819400E+00 0.257002E+01 0.343202E+02
 -.187706E+01 -.147075E+01 0.345158E+01 -.818095E+00 0.257054E+01 0.343544E+02
 -.187765E+01 -.146680E+01 0.345331E+01 -.819276E+00 0.257000E+01 0.343115E+02
 -.187538E+01 -.146708E+01 0.345579E+01 -.818975E+00 0.257066E+01 0.343826E+02
 -.187759E+01 -.146427E+01 0.345430E+01 -.819550E+00 0.257006E+01 0.343264E+02
 -.187771E+01 -.148222E+01 0.345374E+01 -.819132E+00 0.257017E+01 0.346296E+02
 -.187764E+01 -.146682E+01 0.345330E+01 -.819245E+00 0.257001E+01 0.343115E+02
 -.187844E+01 -.146677E+01 0.345349E+01 -.819392E+00 0.257000E+01 0.343123E+02
 -.188033E+01 -.146690E+01 0.345180E+01 -.819442E+00 0.257000E+01 0.343697E+02
 -.187775E+01 -.146684E+01 0.345371E+01 -.819272E+00 0.257002E+01 0.343123E+02
 -.187774E+01 -.146657E+01 0.345376E+01 -.819231E+00 0.257000E+01 0.343129E+02
 -.187325E+01 -.146630E+01 0.345259E+01 -.820690E+00 0.257003E+01 0.343440E+02
 -.187757E+01 -.146675E+01 0.345333E+01 -.819246E+00 0.257002E+01 0.343116E+02
 -.187534E+01 -.152689E+01 0.345219E+01 -.821864E+00 0.257000E+01 0.388211E+02
 -.187762E+01 -.146688E+01 0.345330E+01 -.819330E+00 0.257002E+01 0.343116E+02
 -.187498E+01 -.146863E+01 0.343899E+01 -.819504E+00 0.257000E+01 0.357358E+02
 -.187729E+01 -.146698E+01 0.345296E+01 -.819304E+00 0.257000E+01 0.343124E+02
 -.187875E+01 -.146678E+01 0.345357E+01 -.819378E+00 0.257000E+01 0.343128E+02
 -.187547E+01 -.146583E+01 0.345363E+01 -.819491E+00 0.257008E+01 0.343249E+02
 -.188166E+01 -.147047E+01 0.345625E+01 -.823916E+00 0.257000E+01 0.343667E+02
 -.187765E+01 -.146681E+01 0.345333E+01 -.819238E+00 0.257000E+01 0.343115E+02
 -.187631E+01 -.146616E+01 0.345357E+01 -.818932E+00 0.257002E+01 0.343194E+02
 -.188013E+01 -.146804E+01 0.345259E+01 -.820993E+00 0.257000E+01 0.343713E+02
 -.187709E+01 -.146975E+01 0.345278E+01 -.818310E+00 0.257000E+01 0.343245E+02
 -.188036E+01 -.146626E+01 0.345280E+01 -.819265E+00 0.257000E+01 0.343363E+02
 -.187770E+01 -.146656E+01 0.345333E+01 -.819262E+00 0.257000E+01 0.343116E+02
 -.187728E+01 -.146683E+01 0.345311E+01 -.820080E+00 0.257000E+01 0.343158E+02
 -.187776E+01 -.146713E+01 0.345334E+01 -.819069E+00 0.257000E+01 0.343118E+02
 -.187776E+01 -.146879E+01 0.345327E+01 -.818503E+00 0.257004E+01 0.343183E+02
 -.187769E+01 -.146632E+01 0.345345E+01 -.819074E+00 0.257019E+01 0.343121E+02
 -.187808E+01 -.144352E+01 0.345288E+01 -.819376E+00 0.257121E+01 0.351066E+02
 -.187759E+01 -.146673E+01 0.345321E+01 -.818629E+00 0.257006E+01 0.343124E+02
 -.187804E+01 -.146667E+01 0.345332E+01 -.819176E+00 0.257001E+01 0.343118E+02
 -.187795E+01 -.146683E+01 0.345197E+01 -.815230E+00 0.257799E+01 0.346692E+02
 -.187764E+01 -.146683E+01 0.345333E+01 -.819243E+00 0.257000E+01 0.343115E+02
 -.187617E+01 -.146168E+01 0.345332E+01 -.816714E+00 0.257001E+01 0.343876E+02
 -.187766E+01 -.146679E+01 0.345330E+01 -.819298E+00 0.257001E+01 0.343116E+02
 -.187762E+01 -.146683E+01 0.345346E+01 -.817320E+00 0.257005E+01 0.343277E+02
 -.187770E+01 -.146682E+01 0.345332E+01 -.819200E+00 0.257000E+01 0.343115E+02
 -.187762E+01 -.146683E+01 0.345349E+01 -.819240E+00 0.257000E+01 0.343117E+02
 -.187765E+01 -.146681E+01 0.345330E+01 -.819204E+00 0.257000E+01 0.343115E+02
 -.187811E+01 -.146693E+01 0.345339E+01 -.819170E+00 0.257000E+01 0.343118E+02
 -.187535E+01 -.146667E+01 0.345361E+01 -.819267E+00 0.257000E+01 0.343254E+02
 -.187365E+01 -.146703E+01 0.345211E+01 -.818459E+00 0.257001E+01 0.343261E+02
 -.187758E+01 -.146646E+01 0.345262E+01 -.819156E+00 0.257003E+01 0.343151E+02
 -.187610E+01 -.146673E+01 0.345517E+01 -.819491E+00 0.257000E+01 0.343539E+02
 -.187776E+01 -.146680E+01 0.345371E+01 -.819289E+00 0.257000E+01 0.343123E+02
 -.187769E+01 -.146823E+01 0.345228E+01 -.815464E+00 0.257003E+01 0.343471E+02
 -.187768E+01 -.146671E+01 0.345336E+01 -.819229E+00 0.257001E+01 0.343115E+02
 -.187766E+01 -.146684E+01 0.345331E+01 -.819227E+00 0.257000E+01 0.343115E+02
 -.187750E+01 -.146656E+01 0.345370E+01 -.819359E+00 0.257004E+01 0.343126E+02
 -.187844E+01 -.148450E+01 0.345304E+01 -.819366E+00 0.257002E+01 0.347412E+02
 -.187779E+01 -.146704E+01 0.345328E+01 -.819274E+00 0.257005E+01 0.343119E+02
 -.187526E+01 -.146290E+01 0.345260E+01 -.819059E+00 0.257001E+01 0.343383E+02
 -.187755E+01 -.146474E+01 0.344701E+01 -.819704E+00 0.257101E+01 0.347376E+02
 -.187504E+01 -.146712E+01 0.345348E+01 -.819386E+00 0.257001E+01 0.343260E+02
 -.187730E+01 -.146642E+01 0.345339E+01 -.819381E+00 0.257024E+01 0.343127E+02
 -.187344E+01 -.146394E+01 0.345453E+01 -.798271E+00 0.257170E+01 0.362955E+02
 -.187552E+01 -.146520E+01 0.345698E+01 -.819982E+00 0.257001E+01 0.344500E+02
 -.187174E+01 -.147511E+01 0.345066E+01 -.799158E+00 0.257000E+01 0.358423E+02
 -.187930E+01 -.146670E+01 0.345503E+01 -.819575E+00 0.257031E+01 0.343169E+02
 -.187785E+01 -.146679E+01 0.345285E+01 -.819336E+00 0.257000E+01 0.343144E+02
 -.187658E+01 -.146680E+01 0.345333E+01 -.819465E+00 0.257000E+01 0.343136E+02
 -.187686E+01 -.146729E+01 0.346290E+01 -.818964E+00 0.257000E+01 0.351025E+02
 -.187762E+01 -.146687E+01 0.345393E+01 -.819318E+00 0.257004E+01 0.343139E+02
 -.187767E+01 -.146687E+01 0.345333E+01 -.819217E+00 0.257000E+01 0.343115E+02
 -.187803E+01 -.146683E+01 0.345404E+01 -.819661E+00 0.257000E+01 0.343128E+02
 -.187265E+01 -.147125E+01 0.345555E+01 -.826189E+00 0.257000E+01 0.344973E+02
 -.187763E+01 -.146681E+01 0.345331E+01 -.819211E+00 0.257000E+01 0.343115E+02
 -.187755E+01 -.146696E+01 0.345332E+01 -.819221E+00 0.257000E+01 0.343116E+02
 -.187760E+01 -.146678E+01 0.345339E+01 -.818993E+00 0.257000E+01 0.343119E+02
 -.187819E+01 -.146451E+01 0.346614E+01 -.821413E+00 0.257317E+01 0.349804E+02
 -.188901E+01 -.146672E+01 0.344803E+01 -.819045E+00 0.257010E+01 0.350903E+02
 -.188611E+01 -.146650E+01 0.345431E+01 -.818805E+00 0.257022E+01 0.344091E+02
 -.187760E+01 -.146730E+01 0.345341E+01 -.818947E+00 0.257001E+01 0.343124E+02
 -.187760E+01 -.146680E+01 0.345325E+01 -.819215E+00 0.257000E+01 0.343115E+02
 -.188470E+01 -.146656E+01 0.345648E+01 -.819384E+00 0.257000E+01 0.343614E+02
 -.187522E+01 -.146711E+01 0.345368E+01 -.819424E+00 0.257000E+01 0.343271E+02
 -.187884E+01 -.147104E+01 0.345032E+01 -.820515E+00 0.257101E+01 0.345439E+02
 -.187765E+01 -.146673E+01 0.345334E+01 -.819254E+00 0.257001E+01 0.343115E+02
 -.187588E+01 -.146488E+01 0.344782E+01 -.819117E+00 0.257046E+01 0.345289E+02
 -.187777E+01 -.146969E+01 0.345378E+01 -.819301E+00 0.257000E+01 0.343237E+02
 -.187767E+01 -.145556E+01 0.345438E+01 -.819123E+00 0.257003E+01 0.345065E+02
 -.187761E+01 -.146684E+01 0.345336E+01 -.819199E+00 0.257000E+01 0.343116E+02
 -.187816E+01 -.146680E+01 0.345346E+01 -.819275E+00 0.257000E+01 0.343118E+02
 -.187848E+01 -.146700E+01 0.345083E+01 -.819237E+00 0.257000E+01 0.343736E+02
 -.187779E+01 -.146718E+01 0.345314E+01 -.819222E+00 0.257002E+01 0.343123E+02
 -.187766E+01 -.146677E+01 0.345346E+01 -.819213E+00 0.257006E+01 0.343117E+02
 -.187752E+01 -.146696E+01 0.345476E+01 -.820644E+00 0.257001E+01 0.343194E+02
 -.187760E+01 -.146677E+01 0.345331E+01 -.819222E+00 0.257001E+01 0.343115E+02
 -.187762E+01 -.146692E+01 0.345353E+01 -.819352E+00 0.257000E+01 0.343117E+02
 -.185869E+01 -.146603E+01 0.347674E+01 -.820470E+00 0.257402E+01 0.402620E+02
 -.188020E+01 -.146775E+01 0.344989E+01 -.819089E+00 0.257009E+01 0.344667E+02
 -.187886E+01 -.146732E+01 0.345304E+01 -.819188E+00 0.257001E+01 0.343184E+02
 -.187587E+01 -.146699E+01 0.345349E+01 -.819418E+00 0.257011E+01 0.343185E+02
 -.188117E+01 -.146620E+01 0.345377E+01 -.819824E+00 0.257000E+01 0.343315E+02
 -.187839E+01 -.146446E+01 0.345360E+01 -.820017E+00 0.257000E+01 0.343207E+02
 -.187764E+01 -.146680E+01 0.345333E+01 -.819241E+00 0.257000E+01 0.343115E+02
 -.187538E+01 -.146656E+01 0.345306E+01 -.819271E+00 0.257001E+01 0.343186E+02
 -.188121E+01 -.146844E+01 0.345347E+01 -.822284E+00 0.257000E+01 0.343889E+02
 -.187755E+01 -.147075E+01 0.345338E+01 -.819035E+00 0.257000E+01 0.343330E+02
 -.187696E+01 -.146614E+01 0.345283E+01 -.819148E+00 0.257000E+01 0.343128E+02
 -.187756E+01 -.146638E+01 0.345331E+01 -.819391E+00 0.257001E+01 0.343119E+02
 -.187891E+01 -.146686E+01 0.345364E+01 -.822713E+00 0.257000E+01 0.343586E+02
 -.187773E+01 -.146686E+01 0.345330E+01 -.819112E+00 0.257004E+01 0.343116E+02
 -.187765E+01 -.146674E+01 0.345340E+01 -.818931E+00 0.257006E+01 0.343120E+02
 -.187744E+01 -.146621E+01 0.345336E+01 -.819000E+00 0.257005E+01 0.343125E+02
 -.187751E+01 -.147625E+01 0.345383E+01 -.819278E+00 0.257000E+01 0.344329E+02
 -.187769E+01 -.146676E+01 0.345296E+01 -.818644E+00 0.257002E+01 0.343122E+02
 -.187762E+01 -.146674E+01 0.345331E+01 -.819193E+00 0.257000E+01 0.343115E+02
 -.187795E+01 -.146678E+01 0.345051E+01 -.817068E+00 0.257279E+01 0.344552E+02
 -.187763E+01 -.146688E+01 0.345323E+01 -.819191E+00 0.257000E+01 0.343116E+02
 -.188014E+01 -.146582E+01 0.345403E+01 -.818424E+00 0.257001E+01 0.343234E+02
 -.187765E+01 -.146686E+01 0.345330E+01 -.819884E+00 0.257000E+01 0.343134E+02
 -.187760E+01 -.146679E+01 0.345326E+01 -.822195E+00 0.257000E+01 0.343478E+02
 -.187766E+01 -.146682E+01 0.345331E+01 -.819217E+00 0.257000E+01 0.343115E+02
 -.187764E+01 -.146681E+01 0.345314E+01 -.819150E+00 0.257000E+01 0.343117E+02
 -.187762E+01 -.146691E+01 0.345329E+01 -.819178E+00 0.257001E+01 0.343116E+02
 -.187777E+01 -.146690E+01 0.345333E+01 -.819205E+00 0.257000E+01 0.343116E+02
 -.187445E+01 -.146683E+01 0.345341E+01 -.819253E+00 0.257002E+01 0.343321E+02
 -.186575E+01 -.146684E+01 0.345282E+01 -.818585E+00 0.257001E+01 0.345562E+02
 -.192685E+01 -.146309E+01 0.348057E+01 -.850070E+00 0.258044E+01 0.374983E+02
 -.187753E+01 -.146650E+01 0.345334E+01 -.819161E+00 0.257000E+01 0.343117E+02
 -.187669E+01 -.146781E+01 0.345153E+01 -.819181E+00 0.257000E+01 0.343317E+02
 -.187770E+01 -.146681E+01 0.345378E+01 -.819304E+00 0.257000E+01 0.343128E+02
 -.187876E+01 -.146635E+01 0.345382E+01 -.799386E+00 0.257010E+01 0.360639E+02
 -.187802E+01 -.146666E+01 0.345340E+01 -.819226E+00 0.257000E+01 0.343117E+02
 -.187767E+01 -.146679E+01 0.345331E+01 -.819200E+00 0.257000E+01 0.343115E+02
 -.187761E+01 -.146650E+01 0.345345E+01 -.819505E+00 0.257002E+01 0.343118E+02
 -.187940E+01 -.145936E+01 0.345353E+01 -.819207E+00 0.257000E+01 0.343920E+02
 -.187762E+01 -.146699E+01 0.345332E+01 -.819248E+00 0.257007E+01 0.343117E+02
 -.187544E+01 -.147069E+01 0.345351E+01 -.818923E+00 0.257002E+01 0.343434E+02
 -.187410E+01 -.146439E+01 0.346494E+01 -.819401E+00 0.257006E+01 0.356286E+02
 -.188024E+01 -.146665E+01 0.345334E+01 -.819884E+00 0.257001E+01 0.343293E+02
 -.187757E+01 -.146641E+01 0.345327E+01 -.819681E+00 0.257035E+01 0.343158E+02
 -.186197E+01 -.146136E+01 0.345423E+01 -.838266E+00 0.257154E+01 0.359144E+02
 -.187958E+01 -.147140E+01 0.344726E+01 -.819425E+00 0.257001E+01 0.347228E+02
 -.187640E+01 -.147362E+01 0.345147E+01 -.806729E+00 0.257000E+01 0.348543E+02
 -.188020E+01 -.146568E+01 0.345352E+01 -.819329E+00 0.257020E+01 0.343251E+02
 -.187778E+01 -.146666E+01 0.345282E+01 -.819250E+00 0.257000E+01 0.343140E+02
 -.187749E+01 -.146680E+01 0.345331E+01 -.819192E+00 0.257000E+01 0.343116E+02
 -.187674E+01 -.146608E+01 0.343852E+01 -.819353E+00 0.257014E+01 0.359472E+02
 -.187764E+01 -.146692E+01 0.345328E+01 -.819162E+00 0.257004E+01 0.343116E+02
 -.187767E+01 -.146688E+01 0.345331E+01 -.819216E+00 0.257000E+01 0.343115E+02
 -.187749E+01 -.146685E+01 0.345319E+01 -.819180E+00 0.257008E+01 0.343118E+02
 -.188072E+01 -.146902E+01 0.345612E+01 -.824963E+00 0.257005E+01 0.343763E+02
 -.187762E+01 -.146681E+01 0.345329E+01 -.819166E+00 0.257000E+01 0.343115E+02
 -.187760E+01 -.146684E+01 0.345330E+01 -.819225E+00 0.257000E+01 0.343115E+02
 -.187760E+01 -.146696E+01 0.345334E+01 -.819384E+00 0.257000E+01 0.343116E+02
 -.187251E+01 -.146524E+01 0.346429E+01 -.816711E+00 0.257042E+01 0.358441E+02
 -.188647E+01 -.146628E+01 0.345861E+01 -.828655E+00 0.257002E+01 0.344832E+02
 -.187822E+01 -.146577E+01 0.345230E+01 -.820094E+00 0.257006E+01 0.343377E+02
 -.187380E+01 -.145926E+01 0.344673E+01 -.828983E+00 0.257955E+01 0.375660E+02
 -.187758E+01 -.146643E+01 0.345331E+01 -.819136E+00 0.257000E+01 0.343117E+02
 -.187757E+01 -.146735E+01 0.345333E+01 -.819218E+00 0.257000E+01 0.343120E+02
 -.188384E+01 -.146675E+01 0.345689E+01 -.818452E+00 0.257000E+01 0.343840E+02
 -.187667E+01 -.146696E+01 0.345350E+01 -.819466E+00 0.257002E+01 0.343140E+02
 -.187750E+01 -.146387E+01 0.345303E+01 -.817197E+00 0.257010E+01 0.343357E+02
 -.187765E+01 -.146678E+01 0.345333E+01 -.819215E+00 0.257000E+01 0.343115E+02
 -.188120E+01 -.146421E+01 0.345706E+01 -.819194E+00 0.257000E+01 0.343875E+02
 -.187748E+01 -.146943E+01 0.345283E+01 -.819016E+00 0.257020E+01 0.343241E+02
 -.187771E+01 -.145732E+01 0.345445E+01 -.819555E+00 0.257000E+01 0.344501E+02
 -.187758E+01 -.146679E+01 0.345336E+01 -.819182E+00 0.257000E+01 0.343116E+02
 -.187724E+01 -.146684E+01 0.345328E+01 -.819257E+00 0.257000E+01 0.343118E+02
 -.187591E+01 -.146641E+01 0.345578E+01 -.819164E+00 0.257000E+01 0.343897E+02
 -.187790E+01 -.146676E+01 0.345303E+01 -.819192E+00 0.257000E+01 0.343126E+02
 -.187760E+01 -.146698E+01 0.345317E+01 -.819200E+00 0.257003E+01 0.343118E+02
 -.188151E+01 -.146724E+01 0.345512E+01 -.818979E+00 0.257001E+01 0.343301E+02
 -.187766E+01 -.146679E+01 0.345330E+01 -.819204E+00 0.257000E+01 0.343115E+02
 -.187079E+01 -.144328E+01 0.345226E+01 -.819312E+00 0.257011E+01 0.351913E+02
 -.187763E+01 -.146689E+01 0.345340E+01 -.819304E+00 0.257003E+01 0.343116E+02
 -.188194E+01 -.146727E+01 0.346930E+01 -.819652E+00 0.257011E+01 0.359448E+02
 -.187864E+01 -.146697E+01 0.345317E+01 -.819178E+00 0.257000E+01 0.343143E+02
 -.187569E+01 -.146723E+01 0.345352E+01 -.819424E+00 0.257006E+01 0.343203E+02
 -.187935E+01 -.146697E+01 0.345364E+01 -.819784E+00 0.257015E+01 0.343171E+02
 -.187503E+01 -.146244E+01 0.345118E+01 -.816839E+00 0.257000E+01 0.343459E+02
 -.187763E+01 -.146681E+01 0.345332E+01 -.819221E+00 0.257000E+01 0.343115E+02
 -.187854E+01 -.146713E+01 0.345230E+01 -.819436E+00 0.257001E+01 0.343299E+02
 -.187725E+01 -.146714E+01 0.345384E+01 -.820214E+00 0.257000E+01 0.343143E+02
 -.187707E+01 -.146411E+01 0.345307E+01 -.819352E+00 0.257000E+01 0.343220E+02
 -.187552E+01 -.146645E+01 0.345317E+01 -.819039E+00 0.257003E+01 0.343192E+02
 -.187760E+01 -.146654E+01 0.345332E+01 -.819365E+00 0.257002E+01 0.343117E+02
 -.187954E+01 -.146684E+01 0.345400E+01 -.818136E+00 0.257000E+01 0.343230E+02
 -.187769E+01 -.146659E+01 0.345327E+01 -.819168E+00 0.257005E+01 0.343117E+02
 -.187756E+01 -.146531E+01 0.345345E+01 -.819898E+00 0.257009E+01 0.343162E+02
 -.187738E+01 -.146701E+01 0.345329E+01 -.819149E+00 0.257000E+01 0.343117E+02
 -.187671E+01 -.149449E+01 0.345417E+01 -.819909E+00 0.257187E+01 0.353496E+02
 -.187775E+01 -.146680E+01 0.345347E+01 -.819646E+00 0.257000E+01 0.343119E+02
 -.187730E+01 -.146688E+01 0.345330E+01 -.819207E+00 0.257000E+01 0.343117E+02
 -.187792E+01 -.146677E+01 0.345496E+01 -.818962E+00 0.257000E+01 0.343341E+02
 -.187763E+01 -.146675E+01 0.345334E+01 -.819163E+00 0.257000E+01 0.343116E+02
 -.188156E+01 -.146922E+01 0.345351E+01 -.820377E+00 0.257000E+01 0.343579E+02
 -.187762E+01 -.146681E+01 0.345332E+01 -.819186E+00 0.257002E+01 0.343115E+02
 -.187774E+01 -.146680E+01 0.345324E+01 -.821079E+00 0.257005E+01 0.343277E+02
 -.187760E+01 -.146681E+01 0.345330E+01 -.819224E+00 0.257000E+01 0.343115E+02
 -.187772E+01 -.146679E+01 0.345295E+01 -.819106E+00 0.257000E+01 0.343124E+02
 -.187761E+01 -.146671E+01 0.345331E+01 -.819221E+00 0.257000E+01 0.343115E+02
 -.187734E+01 -.146680E+01 0.345329E+01 -.819234E+00 0.257000E+01 0.343116E+02
 -.187726E+01 -.146694E+01 0.345331E+01 -.819190E+00 0.257001E+01 0.343118E+02
 -.188534E+01 -.146678E+01 0.345305E+01 -.819455E+00 0.257000E+01 0.344383E+02
 -.190769E+01 -.148036E+01 0.349071E+01 -.795831E+00 0.259363E+01 0.383209E+02
 -.187755E+01 -.146694E+01 0.345386E+01 -.819206E+00 0.257002E+01 0.343140E+02
 -.187833E+01 -.146589E+01 0.344988E+01 -.819161E+00 0.257000E+01 0.344152E+02
 -.187762E+01 -.146681E+01 0.345280E+01 -.819307E+00 0.257000E+01 0.343140E+02
 -.187802E+01 -.146655E+01 0.345593E+01 -.796035E+00 0.257013E+01 0.372424E+02
 -.187742E+01 -.146683E+01 0.345326E+01 -.819208E+00 0.257000E+01 0.343116E+02
 -.187765E+01 -.146678E+01 0.345331E+01 -.819181E+00 0.257000E+01 0.343115E+02
 -.187770E+01 -.146656E+01 0.345317E+01 -.819331E+00 0.257000E+01 0.343120E+02
 -.188003E+01 -.144504E+01 0.345443E+01 -.819533E+00 0.257002E+01 0.350060E+02
 -.187739E+01 -.146706E+01 0.345334E+01 -.819133E+00 0.257000E+01 0.343118E+02
 -.187889E+01 -.147253E+01 0.345359E+01 -.819250E+00 0.257003E+01 0.343588E+02
 -.187849E+01 -.146531E+01 0.345934E+01 -.818952E+00 0.257144E+01 0.344917E+02
 -.188126E+01 -.146637E+01 0.345349E+01 -.819733E+00 0.257001E+01 0.343370E+02
 -.187821E+01 -.146668E+01 0.345327E+01 -.818815E+00 0.257000E+01 0.343125E+02
 -.186906E+01 -.146556E+01 0.345578E+01 -.851643E+00 0.257215E+01 0.378684E+02
 -.187679E+01 -.146716E+01 0.344606E+01 -.819602E+00 0.257000E+01 0.347109E+02
 -.188073E+01 -.147111E+01 0.345308E+01 -.831401E+00 0.257054E+01 0.350873E+02
 -.187982E+01 -.146558E+01 0.345258E+01 -.819451E+00 0.257016E+01 0.343406E+02
 -.187756E+01 -.146664E+01 0.345356E+01 -.819200E+00 0.257000E+01 0.343122E+02
 -.187833E+01 -.146681E+01 0.345330E+01 -.819031E+00 0.257000E+01 0.343124E+02
 -.187731E+01 -.146588E+01 0.342512E+01 -.819579E+00 0.257006E+01 0.402687E+02
 -.187765E+01 -.146691E+01 0.345287E+01 -.819052E+00 0.257001E+01 0.343126E+02
 -.187761E+01 -.146678E+01 0.345330E+01 -.819210E+00 0.257000E+01 0.343115E+02
 -.187731E+01 -.146678E+01 0.345282E+01 -.818860E+00 0.257009E+01 0.343124E+02
 -.188258E+01 -.146564E+01 0.345234E+01 -.821670E+00 0.257004E+01 0.344536E+02
 -.187763E+01 -.146681E+01 0.345332E+01 -.819164E+00 0.257000E+01 0.343115E+02
 -.187768E+01 -.146673E+01 0.345330E+01 -.819208E+00 0.257000E+01 0.343115E+02
 -.187762E+01 -.146687E+01 0.345329E+01 -.819465E+00 0.257000E+01 0.343118E+02
 -.189882E+01 -.146603E+01 0.345818E+01 -.816226E+00 0.257439E+01 0.347744E+02
 -.188079E+01 -.146661E+01 0.346469E+01 -.820120E+00 0.257005E+01 0.350814E+02
 -.187172E+01 -.146623E+01 0.345108E+01 -.821059E+00 0.257000E+01 0.343777E+02
 -.187301E+01 -.146711E+01 0.346706E+01 -.816295E+00 0.257000E+01 0.366105E+02
 -.187766E+01 -.146611E+01 0.345330E+01 -.819461E+00 0.257000E+01 0.343124E+02
 -.187765E+01 -.146720E+01 0.345327E+01 -.819217E+00 0.257000E+01 0.343118E+02
 -.187419E+01 -.146684E+01 0.345278E+01 -.818711E+00 0.257000E+01 0.343275E+02
 -.187837E+01 -.146668E+01 0.345276E+01 -.819542E+00 0.257004E+01 0.343210E+02
 -.187656E+01 -.145963E+01 0.345516E+01 -.815287E+00 0.257000E+01 0.345701E+02
 -.187762E+01 -.146684E+01 0.345330E+01 -.819184E+00 0.257000E+01 0.343115E+02
 -.188024E+01 -.147057E+01 0.345922E+01 -.819056E+00 0.257039E+01 0.345066E+02
 -.187748E+01 -.146647E+01 0.345266E+01 -.818908E+00 0.257025E+01 0.343153E+02
 -.187775E+01 -.148294E+01 0.345358E+01 -.819511E+00 0.257028E+01 0.346637E+02
 -.187760E+01 -.146678E+01 0.345316E+01 -.819210E+00 0.257000E+01 0.343117E+02
 -.187726E+01 -.146678E+01 0.345318E+01 -.819319E+00 0.257000E+01 0.343118E+02
 -.187528E+01 -.146681E+01 0.345646E+01 -.819532E+00 0.257000E+01 0.344305E+02
 -.187771E+01 -.146668E+01 0.345419E+01 -.819213E+00 0.257001E+01 0.343172E+02
 -.187761E+01 -.146675E+01 0.345324E+01 -.819215E+00 0.257000E+01 0.343116E+02
 -.187920E+01 -.146665E+01 0.345224E+01 -.818179E+00 0.257001E+01 0.343278E+02
 -.187768E+01 -.146681E+01 0.345329E+01 -.819197E+00 0.257001E+01 0.343115E+02
 -.187568E+01 -.152040E+01 0.345370E+01 -.820556E+00 0.257005E+01 0.378729E+02
 -.187764E+01 -.146681E+01 0.345324E+01 -.819130E+00 0.257004E+01 0.343116E+02
 -.187531E+01 -.146661E+01 0.345596E+01 -.820754E+00 0.257008E+01 0.343782E+02
 -.187659E+01 -.146663E+01 0.345306E+01 -.819258E+00 0.257000E+01 0.343127E+02
 -.187791E+01 -.146713E+01 0.345341E+01 -.819336E+00 0.257002E+01 0.343118E+02
 -.187613E+01 -.146675E+01 0.345291E+01 -.819512E+00 0.257004E+01 0.343148E+02
 -.187909E+01 -.146626E+01 0.345376E+01 -.817085E+00 0.257000E+01 0.343362E+02
 -.187762E+01 -.146681E+01 0.345331E+01 -.819206E+00 0.257000E+01 0.343115E+02
 -.187808E+01 -.146693E+01 0.345313E+01 -.819057E+00 0.257002E+01 0.343124E+02
 -.187444E+01 -.146577E+01 0.345406E+01 -.817409E+00 0.257000E+01 0.343835E+02
 -.187712E+01 -.146664E+01 0.345216E+01 -.818852E+00 0.257000E+01 0.343176E+02
 -.187745E+01 -.146712E+01 0.345352E+01 -.819131E+00 0.257001E+01 0.343124E+02
 -.187776E+01 -.146700E+01 0.345332E+01 -.819112E+00 0.257000E+01 0.343116E+02
 -.187832E+01 -.146688E+01 0.345377E+01 -.816812E+00 0.257000E+01 0.343425E+02
 -.187769E+01 -.146680E+01 0.345334E+01 -.819146E+00 0.257000E+01 0.343115E+02
 -.187757E+01 -.146713E+01 0.345338E+01 -.820043E+00 0.257006E+01 0.343145E+02
 -.187735E+01 -.146756E+01 0.345325E+01 -.819319E+00 0.257003E+01 0.343126E+02
 -.187724E+01 -.147092E+01 0.345556E+01 -.819552E+00 0.257081E+01 0.343540E+02
 -.187770E+01 -.146684E+01 0.345373E+01 -.820237E+00 0.257000E+01 0.343135E+02
 -.187752E+01 -.146689E+01 0.345330E+01 -.819212E+00 0.257000E+01 0.343116E+02
 -.187752E+01 -.146676E+01 0.345759E+01 -.820722E+00 0.257196E+01 0.343614E+02
 -.187763E+01 -.146668E+01 0.345340E+01 -.819214E+00 0.257000E+01 0.343116E+02
 -.187865E+01 -.146612E+01 0.345325E+01 -.819437E+00 0.257002E+01 0.343150E+02
 -.187765E+01 -.146679E+01 0.345332E+01 -.818676E+00 0.257003E+01 0.343126E+02
 -.187779E+01 -.146683E+01 0.345340E+01 -.815494E+00 0.257008E+01 0.343669E+02
 -.187759E+01 -.146682E+01 0.345330E+01 -.819222E+00 0.257000E+01 0.343115E+02
 -.187768E+01 -.146679E+01 0.345337E+01 -.819144E+00 0.257000E+01 0.343116E+02
 -.187764E+01 -.146664E+01 0.345331E+01 -.819227E+00 0.257001E+01 0.343116E+02
 -.187763E+01 -.146676E+01 0.345334E+01 -.819197E+00 0.257000E+01 0.343115E+02
 -.188000E+01 -.146691E+01 0.345334E+01 -.819246E+00 0.257000E+01 0.343229E+02
 -.189217E+01 -.146693E+01 0.345201E+01 -.818472E+00 0.257000E+01 0.348020E+02
 -.186587E+01 -.148354E+01 0.344443E+01 -.797137E+00 0.259234E+01 0.367808E+02
 -.187759E+01 -.146669E+01 0.345356E+01 -.819207E+00 0.257001E+01 0.343121E+02
 -.187788E+01 -.146483E+01 0.345395E+01 -.819848E+00 0.257000E+01 0.343180E+02
 -.187763E+01 -.146681E+01 0.345262E+01 -.819235E+00 0.257000E+01 0.343153E+02
 -.187742E+01 -.146930E+01 0.345548E+01 -.821010E+00 0.257010E+01 0.343368E+02
 -.187719E+01 -.146686E+01 0.345331E+01 -.819203E+00 0.257000E+01 0.343119E+02
 -.187765E+01 -.146677E+01 0.345331E+01 -.819208E+00 0.257000E+01 0.343115E+02
 -.187766E+01 -.146666E+01 0.345328E+01 -.819169E+00 0.257001E+01 0.343116E+02
 -.187910E+01 -.147139E+01 0.345423E+01 -.819387E+00 0.257002E+01 0.343423E+02
 -.187733E+01 -.146691E+01 0.345333E+01 -.819166E+00 0.257004E+01 0.343118E+02
 -.187949E+01 -.147268E+01 0.345277E+01 -.819485E+00 0.257002E+01 0.343807E+02
 -.188227E+01 -.146786E+01 0.344924E+01 -.818982E+00 0.257244E+01 0.347726E+02
 -.187568E+01 -.146649E+01 0.345357E+01 -.819351E+00 0.257001E+01 0.343216E+02
 -.187809E+01 -.146700E+01 0.345331E+01 -.818599E+00 0.257020E+01 0.343126E+02
 -.188430E+01 -.146542E+01 0.346414E+01 -.824932E+00 0.257075E+01 0.345536E+02
 -.187417E+01 -.146255E+01 0.346259E+01 -.819662E+00 0.257001E+01 0.352009E+02
 -.187433E+01 -.146561E+01 0.345300E+01 -.831703E+00 0.257014E+01 0.349092E+02
 -.187493E+01 -.146668E+01 0.345482E+01 -.819390E+00 0.257007E+01 0.343605E+02
 -.187756E+01 -.146673E+01 0.345401E+01 -.819280E+00 0.257000E+01 0.343153E+02
 -.187776E+01 -.146681E+01 0.345332E+01 -.819065E+00 0.257000E+01 0.343116E+02
 -.187654E+01 -.146631E+01 0.344380E+01 -.819108E+00 0.257000E+01 0.349443E+02
 -.187761E+01 -.146661E+01 0.345328E+01 -.819012E+00 0.257002E+01 0.343117E+02
 -.187757E+01 -.146676E+01 0.345332E+01 -.819208E+00 0.257000E+01 0.343115E+02
 -.187779E+01 -.146675E+01 0.345369E+01 -.819631E+00 0.257000E+01 0.343118E+02
 -.188139E+01 -.146839E+01 0.345407E+01 -.818052E+00 0.257004E+01 0.343380E+02
 -.187764E+01 -.146681E+01 0.345332E+01 -.819224E+00 0.257000E+01 0.343115E+02
 -.187761E+01 -.146673E+01 0.345331E+01 -.819219E+00 0.257000E+01 0.343115E+02
 -.187762E+01 -.146688E+01 0.345329E+01 -.819102E+00 0.257000E+01 0.343116E+02
 -.189889E+01 -.146717E+01 0.345863E+01 -.817775E+00 0.257443E+01 0.347692E+02
 -.187759E+01 -.146731E+01 0.344599E+01 -.812443E+00 0.257008E+01 0.345028E+02
 -.187045E+01 -.146603E+01 0.345074E+01 -.819157E+00 0.257011E+01 0.343638E+02
 -.189788E+01 -.146134E+01 0.348619E+01 -.809571E+00 0.257786E+01 0.398081E+02
 -.187765E+01 -.146710E+01 0.345337E+01 -.819339E+00 0.257001E+01 0.343117E+02
 -.187768E+01 -.146654E+01 0.345321E+01 -.819208E+00 0.257000E+01 0.343117E+02
 -.187041E+01 -.146674E+01 0.345081E+01 -.818724E+00 0.257000E+01 0.343576E+02
 -.187821E+01 -.146706E+01 0.345273E+01 -.819617E+00 0.257000E+01 0.343197E+02
 -.187724E+01 -.146516E+01 0.345308E+01 -.820649E+00 0.257033E+01 0.343311E+02
 -.187763E+01 -.146682E+01 0.345329E+01 -.819236E+00 0.257000E+01 0.343115E+02
 -.187719E+01 -.147463E+01 0.344643E+01 -.819059E+00 0.257029E+01 0.347913E+02
 -.187762E+01 -.146462E+01 0.345300E+01 -.819770E+00 0.257025E+01 0.343238E+02
 -.187774E+01 -.148566E+01 0.345401E+01 -.819154E+00 0.257024E+01 0.347837E+02
 -.187763E+01 -.146681E+01 0.345320E+01 -.819244E+00 0.257000E+01 0.343116E+02
 -.187776E+01 -.146678E+01 0.345344E+01 -.819393E+00 0.257000E+01 0.343116E+02
 -.188026E+01 -.146683E+01 0.345520E+01 -.819751E+00 0.257000E+01 0.343205E+02
 -.187767E+01 -.146675E+01 0.345357E+01 -.819269E+00 0.257001E+01 0.343119E+02
 -.187765E+01 -.146664E+01 0.345332E+01 -.819235E+00 0.257000E+01 0.343115E+02
 -.187476E+01 -.146641E+01 0.345354E+01 -.818124E+00 0.257004E+01 0.343421E+02
 -.187762E+01 -.146682E+01 0.345331E+01 -.819231E+00 0.257000E+01 0.343115E+02
 -.188144E+01 -.148588E+01 0.345407E+01 -.821255E+00 0.257001E+01 0.348449E+02
 -.187763E+01 -.146680E+01 0.345325E+01 -.819217E+00 0.257000E+01 0.343115E+02
 -.187303E+01 -.146521E+01 0.344758E+01 -.822359E+00 0.257284E+01 0.349569E+02
 -.187721E+01 -.146709E+01 0.344143E+01 -.819948E+00 0.257000E+01 0.354394E+02
 -.187691E+01 -.146672E+01 0.345292E+01 -.819355E+00 0.257000E+01 0.343126E+02
 -.187955E+01 -.146683E+01 0.345326E+01 -.819261E+00 0.257000E+01 0.343203E+02
 -.187528E+01 -.146562E+01 0.345279E+01 -.819168E+00 0.257000E+01 0.343196E+02
 -.188173E+01 -.146961E+01 0.345556E+01 -.818530E+00 0.257000E+01 0.343533E+02
 -.187763E+01 -.146680E+01 0.345332E+01 -.819216E+00 0.257000E+01 0.343115E+02
 -.187763E+01 -.146676E+01 0.345387E+01 -.818993E+00 0.257000E+01 0.343153E+02
 -.187707E+01 -.146651E+01 0.345358E+01 -.817257E+00 0.257000E+01 0.343353E+02
 -.187665E+01 -.146994E+01 0.345215E+01 -.818348E+00 0.257000E+01 0.343279E+02
 -.187915E+01 -.146645E+01 0.345336E+01 -.819083E+00 0.257000E+01 0.343154E+02
 -.187772E+01 -.146725E+01 0.345333E+01 -.819198E+00 0.257002E+01 0.343119E+02
 -.187740E+01 -.146689E+01 0.345361E+01 -.819740E+00 0.257000E+01 0.343123E+02
 -.187764E+01 -.146696E+01 0.345337E+01 -.819242E+00 0.257002E+01 0.343116E+02
 -.187770E+01 -.146837E+01 0.345327E+01 -.818419E+00 0.257007E+01 0.343166E+02
 -.187764E+01 -.146674E+01 0.345328E+01 -.819317E+00 0.257003E+01 0.343117E+02
 -.187787E+01 -.144818E+01 0.345401E+01 -.819321E+00 0.257000E+01 0.348198E+02
 -.187762E+01 -.146681E+01 0.345316E+01 -.819357E+00 0.257001E+01 0.343120E+02
 -.187782E+01 -.146671E+01 0.345332E+01 -.819232E+00 0.257001E+01 0.343116E+02
 -.187758E+01 -.146678E+01 0.345345E+01 -.818990E+00 0.257007E+01 0.343120E+02
 -.187764E+01 -.146676E+01 0.345335E+01 -.819295E+00 0.257000E+01 0.343115E+02
 -.187541E+01 -.146402E+01 0.345315E+01 -.818623E+00 0.257004E+01 0.343334E+02
 -.187769E+01 -.146679E+01 0.345332E+01 -.818675E+00 0.257000E+01 0.343127E+02
 -.187761E+01 -.146681E+01 0.345346E+01 -.819185E+00 0.257008E+01 0.343117E+02
 -.187769E+01 -.146682E+01 0.345332E+01 -.819219E+00 0.257000E+01 0.343115E+02
 -.187764E+01 -.146681E+01 0.345367E+01 -.819252E+00 0.257000E+01 0.343124E+02
 -.187767E+01 -.146703E+01 0.345332E+01 -.819222E+00 0.257000E+01 0.343116E+02
 -.187786E+01 -.146680E+01 0.345336E+01 -.819172E+00 0.257000E+01 0.343116E+02
 -.187834E+01 -.146686E+01 0.345346E+01 -.819267E+00 0.257001E+01 0.343121E+02
 -.187282E+01 -.146694E+01 0.345259E+01 -.817888E+00 0.257000E+01 0.343485E+02
 -.185216E+01 -.146057E+01 0.347428E+01 -.832268E+00 0.257000E+01 0.399744E+02
 -.187766E+01 -.146652E+01 0.345314E+01 -.819161E+00 0.257000E+01 0.343118E+02
 -.187635E+01 -.146668E+01 0.345553E+01 -.819783E+00 0.257000E+01 0.343583E+02
 -.187772E+01 -.146680E+01 0.345368E+01 -.819181E+00 0.257000E+01 0.343125E+02
 -.187851E+01 -.147001E+01 0.345545E+01 -.837562E+00 0.257006E+01 0.353430E+02
 -.187798E+01 -.146674E+01 0.345336E+01 -.819231E+00 0.257001E+01 0.343117E+02
 -.187764E+01 -.146681E+01 0.345332E+01 -.819237E+00 0.257000E+01 0.343115E+02
 -.187762E+01 -.146685E+01 0.345339E+01 -.819122E+00 0.257002E+01 0.343117E+02
 -.187916E+01 -.148794E+01 0.345269E+01 -.819337E+00 0.257000E+01 0.349321E+02
 -.187756E+01 -.146678E+01 0.345330E+01 -.819236E+00 0.257000E+01 0.343115E+02
 -.187606E+01 -.146050E+01 0.345327E+01 -.819046E+00 0.257000E+01 0.343739E+02
 -.188086E+01 -.146495E+01 0.344715E+01 -.819381E+00 0.257065E+01 0.347987E+02
 -.187425E+01 -.146696E+01 0.345347E+01 -.819255E+00 0.257001E+01 0.343357E+02
 -.187759E+01 -.146685E+01 0.345333E+01 -.818746E+00 0.257026E+01 0.343121E+02
 -.189448E+01 -.146376E+01 0.346269E+01 -.800109E+00 0.257246E+01 0.367822E+02
 -.187460E+01 -.146621E+01 0.345887E+01 -.819807E+00 0.257001E+01 0.346360E+02
 -.186957E+01 -.146601E+01 0.345130E+01 -.812481E+00 0.257006E+01 0.345262E+02
 -.187631E+01 -.146701E+01 0.345359E+01 -.819384E+00 0.257000E+01 0.343168E+02
 -.187785E+01 -.146676E+01 0.345318E+01 -.819282E+00 0.257000E+01 0.343120E+02
 -.187710E+01 -.146681E+01 0.345339E+01 -.819386E+00 0.257001E+01 0.343122E+02
 -.187606E+01 -.146641E+01 0.347042E+01 -.819017E+00 0.257005E+01 0.368366E+02
 -.187761E+01 -.146666E+01 0.345370E+01 -.819209E+00 0.257001E+01 0.343128E+02
 -.187756E+01 -.146685E+01 0.345333E+01 -.819222E+00 0.257000E+01 0.343115E+02
 -.187829E+01 -.146677E+01 0.345396E+01 -.819882E+00 0.257007E+01 0.343122E+02
 -.187981E+01 -.146811E+01 0.345463E+01 -.816488E+00 0.257001E+01 0.343713E+02
 -.187765E+01 -.146681E+01 0.345332E+01 -.819269E+00 0.257000E+01 0.343115E+02
 -.187758E+01 -.146687E+01 0.345333E+01 -.819235E+00 0.257000E+01 0.343115E+02
 -.187763E+01 -.146687E+01 0.345331E+01 -.818889E+00 0.257000E+01 0.343120E+02
 -.187091E+01 -.146767E+01 0.345453E+01 -.821044E+00 0.257522E+01 0.345809E+02
 -.188670E+01 -.146717E+01 0.343808E+01 -.820655E+00 0.257014E+01 0.372004E+02
 -.188085E+01 -.146656E+01 0.345321E+01 -.818100E+00 0.257008E+01 0.343326E+02
 -.189291E+01 -.146061E+01 0.347642E+01 -.818186E+00 0.257587E+01 0.359447E+02
 -.187764E+01 -.146760E+01 0.345337E+01 -.819209E+00 0.257001E+01 0.343124E+02
 -.187758E+01 -.146637E+01 0.345326E+01 -.819203E+00 0.257000E+01 0.343118E+02
 -.187297E+01 -.146661E+01 0.345306E+01 -.818419E+00 0.257000E+01 0.343529E+02
 -.187640E+01 -.146707E+01 0.345423E+01 -.819339E+00 0.257008E+01 0.343249E+02
 -.187792E+01 -.147005E+01 0.345151E+01 -.822770E+00 0.257058E+01 0.345024E+02
 -.187765E+01 -.146678E+01 0.345333E+01 -.819260E+00 0.257000E+01 0.343115E+02
 -.187522E+01 -.146092E+01 0.344964E+01 -.819091E+00 0.257000E+01 0.344176E+02
 -.187764E+01 -.146858E+01 0.345343E+01 -.819604E+00 0.257000E+01 0.343164E+02
 -.187768E+01 -.143383E+01 0.345434E+01 -.819203E+00 0.257000E+01 0.359572E+02
 -.187760E+01 -.146683E+01 0.345345E+01 -.819233E+00 0.257000E+01 0.343117E+02
 -.187802E+01 -.146679E+01 0.345364E+01 -.819289E+00 0.257000E+01 0.343118E+02
 -.187833E+01 -.146680E+01 0.345069E+01 -.819315E+00 0.257000E+01 0.343790E+02
 -.187762E+01 -.146681E+01 0.345273E+01 -.819279E+00 0.257000E+01 0.343144E+02
 -.187768E+01 -.146657E+01 0.345339E+01 -.819239E+00 0.257001E+01 0.343116E+02
 -.187716E+01 -.146707E+01 0.345493E+01 -.821159E+00 0.257005E+01 0.343240E+02
 -.187760E+01 -.146681E+01 0.345332E+01 -.819245E+00 0.257000E+01 0.343115E+02
 -.187911E+01 -.143565E+01 0.345224E+01 -.820065E+00 0.257000E+01 0.357506E+02
 -.187763E+01 -.146680E+01 0.345334E+01 -.819288E+00 0.257002E+01 0.343116E+02
 -.184856E+01 -.146481E+01 0.345962E+01 -.822583E+00 0.257147E+01 0.368091E+02
 -.188060E+01 -.146824E+01 0.344840E+01 -.818956E+00 0.257011E+01 0.345969E+02
 -.187776E+01 -.146726E+01 0.345320E+01 -.819272E+00 0.257000E+01 0.343122E+02
 -.187676E+01 -.146674E+01 0.345339E+01 -.819279E+00 0.257002E+01 0.343133E+02
 -.187915E+01 -.146604E+01 0.345370E+01 -.818898E+00 0.257005E+01 0.343152E+02
 -.187642E+01 -.146812E+01 0.345356E+01 -.822657E+00 0.257000E+01 0.343535E+02
 -.187763E+01 -.146681E+01 0.345333E+01 -.819226E+00 0.257000E+01 0.343115E+02
 -.187781E+01 -.146673E+01 0.345388E+01 -.819041E+00 0.257000E+01 0.343145E+02
 -.187966E+01 -.146817E+01 0.345334E+01 -.822833E+00 0.257000E+01 0.343858E+02
 -.187648E+01 -.147002E+01 0.345384E+01 -.818386E+00 0.257000E+01 0.343393E+02
 -.187903E+01 -.146628E+01 0.345290E+01 -.819012E+00 0.257001E+01 0.343200E+02
 -.187757E+01 -.146715E+01 0.345333E+01 -.819349E+00 0.257001E+01 0.343118E+02
 -.187695E+01 -.146689E+01 0.345333E+01 -.821251E+00 0.257000E+01 0.343268E+02
 -.187765E+01 -.146695E+01 0.345329E+01 -.819174E+00 0.257000E+01 0.343116E+02
 -.187768E+01 -.146688E+01 0.345332E+01 -.818514E+00 0.257007E+01 0.343132E+02
 -.187786E+01 -.146621E+01 0.345336E+01 -.819308E+00 0.257001E+01 0.343121E+02
 -.187685E+01 -.146297E+01 0.345352E+01 -.820067E+00 0.257108E+01 0.343476E+02
 -.187776E+01 -.146677E+01 0.345312E+01 -.818838E+00 0.257001E+01 0.343119E+02
 -.187775E+01 -.146667E+01 0.345332E+01 -.819210E+00 0.257001E+01 0.343116E+02
 -.187769E+01 -.146681E+01 0.345011E+01 -.817676E+00 0.257000E+01 0.343617E+02
 -.187764E+01 -.146694E+01 0.345328E+01 -.819266E+00 0.257000E+01 0.343116E+02
 -.187911E+01 -.146537E+01 0.345322E+01 -.819700E+00 0.257000E+01 0.343209E+02
 -.187765E+01 -.146687E+01 0.345332E+01 -.819093E+00 0.257003E+01 0.343116E+02
 -.187753E+01 -.146679E+01 0.345328E+01 -.822011E+00 0.257006E+01 0.343445E+02
 -.187771E+01 -.146681E+01 0.345332E+01 -.819218E+00 0.257000E+01 0.343115E+02
 -.187763E+01 -.146682E+01 0.345314E+01 -.819286E+00 0.257000E+01 0.343119E+02
 -.187767E+01 -.146696E+01 0.345330E+01 -.819218E+00 0.257000E+01 0.343116E+02
 -.187780E+01 -.146680E+01 0.345330E+01 -.819224E+00 0.257000E+01 0.343116E+02
 -.187670E+01 -.146684E+01 0.345354E+01 -.819233E+00 0.257001E+01 0.343146E+02
 -.186683E+01 -.146685E+01 0.345195E+01 -.817996E+00 0.257001E+01 0.344770E+02
 -.187000E+01 -.146396E+01 0.348737E+01 -.824415E+00 0.258431E+01 0.391610E+02
 -.187766E+01 -.146640E+01 0.345288E+01 -.819139E+00 0.257001E+01 0.343130E+02
 -.187575E+01 -.146778E+01 0.345276E+01 -.819374E+00 0.257000E+01 0.343168E+02
 -.187780E+01 -.146680E+01 0.345409E+01 -.819311E+00 0.257000E+01 0.343151E+02
 -.187800E+01 -.146858E+01 0.345371E+01 -.809625E+00 0.257000E+01 0.347231E+02
 -.187808E+01 -.146667E+01 0.345334E+01 -.819247E+00 0.257000E+01 0.343119E+02
 -.187764E+01 -.146683E+01 0.345332E+01 -.819248E+00 0.257000E+01 0.343115E+02
 -.187760E+01 -.146695E+01 0.345333E+01 -.819183E+00 0.257000E+01 0.343116E+02
 -.187901E+01 -.146714E+01 0.345396E+01 -.819567E+00 0.257003E+01 0.343130E+02
 -.187783E+01 -.146671E+01 0.345328E+01 -.819280E+00 0.257002E+01 0.343117E+02
 -.187503E+01 -.145720E+01 0.345369E+01 -.818919E+00 0.257005E+01 0.344699E+02
 -.187788E+01 -.146471E+01 0.345459E+01 -.819511E+00 0.257013E+01 0.343254E+02
 -.187698E+01 -.146688E+01 0.345329E+01 -.819727E+00 0.257001E+01 0.343130E+02
 -.187728E+01 -.146671E+01 0.345333E+01 -.819406E+00 0.257029E+01 0.343131E+02
 -.187949E+01 -.146353E+01 0.346117E+01 -.816283E+00 0.257150E+01 0.348026E+02
 -.187699E+01 -.146918E+01 0.345459E+01 -.819906E+00 0.257000E+01 0.343299E+02
 -.186763E+01 -.147223E+01 0.345014E+01 -.806890E+00 0.257034E+01 0.348725E+02
 -.187916E+01 -.146651E+01 0.345332E+01 -.819767E+00 0.257005E+01 0.343187E+02
 -.187799E+01 -.146660E+01 0.345298E+01 -.819282E+00 0.257000E+01 0.343135E+02
 -.187741E+01 -.146680E+01 0.345341E+01 -.819304E+00 0.257000E+01 0.343117E+02
 -.187670E+01 -.146638E+01 0.346092E+01 -.819253E+00 0.257002E+01 0.348082E+02
 -.187767E+01 -.146694E+01 0.345357E+01 -.819318E+00 0.257001E+01 0.343118E+02
 -.187765E+01 -.146686E+01 0.345333E+01 -.819232E+00 0.257000E+01 0.343115E+02
 -.187809E+01 -.146683E+01 0.345383E+01 -.819633E+00 0.257001E+01 0.343119E+02
 -.187810E+01 -.146691E+01 0.345402E+01 -.818273E+00 0.257000E+01 0.343226E+02
 -.187764E+01 -.146681E+01 0.345332E+01 -.819243E+00 0.257000E+01 0.343115E+02
 -.187764E+01 -.146693E+01 0.345332E+01 -.819232E+00 0.257000E+01 0.343115E+02
 -.187763E+01 -.146683E+01 0.345333E+01 -.819234E+00 0.257000E+01 0.343115E+02
 -.186209E+01 -.146296E+01 0.346443E+01 -.820160E+00 0.258045E+01 0.356618E+02
 -.188783E+01 -.146653E+01 0.345185E+01 -.826055E+00 0.257008E+01 0.349755E+02
 -.188446E+01 -.146712E+01 0.345519E+01 -.817318E+00 0.257005E+01 0.343831E+02
 -.189300E+01 -.145875E+01 0.345929E+01 -.823147E+00 0.257039E+01 0.345773E+02
 -.187764E+01 -.146615E+01 0.345337E+01 -.819125E+00 0.257000E+01 0.343122E+02
 -.187759E+01 -.146710E+01 0.345336E+01 -.819222E+00 0.257000E+01 0.343117E+02
 -.187679E+01 -.146676E+01 0.345480E+01 -.818774E+00 0.257000E+01 0.343437E+02
 -.187574E+01 -.146696E+01 0.345292E+01 -.819207E+00 0.257009E+01 0.343159E+02
 -.187774E+01 -.146251E+01 0.345266E+01 -.821885E+00 0.257000E+01 0.343794E+02
 -.187767E+01 -.146676E+01 0.345335E+01 -.819240E+00 0.257000E+01 0.343115E+02
 -.187883E+01 -.145356E+01 0.345965E+01 -.819206E+00 0.257039E+01 0.348495E+02
 -.187760E+01 -.146860E+01 0.345353E+01 -.819401E+00 0.257033E+01 0.343172E+02
 -.187762E+01 -.144404E+01 0.345437E+01 -.819402E+00 0.257015E+01 0.350816E+02
 -.187759E+01 -.146683E+01 0.345358E+01 -.819207E+00 0.257000E+01 0.343121E+02
 -.187761E+01 -.146679E+01 0.345342E+01 -.819225E+00 0.257000E+01 0.343116E+02
 -.187627E+01 -.146655E+01 0.344855E+01 -.818915E+00 0.257000E+01 0.344459E+02
 -.187766E+01 -.146684E+01 0.345296E+01 -.819246E+00 0.257001E+01 0.343127E+02
 -.187764E+01 -.146668E+01 0.345335E+01 -.819225E+00 0.257000E+01 0.343115E+02
 -.188048E+01 -.146710E+01 0.345327E+01 -.820402E+00 0.257004E+01 0.343403E+02
 -.187766E+01 -.146679E+01 0.345332E+01 -.819172E+00 0.257000E+01 0.343115E+02
 -.187496E+01 -.141827E+01 0.345137E+01 -.821375E+00 0.257012E+01 0.379457E+02
 -.187764E+01 -.146680E+01 0.345336E+01 -.819199E+00 0.257002E+01 0.343116E+02
 -.188119E+01 -.146701E+01 0.346792E+01 -.821214E+00 0.257221E+01 0.351929E+02
 -.187847E+01 -.146837E+01 0.346205E+01 -.818927E+00 0.257014E+01 0.348800E+02
 -.187836E+01 -.146717E+01 0.345356E+01 -.819149E+00 0.257000E+01 0.343123E+02
 -.187659E+01 -.146701E+01 0.345349E+01 -.819315E+00 0.257000E+01 0.343146E+02
 -.188066E+01 -.146705E+01 0.345408E+01 -.818796E+00 0.257000E+01 0.343225E+02
 -.187582E+01 -.146587E+01 0.345188E+01 -.822844E+00 0.257000E+01 0.344049E+02
 -.187765E+01 -.146681E+01 0.345331E+01 -.819231E+00 0.257000E+01 0.343115E+02
 -.187813E+01 -.146700E+01 0.345356E+01 -.819163E+00 0.257001E+01 0.343119E+02
 -.187671E+01 -.146730E+01 0.345346E+01 -.821989E+00 0.257000E+01 0.343381E+02
 -.187811E+01 -.146624E+01 0.345304E+01 -.819168E+00 0.257000E+01 0.343134E+02
 -.187612E+01 -.146683E+01 0.345279E+01 -.819232E+00 0.257001E+01 0.343138E+02
 -.187754E+01 -.146666E+01 0.345332E+01 -.819265E+00 0.257000E+01 0.343116E+02
 -.187720E+01 -.146684E+01 0.345324E+01 -.820047E+00 0.257000E+01 0.343145E+02
 -.187770E+01 -.146688E+01 0.345328E+01 -.819140E+00 0.257001E+01 0.343116E+02
 -.187765E+01 -.146570E+01 0.345337E+01 -.819415E+00 0.257009E+01 0.343135E+02
 -.187754E+01 -.146664E+01 0.345327E+01 -.819281E+00 0.257000E+01 0.343116E+02
 -.187688E+01 -.148047E+01 0.345535E+01 -.820469E+00 0.257167E+01 0.345832E+02
 -.187779E+01 -.146679E+01 0.345336E+01 -.818909E+00 0.257001E+01 0.343120E+02
 -.187748E+01 -.146680E+01 0.345332E+01 -.819188E+00 0.257000E+01 0.343116E+02
 -.187764E+01 -.146682E+01 0.345445E+01 -.820219E+00 0.257058E+01 0.343163E+02
 -.187764E+01 -.146675E+01 0.345333E+01 -.819168E+00 0.257000E+01 0.343115E+02
 -.188134E+01 -.146928E+01 0.345338E+01 -.819828E+00 0.257005E+01 0.343525E+02
 -.187762E+01 -.146681E+01 0.345331E+01 -.819636E+00 0.257001E+01 0.343123E+02
 -.187768E+01 -.146682E+01 0.345326E+01 -.818837E+00 0.257000E+01 0.343119E+02
 -.187772E+01 -.146681E+01 0.345332E+01 -.819220E+00 0.257000E+01 0.343115E+02
 -.187763E+01 -.146677E+01 0.345329E+01 -.819185E+00 0.257000E+01 0.343115E+02
 -.187765E+01 -.146668E+01 0.345329E+01 -.819217E+00 0.257000E+01 0.343115E+02
 -.187746E+01 -.146678E+01 0.345329E+01 -.819258E+00 0.257000E+01 0.343116E+02
 -.187702E+01 -.146681E+01 0.345328E+01 -.819222E+00 0.257000E+01 0.343121E+02
 -.187154E+01 -.146676E+01 0.345202E+01 -.818290E+00 0.257001E+01 0.343538E+02
 -.190018E+01 -.147017E+01 0.348253E+01 -.787248E+00 0.262497E+01 0.360253E+02
 -.187756E+01 -.146701E+01 0.345334E+01 -.819167E+00 0.257000E+01 0.343116E+02
 -.187737E+01 -.146622E+01 0.345148E+01 -.819098E+00 0.257000E+01 0.343344E+02
 -.187766E+01 -.146682E+01 0.345335E+01 -.819292E+00 0.257000E+01 0.343115E+02
 -.187760E+01 -.146555E+01 0.345446E+01 -.799469E+00 0.257009E+01 0.362151E+02
 -.187733E+01 -.146668E+01 0.345332E+01 -.819225E+00 0.257000E+01 0.343117E+02
 -.187764E+01 -.146679E+01 0.345332E+01 -.819252E+00 0.257000E+01 0.343115E+02
 -.187763E+01 -.146691E+01 0.345327E+01 -.819236E+00 0.257001E+01 0.343116E+02
 -.187819E+01 -.145103E+01 0.345458E+01 -.819379E+00 0.257001E+01 0.346842E+02
 -.187771E+01 -.146672E+01 0.345329E+01 -.819254E+00 0.257000E+01 0.343116E+02
 -.187805E+01 -.148509E+01 0.345295E+01 -.818957E+00 0.257008E+01 0.347655E+02
 -.187535E+01 -.146611E+01 0.346010E+01 -.819323E+00 0.257000E+01 0.347661E+02
 -.188029E+01 -.146636E+01 0.345332E+01 -.819971E+00 0.257002E+01 0.343312E+02
 -.187757E+01 -.146673E+01 0.345331E+01 -.818865E+00 0.257001E+01 0.343121E+02
 -.186569E+01 -.146138E+01 0.345723E+01 -.843451E+00 0.257022E+01 0.360295E+02
 -.187917E+01 -.146849E+01 0.345079E+01 -.819812E+00 0.257000E+01 0.344094E+02
 -.188818E+01 -.147791E+01 0.345217E+01 -.814657E+00 0.257005E+01 0.347459E+02
 -.188047E+01 -.146622E+01 0.345408E+01 -.819794E+00 0.257033E+01 0.343213E+02
 -.187770E+01 -.146664E+01 0.345314E+01 -.819281E+00 0.257000E+01 0.343120E+02
 -.187794E+01 -.146680E+01 0.345328E+01 -.819168E+00 0.257000E+01 0.343117E+02
 -.187683E+01 -.146652E+01 0.344126E+01 -.819427E+00 0.257000E+01 0.353924E+02
 -.187765E+01 -.146684E+01 0.345330E+01 -.819301E+00 0.257000E+01 0.343116E+02
 -.187767E+01 -.146681E+01 0.345332E+01 -.819224E+00 0.257000E+01 0.343115E+02
 -.187782E+01 -.146685E+01 0.345319E+01 -.819124E+00 0.257000E+01 0.343117E+02
 -.187630E+01 -.146593E+01 0.345334E+01 -.820791E+00 0.257000E+01 0.343226E+02
 -.187763E+01 -.146681E+01 0.345332E+01 -.819205E+00 0.257000E+01 0.343115E+02
 -.187767E+01 -.146672E+01 0.345329E+01 -.819216E+00 0.257000E+01 0.343115E+02
 -.187762E+01 -.146679E+01 0.345334E+01 -.819481E+00 0.257000E+01 0.343117E+02
 -.187305E+01 -.146333E+01 0.346014E+01 -.818389E+00 0.257020E+01 0.349547E+02
 -.187841E+01 -.146662E+01 0.346917E+01 -.821380E+00 0.257000E+01 0.359887E+02
 -.188250E+01 -.146711E+01 0.345404E+01 -.818281E+00 0.257004E+01 0.343447E+02
 -.187845E+01 -.146221E+01 0.344402E+01 -.823078E+00 0.257000E+01 0.353704E+02
 -.187765E+01 -.146575E+01 0.345331E+01 -.819212E+00 0.257001E+01 0.343130E+02
 -.187763E+01 -.146740E+01 0.345336E+01 -.819234E+00 0.257000E+01 0.343120E+02
 -.188124E+01 -.146684E+01 0.345513E+01 -.818844E+00 0.257000E+01 0.343309E+02
 -.187847E+01 -.146672E+01 0.345213E+01 -.819295E+00 0.257010E+01 0.343328E+02
 -.187701E+01 -.146033E+01 0.345418E+01 -.819474E+00 0.257040E+01 0.343775E+02
 -.187765E+01 -.146678E+01 0.345331E+01 -.819240E+00 0.257000E+01 0.343115E+02
 -.188143E+01 -.147023E+01 0.345588E+01 -.819035E+00 0.257041E+01 0.343455E+02
 -.187755E+01 -.146461E+01 0.345337E+01 -.818959E+00 0.257003E+01 0.343188E+02
 -.187764E+01 -.146760E+01 0.345406E+01 -.819470E+00 0.257020E+01 0.343143E+02
 -.187763E+01 -.146679E+01 0.345295E+01 -.819211E+00 0.257000E+01 0.343125E+02
 -.187751E+01 -.146679E+01 0.345313E+01 -.819281E+00 0.257000E+01 0.343118E+02
 -.187646E+01 -.146656E+01 0.345734E+01 -.819830E+00 0.257000E+01 0.344472E+02
 -.187769E+01 -.146685E+01 0.345368E+01 -.819233E+00 0.257001E+01 0.343124E+02
 -.187761E+01 -.146681E+01 0.345330E+01 -.819213E+00 0.257000E+01 0.343115E+02
 -.188050E+01 -.146683E+01 0.345225E+01 -.818402E+00 0.257002E+01 0.343456E+02
 -.187770E+01 -.146680E+01 0.345329E+01 -.819159E+00 0.257000E+01 0.343115E+02
 -.187248E+01 -.151290E+01 0.345327E+01 -.820963E+00 0.257000E+01 0.370159E+02
 -.187764E+01 -.146680E+01 0.345322E+01 -.819167E+00 0.257000E+01 0.343116E+02
 -.190363E+01 -.146761E+01 0.345551E+01 -.817355E+00 0.257532E+01 0.355401E+02
 -.187658E+01 -.146812E+01 0.344932E+01 -.819395E+00 0.257000E+01 0.344262E+02
 -.187731E+01 -.146691E+01 0.345367E+01 -.819241E+00 0.257000E+01 0.343133E+02
 -.187951E+01 -.146703E+01 0.345346E+01 -.819321E+00 0.257000E+01 0.343171E+02
 -.187871E+01 -.146690E+01 0.345306E+01 -.819296E+00 0.257003E+01 0.343162E+02
 -.188055E+01 -.146389E+01 0.345291E+01 -.819302E+00 0.257000E+01 0.343461E+02
 -.187764E+01 -.146681E+01 0.345331E+01 -.819220E+00 0.257000E+01 0.343115E+02
 -.187769E+01 -.146706E+01 0.345296E+01 -.819309E+00 0.257001E+01 0.343131E+02
 -.187558E+01 -.146619E+01 0.345380E+01 -.815786E+00 0.257000E+01 0.344000E+02
 -.187919E+01 -.146406E+01 0.345248E+01 -.819830E+00 0.257000E+01 0.343445E+02
 -.187561E+01 -.146679E+01 0.345368E+01 -.819106E+00 0.257001E+01 0.343248E+02
 -.187759E+01 -.146649E+01 0.345331E+01 -.819170E+00 0.257000E+01 0.343117E+02
 -.187765E+01 -.146681E+01 0.345375E+01 -.818000E+00 0.257000E+01 0.343234E+02
 -.187773E+01 -.146668E+01 0.345336E+01 -.819209E+00 0.257000E+01 0.343115E+02
 -.187763E+01 -.146770E+01 0.345343E+01 -.819756E+00 0.257003E+01 0.343137E+02
 -.187730E+01 -.146713E+01 0.345322E+01 -.819232E+00 0.257000E+01 0.343118E+02
 -.187713E+01 -.147894E+01 0.345649E+01 -.818998E+00 0.257079E+01 0.345577E+02
 -.187759E+01 -.146680E+01 0.345337E+01 -.819165E+00 0.257000E+01 0.343116E+02
 -.187760E+01 -.146689E+01 0.345330E+01 -.819221E+00 0.257001E+01 0.343115E+02
 -.187754E+01 -.146677E+01 0.345629E+01 -.819466E+00 0.257000E+01 0.343765E+02
 -.187764E+01 -.146669E+01 0.345336E+01 -.819210E+00 0.257000E+01 0.343116E+02
 -.187516E+01 -.146621E+01 0.345336E+01 -.818907E+00 0.257001E+01 0.343259E+02
 -.187765E+01 -.146679E+01 0.345331E+01 -.819797E+00 0.257000E+01 0.343129E+02
 -.187784E+01 -.146684E+01 0.345335E+01 -.816927E+00 0.257000E+01 0.343328E+02
 -.187764E+01 -.146682E+01 0.345331E+01 -.819220E+00 0.257000E+01 0.343115E+02
 -.187763E+01 -.146677E+01 0.345341E+01 -.819157E+00 0.257000E+01 0.343117E+02
 -.187763E+01 -.146670E+01 0.345329E+01 -.819204E+00 0.257000E+01 0.343115E+02
 -.187744E+01 -.146677E+01 0.345335E+01 -.819182E+00 0.257000E+01 0.343117E+02
 -.187766E+01 -.146687E+01 0.345317E+01 -.819238E+00 0.257001E+01 0.343118E+02
 -.187664E+01 -.146705E+01 0.345213E+01 -.819642E+00 0.257001E+01 0.343228E+02
 -.187758E+01 -.146722E+01 0.345368E+01 -.819241E+00 0.257000E+01 0.343128E+02
 -.187881E+01 -.146533E+01 0.345231E+01 -.819509E+00 0.257000E+01 0.343342E+02
 -.187753E+01 -.146681E+01 0.345276E+01 -.819213E+00 0.257000E+01 0.343136E+02
 -.187782E+01 -.146835E+01 0.345533E+01 -.833443E+00 0.257017E+01 0.349102E+02
 -.187741E+01 -.146688E+01 0.345333E+01 -.819210E+00 0.257001E+01 0.343117E+02
 -.187764E+01 -.146678E+01 0.345331E+01 -.819223E+00 0.257000E+01 0.343115E+02
 -.187761E+01 -.146676E+01 0.345333E+01 -.819255E+00 0.257000E+01 0.343115E+02
 -.187817E+01 -.145574E+01 0.345365E+01 -.819304E+00 0.257000E+01 0.344859E+02
 -.187739E+01 -.146686E+01 0.345332E+01 -.819192E+00 0.257000E+01 0.343117E+02
 -.187944E+01 -.148196E+01 0.345286E+01 -.819351E+00 0.257005E+01 0.346445E+02
 -.187893E+01 -.146613E+01 0.344834E+01 -.819248E+00 0.257016E+01 0.345526E+02
 -.187960E+01 -.146626E+01 0.345335E+01 -.819878E+00 0.257001E+01 0.343231E+02
 -.187785E+01 -.146675E+01 0.345331E+01 -.818850E+00 0.257000E+01 0.343120E+02
 -.188231E+01 -.145909E+01 0.345276E+01 -.838627E+00 0.257311E+01 0.366557E+02
 -.187755E+01 -.146816E+01 0.345322E+01 -.819368E+00 0.257000E+01 0.343145E+02
 -.189304E+01 -.147404E+01 0.345331E+01 -.829519E+00 0.257000E+01 0.355056E+02
 -.187709E+01 -.146652E+01 0.345412E+01 -.819677E+00 0.257045E+01 0.343159E+02
 -.187747E+01 -.146684E+01 0.345378E+01 -.819253E+00 0.257000E+01 0.343135E+02
 -.187797E+01 -.146681E+01 0.345329E+01 -.819093E+00 0.257000E+01 0.343118E+02
 -.187637E+01 -.146624E+01 0.344579E+01 -.819396E+00 0.257001E+01 0.347120E+02
 -.187762E+01 -.146666E+01 0.345312E+01 -.819087E+00 0.257001E+01 0.343117E+02
 -.187762E+01 -.146677E+01 0.345331E+01 -.819215E+00 0.257000E+01 0.343115E+02
 -.187736E+01 -.146680E+01 0.345275E+01 -.818830E+00 0.257000E+01 0.343123E+02
 -.187893E+01 -.146677E+01 0.345282E+01 -.820354E+00 0.257000E+01 0.343329E+02
 -.187765E+01 -.146681E+01 0.345332E+01 -.819201E+00 0.257000E+01 0.343115E+02
 -.187765E+01 -.146670E+01 0.345328E+01 -.819218E+00 0.257000E+01 0.343115E+02
 -.187763E+01 -.146679E+01 0.345331E+01 -.819265E+00 0.257000E+01 0.343115E+02
 -.190714E+01 -.146884E+01 0.346149E+01 -.816220E+00 0.257000E+01 0.352904E+02
 -.187445E+01 -.146692E+01 0.345470E+01 -.813072E+00 0.257020E+01 0.346078E+02
 -.187525E+01 -.146673E+01 0.345190E+01 -.819168E+00 0.257002E+01 0.343197E+02
 -.186887E+01 -.146140E+01 0.346687E+01 -.822990E+00 0.257196E+01 0.359199E+02
 -.187765E+01 -.146576E+01 0.345332E+01 -.819458E+00 0.257001E+01 0.343132E+02
 -.187765E+01 -.146663E+01 0.345326E+01 -.819234E+00 0.257000E+01 0.343116E+02
 -.187542E+01 -.146664E+01 0.345307E+01 -.818987E+00 0.257000E+01 0.343189E+02
 -.187842E+01 -.146666E+01 0.345381E+01 -.819624E+00 0.257005E+01 0.343120E+02
 -.187726E+01 -.146918E+01 0.345443E+01 -.818158E+00 0.257012E+01 0.343417E+02
 -.187764E+01 -.146682E+01 0.345330E+01 -.819228E+00 0.257000E+01 0.343115E+02
 -.188200E+01 -.147496E+01 0.344930E+01 -.818947E+00 0.257000E+01 0.346697E+02
 -.187750E+01 -.146289E+01 0.345316E+01 -.819167E+00 0.257000E+01 0.343327E+02
 -.187766E+01 -.148465E+01 0.345374E+01 -.819265E+00 0.257019E+01 0.347363E+02
 -.187759E+01 -.146676E+01 0.345312E+01 -.819210E+00 0.257000E+01 0.343118E+02
 -.187776E+01 -.146677E+01 0.345351E+01 -.819275E+00 0.257000E+01 0.343117E+02
 -.188027E+01 -.146671E+01 0.345939E+01 -.819738E+00 0.257000E+01 0.345060E+02
 -.187767E+01 -.146669E+01 0.345372E+01 -.819256E+00 0.257000E+01 0.343127E+02
 -.187761E+01 -.146688E+01 0.345328E+01 -.819209E+00 0.257000E+01 0.343115E+02
 -.187767E+01 -.146669E+01 0.345356E+01 -.818090E+00 0.257001E+01 0.343192E+02
 -.187766E+01 -.146678E+01 0.345329E+01 -.819271E+00 0.257000E+01 0.343116E+02
 -.186951E+01 -.150085E+01 0.345452E+01 -.820942E+00 0.257010E+01 0.359189E+02
 -.187764E+01 -.146677E+01 0.345322E+01 -.819206E+00 0.257001E+01 0.343116E+02
 -.188107E+01 -.146404E+01 0.345585E+01 -.821634E+00 0.257314E+01 0.343953E+02
 -.187794E+01 -.146748E+01 0.344187E+01 -.820512E+00 0.257015E+01 0.354883E+02
 -.187664E+01 -.146705E+01 0.345317E+01 -.819327E+00 0.257000E+01 0.343129E+02
 -.187831E+01 -.146712E+01 0.345339E+01 -.819243E+00 0.257003E+01 0.343124E+02
 -.187669E+01 -.146553E+01 0.345317E+01 -.819476E+00 0.257001E+01 0.343152E+02
 -.188014E+01 -.146310E+01 0.345449E+01 -.817259E+00 0.257000E+01 0.343680E+02
 -.187763E+01 -.146678E+01 0.345331E+01 -.819213E+00 0.257000E+01 0.343115E+02
 -.187755E+01 -.146687E+01 0.345337E+01 -.819162E+00 0.257000E+01 0.343116E+02
 -.187870E+01 -.146714E+01 0.345363E+01 -.817411E+00 0.257000E+01 0.343278E+02
 -.187782E+01 -.146768E+01 0.345385E+01 -.819461E+00 0.257000E+01 0.343134E+02
 -.187846E+01 -.146675E+01 0.345412E+01 -.819063E+00 0.257001E+01 0.343151E+02
 -.187769E+01 -.146656E+01 0.345332E+01 -.819195E+00 0.257000E+01 0.343116E+02
 -.187791E+01 -.146676E+01 0.345346E+01 -.818967E+00 0.257000E+01 0.343121E+02
 -.187772E+01 -.146659E+01 0.345338E+01 -.819276E+00 0.257000E+01 0.343116E+02
 -.187765E+01 -.146753E+01 0.345332E+01 -.818738E+00 0.257003E+01 0.343130E+02
 -.187774E+01 -.146737E+01 0.345335E+01 -.819250E+00 0.257000E+01 0.343120E+02
 -.187787E+01 -.145746E+01 0.345628E+01 -.818149E+00 0.257001E+01 0.345478E+02
 -.187744E+01 -.146678E+01 0.345336E+01 -.819412E+00 0.257000E+01 0.343117E+02
 -.187774E+01 -.146688E+01 0.345330E+01 -.819227E+00 0.257001E+01 0.343116E+02
 -.187760E+01 -.146675E+01 0.345534E+01 -.818320E+00 0.257037E+01 0.343510E+02
 -.187763E+01 -.146677E+01 0.345333E+01 -.819273E+00 0.257000E+01 0.343115E+02
 -.187461E+01 -.146430E+01 0.345328E+01 -.818432E+00 0.257000E+01 0.343443E+02
 -.187768E+01 -.146678E+01 0.345331E+01 -.818972E+00 0.257002E+01 0.343117E+02
 -.187771E+01 -.146675E+01 0.345338E+01 -.819060E+00 0.257007E+01 0.343117E+02
 -.187758E+01 -.146682E+01 0.345331E+01 -.819222E+00 0.257000E+01 0.343115E+02
 -.187764E+01 -.146678E+01 0.345335E+01 -.819221E+00 0.257000E+01 0.343115E+02
 -.187764E+01 -.146685E+01 0.345331E+01 -.819208E+00 0.257000E+01 0.343115E+02
 -.187758E+01 -.146676E+01 0.345337E+01 -.819142E+00 0.257000E+01 0.343116E+02
 -.187812E+01 -.146691E+01 0.345344E+01 -.819249E+00 0.257000E+01 0.343118E+02
 -.188161E+01 -.146723E+01 0.345152E+01 -.818006E+00 0.257000E+01 0.343870E+02
 -.187759E+01 -.146669E+01 0.345336E+01 -.819242E+00 0.257000E+01 0.343116E+02
 -.187875E+01 -.146638E+01 0.345406E+01 -.819641E+00 0.257000E+01 0.343128E+02
 -.187753E+01 -.146677E+01 0.345371E+01 -.819255E+00 0.257000E+01 0.343129E+02
 -.187835E+01 -.146992E+01 0.345421E+01 -.841675E+00 0.257019E+01 0.360976E+02
 -.187805E+01 -.146673E+01 0.345335E+01 -.819213E+00 0.257000E+01 0.343118E+02
 -.187765E+01 -.146677E+01 0.345331E+01 -.819202E+00 0.257000E+01 0.343115E+02
 -.187762E+01 -.146666E+01 0.345336E+01 -.819250E+00 0.257000E+01 0.343116E+02
 -.187865E+01 -.147857E+01 0.345303E+01 -.819333E+00 0.257003E+01 0.345095E+02
 -.187751E+01 -.146673E+01 0.345334E+01 -.819182E+00 0.257001E+01 0.343116E+02
 -.187554E+01 -.146055E+01 0.345327E+01 -.819483E+00 0.257000E+01 0.343754E+02
 -.188079E+01 -.146641E+01 0.345119E+01 -.819551E+00 0.257002E+01 0.344100E+02
 -.187680E+01 -.146626E+01 0.345344E+01 -.819585E+00 0.257000E+01 0.343137E+02
 -.187781E+01 -.146680E+01 0.345331E+01 -.818926E+00 0.257008E+01 0.343118E+02
 -.188842E+01 -.146562E+01 0.345016E+01 -.826606E+00 0.257425E+01 0.359833E+02
 -.187637E+01 -.146787E+01 0.345507E+01 -.818908E+00 0.257000E+01 0.343564E+02
 -.188747E+01 -.146902E+01 0.345392E+01 -.818593E+00 0.257043E+01 0.344745E+02
 -.187546E+01 -.146676E+01 0.345363E+01 -.819589E+00 0.257000E+01 0.343233E+02
 -.187770E+01 -.146662E+01 0.345346E+01 -.819279E+00 0.257000E+01 0.343116E+02
 -.187725E+01 -.146677E+01 0.345340E+01 -.819282E+00 0.257000E+01 0.343120E+02
 -.187742E+01 -.146640E+01 0.346047E+01 -.819289E+00 0.257001E+01 0.347220E+02
 -.187761E+01 -.146656E+01 0.345318E+01 -.819136E+00 0.257004E+01 0.343117E+02
 -.187760E+01 -.146674E+01 0.345331E+01 -.819209E+00 0.257000E+01 0.343115E+02
 -.187761E+01 -.146679E+01 0.345313E+01 -.819335E+00 0.257000E+01 0.343120E+02
 -.187930E+01 -.146755E+01 0.345411E+01 -.818952E+00 0.257000E+01 0.343166E+02
 -.187765E+01 -.146678E+01 0.345331E+01 -.819244E+00 0.257000E+01 0.343115E+02
 -.187759E+01 -.146688E+01 0.345334E+01 -.819227E+00 0.257000E+01 0.343115E+02
 -.187764E+01 -.146679E+01 0.345330E+01 -.819049E+00 0.257000E+01 0.343116E+02
 -.190378E+01 -.146729E+01 0.345977E+01 -.814943E+00 0.258068E+01 0.352295E+02
 -.188680E+01 -.146696E+01 0.344356E+01 -.818138E+00 0.257000E+01 0.355824E+02
 -.187070E+01 -.146647E+01 0.345113E+01 -.819843E+00 0.257000E+01 0.343652E+02
 -.188535E+01 -.146076E+01 0.345593E+01 -.819195E+00 0.257000E+01 0.344210E+02
 -.187764E+01 -.146690E+01 0.345340E+01 -.819247E+00 0.257000E+01 0.343116E+02
 -.187764E+01 -.146625E+01 0.345322E+01 -.819227E+00 0.257000E+01 0.343120E+02
 -.187513E+01 -.146668E+01 0.345172E+01 -.818304E+00 0.257000E+01 0.343163E+02
 -.187789E+01 -.146676E+01 0.345449E+01 -.819506E+00 0.257000E+01 0.343185E+02
 -.187792E+01 -.147270E+01 0.345381E+01 -.820020E+00 0.257017E+01 0.343616E+02
 -.187763E+01 -.146682E+01 0.345332E+01 -.819218E+00 0.257000E+01 0.343115E+02
 -.187596E+01 -.147705E+01 0.345389E+01 -.819293E+00 0.257029E+01 0.344605E+02
 -.187747E+01 -.146768E+01 0.345293E+01 -.819441E+00 0.257014E+01 0.343159E+02
 -.187767E+01 -.147737E+01 0.345343E+01 -.819317E+00 0.257000E+01 0.344631E+02
 -.187759E+01 -.146682E+01 0.345330E+01 -.819217E+00 0.257000E+01 0.343115E+02
 -.187792E+01 -.146677E+01 0.345372E+01 -.819207E+00 0.257000E+01 0.343124E+02
 -.188112E+01 -.146686E+01 0.344379E+01 -.818730E+00 0.257000E+01 0.351701E+02
 -.187762E+01 -.146665E+01 0.345301E+01 -.819280E+00 0.257001E+01 0.343125E+02
 -.187765E+01 -.146691E+01 0.345333E+01 -.819226E+00 0.257000E+01 0.343115E+02
 -.187672E+01 -.146674E+01 0.345464E+01 -.820055E+00 0.257000E+01 0.343258E+02
 -.187763E+01 -.146678E+01 0.345331E+01 -.819237E+00 0.257000E+01 0.343115E+02
 -.187309E+01 -.144259E+01 0.345300E+01 -.821769E+00 0.257005E+01 0.352153E+02
 -.187764E+01 -.146679E+01 0.345327E+01 -.819269E+00 0.257001E+01 0.343116E+02
 -.186168E+01 -.146237E+01 0.345623E+01 -.824097E+00 0.257097E+01 0.350011E+02
 -.187982E+01 -.146704E+01 0.344577E+01 -.819822E+00 0.257021E+01 0.349122E+02
 -.187833E+01 -.146699E+01 0.345298E+01 -.819193E+00 0.257000E+01 0.343146E+02
 -.187723E+01 -.146689E+01 0.345330E+01 -.819300E+00 0.257003E+01 0.343118E+02
 -.187725E+01 -.146621E+01 0.345345E+01 -.819119E+00 0.257000E+01 0.343130E+02
 -.187685E+01 -.146570E+01 0.345491E+01 -.822557E+00 0.257000E+01 0.343374E+02
 -.187763E+01 -.146676E+01 0.345332E+01 -.819223E+00 0.257000E+01 0.343115E+02
 -.187744E+01 -.146664E+01 0.345366E+01 -.819078E+00 0.257000E+01 0.343135E+02
 -.187758E+01 -.146756E+01 0.345349E+01 -.824249E+00 0.257000E+01 0.344057E+02
 -.187706E+01 -.146923E+01 0.345366E+01 -.819092E+00 0.257000E+01 0.343222E+02
 -.187921E+01 -.146664E+01 0.345287E+01 -.819239E+00 0.257002E+01 0.343229E+02
 -.187768E+01 -.146689E+01 0.345332E+01 -.819312E+00 0.257000E+01 0.343116E+02
 -.187771E+01 -.146673E+01 0.345314E+01 -.819854E+00 0.257000E+01 0.343145E+02
 -.187765E+01 -.146681E+01 0.345335E+01 -.819270E+00 0.257000E+01 0.343115E+02
 -.187766E+01 -.146700E+01 0.345325E+01 -.818949E+00 0.257009E+01 0.343118E+02
 -.187781E+01 -.146681E+01 0.345336E+01 -.819249E+00 0.257000E+01 0.343115E+02
 -.187725E+01 -.144504E+01 0.345215E+01 -.820365E+00 0.257000E+01 0.350049E+02
 -.187753E+01 -.146680E+01 0.345336E+01 -.819382E+00 0.257000E+01 0.343116E+02
 -.187777E+01 -.146672E+01 0.345330E+01 -.819201E+00 0.257000E+01 0.343116E+02
 -.187764E+01 -.146676E+01 0.345139E+01 -.818513E+00 0.257025E+01 0.343377E+02
 -.187764E+01 -.146687E+01 0.345330E+01 -.819253E+00 0.257000E+01 0.343115E+02
 -.188049E+01 -.146543E+01 0.345320E+01 -.818882E+00 0.257003E+01 0.343305E+02
 -.187763E+01 -.146686E+01 0.345331E+01 -.818689E+00 0.257001E+01 0.343126E+02
 -.187762E+01 -.146677E+01 0.345333E+01 -.820948E+00 0.257004E+01 0.343239E+02
 -.187756E+01 -.146679E+01 0.345331E+01 -.819223E+00 0.257000E+01 0.343115E+02
 -.187764E+01 -.146678E+01 0.345321E+01 -.819253E+00 0.257000E+01 0.343116E+02
 -.187765E+01 -.146686E+01 0.345331E+01 -.819214E+00 0.257000E+01 0.343115E+02
 -.187772E+01 -.146675E+01 0.345333E+01 -.819238E+00 0.257000E+01 0.343115E+02
 -.187731E+01 -.146681E+01 0.345353E+01 -.819225E+00 0.257002E+01 0.343124E+02
 -.187505E+01 -.146707E+01 0.345230E+01 -.818511E+00 0.257000E+01 0.343168E+02
 -.192491E+01 -.146775E+01 0.349443E+01 -.837352E+00 0.257000E+01 0.379106E+02
 -.187767E+01 -.146635E+01 0.345308E+01 -.819230E+00 0.257000E+01 0.343122E+02
 -.187865E+01 -.146731E+01 0.345474E+01 -.819124E+00 0.257000E+01 0.343228E+02
 -.187783E+01 -.146674E+01 0.345375E+01 -.819283E+00 0.257000E+01 0.343125E+02
 -.187832E+01 -.146906E+01 0.345485E+01 -.809204E+00 0.257004E+01 0.348635E+02
 -.187823E+01 -.146663E+01 0.345336E+01 -.819232E+00 0.257000E+01 0.343121E+02
 -.187764E+01 -.146678E+01 0.345332E+01 -.819239E+00 0.257000E+01 0.343115E+02
 -.187763E+01 -.146667E+01 0.345331E+01 -.819227E+00 0.257000E+01 0.343115E+02
 -.187814E+01 -.147888E+01 0.345304E+01 -.819450E+00 0.257001E+01 0.345167E+02
 -.187771E+01 -.146668E+01 0.345332E+01 -.819237E+00 0.257000E+01 0.343115E+02
 -.187574E+01 -.145388E+01 0.345356E+01 -.819064E+00 0.257004E+01 0.345660E+02
 -.187876E+01 -.146565E+01 0.345658E+01 -.819361E+00 0.257000E+01 0.343778E+02
 -.187699E+01 -.146732E+01 0.345362E+01 -.818990E+00 0.257003E+01 0.343152E+02
 -.187760E+01 -.146683E+01 0.345332E+01 -.819204E+00 0.257003E+01 0.343116E+02
 -.189012E+01 -.146593E+01 0.345640E+01 -.809037E+00 0.257000E+01 0.349970E+02
 -.187742E+01 -.146640E+01 0.345573E+01 -.819171E+00 0.257000E+01 0.343617E+02
 -.188055E+01 -.146530E+01 0.345075E+01 -.811185E+00 0.257065E+01 0.344587E+02
 -.187958E+01 -.146652E+01 0.345315E+01 -.819139E+00 0.257057E+01 0.343275E+02
 -.187783E+01 -.146654E+01 0.345314E+01 -.819256E+00 0.257000E+01 0.343121E+02
 -.187742E+01 -.146675E+01 0.345338E+01 -.819401E+00 0.257000E+01 0.343117E+02
 -.187657E+01 -.146660E+01 0.346328E+01 -.819167E+00 0.257000E+01 0.351662E+02
 -.187767E+01 -.146678E+01 0.345338E+01 -.819240E+00 0.257002E+01 0.343116E+02
 -.187760E+01 -.146679E+01 0.345331E+01 -.819221E+00 0.257000E+01 0.343115E+02
 -.187801E+01 -.146682E+01 0.345358E+01 -.819404E+00 0.257000E+01 0.343116E+02
 -.187722E+01 -.146801E+01 0.345390E+01 -.818175E+00 0.257000E+01 0.343273E+02
 -.187764E+01 -.146678E+01 0.345331E+01 -.819236E+00 0.257000E+01 0.343115E+02
 -.187758E+01 -.146697E+01 0.345336E+01 -.819229E+00 0.257000E+01 0.343116E+02
 -.187764E+01 -.146680E+01 0.345333E+01 -.819094E+00 0.257000E+01 0.343116E+02
 -.186715E+01 -.146516E+01 0.345260E+01 -.817629E+00 0.258358E+01 0.355134E+02
 -.189360E+01 -.146685E+01 0.344788E+01 -.824125E+00 0.257027E+01 0.359444E+02
 -.187555E+01 -.146665E+01 0.345346E+01 -.819531E+00 0.257002E+01 0.343206E+02
 -.188769E+01 -.146571E+01 0.344536E+01 -.816354E+00 0.257124E+01 0.353475E+02
 -.187764E+01 -.146765E+01 0.345336E+01 -.819063E+00 0.257000E+01 0.343127E+02
 -.187763E+01 -.146723E+01 0.345331E+01 -.819213E+00 0.257000E+01 0.343118E+02
 -.187811E+01 -.146673E+01 0.345229E+01 -.819021E+00 0.257000E+01 0.343220E+02
 -.187724E+01 -.146672E+01 0.345388E+01 -.819288E+00 0.257000E+01 0.343152E+02
 -.187815E+01 -.146437E+01 0.345261E+01 -.820988E+00 0.257000E+01 0.343489E+02
 -.187764E+01 -.146681E+01 0.345332E+01 -.819211E+00 0.257000E+01 0.343115E+02
 -.187511E+01 -.146233E+01 0.345661E+01 -.819240E+00 0.257043E+01 0.344699E+02
 -.187755E+01 -.147077E+01 0.345283E+01 -.819521E+00 0.257009E+01 0.343389E+02
 -.187763E+01 -.145578E+01 0.345346E+01 -.819371E+00 0.257012E+01 0.344840E+02
 -.187765E+01 -.146687E+01 0.345345E+01 -.819231E+00 0.257000E+01 0.343116E+02
 -.187777E+01 -.146678E+01 0.345366E+01 -.819228E+00 0.257000E+01 0.343122E+02
 -.187387E+01 -.146657E+01 0.345559E+01 -.818986E+00 0.257000E+01 0.344312E+02
 -.187764E+01 -.146690E+01 0.345290E+01 -.819271E+00 0.257000E+01 0.343132E+02
 -.187765E+01 -.146682E+01 0.345334E+01 -.819233E+00 0.257000E+01 0.343115E+02
 -.187681E+01 -.146691E+01 0.345305E+01 -.821328E+00 0.257003E+01 0.343327E+02
 -.187765E+01 -.146678E+01 0.345332E+01 -.819159E+00 0.257000E+01 0.343115E+02
 -.187539E+01 -.142995E+01 0.345070E+01 -.822665E+00 0.257003E+01 0.364221E+02
 -.187764E+01 -.146680E+01 0.345335E+01 -.819238E+00 0.257000E+01 0.343115E+02
 -.189549E+01 -.146774E+01 0.346184E+01 -.823635E+00 0.257000E+01 0.345420E+02
 -.187969E+01 -.146724E+01 0.346194E+01 -.818812E+00 0.257000E+01 0.348424E+02
 -.187902E+01 -.146692E+01 0.345302E+01 -.819131E+00 0.257000E+01 0.343188E+02
 -.187786E+01 -.146692E+01 0.345326E+01 -.819269E+00 0.257000E+01 0.343118E+02
 -.187779E+01 -.146728E+01 0.345363E+01 -.818971E+00 0.257001E+01 0.343131E+02
 -.187583E+01 -.146720E+01 0.345115E+01 -.824018E+00 0.257000E+01 0.344980E+02
 -.187764E+01 -.146679E+01 0.345332E+01 -.819228E+00 0.257000E+01 0.343115E+02
 -.187761E+01 -.146666E+01 0.345343E+01 -.819148E+00 0.257000E+01 0.343118E+02
 -.187629E+01 -.146621E+01 0.345361E+01 -.825162E+00 0.257000E+01 0.344303E+02
 -.187713E+01 -.146433E+01 0.345319E+01 -.818993E+00 0.257000E+01 0.343206E+02
 -.187822E+01 -.146654E+01 0.345254E+01 -.819206E+00 0.257002E+01 0.343204E+02
 -.187751E+01 -.146707E+01 0.345331E+01 -.819382E+00 0.257000E+01 0.343117E+02
 -.187783E+01 -.146676E+01 0.345295E+01 -.819543E+00 0.257000E+01 0.343145E+02
 -.187759E+01 -.146695E+01 0.345331E+01 -.819232E+00 0.257001E+01 0.343116E+02
 -.187768E+01 -.146657E+01 0.345320E+01 -.819292E+00 0.257000E+01 0.343118E+02
 -.187783E+01 -.146635E+01 0.345335E+01 -.819246E+00 0.257000E+01 0.343118E+02
 -.187690E+01 -.147505E+01 0.345462E+01 -.821314E+00 0.257054E+01 0.344204E+02
 -.187782E+01 -.146681E+01 0.345334E+01 -.819150E+00 0.257000E+01 0.343116E+02
 -.187753E+01 -.146664E+01 0.345332E+01 -.819180E+00 0.257000E+01 0.343116E+02
 -.187759E+01 -.146679E+01 0.345064E+01 -.819284E+00 0.257000E+01 0.343689E+02
 -.187764E+01 -.146686E+01 0.345332E+01 -.819193E+00 0.257000E+01 0.343115E+02
 -.187989E+01 -.146847E+01 0.345326E+01 -.819927E+00 0.257002E+01 0.343326E+02
 -.187761E+01 -.146683E+01 0.345332E+01 -.819457E+00 0.257000E+01 0.343117E+02
 -.187763E+01 -.146684E+01 0.345330E+01 -.819193E+00 0.257001E+01 0.343115E+02
 -.187772E+01 -.146678E+01 0.345332E+01 -.819222E+00 0.257000E+01 0.343115E+02
 -.187764E+01 -.146678E+01 0.345326E+01 -.819257E+00 0.257000E+01 0.343116E+02
 -.187766E+01 -.146681E+01 0.345331E+01 -.819217E+00 0.257000E+01 0.343115E+02
 -.187772E+01 -.146678E+01 0.345328E+01 -.819290E+00 0.257000E+01 0.343116E+02
 -.187718E+01 -.146677E+01 0.345327E+01 -.819206E+00 0.257001E+01 0.343118E+02
 -.187290E+01 -.146682E+01 0.345404E+01 -.819712E+00 0.257000E+01 0.343707E+02
 -.186569E+01 -.147129E+01 0.349972E+01 -.794861E+00 0.264173E+01 0.424999E+02
 -.187759E+01 -.146622E+01 0.345343E+01 -.819218E+00 0.257000E+01 0.343122E+02
 -.187768E+01 -.146630E+01 0.345475E+01 -.819539E+00 0.257000E+01 0.343246E+02
 -.187781E+01 -.146680E+01 0.345320E+01 -.819273E+00 0.257000E+01 0.343118E+02
 -.187751E+01 -.146754E+01 0.345443E+01 -.797403E+00 0.257006E+01 0.366162E+02
 -.187701E+01 -.146685E+01 0.345329E+01 -.819235E+00 0.257001E+01 0.343122E+02
 -.187764E+01 -.146679E+01 0.345332E+01 -.819244E+00 0.257000E+01 0.343115E+02
 -.187762E+01 -.146683E+01 0.345329E+01 -.819239E+00 0.257000E+01 0.343115E+02
 -.187841E+01 -.146891E+01 0.345363E+01 -.819653E+00 0.257000E+01 0.343186E+02
 -.187780E+01 -.146674E+01 0.345327E+01 -.819260E+00 0.257000E+01 0.343117E+02
 -.187803E+01 -.145763E+01 0.345320E+01 -.818966E+00 0.257002E+01 0.344301E+02
 -.187515E+01 -.146416E+01 0.345670E+01 -.819189E+00 0.257009E+01 0.344704E+02
 -.187756E+01 -.146724E+01 0.345364E+01 -.818977E+00 0.257003E+01 0.343134E+02
 -.187747E+01 -.146681E+01 0.345332E+01 -.819427E+00 0.257000E+01 0.343117E+02
 -.186707E+01 -.146337E+01 0.346383E+01 -.827872E+00 0.257214E+01 0.353022E+02
 -.187849E+01 -.146633E+01 0.345140E+01 -.819627E+00 0.257000E+01 0.343587E+02
 -.186295E+01 -.147134E+01 0.345198E+01 -.811641E+00 0.257041E+01 0.349112E+02
 -.188008E+01 -.146620E+01 0.345359E+01 -.819744E+00 0.257061E+01 0.343300E+02
 -.187767E+01 -.146657E+01 0.345322E+01 -.819218E+00 0.257000E+01 0.343117E+02
 -.187778E+01 -.146683E+01 0.345333E+01 -.819251E+00 0.257000E+01 0.343116E+02
 -.187624E+01 -.146628E+01 0.345328E+01 -.819216E+00 0.257001E+01 0.343154E+02
 -.187769E+01 -.146694E+01 0.345349E+01 -.819302E+00 0.257000E+01 0.343117E+02
 -.187766E+01 -.146680E+01 0.345332E+01 -.819229E+00 0.257000E+01 0.343115E+02
 -.187819E+01 -.146684E+01 0.345381E+01 -.819452E+00 0.257000E+01 0.343120E+02
 -.187695E+01 -.146693E+01 0.345355E+01 -.818162E+00 0.257000E+01 0.343213E+02
 -.187764E+01 -.146679E+01 0.345332E+01 -.819218E+00 0.257000E+01 0.343115E+02
 -.187764E+01 -.146687E+01 0.345332E+01 -.819227E+00 0.257000E+01 0.343115E+02
 -.187764E+01 -.146683E+01 0.345334E+01 -.819386E+00 0.257000E+01 0.343116E+02
 -.188440E+01 -.146494E+01 0.346146E+01 -.819630E+00 0.257597E+01 0.343353E+02
 -.186725E+01 -.146671E+01 0.345550E+01 -.818872E+00 0.257040E+01 0.346667E+02
 -.187984E+01 -.146703E+01 0.345388E+01 -.818700E+00 0.257003E+01 0.343182E+02
 -.188611E+01 -.146424E+01 0.344793E+01 -.821984E+00 0.257058E+01 0.351655E+02
 -.187764E+01 -.146788E+01 0.345331E+01 -.819193E+00 0.257000E+01 0.343132E+02
 -.187762E+01 -.146757E+01 0.345334E+01 -.819218E+00 0.257000E+01 0.343124E+02
 -.188021E+01 -.146670E+01 0.345551E+01 -.819047E+00 0.257000E+01 0.343342E+02
 -.187888E+01 -.146665E+01 0.345284E+01 -.819388E+00 0.257004E+01 0.343219E+02
 -.187645E+01 -.145879E+01 0.345266E+01 -.820821E+00 0.257038E+01 0.344239E+02
 -.187764E+01 -.146679E+01 0.345332E+01 -.819223E+00 0.257000E+01 0.343115E+02
 -.188263E+01 -.145328E+01 0.345726E+01 -.818847E+00 0.257049E+01 0.346404E+02
 -.187762E+01 -.146556E+01 0.345369E+01 -.819281E+00 0.257006E+01 0.343146E+02
 -.187761E+01 -.146262E+01 0.345369E+01 -.819443E+00 0.257010E+01 0.343369E+02
 -.187767E+01 -.146678E+01 0.345344E+01 -.819220E+00 0.257000E+01 0.343116E+02
 -.187759E+01 -.146679E+01 0.345338E+01 -.819253E+00 0.257000E+01 0.343116E+02
 -.187301E+01 -.146671E+01 0.346135E+01 -.819897E+00 0.257000E+01 0.350145E+02
 -.187769E+01 -.146694E+01 0.345312E+01 -.819210E+00 0.257000E+01 0.343119E+02
 -.187760E+01 -.146673E+01 0.345330E+01 -.819208E+00 0.257000E+01 0.343115E+02
 -.188001E+01 -.146689E+01 0.345344E+01 -.820272E+00 0.257003E+01 0.343292E+02
 -.187767E+01 -.146680E+01 0.345331E+01 -.819182E+00 0.257000E+01 0.343115E+02
 -.187566E+01 -.145284E+01 0.345046E+01 -.821294E+00 0.257003E+01 0.346692E+02
 -.187765E+01 -.146680E+01 0.345338E+01 -.819214E+00 0.257001E+01 0.343115E+02
 -.189973E+01 -.146697E+01 0.345972E+01 -.818051E+00 0.257520E+01 0.347574E+02
 -.187869E+01 -.146789E+01 0.346540E+01 -.819226E+00 0.257000E+01 0.354045E+02
 -.187689E+01 -.146688E+01 0.345336E+01 -.819221E+00 0.257000E+01 0.343127E+02
 -.187807E+01 -.146688E+01 0.345334E+01 -.819268E+00 0.257003E+01 0.343119E+02
 -.187774E+01 -.146729E+01 0.345340E+01 -.819288E+00 0.257000E+01 0.343119E+02
 -.187659E+01 -.146537E+01 0.345266E+01 -.818468E+00 0.257000E+01 0.343154E+02
 -.187765E+01 -.146682E+01 0.345332E+01 -.819232E+00 0.257000E+01 0.343115E+02
 -.187770E+01 -.146693E+01 0.345314E+01 -.819327E+00 0.257000E+01 0.343121E+02
 -.187679E+01 -.146675E+01 0.345384E+01 -.822914E+00 0.257000E+01 0.343510E+02
 -.187808E+01 -.146510E+01 0.345291E+01 -.819199E+00 0.257000E+01 0.343176E+02
 -.187723E+01 -.146655E+01 0.345343E+01 -.819001E+00 0.257000E+01 0.343128E+02
 -.187742E+01 -.146668E+01 0.345331E+01 -.819305E+00 0.257000E+01 0.343116E+02
 -.187795E+01 -.146680E+01 0.345396E+01 -.818703E+00 0.257000E+01 0.343175E+02
 -.187760E+01 -.146693E+01 0.345334E+01 -.819254E+00 0.257000E+01 0.343116E+02
 -.187767E+01 -.146676E+01 0.345331E+01 -.819324E+00 0.257002E+01 0.343116E+02
 -.187767E+01 -.146650E+01 0.345332E+01 -.819224E+00 0.257000E+01 0.343116E+02
 -.187731E+01 -.147823E+01 0.345749E+01 -.819731E+00 0.257068E+01 0.345652E+02
 -.187798E+01 -.146680E+01 0.345332E+01 -.818984E+00 0.257000E+01 0.343118E+02
 -.187759E+01 -.146680E+01 0.345332E+01 -.819246E+00 0.257000E+01 0.343115E+02
 -.187761E+01 -.146680E+01 0.345401E+01 -.819531E+00 0.257015E+01 0.343134E+02
 -.187764E+01 -.146676E+01 0.345334E+01 -.819203E+00 0.257000E+01 0.343115E+02
 -.187605E+01 -.146586E+01 0.345333E+01 -.819541E+00 0.257000E+01 0.343174E+02
 -.187763E+01 -.146681E+01 0.345332E+01 -.819613E+00 0.257002E+01 0.343122E+02
 -.187764E+01 -.146687E+01 0.345328E+01 -.817916E+00 0.257000E+01 0.343180E+02
 -.187772E+01 -.146683E+01 0.345332E+01 -.819225E+00 0.257000E+01 0.343115E+02
 -.187762E+01 -.146679E+01 0.345336E+01 -.819168E+00 0.257000E+01 0.343116E+02
 -.187765E+01 -.146676E+01 0.345332E+01 -.819220E+00 0.257000E+01 0.343115E+02
 -.187764E+01 -.146678E+01 0.345331E+01 -.819261E+00 0.257000E+01 0.343115E+02
 -.187773E+01 -.146690E+01 0.345340E+01 -.819252E+00 0.257000E+01 0.343115E+02
 -.187653E+01 -.146674E+01 0.345406E+01 -.819024E+00 0.257000E+01 0.343242E+02
 -.191645E+01 -.147347E+01 0.350000E+01 -.781686E+00 0.262283E+01 0.357675E+02
 -.187754E+01 -.146701E+01 0.345357E+01 -.819228E+00 0.257000E+01 0.343122E+02
 -.187829E+01 -.146609E+01 0.345307E+01 -.819476E+00 0.257000E+01 0.343151E+02
 -.187761E+01 -.146685E+01 0.345285E+01 -.819286E+00 0.257000E+01 0.343135E+02
 -.187743E+01 -.146670E+01 0.345501E+01 -.795532E+00 0.257006E+01 0.371774E+02
 -.187682E+01 -.146688E+01 0.345335E+01 -.819226E+00 0.257001E+01 0.343129E+02
 -.187764E+01 -.146679E+01 0.345332E+01 -.819216E+00 0.257000E+01 0.343115E+02
 -.187761E+01 -.146690E+01 0.345333E+01 -.819248E+00 0.257000E+01 0.343115E+02
 -.187869E+01 -.145851E+01 0.345411E+01 -.819096E+00 0.257001E+01 0.344137E+02
 -.187743E+01 -.146689E+01 0.345329E+01 -.819204E+00 0.257000E+01 0.343116E+02
 -.187889E+01 -.147201E+01 0.345291E+01 -.819222E+00 0.257001E+01 0.343592E+02
 -.187816E+01 -.146455E+01 0.345157E+01 -.819098E+00 0.257015E+01 0.343483E+02
 -.187826E+01 -.146592E+01 0.345363E+01 -.819451E+00 0.257003E+01 0.343128E+02
 -.187767E+01 -.146680E+01 0.345332E+01 -.819169E+00 0.257004E+01 0.343116E+02
 -.187012E+01 -.146015E+01 0.346417E+01 -.838990E+00 0.257477E+01 0.356730E+02
 -.187840E+01 -.146867E+01 0.345256E+01 -.819274E+00 0.257000E+01 0.343276E+02
 -.185455E+01 -.147552E+01 0.345401E+01 -.830038E+00 0.257000E+01 0.355476E+02
 -.187811E+01 -.146630E+01 0.345458E+01 -.819622E+00 0.257000E+01 0.343185E+02
 -.187755E+01 -.146670E+01 0.345351E+01 -.819205E+00 0.257000E+01 0.343120E+02
 -.187766E+01 -.146682E+01 0.345329E+01 -.819132E+00 0.257000E+01 0.343115E+02
 -.187708E+01 -.146671E+01 0.344579E+01 -.819269E+00 0.257000E+01 0.347307E+02
 -.187765E+01 -.146664E+01 0.345329E+01 -.819222E+00 0.257002E+01 0.343116E+02
 -.187764E+01 -.146678E+01 0.345332E+01 -.819231E+00 0.257000E+01 0.343115E+02
 -.187806E+01 -.146684E+01 0.345329E+01 -.819455E+00 0.257000E+01 0.343123E+02
 -.187777E+01 -.146643E+01 0.345303E+01 -.820365E+00 0.257000E+01 0.343206E+02
 -.187764E+01 -.146680E+01 0.345332E+01 -.819206E+00 0.257000E+01 0.343115E+02
 -.187766E+01 -.146677E+01 0.345326E+01 -.819226E+00 0.257000E+01 0.343115E+02
 -.187762E+01 -.146683E+01 0.345332E+01 -.819245E+00 0.257000E+01 0.343115E+02
 -.189650E+01 -.146715E+01 0.346169E+01 -.820947E+00 0.257000E+01 0.346212E+02
 -.186292E+01 -.146681E+01 0.346110E+01 -.815660E+00 0.257000E+01 0.361760E+02
 -.188159E+01 -.146728E+01 0.345353E+01 -.818583E+00 0.257001E+01 0.343372E+02
 -.187598E+01 -.146159E+01 0.345232E+01 -.821846E+00 0.257000E+01 0.343916E+02
 -.187764E+01 -.146571E+01 0.345333E+01 -.819313E+00 0.257001E+01 0.343132E+02
 -.187763E+01 -.146636E+01 0.345326E+01 -.819224E+00 0.257000E+01 0.343118E+02
 -.187710E+01 -.146677E+01 0.345614E+01 -.818787E+00 0.257000E+01 0.343940E+02
 -.187787E+01 -.146669E+01 0.345236E+01 -.819745E+00 0.257004E+01 0.343271E+02
 -.187778E+01 -.145894E+01 0.345407E+01 -.818373E+00 0.257037E+01 0.344088E+02
 -.187764E+01 -.146677E+01 0.345332E+01 -.819239E+00 0.257000E+01 0.343115E+02
 -.188738E+01 -.147955E+01 0.344719E+01 -.818853E+00 0.257022E+01 0.353788E+02
 -.187762E+01 -.146581E+01 0.345330E+01 -.819037E+00 0.257000E+01 0.343130E+02
 -.187768E+01 -.147982E+01 0.345397E+01 -.819285E+00 0.257012E+01 0.345396E+02
 -.187761E+01 -.146672E+01 0.345320E+01 -.819212E+00 0.257000E+01 0.343116E+02
 -.187767E+01 -.146679E+01 0.345316E+01 -.819345E+00 0.257000E+01 0.343120E+02
 -.188262E+01 -.146685E+01 0.346115E+01 -.819770E+00 0.257000E+01 0.346026E+02
 -.187765E+01 -.146665E+01 0.345361E+01 -.819219E+00 0.257000E+01 0.343122E+02
 -.187762E+01 -.146680E+01 0.345327E+01 -.819213E+00 0.257000E+01 0.343115E+02
 -.187738E+01 -.146679E+01 0.345415E+01 -.818287E+00 0.257001E+01 0.343284E+02
 -.187764E+01 -.146680E+01 0.345331E+01 -.819225E+00 0.257000E+01 0.343115E+02
 -.187100E+01 -.149865E+01 0.345102E+01 -.819769E+00 0.257004E+01 0.356825E+02
 -.187765E+01 -.146679E+01 0.345331E+01 -.819220E+00 0.257000E+01 0.343115E+02
 -.187320E+01 -.146369E+01 0.345562E+01 -.819376E+00 0.257410E+01 0.344321E+02
 -.187789E+01 -.146739E+01 0.345283E+01 -.820450E+00 0.257005E+01 0.343275E+02
 -.187592E+01 -.146707E+01 0.345344E+01 -.819354E+00 0.257000E+01 0.343179E+02
 -.187765E+01 -.146692E+01 0.345347E+01 -.819349E+00 0.257004E+01 0.343116E+02
 -.187765E+01 -.146700E+01 0.345320E+01 -.819515E+00 0.257000E+01 0.343124E+02
 -.187763E+01 -.146542E+01 0.345429E+01 -.815031E+00 0.257000E+01 0.344302E+02
 -.187764E+01 -.146680E+01 0.345332E+01 -.819226E+00 0.257000E+01 0.343115E+02
 -.187750E+01 -.146699E+01 0.345329E+01 -.819098E+00 0.257000E+01 0.343116E+02
 -.187736E+01 -.146734E+01 0.345342E+01 -.812555E+00 0.257000E+01 0.345026E+02
 -.187855E+01 -.146719E+01 0.345276E+01 -.819347E+00 0.257000E+01 0.343205E+02
 -.187725E+01 -.146679E+01 0.345354E+01 -.818919E+00 0.257001E+01 0.343137E+02
 -.187772E+01 -.146651E+01 0.345332E+01 -.819142E+00 0.257000E+01 0.343117E+02
 -.187786E+01 -.146681E+01 0.345381E+01 -.818731E+00 0.257000E+01 0.343158E+02
 -.187766E+01 -.146658E+01 0.345335E+01 -.819246E+00 0.257000E+01 0.343116E+02
 -.187766E+01 -.146694E+01 0.345341E+01 -.819343E+00 0.257003E+01 0.343116E+02
 -.187770E+01 -.146690E+01 0.345335E+01 -.819223E+00 0.257000E+01 0.343115E+02
 -.187737E+01 -.145203E+01 0.345528E+01 -.818594E+00 0.257117E+01 0.346533E+02
 -.187802E+01 -.146679E+01 0.345330E+01 -.819160E+00 0.257000E+01 0.343118E+02
 -.187769E+01 -.146688E+01 0.345331E+01 -.819257E+00 0.257000E+01 0.343116E+02
 -.187766E+01 -.146680E+01 0.345594E+01 -.818807E+00 0.257007E+01 0.343723E+02
 -.187764E+01 -.146680E+01 0.345333E+01 -.819269E+00 0.257000E+01 0.343115E+02
 -.187582E+01 -.146548E+01 0.345336E+01 -.818743E+00 0.257000E+01 0.343235E+02
 -.187770E+01 -.146680E+01 0.345331E+01 -.819639E+00 0.257003E+01 0.343124E+02
 -.187765E+01 -.146681E+01 0.345331E+01 -.818886E+00 0.257001E+01 0.343119E+02
 -.187765E+01 -.146683E+01 0.345331E+01 -.819228E+00 0.257000E+01 0.343115E+02
 -.187762E+01 -.146678E+01 0.345337E+01 -.819180E+00 0.257000E+01 0.343116E+02
 -.187764E+01 -.146680E+01 0.345332E+01 -.819225E+00 0.257000E+01 0.343115E+02
 -.187759E+01 -.146679E+01 0.345334E+01 -.819193E+00 0.257000E+01 0.343115E+02
 -.187810E+01 -.146699E+01 0.345339E+01 -.819279E+00 0.257001E+01 0.343119E+02
 -.187783E+01 -.146720E+01 0.345108E+01 -.818184E+00 0.257000E+01 0.343390E+02
 -.190780E+01 -.147784E+01 0.346926E+01 -.849848E+00 0.257000E+01 0.365288E+02
 -.187757E+01 -.146698E+01 0.345360E+01 -.819247E+00 0.257000E+01 0.343122E+02
 -.187838E+01 -.146655E+01 0.345211E+01 -.819291E+00 0.257000E+01 0.343304E+02
 -.187754E+01 -.146681E+01 0.345319E+01 -.819282E+00 0.257000E+01 0.343117E+02
 -.187851E+01 -.146800E+01 0.345563E+01 -.825068E+00 0.257004E+01 0.343781E+02
 -.187802E+01 -.146673E+01 0.345337E+01 -.819224E+00 0.257000E+01 0.343117E+02
 -.187765E+01 -.146678E+01 0.345332E+01 -.819205E+00 0.257000E+01 0.343115E+02
 -.187762E+01 -.146667E+01 0.345335E+01 -.819239E+00 0.257000E+01 0.343115E+02
 -.187855E+01 -.146295E+01 0.345380E+01 -.819405E+00 0.257002E+01 0.343329E+02
 -.187749E+01 -.146688E+01 0.345332E+01 -.819180E+00 0.257000E+01 0.343116E+02
 -.187614E+01 -.147678E+01 0.345341E+01 -.819211E+00 0.257001E+01 0.344491E+02
 -.187998E+01 -.146664E+01 0.345152E+01 -.819547E+00 0.257011E+01 0.343802E+02
 -.187848E+01 -.146563E+01 0.345327E+01 -.819808E+00 0.257000E+01 0.343169E+02
 -.187776E+01 -.146681E+01 0.345332E+01 -.819022E+00 0.257004E+01 0.343117E+02
 -.188553E+01 -.146785E+01 0.345981E+01 -.831868E+00 0.257347E+01 0.348386E+02
 -.187692E+01 -.146811E+01 0.345478E+01 -.819111E+00 0.257000E+01 0.343374E+02
 -.189220E+01 -.146696E+01 0.345426E+01 -.827415E+00 0.257049E+01 0.350626E+02
 -.187692E+01 -.146707E+01 0.345442E+01 -.819120E+00 0.257031E+01 0.343231E+02
 -.187763E+01 -.146687E+01 0.345355E+01 -.819292E+00 0.257000E+01 0.343118E+02
 -.187749E+01 -.146677E+01 0.345337E+01 -.819159E+00 0.257000E+01 0.343117E+02
 -.187716E+01 -.146652E+01 0.345473E+01 -.819238E+00 0.257000E+01 0.343314E+02
 -.187764E+01 -.146663E+01 0.345321E+01 -.819185E+00 0.257002E+01 0.343117E+02
 -.187763E+01 -.146677E+01 0.345333E+01 -.819233E+00 0.257000E+01 0.343115E+02
 -.187738E+01 -.146680E+01 0.345295E+01 -.819372E+00 0.257000E+01 0.343127E+02
 -.188029E+01 -.146685E+01 0.345292E+01 -.821216E+00 0.257000E+01 0.343625E+02
 -.187764E+01 -.146680E+01 0.345332E+01 -.819208E+00 0.257000E+01 0.343115E+02
 -.187762E+01 -.146674E+01 0.345324E+01 -.819225E+00 0.257000E+01 0.343116E+02
 -.187762E+01 -.146679E+01 0.345332E+01 -.819120E+00 0.257000E+01 0.343116E+02
 -.188499E+01 -.146841E+01 0.345916E+01 -.820319E+00 0.257373E+01 0.343305E+02
 -.189149E+01 -.146690E+01 0.345250E+01 -.821070E+00 0.257030E+01 0.348192E+02
 -.187896E+01 -.146703E+01 0.345347E+01 -.819426E+00 0.257001E+01 0.343143E+02
 -.186987E+01 -.146152E+01 0.345599E+01 -.819349E+00 0.257038E+01 0.346227E+02
 -.187764E+01 -.146515E+01 0.345335E+01 -.819298E+00 0.257000E+01 0.343153E+02
 -.187761E+01 -.146569E+01 0.345326E+01 -.819229E+00 0.257000E+01 0.343132E+02
 -.187566E+01 -.146671E+01 0.345328E+01 -.818211E+00 0.257000E+01 0.343252E+02
 -.187738E+01 -.146673E+01 0.345414E+01 -.819538E+00 0.257000E+01 0.343163E+02
 -.187799E+01 -.146136E+01 0.345421E+01 -.819484E+00 0.257000E+01 0.343579E+02
 -.187764E+01 -.146679E+01 0.345332E+01 -.819235E+00 0.257000E+01 0.343115E+02
 -.187730E+01 -.147958E+01 0.344609E+01 -.819200E+00 0.257000E+01 0.349678E+02
 -.187762E+01 -.146666E+01 0.345302E+01 -.819122E+00 0.257004E+01 0.343122E+02
 -.187767E+01 -.147458E+01 0.345414E+01 -.819326E+00 0.257005E+01 0.343955E+02
 -.187761E+01 -.146679E+01 0.345320E+01 -.819215E+00 0.257000E+01 0.343116E+02
 -.187774E+01 -.146678E+01 0.345357E+01 -.819360E+00 0.257000E+01 0.343117E+02
 -.188189E+01 -.146686E+01 0.345109E+01 -.819080E+00 0.257000E+01 0.344322E+02
 -.187763E+01 -.146668E+01 0.345391E+01 -.819255E+00 0.257001E+01 0.343141E+02
 -.187765E+01 -.146686E+01 0.345331E+01 -.819223E+00 0.257000E+01 0.343115E+02
 -.187611E+01 -.146683E+01 0.345425E+01 -.819522E+00 0.257004E+01 0.343273E+02
 -.187761E+01 -.146680E+01 0.345332E+01 -.819261E+00 0.257000E+01 0.343115E+02
 -.187648E+01 -.148978E+01 0.345183E+01 -.818434E+00 0.257000E+01 0.350233E+02
 -.187764E+01 -.146679E+01 0.345327E+01 -.819229E+00 0.257000E+01 0.343115E+02
 -.186840E+01 -.146490E+01 0.346374E+01 -.821858E+00 0.257160E+01 0.354344E+02
 -.187833E+01 -.146660E+01 0.344385E+01 -.819437E+00 0.257003E+01 0.350567E+02
 -.187998E+01 -.146724E+01 0.345320E+01 -.819273E+00 0.257000E+01 0.343251E+02
 -.187733E+01 -.146691E+01 0.345353E+01 -.819314E+00 0.257001E+01 0.343123E+02
 -.187762E+01 -.146695E+01 0.345334E+01 -.819467E+00 0.257001E+01 0.343118E+02
 -.187840E+01 -.146566E+01 0.345327E+01 -.820374E+00 0.257000E+01 0.343211E+02
 -.187764E+01 -.146677E+01 0.345332E+01 -.819225E+00 0.257000E+01 0.343115E+02
 -.187737E+01 -.146663E+01 0.345355E+01 -.819056E+00 0.257000E+01 0.343129E+02
 -.187777E+01 -.146718E+01 0.345326E+01 -.811204E+00 0.257000E+01 0.345715E+02
 -.187772E+01 -.146733E+01 0.345334E+01 -.819194E+00 0.257000E+01 0.343119E+02
 -.187808E+01 -.146664E+01 0.345307E+01 -.819169E+00 0.257002E+01 0.343129E+02
 -.187781E+01 -.146660E+01 0.345332E+01 -.819253E+00 0.257000E+01 0.343116E+02
 -.187774E+01 -.146678E+01 0.345356E+01 -.819457E+00 0.257000E+01 0.343116E+02
 -.187769E+01 -.146669E+01 0.345334E+01 -.819267E+00 0.257000E+01 0.343115E+02
 -.187763E+01 -.146705E+01 0.345336E+01 -.819201E+00 0.257004E+01 0.343117E+02
 -.187769E+01 -.146710E+01 0.345333E+01 -.819226E+00 0.257000E+01 0.343117E+02
 -.187732E+01 -.145320E+01 0.345327E+01 -.819883E+00 0.257000E+01 0.345754E+02
 -.187797E+01 -.146680E+01 0.345330E+01 -.819337E+00 0.257000E+01 0.343119E+02
 -.187771E+01 -.146672E+01 0.345331E+01 -.819220E+00 0.257000E+01 0.343115E+02
 -.187757E+01 -.146679E+01 0.345465E+01 -.818619E+00 0.257001E+01 0.343340E+02
 -.187764E+01 -.146683E+01 0.345332E+01 -.819250E+00 0.257000E+01 0.343115E+02
 -.188080E+01 -.146753E+01 0.345331E+01 -.819500E+00 0.257003E+01 0.343344E+02
 -.187764E+01 -.146683E+01 0.345331E+01 -.818540E+00 0.257001E+01 0.343133E+02
 -.187765E+01 -.146676E+01 0.345333E+01 -.819814E+00 0.257000E+01 0.343129E+02
 -.187759E+01 -.146681E+01 0.345331E+01 -.819222E+00 0.257000E+01 0.343115E+02
 -.187764E+01 -.146676E+01 0.345325E+01 -.819245E+00 0.257000E+01 0.343116E+02
 -.187764E+01 -.146683E+01 0.345332E+01 -.819233E+00 0.257000E+01 0.343115E+02
 -.187766E+01 -.146680E+01 0.345330E+01 -.819239E+00 0.257000E+01 0.343115E+02
 -.187790E+01 -.146689E+01 0.345339E+01 -.819247E+00 0.257000E+01 0.343116E+02
 -.187811E+01 -.146750E+01 0.345224E+01 -.817914E+00 0.257000E+01 0.343199E+02
 -.187767E+01 -.146669E+01 0.345319E+01 -.819244E+00 0.257000E+01 0.343117E+02
 -.187781E+01 -.146704E+01 0.345406E+01 -.819530E+00 0.257000E+01 0.343138E+02
 -.187762E+01 -.146678E+01 0.345369E+01 -.819259E+00 0.257000E+01 0.343126E+02
 -.187905E+01 -.146875E+01 0.345301E+01 -.836728E+00 0.257007E+01 0.355670E+02
 -.187837E+01 -.146664E+01 0.345336E+01 -.819231E+00 0.257001E+01 0.343124E+02
 -.187764E+01 -.146678E+01 0.345331E+01 -.819221E+00 0.257000E+01 0.343115E+02
 -.187764E+01 -.146670E+01 0.345332E+01 -.819249E+00 0.257000E+01 0.343115E+02
 -.187824E+01 -.147413E+01 0.345337E+01 -.819661E+00 0.257002E+01 0.343881E+02
 -.187768E+01 -.146666E+01 0.345332E+01 -.819277E+00 0.257000E+01 0.343116E+02
 -.187466E+01 -.146717E+01 0.345349E+01 -.819189E+00 0.257000E+01 0.343313E+02
 -.187778E+01 -.146744E+01 0.345700E+01 -.819693E+00 0.257005E+01 0.343989E+02
 -.187756E+01 -.146781E+01 0.345344E+01 -.819651E+00 0.257004E+01 0.343136E+02
 -.187770E+01 -.146683E+01 0.345332E+01 -.819120E+00 0.257001E+01 0.343116E+02
 -.188154E+01 -.147273E+01 0.345134E+01 -.819401E+00 0.257025E+01 0.344858E+02
 -.187700E+01 -.146744E+01 0.345458E+01 -.819225E+00 0.257000E+01 0.343292E+02
 -.189892E+01 -.146759E+01 0.345281E+01 -.812889E+00 0.257023E+01 0.351559E+02
 -.187706E+01 -.146704E+01 0.345330E+01 -.819716E+00 0.257032E+01 0.343153E+02
 -.187771E+01 -.146689E+01 0.345335E+01 -.819301E+00 0.257000E+01 0.343116E+02
 -.187743E+01 -.146678E+01 0.345338E+01 -.819297E+00 0.257000E+01 0.343117E+02
 -.187639E+01 -.146633E+01 0.345753E+01 -.819200E+00 0.257000E+01 0.344840E+02
 -.187767E+01 -.146687E+01 0.345342E+01 -.819211E+00 0.257001E+01 0.343116E+02
 -.187764E+01 -.146679E+01 0.345333E+01 -.819230E+00 0.257000E+01 0.343115E+02
 -.187763E+01 -.146679E+01 0.345358E+01 -.819301E+00 0.257000E+01 0.343119E+02
 -.187967E+01 -.146793E+01 0.345450E+01 -.820068E+00 0.257000E+01 0.343161E+02
 -.187764E+01 -.146679E+01 0.345331E+01 -.819212E+00 0.257000E+01 0.343115E+02
 -.187758E+01 -.146675E+01 0.345331E+01 -.819226E+00 0.257000E+01 0.343115E+02
 -.187764E+01 -.146681E+01 0.345332E+01 -.819108E+00 0.257000E+01 0.343116E+02
 -.187384E+01 -.146711E+01 0.345617E+01 -.819147E+00 0.257225E+01 0.344007E+02
 -.190590E+01 -.146691E+01 0.344659E+01 -.822786E+00 0.257001E+01 0.375712E+02
 -.187692E+01 -.146649E+01 0.345332E+01 -.819858E+00 0.257001E+01 0.343136E+02
 -.187720E+01 -.146203E+01 0.345500E+01 -.818191E+00 0.257005E+01 0.343936E+02
 -.187764E+01 -.146611E+01 0.345341E+01 -.819224E+00 0.257000E+01 0.343123E+02
 -.187762E+01 -.146737E+01 0.345330E+01 -.819230E+00 0.257000E+01 0.343120E+02
 -.187925E+01 -.146671E+01 0.345120E+01 -.819293E+00 0.257000E+01 0.343719E+02
 -.187767E+01 -.146668E+01 0.345426E+01 -.819303E+00 0.257005E+01 0.343173E+02
 -.187799E+01 -.146977E+01 0.345287E+01 -.821733E+00 0.257068E+01 0.343908E+02
 -.187764E+01 -.146680E+01 0.345332E+01 -.819212E+00 0.257000E+01 0.343115E+02
 -.187136E+01 -.146101E+01 0.346105E+01 -.819278E+00 0.257046E+01 0.351390E+02
 -.187762E+01 -.146731E+01 0.345322E+01 -.819265E+00 0.257003E+01 0.343121E+02
 -.187763E+01 -.145830E+01 0.345335E+01 -.819385E+00 0.257010E+01 0.344133E+02
 -.187761E+01 -.146687E+01 0.345349E+01 -.819216E+00 0.257000E+01 0.343118E+02
 -.187767E+01 -.146679E+01 0.345352E+01 -.819323E+00 0.257000E+01 0.343117E+02
 -.187206E+01 -.146658E+01 0.344667E+01 -.819030E+00 0.257000E+01 0.345057E+02
 -.187764E+01 -.146675E+01 0.345373E+01 -.819270E+00 0.257001E+01 0.343127E+02
 -.187765E+01 -.146675E+01 0.345333E+01 -.819218E+00 0.257000E+01 0.343115E+02
 -.187536E+01 -.146689E+01 0.345399E+01 -.820654E+00 0.257006E+01 0.343287E+02
 -.187762E+01 -.146679E+01 0.345331E+01 -.819263E+00 0.257000E+01 0.343115E+02
 -.187862E+01 -.146844E+01 0.345440E+01 -.823563E+00 0.257006E+01 0.343657E+02
 -.187764E+01 -.146679E+01 0.345329E+01 -.819222E+00 0.257000E+01 0.343115E+02
 -.189796E+01 -.146659E+01 0.345744E+01 -.823453E+00 0.257309E+01 0.349800E+02
 -.187909E+01 -.146689E+01 0.344785E+01 -.818401E+00 0.257008E+01 0.345592E+02
 -.188182E+01 -.146694E+01 0.345313E+01 -.819181E+00 0.257000E+01 0.343494E+02
 -.187759E+01 -.146676E+01 0.345319E+01 -.819201E+00 0.257001E+01 0.343116E+02
 -.187762E+01 -.146688E+01 0.345342E+01 -.819322E+00 0.257000E+01 0.343116E+02
 -.187844E+01 -.146616E+01 0.345197E+01 -.821018E+00 0.257000E+01 0.343684E+02
 -.187764E+01 -.146681E+01 0.345332E+01 -.819219E+00 0.257000E+01 0.343115E+02
 -.187757E+01 -.146661E+01 0.345355E+01 -.819160E+00 0.257001E+01 0.343122E+02
 -.187759E+01 -.146652E+01 0.345375E+01 -.814047E+00 0.257000E+01 0.344426E+02
 -.187700E+01 -.146734E+01 0.345378E+01 -.819081E+00 0.257000E+01 0.343165E+02
 -.187839E+01 -.146663E+01 0.345307E+01 -.819293E+00 0.257002E+01 0.343145E+02
 -.187744E+01 -.146676E+01 0.345332E+01 -.819313E+00 0.257000E+01 0.343116E+02
 -.187763E+01 -.146677E+01 0.345310E+01 -.819749E+00 0.257000E+01 0.343140E+02
 -.187764E+01 -.146707E+01 0.345332E+01 -.819249E+00 0.257000E+01 0.343116E+02
 -.187762E+01 -.146711E+01 0.345332E+01 -.819138E+00 0.257000E+01 0.343117E+02
 -.187762E+01 -.146665E+01 0.345333E+01 -.819207E+00 0.257000E+01 0.343116E+02
 -.187694E+01 -.148018E+01 0.345357E+01 -.820609E+00 0.257134E+01 0.345952E+02
 -.187759E+01 -.146680E+01 0.345334E+01 -.819256E+00 0.257000E+01 0.343115E+02
 -.187759E+01 -.146663E+01 0.345331E+01 -.819177E+00 0.257000E+01 0.343116E+02
 -.187756E+01 -.146678E+01 0.345176E+01 -.819115E+00 0.257003E+01 0.343301E+02
 -.187763E+01 -.146684E+01 0.345331E+01 -.819215E+00 0.257000E+01 0.343115E+02
 -.187947E+01 -.146866E+01 0.345326E+01 -.820002E+00 0.257001E+01 0.343304E+02
 -.187760E+01 -.146686E+01 0.345331E+01 -.818799E+00 0.257000E+01 0.343122E+02
 -.187762E+01 -.146683E+01 0.345332E+01 -.819412E+00 0.257001E+01 0.343117E+02
 -.187765E+01 -.146679E+01 0.345332E+01 -.819213E+00 0.257000E+01 0.343115E+02
 -.187765E+01 -.146680E+01 0.345323E+01 -.819234E+00 0.257000E+01 0.343116E+02
 -.187764E+01 -.146681E+01 0.345332E+01 -.819232E+00 0.257000E+01 0.343115E+02
 -.187770E+01 -.146680E+01 0.345328E+01 -.819253E+00 0.257000E+01 0.343116E+02
 -.187739E+01 -.146682E+01 0.345331E+01 -.819200E+00 0.257000E+01 0.343116E+02
 -.187506E+01 -.146697E+01 0.345428E+01 -.818380E+00 0.257000E+01 0.343571E+02
 -.187762E+01 -.146659E+01 0.345322E+01 -.819235E+00 0.257000E+01 0.343116E+02
 -.187768E+01 -.146630E+01 0.345496E+01 -.819704E+00 0.257000E+01 0.343274E+02
 -.187769E+01 -.146681E+01 0.345303E+01 -.819268E+00 0.257000E+01 0.343124E+02
 -.187875E+01 -.146909E+01 0.345165E+01 -.827205E+00 0.257010E+01 0.347376E+02
 -.187738E+01 -.146678E+01 0.345334E+01 -.819219E+00 0.257000E+01 0.343117E+02
 -.187764E+01 -.146678E+01 0.345331E+01 -.819229E+00 0.257000E+01 0.343115E+02
 -.187762E+01 -.146680E+01 0.345330E+01 -.819206E+00 0.257000E+01 0.343115E+02
 -.187789E+01 -.147165E+01 0.345314E+01 -.819267E+00 0.257002E+01 0.343455E+02
 -.187768E+01 -.146665E+01 0.345331E+01 -.819271E+00 0.257000E+01 0.343116E+02
 -.187520E+01 -.146045E+01 0.345321E+01 -.819055E+00 0.257004E+01 0.343809E+02
 -.187613E+01 -.146632E+01 0.345533E+01 -.819042E+00 0.257000E+01 0.343684E+02
 -.187693E+01 -.146723E+01 0.345343E+01 -.819519E+00 0.257002E+01 0.343130E+02
 -.187759E+01 -.146680E+01 0.345331E+01 -.819258E+00 0.257000E+01 0.343115E+02
 -.187640E+01 -.147417E+01 0.344668E+01 -.809875E+00 0.257000E+01 0.345453E+02
 -.187758E+01 -.146725E+01 0.345216E+01 -.819483E+00 0.257000E+01 0.343262E+02
 -.188822E+01 -.146928E+01 0.345048E+01 -.809228E+00 0.257000E+01 0.347727E+02
 -.187873E+01 -.146530E+01 0.345303E+01 -.820047E+00 0.257024E+01 0.343282E+02
 -.187775E+01 -.146682E+01 0.345316E+01 -.819285E+00 0.257000E+01 0.343120E+02
 -.187743E+01 -.146680E+01 0.345332E+01 -.819270E+00 0.257000E+01 0.343116E+02
 -.187691E+01 -.146646E+01 0.345040E+01 -.819190E+00 0.257001E+01 0.343677E+02
 -.187767E+01 -.146694E+01 0.345343E+01 -.819273E+00 0.257001E+01 0.343116E+02
 -.187765E+01 -.146681E+01 0.345332E+01 -.819227E+00 0.257000E+01 0.343115E+02
 -.187816E+01 -.146680E+01 0.345370E+01 -.819179E+00 0.257000E+01 0.343122E+02
 -.187742E+01 -.146712E+01 0.345401E+01 -.818172E+00 0.257000E+01 0.343271E+02
 -.187764E+01 -.146679E+01 0.345330E+01 -.819215E+00 0.257000E+01 0.343115E+02
 -.187761E+01 -.146683E+01 0.345336E+01 -.819210E+00 0.257000E+01 0.343115E+02
 -.187766E+01 -.146682E+01 0.345332E+01 -.819405E+00 0.257000E+01 0.343117E+02
 -.187853E+01 -.146590E+01 0.345213E+01 -.819260E+00 0.257000E+01 0.343316E+02
 -.188048E+01 -.146676E+01 0.346237E+01 -.822990E+00 0.257000E+01 0.346222E+02
 -.187642E+01 -.146653E+01 0.345320E+01 -.819824E+00 0.257000E+01 0.343148E+02
 -.188161E+01 -.146543E+01 0.345118E+01 -.820961E+00 0.257000E+01 0.344749E+02
 -.187764E+01 -.146756E+01 0.345340E+01 -.819170E+00 0.257001E+01 0.343124E+02
 -.187764E+01 -.146762E+01 0.345330E+01 -.819204E+00 0.257000E+01 0.343125E+02
 -.188015E+01 -.146677E+01 0.345318E+01 -.819544E+00 0.257000E+01 0.343284E+02
 -.187886E+01 -.146665E+01 0.345318E+01 -.819421E+00 0.257006E+01 0.343165E+02
 -.187676E+01 -.147191E+01 0.345276E+01 -.820733E+00 0.257034E+01 0.343746E+02
 -.187764E+01 -.146679E+01 0.345331E+01 -.819200E+00 0.257000E+01 0.343115E+02
 -.187288E+01 -.145489E+01 0.345919E+01 -.819098E+00 0.257016E+01 0.350184E+02
 -.187764E+01 -.146779E+01 0.345344E+01 -.819346E+00 0.257003E+01 0.343130E+02
 -.187760E+01 -.146252E+01 0.345356E+01 -.819286E+00 0.257011E+01 0.343377E+02
 -.187763E+01 -.146684E+01 0.345352E+01 -.819213E+00 0.257000E+01 0.343118E+02
 -.187767E+01 -.146679E+01 0.345334E+01 -.819208E+00 0.257000E+01 0.343115E+02
 -.187209E+01 -.146669E+01 0.345216E+01 -.819725E+00 0.257000E+01 0.343475E+02
 -.187768E+01 -.146685E+01 0.345284E+01 -.819233E+00 0.257000E+01 0.343135E+02
 -.187760E+01 -.146678E+01 0.345330E+01 -.819204E+00 0.257000E+01 0.343115E+02
 -.187542E+01 -.146688E+01 0.345318E+01 -.819647E+00 0.257000E+01 0.343192E+02
 -.187764E+01 -.146679E+01 0.345331E+01 -.819202E+00 0.257000E+01 0.343115E+02
 -.187999E+01 -.145028E+01 0.345501E+01 -.825922E+00 0.257005E+01 0.347992E+02
 -.187764E+01 -.146680E+01 0.345335E+01 -.819211E+00 0.257000E+01 0.343115E+02
 -.189275E+01 -.146626E+01 0.346148E+01 -.819668E+00 0.257564E+01 0.344073E+02
 -.187952E+01 -.146799E+01 0.346042E+01 -.819626E+00 0.257002E+01 0.346190E+02
 -.188178E+01 -.146667E+01 0.345332E+01 -.819162E+00 0.257000E+01 0.343442E+02
 -.187785E+01 -.146665E+01 0.345294E+01 -.819130E+00 0.257001E+01 0.343129E+02
 -.187764E+01 -.146682E+01 0.345334E+01 -.819113E+00 0.257000E+01 0.343116E+02
 -.187642E+01 -.146588E+01 0.345226E+01 -.817411E+00 0.257000E+01 0.343178E+02
 -.187764E+01 -.146682E+01 0.345332E+01 -.819222E+00 0.257000E+01 0.343115E+02
 -.187772E+01 -.146696E+01 0.345334E+01 -.819315E+00 0.257001E+01 0.343116E+02
 -.187714E+01 -.146692E+01 0.345369E+01 -.823926E+00 0.257000E+01 0.343837E+02
 -.187781E+01 -.146672E+01 0.345367E+01 -.819027E+00 0.257000E+01 0.343129E+02
 -.187802E+01 -.146672E+01 0.345329E+01 -.819117E+00 0.257000E+01 0.343118E+02
 -.187727E+01 -.146688E+01 0.345331E+01 -.819315E+00 0.257000E+01 0.343118E+02
 -.187763E+01 -.146677E+01 0.345342E+01 -.819528E+00 0.257000E+01 0.343117E+02
 -.187761E+01 -.146698E+01 0.345331E+01 -.819238E+00 0.257000E+01 0.343116E+02
 -.187765E+01 -.146665E+01 0.345332E+01 -.819216E+00 0.257003E+01 0.343116E+02
 -.187769E+01 -.146670E+01 0.345335E+01 -.819218E+00 0.257000E+01 0.343115E+02
 -.187694E+01 -.147314E+01 0.345619E+01 -.819083E+00 0.257122E+01 0.344024E+02
 -.187732E+01 -.146679E+01 0.345337E+01 -.819149E+00 0.257000E+01 0.343119E+02
 -.187759E+01 -.146676E+01 0.345331E+01 -.819192E+00 0.257000E+01 0.343115E+02
 -.187758E+01 -.146679E+01 0.345119E+01 -.819573E+00 0.257002E+01 0.343544E+02
 -.187764E+01 -.146682E+01 0.345333E+01 -.819202E+00 0.257000E+01 0.343115E+02
 -.187720E+01 -.146555E+01 0.345326E+01 -.819772E+00 0.257000E+01 0.343149E+02
 -.187767E+01 -.146685E+01 0.345331E+01 -.819716E+00 0.257001E+01 0.343126E+02
 -.187763E+01 -.146688E+01 0.345329E+01 -.818747E+00 0.257001E+01 0.343123E+02
 -.187769E+01 -.146678E+01 0.345331E+01 -.819205E+00 0.257000E+01 0.343115E+02
 -.187764E+01 -.146681E+01 0.345336E+01 -.819152E+00 0.257000E+01 0.343116E+02
 -.187764E+01 -.146676E+01 0.345332E+01 -.819203E+00 0.257000E+01 0.343115E+02
 -.187764E+01 -.146679E+01 0.345330E+01 -.819233E+00 0.257000E+01 0.343115E+02
 -.187766E+01 -.146681E+01 0.345337E+01 -.819234E+00 0.257000E+01 0.343115E+02
 -.187434E+01 -.146643E+01 0.345378E+01 -.819354E+00 0.257000E+01 0.343413E+02
 -.192536E+01 -.146155E+01 0.346038E+01 -.812204E+00 0.259663E+01 0.408348E+02
 -.187757E+01 -.146653E+01 0.345335E+01 -.819234E+00 0.257000E+01 0.343116E+02
 -.187754E+01 -.146629E+01 0.345358E+01 -.819691E+00 0.257000E+01 0.343124E+02
 -.187766E+01 -.146682E+01 0.345283E+01 -.819258E+00 0.257000E+01 0.343136E+02
 -.187753E+01 -.146894E+01 0.345151E+01 -.810245E+00 0.257004E+01 0.345351E+02
 -.187718E+01 -.146679E+01 0.345331E+01 -.819207E+00 0.257001E+01 0.343119E+02
 -.187764E+01 -.146679E+01 0.345332E+01 -.819217E+00 0.257000E+01 0.343115E+02
 -.187763E+01 -.146687E+01 0.345330E+01 -.819179E+00 0.257000E+01 0.343115E+02
 -.187850E+01 -.146512E+01 0.345380E+01 -.819343E+00 0.257000E+01 0.343162E+02
 -.187765E+01 -.146694E+01 0.345329E+01 -.819217E+00 0.257000E+01 0.343116E+02
 -.187868E+01 -.146202E+01 0.345297E+01 -.819031E+00 0.257006E+01 0.343465E+02
 -.187915E+01 -.146562E+01 0.345179E+01 -.818649E+00 0.257011E+01 0.343432E+02
 -.187798E+01 -.146580E+01 0.345352E+01 -.819254E+00 0.257000E+01 0.343130E+02
 -.187752E+01 -.146678E+01 0.345331E+01 -.819327E+00 0.257001E+01 0.343116E+02
 -.188045E+01 -.146895E+01 0.345678E+01 -.807114E+00 0.257129E+01 0.351029E+02
 -.187798E+01 -.146781E+01 0.345201E+01 -.819200E+00 0.257000E+01 0.343304E+02
 -.185973E+01 -.146845E+01 0.345078E+01 -.812764E+00 0.257068E+01 0.348756E+02
 -.187881E+01 -.146576E+01 0.345406E+01 -.819302E+00 0.257023E+01 0.343140E+02
 -.187771E+01 -.146678E+01 0.345342E+01 -.819212E+00 0.257000E+01 0.343116E+02
 -.187783E+01 -.146682E+01 0.345332E+01 -.819171E+00 0.257000E+01 0.343116E+02
 -.187701E+01 -.146668E+01 0.344932E+01 -.819214E+00 0.257001E+01 0.344240E+02
 -.187763E+01 -.146683E+01 0.345337E+01 -.819270E+00 0.257002E+01 0.343116E+02
 -.187765E+01 -.146677E+01 0.345330E+01 -.819215E+00 0.257000E+01 0.343115E+02
 -.187819E+01 -.146682E+01 0.345350E+01 -.819469E+00 0.257000E+01 0.343119E+02
 -.187608E+01 -.146685E+01 0.345418E+01 -.817777E+00 0.257000E+01 0.343512E+02
 -.187764E+01 -.146679E+01 0.345332E+01 -.819210E+00 0.257000E+01 0.343115E+02
 -.187765E+01 -.146686E+01 0.345325E+01 -.819207E+00 0.257000E+01 0.343116E+02
 -.187763E+01 -.146682E+01 0.345332E+01 -.819474E+00 0.257000E+01 0.343118E+02
 -.188614E+01 -.146704E+01 0.345029E+01 -.819613E+00 0.257287E+01 0.349104E+02
 -.186405E+01 -.146676E+01 0.346452E+01 -.815615E+00 0.257022E+01 0.369026E+02
 -.187719E+01 -.146657E+01 0.345331E+01 -.819621E+00 0.257000E+01 0.343124E+02
 -.187264E+01 -.146864E+01 0.345013E+01 -.822888E+00 0.257014E+01 0.344925E+02
 -.187763E+01 -.146803E+01 0.345334E+01 -.819304E+00 0.257001E+01 0.343137E+02
 -.187762E+01 -.146665E+01 0.345329E+01 -.819196E+00 0.257000E+01 0.343115E+02
 -.187603E+01 -.146669E+01 0.345486E+01 -.819351E+00 0.257000E+01 0.343465E+02
 -.187873E+01 -.146665E+01 0.345301E+01 -.819532E+00 0.257003E+01 0.343182E+02
 -.187721E+01 -.146209E+01 0.345347E+01 -.819382E+00 0.257000E+01 0.343438E+02
 -.187764E+01 -.146678E+01 0.345330E+01 -.819209E+00 0.257000E+01 0.343115E+02
 -.188338E+01 -.147219E+01 0.345358E+01 -.818946E+00 0.257000E+01 0.344096E+02
 -.187764E+01 -.146629E+01 0.345343E+01 -.819244E+00 0.257002E+01 0.343120E+02
 -.187763E+01 -.146843E+01 0.345386E+01 -.819465E+00 0.257018E+01 0.343161E+02
 -.187762E+01 -.146681E+01 0.345332E+01 -.819214E+00 0.257000E+01 0.343115E+02
 -.187767E+01 -.146679E+01 0.345320E+01 -.819123E+00 0.257000E+01 0.343116E+02
 -.188139E+01 -.146677E+01 0.345689E+01 -.819765E+00 0.257000E+01 0.343542E+02
 -.187768E+01 -.146676E+01 0.345254E+01 -.819197E+00 0.257001E+01 0.343164E+02
 -.187763E+01 -.146682E+01 0.345329E+01 -.819206E+00 0.257000E+01 0.343115E+02
 -.187735E+01 -.146684E+01 0.345367E+01 -.819053E+00 0.257009E+01 0.343135E+02
 -.187765E+01 -.146679E+01 0.345332E+01 -.819162E+00 0.257000E+01 0.343115E+02
 -.187702E+01 -.146583E+01 0.345261E+01 -.817912E+00 0.257000E+01 0.343155E+02
 -.187764E+01 -.146679E+01 0.345336E+01 -.819215E+00 0.257000E+01 0.343115E+02
 -.186582E+01 -.146562E+01 0.346311E+01 -.816976E+00 0.257683E+01 0.353582E+02
 -.187763E+01 -.146769E+01 0.346266E+01 -.820543E+00 0.257005E+01 0.348980E+02
 -.187555E+01 -.146706E+01 0.345337E+01 -.819262E+00 0.257000E+01 0.343202E+02
 -.187799E+01 -.146677E+01 0.345304E+01 -.819146E+00 0.257000E+01 0.343127E+02
 -.187764E+01 -.146678E+01 0.345330E+01 -.819407E+00 0.257000E+01 0.343117E+02
 -.187571E+01 -.146630E+01 0.345342E+01 -.815553E+00 0.257000E+01 0.343889E+02
 -.187764E+01 -.146677E+01 0.345331E+01 -.819218E+00 0.257000E+01 0.343115E+02
 -.187774E+01 -.146708E+01 0.345315E+01 -.819301E+00 0.257000E+01 0.343122E+02
 -.187695E+01 -.146727E+01 0.345347E+01 -.823555E+00 0.257000E+01 0.343784E+02
 -.187829E+01 -.146672E+01 0.345293E+01 -.819265E+00 0.257000E+01 0.343150E+02
 -.187743E+01 -.146687E+01 0.345349E+01 -.819060E+00 0.257001E+01 0.343124E+02
 -.187736E+01 -.146662E+01 0.345331E+01 -.819164E+00 0.257000E+01 0.343117E+02
 -.187773E+01 -.146680E+01 0.345365E+01 -.818934E+00 0.257000E+01 0.343133E+02
 -.187763E+01 -.146654E+01 0.345333E+01 -.819228E+00 0.257000E+01 0.343116E+02
 -.187767E+01 -.146651E+01 0.345332E+01 -.819273E+00 0.257002E+01 0.343117E+02
 -.187770E+01 -.146683E+01 0.345331E+01 -.819221E+00 0.257000E+01 0.343115E+02
 -.187706E+01 -.146094E+01 0.345598E+01 -.818466E+00 0.257008E+01 0.344502E+02
 -.187760E+01 -.146680E+01 0.345337E+01 -.819191E+00 0.257000E+01 0.343116E+02
 -.187767E+01 -.146685E+01 0.345331E+01 -.819222E+00 0.257000E+01 0.343115E+02
 -.187760E+01 -.146679E+01 0.345330E+01 -.819527E+00 0.257002E+01 0.343120E+02
 -.187764E+01 -.146678E+01 0.345333E+01 -.819215E+00 0.257000E+01 0.343115E+02
 -.187582E+01 -.146332E+01 0.345330E+01 -.819414E+00 0.257000E+01 0.343350E+02
 -.187769E+01 -.146677E+01 0.345331E+01 -.819738E+00 0.257001E+01 0.343127E+02
 -.187765E+01 -.146681E+01 0.345329E+01 -.819112E+00 0.257000E+01 0.343115E+02
 -.187766E+01 -.146680E+01 0.345331E+01 -.819213E+00 0.257000E+01 0.343115E+02
 -.187763E+01 -.146677E+01 0.345339E+01 -.819166E+00 0.257000E+01 0.343116E+02
 -.187765E+01 -.146675E+01 0.345332E+01 -.819223E+00 0.257000E+01 0.343115E+02
 -.187760E+01 -.146679E+01 0.345332E+01 -.819199E+00 0.257000E+01 0.343115E+02
 -.187785E+01 -.146679E+01 0.345337E+01 -.819233E+00 0.257000E+01 0.343116E+02
 -.187632E+01 -.146671E+01 0.345266E+01 -.819882E+00 0.257000E+01 0.343176E+02
 -.194966E+01 -.148086E+01 0.350000E+01 -.836823E+00 0.257000E+01 0.397801E+02
 -.187755E+01 -.146674E+01 0.345342E+01 -.819229E+00 0.257000E+01 0.343117E+02
 -.187755E+01 -.146695E+01 0.345224E+01 -.819021E+00 0.257000E+01 0.343197E+02
 -.187763E+01 -.146680E+01 0.345358E+01 -.819277E+00 0.257000E+01 0.343120E+02
 -.187722E+01 -.146569E+01 0.345536E+01 -.824670E+00 0.257007E+01 0.343741E+02
 -.187796E+01 -.146676E+01 0.345335E+01 -.819206E+00 0.257001E+01 0.343117E+02
 -.187764E+01 -.146679E+01 0.345332E+01 -.819207E+00 0.257000E+01 0.343115E+02
 -.187764E+01 -.146676E+01 0.345332E+01 -.819170E+00 0.257000E+01 0.343115E+02
 -.187941E+01 -.146251E+01 0.345389E+01 -.819544E+00 0.257004E+01 0.343393E+02
 -.187754E+01 -.146704E+01 0.345330E+01 -.819199E+00 0.257000E+01 0.343116E+02
 -.187624E+01 -.147382E+01 0.345321E+01 -.819172E+00 0.257005E+01 0.343808E+02
 -.188059E+01 -.146516E+01 0.345131E+01 -.818971E+00 0.257006E+01 0.343900E+02
 -.187846E+01 -.146551E+01 0.345359E+01 -.819310E+00 0.257003E+01 0.343143E+02
 -.187772E+01 -.146680E+01 0.345331E+01 -.819246E+00 0.257000E+01 0.343115E+02
 -.188470E+01 -.146647E+01 0.345375E+01 -.817616E+00 0.257132E+01 0.343959E+02
 -.187771E+01 -.146792E+01 0.345396E+01 -.819052E+00 0.257000E+01 0.343169E+02
 -.186347E+01 -.147334E+01 0.345330E+01 -.830341E+00 0.257065E+01 0.350660E+02
 -.187705E+01 -.146709E+01 0.345410E+01 -.818880E+00 0.257023E+01 0.343196E+02
 -.187765E+01 -.146682E+01 0.345344E+01 -.819224E+00 0.257000E+01 0.343116E+02
 -.187779E+01 -.146680E+01 0.345337E+01 -.819226E+00 0.257000E+01 0.343115E+02
 -.187774E+01 -.146642E+01 0.344897E+01 -.819233E+00 0.257000E+01 0.344614E+02
 -.187763E+01 -.146668E+01 0.345326E+01 -.819197E+00 0.257002E+01 0.343116E+02
 -.187764E+01 -.146678E+01 0.345330E+01 -.819220E+00 0.257000E+01 0.343115E+02
 -.187741E+01 -.146683E+01 0.345313E+01 -.819612E+00 0.257000E+01 0.343128E+02
 -.188007E+01 -.146730E+01 0.345427E+01 -.822383E+00 0.257000E+01 0.343437E+02
 -.187764E+01 -.146680E+01 0.345333E+01 -.819209E+00 0.257000E+01 0.343115E+02
 -.187763E+01 -.146678E+01 0.345327E+01 -.819215E+00 0.257000E+01 0.343115E+02
 -.187761E+01 -.146683E+01 0.345332E+01 -.819287E+00 0.257000E+01 0.343115E+02
 -.188040E+01 -.146887E+01 0.345472E+01 -.819937E+00 0.257191E+01 0.343425E+02
 -.188953E+01 -.146691E+01 0.345360E+01 -.816946E+00 0.257006E+01 0.345468E+02
 -.187825E+01 -.146678E+01 0.345340E+01 -.819417E+00 0.257000E+01 0.343122E+02
 -.187616E+01 -.146280E+01 0.345394E+01 -.821749E+00 0.257010E+01 0.343539E+02
 -.187764E+01 -.146769E+01 0.345331E+01 -.819326E+00 0.257000E+01 0.343127E+02
 -.187763E+01 -.146606E+01 0.345328E+01 -.819224E+00 0.257000E+01 0.343123E+02
 -.187605E+01 -.146672E+01 0.345366E+01 -.818581E+00 0.257000E+01 0.343252E+02
 -.187737E+01 -.146684E+01 0.345369E+01 -.819705E+00 0.257003E+01 0.343126E+02
 -.187774E+01 -.146120E+01 0.345353E+01 -.819937E+00 0.257046E+01 0.343590E+02
 -.187764E+01 -.146679E+01 0.345330E+01 -.819218E+00 0.257000E+01 0.343115E+02
 -.188208E+01 -.147384E+01 0.344954E+01 -.819227E+00 0.257041E+01 0.346639E+02
 -.187764E+01 -.146569E+01 0.345342E+01 -.819133E+00 0.257000E+01 0.343135E+02
 -.187764E+01 -.147015E+01 0.345377E+01 -.819586E+00 0.257023E+01 0.343278E+02
 -.187762E+01 -.146677E+01 0.345316E+01 -.819212E+00 0.257000E+01 0.343117E+02
 -.187765E+01 -.146680E+01 0.345322E+01 -.819083E+00 0.257000E+01 0.343116E+02
 -.188132E+01 -.146683E+01 0.345671E+01 -.818674E+00 0.257000E+01 0.343746E+02
 -.187766E+01 -.146673E+01 0.345457E+01 -.819289E+00 0.257000E+01 0.343231E+02
 -.187764E+01 -.146680E+01 0.345329E+01 -.819216E+00 0.257000E+01 0.343115E+02
 -.188027E+01 -.146682E+01 0.345374E+01 -.818702E+00 0.257000E+01 0.343220E+02
 -.187763E+01 -.146680E+01 0.345332E+01 -.819258E+00 0.257000E+01 0.343115E+02
 -.187483E+01 -.147849E+01 0.345165E+01 -.812673E+00 0.257002E+01 0.345998E+02
 -.187764E+01 -.146679E+01 0.345333E+01 -.819215E+00 0.257000E+01 0.343115E+02
 -.188528E+01 -.146512E+01 0.346056E+01 -.820537E+00 0.257000E+01 0.344862E+02
 -.187745E+01 -.146752E+01 0.345014E+01 -.819481E+00 0.257005E+01 0.343994E+02
 -.187483E+01 -.146714E+01 0.345315E+01 -.819327E+00 0.257000E+01 0.343239E+02
 -.187780E+01 -.146689E+01 0.345331E+01 -.819249E+00 0.257001E+01 0.343116E+02
 -.187763E+01 -.146683E+01 0.345335E+01 -.819508E+00 0.257000E+01 0.343118E+02
 -.187749E+01 -.146583E+01 0.345378E+01 -.818182E+00 0.257000E+01 0.343241E+02
 -.187764E+01 -.146680E+01 0.345332E+01 -.819224E+00 0.257000E+01 0.343115E+02
 -.187763E+01 -.146675E+01 0.345314E+01 -.819218E+00 0.257000E+01 0.343118E+02
 -.187746E+01 -.146741E+01 0.345356E+01 -.817445E+00 0.257000E+01 0.343293E+02
 -.187817E+01 -.146741E+01 0.345303E+01 -.819422E+00 0.257000E+01 0.343150E+02
 -.187759E+01 -.146667E+01 0.345333E+01 -.819268E+00 0.257001E+01 0.343116E+02
 -.187777E+01 -.146661E+01 0.345332E+01 -.819155E+00 0.257000E+01 0.343116E+02
 -.187768E+01 -.146680E+01 0.345373E+01 -.819334E+00 0.257000E+01 0.343124E+02
 -.187767E+01 -.146644E+01 0.345336E+01 -.819258E+00 0.257000E+01 0.343117E+02
 -.187764E+01 -.146661E+01 0.345331E+01 -.819306E+00 0.257000E+01 0.343116E+02
 -.187770E+01 -.146690E+01 0.345329E+01 -.819213E+00 0.257000E+01 0.343116E+02
 -.187748E+01 -.146267E+01 0.345446E+01 -.820337E+00 0.257000E+01 0.343419E+02
 -.187787E+01 -.146680E+01 0.345333E+01 -.819278E+00 0.257000E+01 0.343116E+02
 -.187764E+01 -.146687E+01 0.345331E+01 -.819203E+00 0.257000E+01 0.343115E+02
 -.187767E+01 -.146680E+01 0.345489E+01 -.819474E+00 0.257000E+01 0.343275E+02
 -.187764E+01 -.146675E+01 0.345333E+01 -.819224E+00 0.257000E+01 0.343115E+02
 -.187818E+01 -.146526E+01 0.345334E+01 -.819168E+00 0.257000E+01 0.343151E+02
 -.187765E+01 -.146675E+01 0.345331E+01 -.819169E+00 0.257001E+01 0.343115E+02
 -.187764E+01 -.146678E+01 0.345330E+01 -.819462E+00 0.257001E+01 0.343118E+02
 -.187761E+01 -.146680E+01 0.345331E+01 -.819218E+00 0.257000E+01 0.343115E+02
 -.187762E+01 -.146674E+01 0.345325E+01 -.819211E+00 0.257000E+01 0.343115E+02
 -.187764E+01 -.146679E+01 0.345332E+01 -.819226E+00 0.257000E+01 0.343115E+02
 -.187766E+01 -.146679E+01 0.345332E+01 -.819222E+00 0.257000E+01 0.343115E+02
 -.187768E+01 -.146678E+01 0.345333E+01 -.819211E+00 0.257000E+01 0.343115E+02
 -.187766E+01 -.146712E+01 0.345221E+01 -.818300E+00 0.257000E+01 0.343175E+02
 -.187757E+01 -.146690E+01 0.345333E+01 -.819213E+00 0.257000E+01 0.343116E+02
 -.187757E+01 -.146669E+01 0.345275E+01 -.819466E+00 0.257000E+01 0.343152E+02
 -.187763E+01 -.146678E+01 0.345409E+01 -.819256E+00 0.257000E+01 0.343161E+02
 -.187742E+01 -.146558E+01 0.345546E+01 -.823843E+00 0.257009E+01 0.343546E+02
 -.187850E+01 -.146675E+01 0.345337E+01 -.819222E+00 0.257000E+01 0.343127E+02
 -.187764E+01 -.146679E+01 0.345331E+01 -.819215E+00 0.257000E+01 0.343115E+02
 -.187762E+01 -.146670E+01 0.345332E+01 -.819199E+00 0.257000E+01 0.343115E+02
 -.187952E+01 -.146492E+01 0.345371E+01 -.819520E+00 0.257004E+01 0.343202E+02
 -.187760E+01 -.146690E+01 0.345332E+01 -.819226E+00 0.257000E+01 0.343115E+02
 -.187496E+01 -.147618E+01 0.345353E+01 -.819209E+00 0.257002E+01 0.344429E+02
 -.187734E+01 -.146654E+01 0.345138E+01 -.819833E+00 0.257005E+01 0.343515E+02
 -.187712E+01 -.146813E+01 0.345361E+01 -.819615E+00 0.257004E+01 0.343153E+02
 -.187778E+01 -.146681E+01 0.345331E+01 -.819192E+00 0.257001E+01 0.343116E+02
 -.188497E+01 -.146474E+01 0.345122E+01 -.827217E+00 0.257000E+01 0.349930E+02
 -.187741E+01 -.146744E+01 0.345393E+01 -.819117E+00 0.257000E+01 0.343162E+02
 -.189391E+01 -.147386E+01 0.345426E+01 -.810278E+00 0.257001E+01 0.349886E+02
 -.187677E+01 -.146780E+01 0.345305E+01 -.818750E+00 0.257000E+01 0.343139E+02
 -.187768E+01 -.146691E+01 0.345329E+01 -.819229E+00 0.257000E+01 0.343116E+02
 -.187754E+01 -.146680E+01 0.345335E+01 -.819269E+00 0.257000E+01 0.343116E+02
 -.187637E+01 -.146654E+01 0.345418E+01 -.819211E+00 0.257000E+01 0.343267E+02
 -.187768E+01 -.146663E+01 0.345328E+01 -.819195E+00 0.257000E+01 0.343116E+02
 -.187763E+01 -.146679E+01 0.345333E+01 -.819233E+00 0.257000E+01 0.343115E+02
 -.187727E+01 -.146682E+01 0.345363E+01 -.819429E+00 0.257000E+01 0.343127E+02
 -.188087E+01 -.146836E+01 0.345378E+01 -.822264E+00 0.257000E+01 0.343703E+02
 -.187764E+01 -.146680E+01 0.345330E+01 -.819213E+00 0.257000E+01 0.343115E+02
 -.187760E+01 -.146676E+01 0.345331E+01 -.819226E+00 0.257000E+01 0.343115E+02
 -.187764E+01 -.146682E+01 0.345333E+01 -.819090E+00 0.257000E+01 0.343116E+02
 -.187480E+01 -.146872E+01 0.345742E+01 -.819930E+00 0.257310E+01 0.344109E+02
 -.188665E+01 -.146694E+01 0.344766E+01 -.819522E+00 0.257000E+01 0.350026E+02
 -.187848E+01 -.146695E+01 0.345341E+01 -.819167E+00 0.257000E+01 0.343125E+02
 -.188053E+01 -.146261E+01 0.345657E+01 -.819558E+00 0.257000E+01 0.343816E+02
 -.187764E+01 -.146569E+01 0.345332E+01 -.819250E+00 0.257001E+01 0.343132E+02
 -.187765E+01 -.146720E+01 0.345330E+01 -.819230E+00 0.257000E+01 0.343118E+02
 -.187752E+01 -.146676E+01 0.345213E+01 -.818796E+00 0.257000E+01 0.343195E+02
 -.187698E+01 -.146674E+01 0.345420E+01 -.819218E+00 0.257003E+01 0.343212E+02
 -.187747E+01 -.146935E+01 0.345324E+01 -.820288E+00 0.257028E+01 0.343307E+02
 -.187764E+01 -.146680E+01 0.345333E+01 -.819206E+00 0.257000E+01 0.343115E+02
 -.187638E+01 -.146301E+01 0.345189E+01 -.819161E+00 0.257015E+01 0.343408E+02
 -.187764E+01 -.146684E+01 0.345337E+01 -.819229E+00 0.257001E+01 0.343115E+02
 -.187765E+01 -.146747E+01 0.345325E+01 -.819506E+00 0.257016E+01 0.343138E+02
 -.187764E+01 -.146677E+01 0.345321E+01 -.819214E+00 0.257000E+01 0.343116E+02
 -.187763E+01 -.146679E+01 0.345355E+01 -.819113E+00 0.257000E+01 0.343122E+02
 -.187983E+01 -.146658E+01 0.344845E+01 -.818681E+00 0.257000E+01 0.345396E+02
 -.187762E+01 -.146674E+01 0.345364E+01 -.819287E+00 0.257000E+01 0.343122E+02
 -.187763E+01 -.146679E+01 0.345332E+01 -.819213E+00 0.257000E+01 0.343115E+02
 -.187911E+01 -.146687E+01 0.345390E+01 -.819669E+00 0.257007E+01 0.343133E+02
 -.187762E+01 -.146680E+01 0.345332E+01 -.819269E+00 0.257000E+01 0.343115E+02
 -.187691E+01 -.146390E+01 0.345287E+01 -.813728E+00 0.257000E+01 0.344364E+02
 -.187764E+01 -.146679E+01 0.345329E+01 -.819216E+00 0.257000E+01 0.343115E+02
 -.190294E+01 -.146619E+01 0.345467E+01 -.824205E+00 0.257757E+01 0.366050E+02
 -.187773E+01 -.146737E+01 0.344580E+01 -.819016E+00 0.257002E+01 0.347437E+02
 -.187609E+01 -.146687E+01 0.345324E+01 -.819226E+00 0.257000E+01 0.343154E+02
 -.187755E+01 -.146691E+01 0.345352E+01 -.819279E+00 0.257000E+01 0.343119E+02
 -.187762E+01 -.146691E+01 0.345347E+01 -.819106E+00 0.257000E+01 0.343119E+02
 -.187750E+01 -.146533E+01 0.345244E+01 -.821655E+00 0.257000E+01 0.343590E+02
 -.187764E+01 -.146681E+01 0.345332E+01 -.819212E+00 0.257000E+01 0.343115E+02
 -.187763E+01 -.146656E+01 0.345348E+01 -.819236E+00 0.257000E+01 0.343118E+02
 -.187772E+01 -.146702E+01 0.345391E+01 -.815726E+00 0.257000E+01 0.343805E+02
 -.187784E+01 -.146723E+01 0.345353E+01 -.819424E+00 0.257000E+01 0.343118E+02
 -.187778E+01 -.146662E+01 0.345319E+01 -.819421E+00 0.257000E+01 0.343122E+02
 -.187781E+01 -.146672E+01 0.345331E+01 -.819216E+00 0.257000E+01 0.343116E+02
 -.187765E+01 -.146677E+01 0.345323E+01 -.819688E+00 0.257000E+01 0.343128E+02
 -.187766E+01 -.146668E+01 0.345336E+01 -.819252E+00 0.257001E+01 0.343115E+02
 -.187763E+01 -.146685E+01 0.345332E+01 -.819215E+00 0.257004E+01 0.343116E+02
 -.187768E+01 -.146681E+01 0.345333E+01 -.819215E+00 0.257000E+01 0.343115E+02
 -.187706E+01 -.147320E+01 0.345314E+01 -.820926E+00 0.257132E+01 0.344251E+02
 -.187755E+01 -.146679E+01 0.345330E+01 -.819247E+00 0.257000E+01 0.343115E+02
 -.187762E+01 -.146687E+01 0.345331E+01 -.819197E+00 0.257000E+01 0.343115E+02
 -.187767E+01 -.146679E+01 0.345419E+01 -.819456E+00 0.257000E+01 0.343159E+02
 -.187765E+01 -.146674E+01 0.345331E+01 -.819218E+00 0.257000E+01 0.343115E+02
 -.187786E+01 -.146888E+01 0.345326E+01 -.819316E+00 0.257000E+01 0.343181E+02
 -.187763E+01 -.146676E+01 0.345332E+01 -.818787E+00 0.257000E+01 0.343123E+02
 -.187762E+01 -.146679E+01 0.345331E+01 -.819467E+00 0.257001E+01 0.343118E+02
 -.187764E+01 -.146679E+01 0.345332E+01 -.819216E+00 0.257000E+01 0.343115E+02
 -.187762E+01 -.146680E+01 0.345322E+01 -.819230E+00 0.257000E+01 0.343116E+02
 -.187764E+01 -.146681E+01 0.345331E+01 -.819222E+00 0.257000E+01 0.343115E+02
 -.187768E+01 -.146679E+01 0.345332E+01 -.819237E+00 0.257000E+01 0.343115E+02
 -.187751E+01 -.146679E+01 0.345328E+01 -.819195E+00 0.257000E+01 0.343115E+02
 -.187699E+01 -.146698E+01 0.345316E+01 -.818125E+00 0.257000E+01 0.343163E+02
 -.187764E+01 -.146687E+01 0.345325E+01 -.819200E+00 0.257000E+01 0.343116E+02
 -.187759E+01 -.146604E+01 0.345436E+01 -.819799E+00 0.257000E+01 0.343177E+02
 -.187764E+01 -.146679E+01 0.345333E+01 -.819216E+00 0.257000E+01 0.343115E+02
 -.187878E+01 -.146601E+01 0.345582E+01 -.815709E+00 0.257002E+01 0.344684E+02
 -.187731E+01 -.146678E+01 0.345336E+01 -.819241E+00 0.257001E+01 0.343118E+02
 -.187764E+01 -.146679E+01 0.345331E+01 -.819218E+00 0.257000E+01 0.343115E+02
 -.187760E+01 -.146693E+01 0.345332E+01 -.819234E+00 0.257000E+01 0.343115E+02
 -.187826E+01 -.146914E+01 0.345371E+01 -.819105E+00 0.257000E+01 0.343198E+02
 -.187765E+01 -.146665E+01 0.345332E+01 -.819242E+00 0.257000E+01 0.343115E+02
 -.187760E+01 -.146205E+01 0.345314E+01 -.819050E+00 0.257000E+01 0.343429E+02
 -.187532E+01 -.146692E+01 0.345255E+01 -.819692E+00 0.257004E+01 0.343196E+02
 -.187675E+01 -.146672E+01 0.345343E+01 -.819396E+00 0.257003E+01 0.343134E+02
 -.187756E+01 -.146679E+01 0.345331E+01 -.819236E+00 0.257000E+01 0.343115E+02
 -.188137E+01 -.146631E+01 0.345520E+01 -.825907E+00 0.257120E+01 0.345017E+02
 -.187746E+01 -.146690E+01 0.345287E+01 -.819493E+00 0.257000E+01 0.343140E+02
 -.186915E+01 -.147186E+01 0.345201E+01 -.803345E+00 0.257000E+01 0.354962E+02
 -.187766E+01 -.146698E+01 0.345403E+01 -.820606E+00 0.257023E+01 0.343166E+02
 -.187770E+01 -.146692E+01 0.345322E+01 -.819268E+00 0.257000E+01 0.343117E+02
 -.187740E+01 -.146680E+01 0.345333E+01 -.819243E+00 0.257000E+01 0.343116E+02
 -.187523E+01 -.146663E+01 0.345759E+01 -.819198E+00 0.257000E+01 0.345225E+02
 -.187766E+01 -.146686E+01 0.345347E+01 -.819228E+00 0.257000E+01 0.343117E+02
 -.187765E+01 -.146680E+01 0.345334E+01 -.819235E+00 0.257000E+01 0.343115E+02
 -.187802E+01 -.146679E+01 0.345352E+01 -.819014E+00 0.257000E+01 0.343121E+02
 -.187674E+01 -.146669E+01 0.345385E+01 -.815683E+00 0.257000E+01 0.343896E+02
 -.187763E+01 -.146679E+01 0.345330E+01 -.819215E+00 0.257000E+01 0.343115E+02
 -.187758E+01 -.146678E+01 0.345334E+01 -.819224E+00 0.257000E+01 0.343115E+02
 -.187766E+01 -.146680E+01 0.345333E+01 -.819164E+00 0.257000E+01 0.343115E+02
 -.187407E+01 -.146589E+01 0.345673E+01 -.819187E+00 0.257183E+01 0.344278E+02
 -.187417E+01 -.146674E+01 0.345587E+01 -.821396E+00 0.257006E+01 0.343935E+02
 -.187753E+01 -.146682E+01 0.345334E+01 -.819371E+00 0.257000E+01 0.343116E+02
 -.187796E+01 -.146529E+01 0.345467E+01 -.820434E+00 0.257015E+01 0.343195E+02
 -.187765E+01 -.146603E+01 0.345339E+01 -.819184E+00 0.257000E+01 0.343124E+02
 -.187764E+01 -.146767E+01 0.345332E+01 -.819212E+00 0.257000E+01 0.343126E+02
 -.187996E+01 -.146673E+01 0.345357E+01 -.819201E+00 0.257000E+01 0.343201E+02
 -.187876E+01 -.146660E+01 0.345425E+01 -.819175E+00 0.257000E+01 0.343155E+02
 -.187738E+01 -.147189E+01 0.345303E+01 -.819473E+00 0.257000E+01 0.343492E+02
 -.187764E+01 -.146680E+01 0.345332E+01 -.819197E+00 0.257000E+01 0.343115E+02
 -.187394E+01 -.146240E+01 0.345576E+01 -.818985E+00 0.257000E+01 0.344742E+02
