     1   0 -1.900000E+00 -1.460000E+00 3.480000E+00 -8.180000E-01 2.590000E+00  5.700729E+09
     1   1 -1.943684E+00 -1.208013E+00 3.467678E+00 -7.987217E-01 2.773775E+00  5.623145E+09
     1   2 -1.783889E+00 -1.190636E+00 3.143121E+00 -9.814226E-01 2.958333E+00  5.310317E+09
     1   3 -1.952992E-01 -9.896472E-01 3.270565E+00 -7.844294E-01 2.993521E+00  7.344209E+09
     1   4 -1.413295E+00 -1.157983E+00 3.140857E+00 -6.886534E-01 2.727969E+00  5.942576E+09
     1   5 -1.295052E-01 -1.614868E+00 3.223800E+00 -9.350558E-01 2.764906E+00  7.311805E+09
     1   6 -1.599327E+00 -1.307651E+00 3.238175E+00 -9.876317E-01 2.857691E+00  5.796327E+09
     1   7 -1.189973E+00 -1.334791E+00 3.410300E+00 -9.873950E-01 2.696622E+00  6.635797E+09
     1   8 -1.918059E+00 -1.467943E+00 3.255457E+00 -5.778848E-01 2.993228E+00  5.252379E+09
     1   9 -2.096880E+00 -1.498428E+00 3.262727E+00 -7.179485E-01 2.894139E+00  4.918741E+09
     1  10 -2.070259E+00 -1.361445E+00 3.159374E+00 -5.999041E-01 2.701825E+00  4.770896E+09
     1  11 -1.297461E+00 -1.276969E+00 3.198802E+00 -5.885439E-01 2.874142E+00  6.199711E+09
     1  12 -1.019133E+00 -1.576970E+00 3.477077E+00 -6.146260E-01 2.752437E+00  6.891033E+09
     1  13 -9.665746E-01 -1.760370E+00 3.164355E+00 -6.497882E-01 2.762054E+00  6.556798E+09
     1  14 -8.076235E-01 -1.346623E+00 3.379830E+00 -7.235731E-01 2.921123E+00  6.994320E+09
     1  15 -1.342018E+00 -1.193559E+00 3.288838E+00 -6.004488E-01 2.604319E+00  6.280613E+09
     1  16 -8.537067E-01 -1.521807E+00 3.372758E+00 -7.510731E-01 2.868422E+00  6.937984E+09
     1  17 -1.985345E+00 -1.400287E+00 3.181130E+00 -8.969385E-01 2.768275E+00  4.979878E+09
     1  18 -1.226016E+00 -1.237875E+00 3.376113E+00 -8.625050E-01 2.683247E+00  6.553762E+09
     1  19 -1.323261E+00 -1.605008E+00 3.408288E+00 -7.132084E-01 2.872540E+00  6.456667E+09
     1  20 -6.745473E-01 -1.830069E+00 3.153270E+00 -5.964164E-01 2.970557E+00  6.849276E+09
     1  21 -1.109861E+00 -1.434149E+00 3.366183E+00 -6.891726E-01 2.717538E+00  6.667425E+09
     1  22 -1.806681E+00 -1.106574E+00 3.464543E+00 -6.769171E-01 2.928863E+00  5.863887E+09
     1  23 -9.181304E-01 -1.228517E+00 3.163994E+00 -8.451386E-01 2.651141E+00  6.634726E+09
     1  24 -3.683386E-01 -1.763946E+00 3.160916E+00 -7.427770E-01 2.778974E+00  7.105963E+09
     1  25 -1.766829E+00 -9.345285E-01 3.275337E+00 -5.697222E-01 2.794391E+00  5.624862E+09
     1  26 -2.061828E-01 -1.560445E+00 3.477388E+00 -8.505236E-01 2.953886E+00  7.467678E+09
     1  27 -8.172655E-01 -1.308422E+00 3.132993E+00 -9.121647E-01 2.587685E+00  6.698271E+09
     1  28 -5.585691E-01 -9.668391E-01 3.454161E+00 -9.696068E-01 2.653789E+00  7.277615E+09
     1  29 -1.167092E+00 -1.816795E+00 3.396974E+00 -8.615693E-01 2.809559E+00  6.629020E+09
     1  30 -2.140943E+00 -1.751460E+00 3.401611E+00 -8.992790E-01 2.600189E+00  5.096269E+09
     1  31 -8.505561E-01 -9.452001E-01 3.127476E+00 -6.582605E-01 2.810719E+00  6.690129E+09
     1  32 -1.790321E+00 -1.302791E+00 3.196583E+00 -8.353292E-01 2.722725E+00  5.387045E+09
     1  33 -1.008240E+00 -1.844256E+00 3.429293E+00 -7.152986E-01 2.843037E+00  6.842540E+09
     1  34 -4.980843E-01 -1.270098E+00 3.333463E+00 -9.603685E-01 2.941268E+00  7.196948E+09
     1  35 -3.602205E-01 -1.756752E+00 3.304137E+00 -6.951545E-01 2.894509E+00  7.248231E+09
     1  36 -2.148459E+00 -1.423221E+00 3.130672E+00 -7.158714E-01 2.892414E+00  4.551169E+09
     1  37 -1.370970E+00 -1.406666E+00 3.439906E+00 -7.145454E-01 2.764766E+00  6.446647E+09
     1  38 -1.852499E-01 -1.780180E+00 3.158870E+00 -8.618682E-01 2.873556E+00  7.219754E+09
     1  39 -1.155086E+00 -1.172880E+00 3.373864E+00 -7.130644E-01 2.856253E+00  6.641381E+09
     1  40 -1.652074E+00 -1.513152E+00 3.341896E+00 -7.397440E-01 2.830386E+00  5.874908E+09
     1  41 -1.000552E+00 -1.053816E+00 3.496101E+00 -6.666941E-01 2.821281E+00  6.957185E+09
     1  42 -1.204446E+00 -1.269095E+00 3.236842E+00 -5.663506E-01 2.984680E+00  6.385851E+09
     1  43 -4.588147E-01 -1.019148E+00 3.350717E+00 -6.708571E-01 2.815773E+00  7.253158E+09
     1  44 -1.201244E+00 -9.130686E-01 3.430512E+00 -6.117476E-01 2.693368E+00  6.686877E+09
     1  45 -1.526450E-01 -1.658786E+00 3.124898E+00 -8.528606E-01 2.613995E+00  7.206482E+09
     1  46 -2.911477E-01 -9.695823E-01 3.444611E+00 -9.408358E-01 2.885865E+00  7.425937E+09
     1  47 -1.351456E+00 -1.274863E+00 3.282182E+00 -7.978384E-01 2.794877E+00  6.251166E+09
     1  48 -1.956274E+00 -1.354203E+00 3.334092E+00 -8.629946E-01 2.640524E+00  5.337932E+09
     1  49 -9.056943E-01 -1.608306E+00 3.322842E+00 -9.347427E-01 2.829931E+00  6.828435E+09
     1  50 -1.236977E+00 -1.254501E+00 3.144187E+00 -8.202575E-01 2.699405E+00  6.201099E+09
     1  51 -1.862736E+00 -1.260608E+00 3.431778E+00 -8.837776E-01 2.715637E+00  5.694667E+09
     1  52 -4.452737E-01 -1.688286E+00 3.462978E+00 -6.191731E-01 2.579924E+00  7.327713E+09
     1  53 -1.259754E+00 -1.624061E+00 3.458305E+00 -7.856564E-01 2.706649E+00  6.602636E+09
     1  54 -1.375915E+00 -1.866623E+00 3.245008E+00 -8.145523E-01 2.784400E+00  6.132121E+09
     1  55 -4.341351E-01 -1.050885E+00 3.379001E+00 -6.075797E-01 2.651086E+00  7.290153E+09
     1  56 -1.384058E+00 -1.926241E+00 3.358092E+00 -7.367311E-01 2.957273E+00  6.294583E+09
     1  57 -1.602039E-01 -1.586682E+00 3.464984E+00 -9.213863E-01 2.665221E+00  7.479600E+09
     1  58 -1.969331E+00 -1.141611E+00 3.262825E+00 -7.943173E-01 2.631659E+00  5.197917E+09
     1  59 -1.689708E+00 -1.835431E+00 3.250838E+00 -8.832592E-01 2.573531E+00  5.638476E+09
     1  60 -9.824675E-01 -1.569975E+00 3.339585E+00 -5.824752E-01 2.577915E+00  6.769443E+09
     1  61 -5.444941E-01 -1.099564E+00 3.293967E+00 -9.441123E-01 2.707472E+00  7.136216E+09
     1  62 -1.383965E+00 -1.561489E+00 3.130272E+00 -7.463278E-01 2.830950E+00  5.941802E+09
     1  63 -1.385453E+00 -1.201525E+00 3.204485E+00 -7.525048E-01 2.969872E+00  6.087360E+09
     1  64 -1.543833E+00 -1.990676E+00 3.295230E+00 -7.323299E-01 2.969894E+00  5.956225E+09
     1  65 -1.948537E+00 -1.634500E+00 3.138032E+00 -7.070889E-01 2.625517E+00  4.950423E+09
     1  66 -1.715112E+00 -1.650116E+00 3.234024E+00 -6.982331E-01 2.722367E+00  5.570235E+09
     1  67 -1.350858E+00 -1.484687E+00 3.294349E+00 -5.842596E-01 2.969616E+00  6.258620E+09
     1  68 -6.477278E-01 -1.735274E+00 3.130503E+00 -8.913317E-01 2.818365E+00  6.847729E+09
     1  69 -5.115537E-01 -1.559961E+00 3.476460E+00 -8.695636E-01 2.755826E+00  7.299742E+09
     1  70 -2.583530E-01 -1.325084E+00 3.376126E+00 -9.602417E-01 2.857378E+00  7.375815E+09
     1  71 -4.929805E-01 -1.815377E+00 3.294726E+00 -7.189518E-01 2.800765E+00  7.149403E+09
     1  72 -1.499236E+00 -1.773614E+00 3.202606E+00 -6.567002E-01 2.666199E+00  5.873673E+09
     1  73 -1.600548E+00 -1.370197E+00 3.303842E+00 -6.258918E-01 2.691104E+00  5.901721E+09
     1  74 -3.785566E-01 -1.506168E+00 3.223748E+00 -8.623920E-01 2.898731E+00  7.167857E+09
     1  75 -1.736550E+00 -1.197598E+00 3.116495E+00 -8.302004E-01 2.994424E+00  5.346170E+09
     1  76 -5.710599E-01 -1.515903E+00 3.350748E+00 -6.803276E-01 2.590709E+00  7.151111E+09
     1  77 -2.011535E+00 -1.738902E+00 3.412960E+00 -7.136411E-01 2.683289E+00  5.364774E+09
     1  78 -8.457717E-01 -1.930014E+00 3.283547E+00 -6.437076E-01 2.707929E+00  6.835521E+09
     1  79 -1.051318E+00 -1.502717E+00 3.139525E+00 -6.206964E-01 2.777498E+00  6.427384E+09
     2   0 -2.200000E+00 -9.127351E-01 3.343926E+00 -5.937155E-01 2.651452E+00  4.950376E+09
     2   1 -1.693157E+00 -9.321127E-01 3.267678E+00 -6.249903E-01 2.667369E+00  5.737664E+09
     2   2 -1.763358E+00 -9.000000E-01 3.144216E+00 -1.000000E+00 3.000000E+00  5.396876E+09
     2   3 -1.245299E+00 -1.194347E+00 3.100000E+00 -5.835999E-01 2.930302E+00  6.126303E+09
     2   4 -1.033706E+00 -9.000000E-01 3.126954E+00 -5.500000E-01 2.942969E+00  6.486700E+09
     2   5 -7.429805E-01 -1.094478E+00 3.100000E+00 -7.779719E-01 2.893702E+00  6.750555E+09
     2   6 -2.200000E+00 -1.296027E+00 3.383134E+00 -8.569917E-01 2.798966E+00  4.972106E+09
     2   7 -1.263148E+00 -1.167998E+00 3.210300E+00 -7.623950E-01 2.867392E+00  6.275017E+09
     2   8 -2.200000E+00 -1.067397E+00 3.256428E+00 -5.500000E-01 3.000000E+00  4.746229E+09
     2   9 -1.294201E+00 -1.435166E+00 3.100000E+00 -5.995266E-01 2.899255E+00  6.035673E+09
     2  10 -2.136008E+00 -1.073616E+00 3.290670E+00 -8.249041E-01 2.865286E+00  4.647476E+02
     2  11 -1.305702E+00 -1.517512E+00 3.328901E+00 -7.134533E-01 2.949658E+00  6.370427E+09
     2  12 -2.069133E+00 -1.094370E+00 3.277077E+00 -8.118924E-01 2.891793E+00  5.041973E+09
     2  13 -1.722020E+00 -1.386909E+00 3.195054E+00 -8.747882E-01 2.918619E+00  5.502037E+09
     2  14 -1.857623E+00 -1.544624E+00 3.468672E+00 -5.771958E-01 3.000000E+00  5.750409E+09
     2  15 -2.200000E+00 -1.698704E+00 3.198723E+00 -8.231744E-01 2.678419E+00  4.569647E+09
     2  16 -1.000000E-01 -1.070877E+00 3.172758E+00 -6.040335E-01 2.720341E+00  7.303898E+09
     2  17 -2.200000E+00 -1.576316E+00 3.210261E+00 -8.638876E-01 2.892041E+00  4.600721E+09
     2  18 -1.954057E+00 -1.313615E+00 3.257627E+00 -9.255170E-01 2.898247E+00  5.199467E+09
     2  19 -2.200000E+00 -1.495374E+00 3.208288E+00 -5.500000E-01 3.000000E+00  4.602528E+09
     2  20 -1.724547E+00 -1.616114E+00 3.100000E+00 -6.984520E-01 2.755557E+00  5.302976E+09
     2  21 -2.159861E+00 -1.249556E+00 3.340287E+00 -5.500000E-01 2.892204E+00  4.970650E+09
     2  22 -2.200000E+00 -1.297895E+00 3.264543E+00 -8.543102E-01 2.857853E+00  4.518091E+02
     2  23 -1.968130E+00 -1.433910E+00 3.270455E+00 -7.266551E-01 2.735305E+00  5.187247E+09
     2  24 -1.418339E+00 -2.000000E+00 3.100000E+00 -7.522534E-01 2.979465E+00  5.824217E+09
     2  25 -2.200000E+00 -1.357057E+00 3.259720E+00 -7.169256E-01 2.937570E+00  4.717574E+09
     2  26 -1.256183E+00 -1.361776E+00 3.277388E+00 -9.426460E-01 3.000000E+00  6.370115E+09
     2  27 -1.867265E+00 -1.710440E+00 3.155819E+00 -6.871647E-01 2.714289E+00  3.709858E+02
     2  28 -1.608569E+00 -9.158183E-01 3.425207E+00 -1.000000E+00 2.791875E+00  6.139542E+09
     2  29 -1.600843E+00 -1.266795E+00 3.196974E+00 -8.099203E-01 2.921837E+00  5.725414E+09
     2  30 -1.423649E+00 -1.514923E+00 3.201611E+00 -6.742790E-01 2.815189E+00  6.001609E+09
     2  31 -1.362014E+00 -9.000000E-01 3.257855E+00 -6.901340E-01 2.799468E+00  6.243430E+09
     2  32 -1.327897E+00 -1.043346E+00 3.100000E+00 -7.471763E-01 2.765174E+00  6.020066E+09
     2  33 -1.236388E+00 -1.303330E+00 3.229293E+00 -9.080093E-01 2.780754E+00  6.328449E+09
     2  34 -1.312560E+00 -1.487528E+00 3.133463E+00 -7.651084E-01 2.967959E+00  6.060857E+09
     2  35 -3.805954E-01 -1.719532E+00 3.104137E+00 -6.870444E-01 3.000000E+00  7.039356E+09
     2  36 -2.200000E+00 -1.668308E+00 3.100000E+00 -8.217334E-01 2.836247E+00  5.324722E+02
     2  37 -2.200000E+00 -1.244920E+00 3.239906E+00 -6.628305E-01 2.803945E+00  4.687030E+09
     2  38 -6.616159E-01 -1.921812E+00 3.100000E+00 -9.828101E-01 2.798102E+00  6.793942E+09
     2  39 -2.157596E+00 -9.000000E-01 3.379254E+00 -6.039042E-01 2.952492E+00  5.107831E+09
     2  40 -1.379497E+00 -9.631517E-01 3.216298E+00 -6.911849E-01 3.000000E+00  6.144630E+09
     2  41 -1.378490E+00 -1.603816E+00 3.296101E+00 -6.666236E-01 2.790324E+00  6.215969E+09
     2  42 -1.771460E+00 -1.343063E+00 3.243291E+00 -6.483177E-01 2.769680E+00  5.505610E+09
     2  43 -1.508815E+00 -1.455471E+00 3.158079E+00 -7.649169E-01 2.960847E+00  5.796459E+09
     2  44 -6.575623E-01 -1.208565E+00 3.230512E+00 -7.173470E-01 2.570000E+00  6.973319E+09
     2  45 -1.202645E+00 -1.784134E+00 3.278309E+00 -6.852480E-01 2.828995E+00  6.424421E+09
     2  46 -1.266733E+00 -9.079272E-01 3.464242E+00 -7.158358E-01 2.842158E+00  6.654204E+09
     2  47 -8.696372E-01 -1.424818E+00 3.328934E+00 -6.335503E-01 2.642088E+00  6.877030E+09
     2  48 -1.754312E+00 -1.077059E+00 3.195350E+00 -8.016036E-01 2.855524E+00  5.476799E+09
     2  49 -1.955694E+00 -1.382893E+00 3.122842E+00 -7.097427E-01 2.694703E+00  4.921726E+09
     2  50 -2.200000E+00 -1.380577E+00 3.296397E+00 -6.124272E-01 2.750195E+00  4.789189E+09
     2  51 -1.406918E+00 -1.573489E+00 3.231778E+00 -7.939433E-01 2.599264E+00  6.072791E+09
     2  52 -1.003663E+00 -1.739156E+00 3.262978E+00 -5.500000E-01 2.794924E+00  6.646137E+09
     2  53 -2.200000E+00 -1.227033E+00 3.258305E+00 -9.019142E-01 2.886883E+00  4.727286E+09
     2  54 -1.499189E+00 -1.316623E+00 3.100000E+00 -6.802639E-01 2.845154E+00  5.718532E+09
     2  55 -1.484135E+00 -9.000000E-01 3.194700E+00 -8.236433E-01 2.866086E+00  5.960274E+09
     2  56 -1.952007E+00 -1.376241E+00 3.158092E+00 -5.500000E-01 2.864446E+00  5.001532E+09
     2  57 -9.468287E-01 -1.215901E+00 3.447806E+00 -8.496271E-01 2.880221E+00  6.945083E+09
     2  58 -2.149298E+00 -1.490207E+00 3.183595E+00 -6.217662E-01 2.609639E+00  4.651626E+09
     2  59 -1.532224E+00 -1.665648E+00 3.225720E+00 -6.883956E-01 2.788531E+00  5.864187E+09
     2  60 -2.032467E+00 -1.471162E+00 3.358077E+00 -6.897523E-01 2.792915E+00  5.233243E+09
     2  61 -9.252664E-01 -1.649564E+00 3.232478E+00 -1.000000E+00 2.570000E+00  6.695547E+09
     2  62 -1.978342E+00 -1.367489E+00 3.100000E+00 -5.883304E-01 2.699904E+00  4.832178E+09
     2  63 -2.200000E+00 -9.863446E-01 3.100000E+00 -5.500000E-01 3.000000E+00  4.438779E+09
     2  64 -1.679199E+00 -1.608127E+00 3.177741E+00 -8.941206E-01 2.754894E+00  5.531797E+09
     2  65 -2.200000E+00 -1.351847E+00 3.111120E+00 -9.020362E-01 2.800589E+00  4.410243E+09
     2  66 -2.200000E+00 -1.523812E+00 3.100000E+00 -5.500000E-01 2.937367E+00  4.376072E+09
     2  67 -2.200000E+00 -1.121873E+00 3.273022E+00 -7.667402E-01 2.950458E+00  4.771164E+09
     2  68 -1.057323E+00 -1.831380E+00 3.265828E+00 -6.952030E-01 2.895893E+00  6.586366E+09
     2  69 -1.561554E+00 -1.728698E+00 3.276460E+00 -8.166097E-01 2.767445E+00  5.901228E+09
     2  70 -1.308353E+00 -1.422337E+00 3.176126E+00 -7.352417E-01 2.853320E+00  6.138356E+09
     2  71 -9.753855E-01 -1.265377E+00 3.256378E+00 -6.260230E-01 2.877312E+00  6.689114E+09
     2  72 -1.050635E+00 -1.620785E+00 3.191719E+00 -5.500000E-01 2.701848E+00  6.497543E+09
     2  73 -2.073946E+00 -1.841623E+00 3.103842E+00 -7.112402E-01 2.748107E+00  4.624829E+09
     2  74 -1.428557E+00 -1.376881E+00 3.100000E+00 -8.768007E-01 2.937341E+00  5.830756E+09
     2  75 -1.300570E+00 -9.000000E-01 3.244471E+00 -6.052004E-01 3.000000E+00  6.310163E+09
     2  76 -1.621060E+00 -1.561682E+00 3.360151E+00 -5.500000E-01 2.611739E+00  5.952584E+09
     2  77 -2.200000E+00 -1.188902E+00 3.290516E+00 -9.003421E-01 2.885800E+00  4.797312E+09
     2  78 -1.706851E+00 -1.742949E+00 3.233881E+00 -8.418824E-01 2.922929E+00  5.582495E+09
     2  79 -1.585032E+00 -1.084731E+00 3.166846E+00 -5.500000E-01 2.593750E+00  5.716833E+09
     3   0 -1.755509E+00 -1.227795E+00 3.143926E+00 -5.500000E-01 2.769753E+00  5.358251E+09
     3   1 -1.870333E+00 -1.482113E+00 3.127805E+00 -7.350710E-01 2.634413E+00  5.089583E+09
     3   2 -1.848173E+00 -1.450000E+00 3.154593E+00 -9.377190E-01 2.785000E+00  5.187579E+09
     3   3 -2.200000E+00 -1.417463E+00 3.261614E+00 -5.500000E-01 2.846580E+00  4.212409E+02
     3   4 -1.989346E+00 -1.450000E+00 3.115722E+00 -6.959089E-01 2.727969E+00  4.836259E+09
     3   5 -1.792981E+00 -1.060308E+00 3.245474E+00 -6.197763E-01 2.979361E+00  5.504140E+09
     3   6 -1.459713E+00 -1.481902E+00 3.186533E+00 -6.319917E-01 2.697020E+00  5.921085E+09
     3   7 -1.802729E+00 -1.365749E+00 3.100000E+00 -5.500000E-01 2.823079E+00  3.836139E+02
     3   8 -1.564181E+00 -1.584153E+00 3.108029E+00 -7.100503E-01 2.785000E+00  5.605580E+09
     3   9 -1.981149E+00 -1.570032E+00 3.300000E+00 -6.142376E-01 2.701119E+00  5.211777E+09
     3  10 -1.807803E+00 -1.409167E+00 3.401508E+00 -8.614653E-01 2.941099E+00  5.724749E+09
     3  11 -1.957747E+00 -1.863355E+00 3.287419E+00 -7.503685E-01 2.931013E+00  4.263801E+02
     3  12 -2.200000E+00 -9.993712E-01 3.100000E+00 -9.330676E-01 2.878679E+00  4.434756E+09
     3  13 -2.200000E+00 -1.251198E+00 3.222261E+00 -9.919745E-01 2.989370E+00  4.651643E+09
     3  14 -2.200000E+00 -1.845416E+00 3.312134E+00 -5.500000E-01 2.785000E+00  4.797921E+09
     3  15 -1.317157E+00 -2.000000E+00 3.100000E+00 -9.345189E-01 2.752948E+00  5.980854E+09
     3  16 -1.150000E+00 -1.010183E+00 3.100000E+00 -6.681946E-01 2.710568E+00  6.279492E+09
     3  17 -1.555609E+00 -1.779894E+00 3.227730E+00 -6.409085E-01 3.000000E+00  5.827550E+09
     3  18 -2.200000E+00 -1.580409E+00 3.102492E+00 -7.494661E-01 2.910896E+00  4.377686E+09
     3  19 -1.428021E+00 -1.601829E+00 3.100000E+00 -6.583674E-01 2.785000E+00  5.817793E+09
     3  20 -2.200000E+00 -1.415254E+00 3.148291E+00 -7.948564E-01 2.570000E+00  4.480618E+09
     3  21 -2.200000E+00 -1.495631E+00 3.309978E+00 -7.750000E-01 3.000000E+00  4.810282E+09
     3  22 -1.791325E+00 -1.847895E+00 3.100000E+00 -8.301150E-01 2.776333E+00  5.170359E+09
     3  23 -2.200000E+00 -1.766324E+00 3.343704E+00 -5.724498E-01 2.798612E+00  4.864481E+09
     3  24 -2.200000E+00 -1.682783E+00 3.180744E+00 -7.333674E-01 2.907359E+00  4.535027E+09
     3  25 -1.846681E+00 -1.907057E+00 3.179509E+00 -8.466152E-01 2.969249E+00  4.624079E+02
     3  26 -2.200000E+00 -1.398122E+00 3.100000E+00 -1.000000E+00 2.785000E+00  4.383129E+09
     3  27 -2.200000E+00 -2.000000E+00 3.177489E+00 -5.500000E-01 2.834478E+00  4.518084E+09
     3  28 -2.200000E+00 -1.465818E+00 3.267163E+00 -7.750000E-01 2.886825E+00  4.724146E+09
     3  29 -2.200000E+00 -9.558136E-01 3.100000E+00 -6.301851E-01 3.000000E+00  4.444875E+09
     3  30 -1.663703E+00 -1.755910E+00 3.100000E+00 -7.420854E-01 2.927182E+00  5.410037E+09
     3  31 -2.178710E+00 -1.450000E+00 3.229782E+00 -7.199011E-01 2.714069E+00  4.690395E+09
     3  32 -1.710529E+00 -1.491910E+00 3.300000E+00 -7.018802E-01 2.767683E+00  5.705168E+09
     3  33 -1.994122E+00 -1.202462E+00 3.100000E+00 -9.907550E-01 2.663835E+00  4.817286E+09
     3  34 -2.200000E+00 -1.933996E+00 3.100000E+00 -5.500000E-01 2.805162E+00  5.267421E+02
     3  35 -1.430595E+00 -1.675764E+00 3.100000E+00 -6.793872E-01 2.856904E+00  5.811350E+09
     3  36 -1.715394E+00 -1.926079E+00 3.233500E+00 -8.753973E-01 2.755642E+00  5.560709E+09
     3  37 -1.454037E+00 -1.109047E+00 3.100000E+00 -6.247875E-01 2.796999E+00  5.813747E+09
     3  38 -1.711616E+00 -1.908233E+00 3.221847E+00 -9.338167E-01 2.610997E+00  5.545631E+09
     3  39 -2.200000E+00 -1.450000E+00 3.179254E+00 -5.500000E-01 2.818192E+00  4.543925E+09
     3  40 -1.621111E+00 -1.450525E+00 3.100000E+00 -7.085400E-01 2.785000E+00  5.498779E+09
     3  41 -1.836459E+00 -2.000000E+00 3.100000E+00 -6.941806E-01 2.667717E+00  5.080246E+09
     3  42 -2.200000E+00 -1.714199E+00 3.191939E+00 -7.265484E-01 2.570000E+00  4.554448E+09
     3  43 -2.200000E+00 -2.000000E+00 3.100000E+00 -8.306314E-01 2.818313E+00  5.437657E+02
     3  44 -1.707562E+00 -1.758565E+00 3.133186E+00 -7.570235E-01 2.752795E+00  5.391852E+09
     3  45 -2.200000E+00 -1.875022E+00 3.420509E+00 -5.500000E-01 2.934388E+00  3.878957E+02
     3  46 -2.200000E+00 -9.030801E-01 3.377967E+00 -5.500000E-01 2.655308E+00  5.020609E+09
     3  47 -1.056847E+00 -1.744185E+00 3.282779E+00 -5.778648E-01 2.687189E+00  6.610378E+09
     3  48 -1.768498E+00 -1.461592E+00 3.100000E+00 -6.259409E-01 2.993287E+00  4.483382E+02
     3  49 -2.200000E+00 -1.567708E+00 3.100000E+00 -5.500000E-01 2.574160E+00  4.370367E+09
     3  50 -1.662659E+00 -1.516313E+00 3.432186E+00 -5.500000E-01 2.750049E+00  6.008428E+09
     3  51 -1.783230E+00 -1.611488E+00 3.100000E+00 -6.718246E-01 2.651235E+00  5.193224E+09
     3  52 -1.716982E+00 -1.787132E+00 3.100000E+00 -6.708375E-01 2.901076E+00  5.311802E+09
     3  53 -1.514949E+00 -1.107111E+00 3.100000E+00 -1.000000E+00 2.968394E+00  5.715186E+09
     3  54 -2.092423E+00 -1.188368E+00 3.234559E+00 -5.630745E-01 2.773074E+00  4.897545E+09
     3  55 -2.200000E+00 -1.450000E+00 3.100000E+00 -9.399798E-01 3.000000E+00  4.381756E+09
     3  56 -2.200000E+00 -1.020792E+00 3.100000E+00 -7.750000E-01 2.649446E+00  4.428871E+09
     3  57 -1.850719E+00 -1.271099E+00 3.247806E+00 -7.446530E-01 2.884658E+00  5.377528E+09
     3  58 -1.955883E+00 -1.943621E+00 3.100000E+00 -5.500000E-01 2.715001E+00  4.849626E+09
     3  59 -2.004721E+00 -1.779159E+00 3.205131E+00 -5.625251E-01 2.574677E+00  4.969446E+09
     3  60 -2.200000E+00 -1.654315E+00 3.158077E+00 -7.904882E-01 2.943877E+00  4.489670E+09
     3  61 -1.520561E+00 -2.000000E+00 3.143451E+00 -7.750000E-01 2.757298E+00  5.730782E+09
     3  62 -2.200000E+00 -1.339975E+00 3.248222E+00 -5.500000E-01 2.595660E+00  4.693418E+09
     3  63 -1.600291E+00 -1.047716E+00 3.213313E+00 -7.507578E-01 2.785000E+00  5.779492E+09
     3  64 -1.980486E+00 -1.292634E+00 3.100000E+00 -8.029891E-01 2.570000E+00  4.833910E+09
     3  65 -1.678610E+00 -1.214171E+00 3.100000E+00 -9.123069E-01 2.942123E+00  5.417673E+09
     3  66 -1.492784E+00 -1.634981E+00 3.225701E+00 -7.750000E-01 2.878426E+00  5.929020E+09
     3  67 -1.439809E+00 -9.000000E-01 3.184285E+00 -8.457769E-01 2.735458E+00  6.011141E+09
     3  68 -2.107323E+00 -1.803006E+00 3.313025E+00 -5.500000E-01 2.823096E+00  4.985051E+09
     3  69 -2.200000E+00 -1.863428E+00 3.100000E+00 -6.810911E-01 2.776914E+00  5.248823E+02
     3  70 -2.200000E+00 -1.676173E+00 3.100000E+00 -5.500000E-01 2.809965E+00  5.161499E+02
     3  71 -2.025386E+00 -1.292808E+00 3.100000E+00 -5.807756E-01 2.880682E+00  4.712466E+02
     3  72 -1.468576E+00 -1.665209E+00 3.192997E+00 -7.750000E-01 2.694872E+00  5.909853E+09
     3  73 -2.200000E+00 -2.000000E+00 3.100000E+00 -7.663773E-01 2.770913E+00  5.325139E+02
     3  74 -2.200000E+00 -1.307126E+00 3.270955E+00 -8.857271E-01 2.915552E+00  4.636658E+02
     3  75 -1.245037E+00 -1.450000E+00 3.156219E+00 -8.081331E-01 2.785000E+00  6.195928E+09
     3  76 -2.200000E+00 -1.630264E+00 3.197210E+00 -7.750000E-01 2.755533E+00  4.570066E+09
     3  77 -1.464472E+00 -9.000000E-01 3.133553E+00 -8.546456E-01 3.000000E+00  5.889384E+09
     3  78 -2.200000E+00 -1.519442E+00 3.115282E+00 -9.764405E-01 2.848948E+00  4.406980E+09
     3  79 -2.175352E+00 -1.146635E+00 3.184754E+00 -7.010354E-01 2.570000E+00  4.634231E+09
     4   0 -1.883857E+00 -1.777795E+00 3.118981E+00 -6.664761E-01 2.801925E+00  5.033684E+09
     4   1 -2.034626E+00 -2.000000E+00 3.100000E+00 -7.706159E-01 2.610086E+00  4.691033E+09
     4   2 -1.945183E+00 -2.000000E+00 3.165654E+00 -7.127190E-01 2.570000E+00  5.000758E+09
     4   3 -1.233973E+00 -1.644188E+00 3.260844E+00 -7.183734E-01 2.697207E+00  6.361197E+09
     4   4 -2.200000E+00 -2.000000E+00 3.107193E+00 -8.223930E-01 2.570000E+00  4.370118E+09
     4   5 -2.200000E+00 -1.387882E+00 3.342179E+00 -5.500000E-01 2.961729E+00  4.232859E+02
     4   6 -1.528750E+00 -1.693382E+00 3.100000E+00 -7.596632E-01 2.663506E+00  5.646221E+09
     4   7 -2.200000E+00 -1.716466E+00 3.245910E+00 -6.739329E-01 2.632115E+00  4.665971E+09
     4   8 -1.464996E+00 -2.000000E+00 3.176667E+00 -6.324335E-01 2.816388E+00  5.879974E+09
     4   9 -2.200000E+00 -1.638769E+00 3.283534E+00 -8.392376E-01 2.781948E+00  4.747096E+09
     4  10 -1.860775E+00 -1.779424E+00 3.287586E+00 -7.166129E-01 2.975562E+00  5.405710E+09
     4  11 -2.200000E+00 -2.000000E+00 3.100000E+00 -7.566741E-01 2.738184E+00  5.247200E+02
     4  12 -1.328618E+00 -9.588057E-01 3.209573E+00 -1.000000E+00 2.663679E+00  6.206488E+09
     4  13 -1.486737E+00 -1.538733E+00 3.194826E+00 -1.000000E+00 2.774370E+00  5.889740E+09
     4  14 -1.700163E+00 -2.000000E+00 3.112134E+00 -7.546822E-01 2.570000E+00  5.358013E+09
     4  15 -9.600584E-01 -1.450000E+00 3.255091E+00 -8.484215E-01 2.699513E+00  6.693699E+09
     4  16 -2.200000E+00 -1.037028E+00 3.162119E+00 -7.467373E-01 2.705433E+00  4.555229E+09
     4  17 -1.410746E+00 -1.633884E+00 3.173320E+00 -5.500000E-01 2.785000E+00  5.969168E+09
     4  18 -1.385110E+00 -1.881241E+00 3.100000E+00 -5.771483E-01 2.897303E+00  5.878739E+09
     4  19 -1.684938E+00 -1.773772E+00 3.300000E+00 -7.160076E-01 2.791121E+00  5.737196E+09
     4  20 -1.273985E+00 -1.243769E+00 3.198552E+00 -8.226715E-01 2.785000E+00  6.234688E+09
     4  21 -1.455952E+00 -1.885020E+00 3.109978E+00 -8.701626E-01 2.785000E+00  5.780879E+09
     4  22 -1.449349E+00 -1.764567E+00 3.281370E+00 -7.535340E-01 2.672987E+00  6.082767E+09
     4  23 -1.630197E+00 -2.000000E+00 3.248522E+00 -5.500000E-01 2.738837E+00  5.733159E+09
     4  24 -1.401899E+00 -1.412836E+00 3.223132E+00 -7.104131E-01 2.692359E+00  6.074877E+09
     4  25 -1.537940E+00 -2.000000E+00 3.100000E+00 -9.396245E-01 2.970234E+00  5.625439E+09
     4  26 -1.431533E+00 -1.734215E+00 3.210574E+00 -8.487222E-01 2.570000E+00  5.994578E+09
     4  27 -1.150000E+00 -1.450000E+00 3.183419E+00 -7.750000E-01 2.737877E+00  6.366739E+09
     4  28 -1.444354E+00 -2.000000E+00 3.100000E+00 -5.500000E-01 2.860757E+00  5.780683E+09
     4  29 -1.845583E+00 -1.319174E+00 3.260649E+00 -5.500000E-01 2.785000E+00  5.406239E+09
     4  30 -2.200000E+00 -1.942943E+00 3.300000E+00 -8.157629E-01 2.712182E+00  4.770233E+09
     4  31 -2.200000E+00 -2.000000E+00 3.100000E+00 -7.180306E-01 2.633354E+00  4.929625E+02
     4  32 -2.185163E+00 -1.871064E+00 3.283691E+00 -7.149363E-01 2.706790E+00  4.768515E+09
     4  33 -2.200000E+00 -1.298154E+00 3.267417E+00 -7.657550E-01 2.583530E+00  4.736616E+09
     4  34 -1.731930E+00 -2.000000E+00 3.220318E+00 -6.886189E-01 2.590162E+00  5.504826E+09
     4  35 -2.200000E+00 -1.646276E+00 3.250064E+00 -6.830452E-01 2.641904E+00  4.677503E+09
     4  36 -1.875802E+00 -1.687637E+00 3.271723E+00 -6.686997E-01 2.730161E+00  5.349557E+09
     4  37 -1.783558E+00 -1.272913E+00 3.294687E+00 -6.755501E-01 2.710476E+00  5.584491E+09
     4  38 -2.200000E+00 -1.850366E+00 3.320476E+00 -7.088167E-01 2.570000E+00  4.813689E+09
     4  39 -1.454029E+00 -2.000000E+00 3.100000E+00 -7.134127E-01 2.630553E+00  5.763066E+09
     4  40 -2.028982E+00 -2.000000E+00 3.200023E+00 -7.165261E-01 2.570000E+00  4.905752E+09
     4  41 -2.200000E+00 -1.655316E+00 3.257542E+00 -7.174062E-01 2.589336E+00  4.692182E+09
     4  42 -1.781022E+00 -2.000000E+00 3.121599E+00 -7.441285E-01 2.768295E+00  5.228326E+09
     4  43 -1.597775E+00 -1.450000E+00 3.249643E+00 -8.076729E-01 2.625874E+00  5.807697E+09
     4  44 -2.200000E+00 -2.000000E+00 3.100000E+00 -7.481556E-01 2.918093E+00  5.587547E+02
     4  45 -1.572311E+00 -1.950825E+00 3.331105E+00 -7.261797E-01 2.846030E+00  5.970879E+09
     4  46 -1.217421E+00 -1.234000E+00 3.177967E+00 -7.258426E-01 2.570000E+00  6.281574E+09
     4  47 -2.106847E+00 -1.373448E+00 3.173060E+00 -7.774927E-01 2.795919E+00  4.725271E+09
     4  48 -1.909582E+00 -1.967800E+00 3.212973E+00 -5.500000E-01 2.921825E+00  5.165967E+09
     4  49 -1.385482E+00 -1.758263E+00 3.250359E+00 -6.673201E-01 2.669193E+00  6.128600E+09
     4  50 -1.896605E+00 -1.755420E+00 3.232186E+00 -7.750000E-01 2.709883E+00  5.232160E+09
     4  51 -2.200000E+00 -1.665072E+00 3.204558E+00 -5.689309E-01 2.719567E+00  4.583448E+09
     4  52 -2.200000E+00 -1.734320E+00 3.200942E+00 -7.960677E-01 2.940195E+00  4.574860E+09
     4  53 -1.343731E+00 -1.132444E+00 3.300000E+00 -7.750000E-01 2.782967E+00  6.301522E+09
     4  54 -2.200000E+00 -1.464958E+00 3.338931E+00 -5.932970E-01 2.704294E+00  4.869063E+09
     4  55 -1.358492E+00 -2.000000E+00 3.227961E+00 -7.405452E-01 2.785000E+00  6.128211E+09
     4  56 -1.543481E+00 -1.520171E+00 3.196181E+00 -9.095486E-01 2.570000E+00  5.799895E+09
     4  57 -2.200000E+00 -1.644122E+00 3.100000E+00 -5.610197E-01 2.669658E+00  4.698715E+02
     4  58 -1.808008E+00 -1.739979E+00 3.284103E+00 -7.750000E-01 2.779684E+00  5.494750E+09
     4  59 -2.200000E+00 -1.823525E+00 3.145422E+00 -5.500000E-01 2.570000E+00  4.454101E+09
     4  60 -1.628322E+00 -1.840302E+00 3.100000E+00 -7.396385E-01 2.842423E+00  5.469932E+09
     4  61 -2.092059E+00 -1.450000E+00 3.100000E+00 -5.500000E-01 2.874483E+00  4.600090E+09
     4  62 -1.548620E+00 -1.600729E+00 3.286229E+00 -7.005852E-01 2.570000E+00  5.942225E+09
     4  63 -2.086805E+00 -1.456078E+00 3.212011E+00 -6.395617E-01 2.570000E+00  4.837078E+09
     4  64 -2.161907E+00 -1.149519E+00 3.204585E+00 -6.634946E-01 2.785000E+00  4.702989E+09
     4  65 -1.765416E+00 -1.726305E+00 3.139203E+00 -8.533421E-01 2.868893E+00  5.299449E+09
     4  66 -1.550352E+00 -1.770978E+00 3.274926E+00 -6.487181E-01 2.797988E+00  5.915505E+09
     4  67 -2.200000E+00 -1.450000E+00 3.107117E+00 -7.663787E-01 2.607357E+00  4.584635E+02
     4  68 -2.200000E+00 -1.751884E+00 3.235116E+00 -7.305673E-01 2.692222E+00  4.642763E+09
     4  69 -1.571616E+00 -1.847298E+00 3.207439E+00 -5.614367E-01 2.722302E+00  5.761861E+09
     4  70 -1.441723E+00 -1.963443E+00 3.220628E+00 -7.512445E-01 2.714430E+00  5.990773E+09
     4  71 -2.200000E+00 -1.815169E+00 3.200061E+00 -5.500000E-01 2.683728E+00  4.568324E+09
     4  72 -2.200000E+00 -1.783606E+00 3.172636E+00 -7.501512E-01 2.689342E+00  4.512576E+09
     4  73 -1.996477E+00 -1.494038E+00 3.202672E+00 -7.500307E-01 2.789617E+00  4.994967E+09
     4  74 -1.519617E+00 -1.336420E+00 3.413566E+00 -7.591206E-01 2.729534E+00  6.206070E+09
     4  75 -2.200000E+00 -1.879102E+00 3.100000E+00 -8.661709E-01 2.797159E+00  5.359291E+02
     4  76 -1.631217E+00 -1.805151E+00 3.100000E+00 -8.950087E-01 2.880218E+00  5.466142E+09
     4  77 -1.891897E+00 -1.450000E+00 3.100000E+00 -6.767407E-01 2.785000E+00  4.995979E+09
     4  78 -1.483626E+00 -1.416352E+00 3.100000E+00 -1.000000E+00 2.633948E+00  5.735536E+09
     4  79 -2.200000E+00 -1.696635E+00 3.188627E+00 -8.326758E-01 2.639253E+00  4.548620E+09
     5   0 -2.138343E+00 -1.227795E+00 3.318981E+00 -7.555766E-01 2.586925E+00  4.971321E+09
     5   1 -1.986836E+00 -1.552249E+00 3.181422E+00 -7.730186E-01 2.590658E+00  4.966671E+09
     5   2 -1.989687E+00 -2.000000E+00 3.173242E+00 -5.500000E-01 2.570000E+00  4.929021E+09
     5   3 -1.116048E+00 -1.787131E+00 3.213581E+00 -7.493352E-01 2.636355E+00  6.442101E+09
     5   4 -1.670654E+00 -2.000000E+00 3.160885E+00 -9.273952E-01 2.745565E+00  5.504033E+09
     5   5 -1.693938E+00 -1.739264E+00 3.390065E+00 -6.653074E-01 2.934176E+00  5.880115E+09
     5   6 -2.167447E+00 -1.599196E+00 3.300000E+00 -8.139667E-01 2.806656E+00  4.847803E+09
     5   7 -1.150000E+00 -1.613821E+00 3.251030E+00 -7.060769E-01 2.570000E+00  6.456929E+09
     5   8 -2.038905E+00 -1.450000E+00 3.254659E+00 -6.032901E-01 3.000000E+00  5.020524E+09
     5   9 -1.618063E+00 -1.744395E+00 3.263760E+00 -9.305646E-01 2.792514E+00  5.786588E+09
     5  10 -2.200000E+00 -1.820620E+00 3.110540E+00 -7.244863E-01 2.854990E+00  4.383887E+09
     5  11 -1.751250E+00 -1.455168E+00 3.300000E+00 -7.151691E-01 2.648095E+00  5.636616E+09
     5  12 -1.923783E+00 -1.508806E+00 3.166542E+00 -7.750000E-01 2.608682E+00  5.061976E+09
     5  13 -1.711612E+00 -1.847733E+00 3.179526E+00 -9.222754E-01 2.652344E+00  5.468641E+09
     5  14 -1.491033E+00 -1.450000E+00 3.197447E+00 -7.057123E-01 2.691862E+00  5.891602E+09
     5  15 -2.010058E+00 -1.140675E+00 3.247343E+00 -6.234215E-01 2.641333E+00  5.089622E+09
     5  16 -2.200000E+00 -1.084948E+00 3.214717E+00 -7.563914E-01 2.712937E+00  4.655842E+09
     5  17 -1.949148E+00 -1.481864E+00 3.145892E+00 -7.750000E-01 2.605619E+00  4.973140E+09
     5  18 -2.040978E+00 -1.840804E+00 3.171523E+00 -6.868609E-01 2.712019E+00  4.828984E+09
     5  19 -2.200000E+00 -1.559782E+00 3.435311E+00 -5.512800E-01 2.789890E+00  5.056912E+09
     5  20 -1.578952E+00 -1.793769E+00 3.162045E+00 -6.788567E-01 2.641350E+00  5.669633E+09
     5  21 -1.498467E+00 -1.475049E+00 3.102416E+00 -7.115546E-01 2.761407E+00  5.712383E+09
     5  22 -2.200000E+00 -1.214567E+00 3.385737E+00 -6.950770E-01 2.851770E+00  4.986224E+09
     5  23 -1.348842E+00 -1.549222E+00 3.100000E+00 -7.630425E-01 2.695475E+00  5.944828E+09
     5  24 -9.339354E-01 -1.738381E+00 3.214122E+00 -6.958181E-01 2.770234E+00  6.660873E+09
     5  25 -1.498176E+00 -1.450000E+00 3.251408E+00 -8.723520E-01 2.755234E+00  5.971598E+09
     5  26 -2.085609E+00 -1.939204E+00 3.176961E+00 -6.237222E-01 2.610693E+00  4.747881E+09
     5  27 -8.250901E-01 -1.316946E+00 3.159223E+00 -8.635238E-01 2.629671E+00  6.723286E+09
     5  28 -1.696194E+00 -1.450000E+00 3.295634E+00 -6.690177E-01 2.645757E+00  5.723716E+09
     5  29 -2.009248E+00 -1.660502E+00 3.315641E+00 -7.750000E-01 2.652295E+00  5.184364E+09
     5  30 -1.589110E+00 -1.856204E+00 3.383384E+00 -7.431736E-01 2.570000E+00  6.031589E+09
     5  31 -1.874798E+00 -2.000000E+00 3.206320E+00 -6.791128E-01 2.620264E+00  5.216132E+09
     5  32 -2.195316E+00 -2.000000E+00 3.101520E+00 -7.195657E-01 2.659238E+00  4.980255E+02
     5  33 -1.496396E+00 -1.635551E+00 3.407393E+00 -5.500000E-01 2.570000E+00  6.215189E+09
     5  34 -1.488216E+00 -1.598153E+00 3.304457E+00 -6.958317E-01 2.570000E+00  6.066322E+09
     5  35 -1.302896E+00 -1.628240E+00 3.306824E+00 -6.877889E-01 2.570000E+00  6.336128E+09
     5  36 -2.200000E+00 -1.441132E+00 3.288296E+00 -6.714608E-01 2.807725E+00  4.768441E+09
     5  37 -2.200000E+00 -1.778039E+00 3.366697E+00 -7.211038E-01 2.692402E+00  4.909965E+09
     5  38 -1.268926E+00 -1.706508E+00 3.217226E+00 -5.500000E-01 2.716149E+00  6.246090E+09
     5  39 -1.706343E+00 -2.000000E+00 3.266230E+00 -8.463000E-01 2.751673E+00  5.634738E+09
     5  40 -2.179273E+00 -1.543824E+00 3.288747E+00 -6.901324E-01 2.570000E+00  4.803128E+09
     5  41 -1.666414E+00 -1.346096E+00 3.269013E+00 -7.169193E-01 2.627634E+00  5.734041E+09
     5  42 -1.742427E+00 -1.450000E+00 3.122838E+00 -6.675586E-01 2.738738E+00  5.322947E+09
     5  43 -2.030363E+00 -1.315924E+00 3.235935E+00 -7.304673E-01 2.570000E+00  5.007726E+09
     5  44 -1.640790E+00 -1.589343E+00 3.160509E+00 -6.668900E-01 2.934675E+00  5.569898E+09
     5  45 -1.715855E+00 -1.938417E+00 3.131105E+00 -6.852276E-01 2.837993E+00  5.368762E+09
     5  46 -1.348114E+00 -1.784000E+00 3.100000E+00 -8.017064E-01 2.729555E+00  5.937697E+09
     5  47 -2.200000E+00 -1.474307E+00 3.100000E+00 -9.548871E-01 2.787993E+00  5.178846E+02
     5  48 -1.924980E+00 -2.000000E+00 3.174166E+00 -6.804121E-01 2.798293E+00  4.231724E+02
     5  49 -1.418036E+00 -1.809757E+00 3.180607E+00 -7.809481E-01 2.676160E+00  5.963882E+09
     5  50 -2.200000E+00 -1.917922E+00 3.100000E+00 -7.155719E-01 2.710740E+00  5.125304E+02
     5  51 -1.930561E+00 -1.776500E+00 3.255418E+00 -6.463553E-01 2.776571E+00  5.212842E+09
     5  52 -1.820777E+00 -1.658032E+00 3.294066E+00 -8.660794E-01 2.725195E+00  5.493069E+09
     5  53 -2.137454E+00 -1.682444E+00 3.224692E+00 -6.092625E-01 2.691892E+00  4.750125E+09
     5  54 -1.686274E+00 -1.948746E+00 3.234178E+00 -6.385430E-01 2.650070E+00  5.611903E+09
     5  55 -1.561530E+00 -2.000000E+00 3.104474E+00 -5.500000E-01 2.875178E+00  5.591989E+09
     5  56 -2.087766E+00 -2.000000E+00 3.112939E+00 -8.153375E-01 2.785000E+00  4.612090E+09
     5  57 -1.649094E+00 -2.000000E+00 3.226633E+00 -5.500000E-01 2.570000E+00  5.661149E+09
     5  58 -1.879013E+00 -1.258598E+00 3.233651E+00 -8.533474E-01 2.592841E+00  5.297747E+09
     5  59 -1.636799E+00 -1.850859E+00 3.100000E+00 -7.449781E-01 2.726388E+00  5.453590E+09
     5  60 -1.500651E+00 -1.867789E+00 3.300000E+00 -6.824729E-01 2.733557E+00  6.032494E+09
     5  61 -2.200000E+00 -1.260105E+00 3.137850E+00 -5.500000E-01 2.906948E+00  4.475782E+09
     5  62 -1.327119E+00 -1.633479E+00 3.127569E+00 -7.589683E-01 2.692750E+00  6.020671E+09
     5  63 -2.200000E+00 -2.000000E+00 3.120846E+00 -5.500000E-01 2.637286E+00  4.398965E+09
     5  64 -2.010372E+00 -1.472528E+00 3.232839E+00 -5.593232E-01 2.924675E+00  5.030419E+09
     5  65 -2.133407E+00 -2.000000E+00 3.164314E+00 -7.525822E-01 2.653893E+00  4.624677E+09
     5  66 -1.812295E+00 -1.460669E+00 3.143798E+00 -5.500000E-01 2.828278E+00  5.233715E+09
     5  67 -1.731158E+00 -2.000000E+00 3.100000E+00 -6.058588E-01 2.573577E+00  5.277779E+09
     5  68 -1.451045E+00 -1.703027E+00 3.122536E+00 -8.665141E-01 2.574006E+00  5.814658E+09
     5  69 -1.137324E+00 -1.708225E+00 3.209562E+00 -5.693850E-01 2.724837E+00  6.411499E+09
     5  70 -1.555529E+00 -1.975996E+00 3.122268E+00 -8.660061E-01 2.748014E+00  5.634032E+09
     5  71 -1.484786E+00 -1.822387E+00 3.235218E+00 -7.616699E-01 2.761915E+00  5.951118E+09
     5  72 -1.650556E+00 -1.879898E+00 3.150703E+00 -6.355562E-01 2.705376E+00  5.522966E+09
     5  73 -1.805134E+00 -1.612718E+00 3.138967E+00 -7.235747E-01 2.731800E+00  5.228610E+09
     5  74 -1.189633E+00 -1.658058E+00 3.213566E+00 -6.768840E-01 2.595401E+00  6.349812E+09
     5  75 -1.437015E+00 -2.000000E+00 3.146843E+00 -8.550108E-01 2.695348E+00  5.872752E+09
     5  76 -2.032588E+00 -1.715213E+00 3.300000E+00 -7.798158E-01 2.835718E+00  5.107651E+09
     5  77 -2.200000E+00 -2.000000E+00 3.300000E+00 -5.500000E-01 2.596768E+00  4.768534E+09
     5  78 -1.597513E+00 -1.413313E+00 3.223116E+00 -7.750000E-01 2.592329E+00  5.763859E+09
     5  79 -1.617818E+00 -2.000000E+00 3.188737E+00 -8.779151E-01 2.713908E+00  5.647091E+09
     6   0 -2.025409E+00 -1.210851E+00 3.430466E+00 -5.773573E-01 2.570000E+00  5.406136E+09
     6   1 -1.947301E+00 -1.672687E+00 3.164544E+00 -6.461157E-01 2.670769E+00  5.004614E+09
     6   2 -1.955490E+00 -1.707248E+00 3.171229E+00 -7.750000E-01 2.682320E+00  5.000743E+09
     6   3 -2.166048E+00 -1.769846E+00 3.135005E+00 -5.500000E-01 2.663568E+00  4.504110E+09
     6   4 -1.375718E+00 -1.670247E+00 3.150127E+00 -7.894901E-01 2.826557E+00  5.983525E+09
     6   5 -1.907375E+00 -1.831393E+00 3.225059E+00 -7.085393E-01 2.723868E+00  5.195683E+09
     6   6 -2.200000E+00 -1.616685E+00 3.300255E+00 -7.721688E-01 2.809115E+00  4.782456E+09
     6   7 -1.287649E+00 -1.538377E+00 3.100000E+00 -6.503116E-01 2.785000E+00  6.039118E+09
     6   8 -2.200000E+00 -9.000000E-01 3.308567E+00 -5.600377E-01 2.846334E+00  4.882924E+09
     6   9 -2.015664E+00 -1.700065E+00 3.129610E+00 -7.805045E-01 2.783511E+00  4.799371E+09
     6  10 -1.889773E+00 -1.365682E+00 3.126445E+00 -7.335723E-01 2.676616E+00  5.058262E+09
     6  11 -1.396898E+00 -1.130160E+00 3.432422E+00 -6.787588E-01 2.671321E+00  6.421818E+09
     6  12 -2.200000E+00 -2.000000E+00 3.100000E+00 -7.427729E-01 2.823682E+00  5.425190E+02
     6  13 -2.200000E+00 -1.723632E+00 3.158675E+00 -6.972754E-01 2.867344E+00  4.487207E+09
     6  14 -1.908341E+00 -1.410134E+00 3.273576E+00 -5.500000E-01 2.906862E+00  5.308596E+09
     6  15 -2.200000E+00 -1.690675E+00 3.147347E+00 -6.163603E-01 2.651743E+00  4.463334E+09
     6  16 -1.558098E+00 -1.314956E+00 3.177940E+00 -7.123788E-01 2.717458E+00  5.757734E+09
     6  17 -2.200000E+00 -1.687368E+00 3.204667E+00 -9.365580E-01 2.820619E+00  4.583351E+09
     6  18 -2.200000E+00 -1.314154E+00 3.167658E+00 -8.699176E-01 2.699131E+00  4.530221E+09
     6  19 -1.521190E+00 -1.457913E+00 3.235311E+00 -5.805091E-01 3.000000E+00  5.909383E+09
     6  20 -2.200000E+00 -2.000000E+00 3.107286E+00 -7.164508E-01 2.570000E+00  4.370339E+09
     6  21 -2.200000E+00 -1.265230E+00 3.183851E+00 -6.217528E-01 2.926425E+00  4.570562E+09
     6  22 -1.560644E+00 -1.493414E+00 3.452317E+00 -8.133518E-01 2.880271E+00  6.197208E+09
     6  23 -2.200000E+00 -1.457548E+00 3.300000E+00 -6.341976E-01 2.708510E+00  4.790520E+09
     6  24 -1.983935E+00 -2.000000E+00 3.181026E+00 -7.081016E-01 2.816015E+00  4.957566E+09
     6  25 -2.089797E+00 -1.438532E+00 3.349059E+00 -6.563757E-01 2.729290E+00  5.107701E+09
     6  26 -2.200000E+00 -1.940776E+00 3.100000E+00 -5.500000E-01 2.825693E+00  5.321366E+02
     6  27 -1.840449E+00 -1.844069E+00 3.130214E+00 -7.940361E-01 2.614542E+00  5.135664E+09
     6  28 -2.200000E+00 -1.121095E+00 3.358271E+00 -8.940177E-01 2.570000E+00  4.941965E+09
     6  29 -2.200000E+00 -1.276360E+00 3.115641E+00 -8.535982E-01 2.722068E+00  4.426232E+09
     6  30 -1.409916E+00 -1.674104E+00 3.280833E+00 -6.327274E-01 2.785000E+00  6.143930E+09
     6  31 -1.798120E+00 -1.450000E+00 3.234741E+00 -6.685747E-01 2.714974E+00  5.433620E+09
     6  32 -1.932895E+00 -1.614372E+00 3.100000E+00 -6.833259E-01 2.635395E+00  4.905435E+09
     6  33 -1.666033E+00 -1.983680E+00 3.327515E+00 -7.529187E-01 2.754201E+00  5.811999E+09
     6  34 -2.087840E+00 -1.597074E+00 3.104457E+00 -5.642902E-01 2.785000E+00  4.607976E+09
     6  35 -1.753839E+00 -1.713548E+00 3.268348E+00 -6.904322E-01 2.785000E+00  5.562964E+09
     6  36 -1.752104E+00 -1.580894E+00 3.100000E+00 -8.022252E-01 2.883741E+00  5.254794E+09
     6  37 -1.774281E+00 -1.637241E+00 3.186665E+00 -6.581241E-01 2.771556E+00  5.376562E+09
     6  38 -2.045000E+00 -1.709937E+00 3.153120E+00 -7.750000E-01 2.656793E+00  4.787527E+09
     6  39 -2.200000E+00 -1.450000E+00 3.396815E+00 -8.206974E-01 2.830463E+00  4.987057E+09
     6  40 -2.200000E+00 -1.268163E+00 3.227265E+00 -6.613768E-01 2.649230E+00  4.657628E+09
     6  41 -1.549934E+00 -1.440069E+00 3.251739E+00 -6.868293E-01 2.760285E+00  5.890522E+09
     6  42 -1.903585E+00 -1.132217E+00 3.266365E+00 -6.313948E-01 2.570000E+00  5.329296E+09
     6  43 -2.200000E+00 -1.865924E+00 3.139344E+00 -7.193789E-01 2.785000E+00  4.441683E+09
     6  44 -2.016692E+00 -1.467971E+00 3.162970E+00 -7.019275E-01 2.930067E+00  4.878371E+09
     6  45 -2.153644E+00 -1.809983E+00 3.274985E+00 -5.500000E-01 2.748019E+00  4.815946E+09
     6  46 -2.200000E+00 -1.921716E+00 3.300000E+00 -5.893462E-01 2.851657E+00  4.295933E+02
     6  47 -1.498264E+00 -1.578463E+00 3.227737E+00 -1.000000E+00 2.767724E+00  5.925398E+09
     6  48 -1.872993E+00 -1.941072E+00 3.131975E+00 -8.103621E-01 2.583293E+00  5.074416E+09
     6  49 -2.200000E+00 -1.675848E+00 3.100000E+00 -5.559481E-01 2.570000E+00  4.365075E+09
     6  50 -1.893269E+00 -1.957000E+00 3.212180E+00 -6.348860E-01 2.715262E+00  5.194113E+09
     6  51 -2.022076E+00 -1.698264E+00 3.276479E+00 -7.051407E-01 2.788630E+00  5.081894E+09
     6  52 -1.623046E+00 -1.698275E+00 3.154457E+00 -6.410794E-01 2.697033E+00  5.583342E+09
     6  53 -2.200000E+00 -1.765417E+00 3.100000E+00 -6.129469E-01 2.742273E+00  5.071180E+02
     6  54 -1.545493E+00 -2.000000E+00 3.100000E+00 -7.127900E-01 2.632939E+00  5.609445E+09
     6  55 -2.200000E+00 -1.500405E+00 3.100000E+00 -7.750000E-01 2.922612E+00  4.377312E+09
     6  56 -2.200000E+00 -1.450000E+00 3.100000E+00 -6.490590E-01 2.820918E+00  4.379595E+09
     6  57 -1.813949E+00 -1.484961E+00 3.172860E+00 -5.977685E-01 2.785000E+00  5.285016E+09
     6  58 -2.191169E+00 -1.642567E+00 3.100000E+00 -6.463237E-01 2.570000E+00  4.374662E+02
     6  59 -1.913814E+00 -1.677287E+00 3.214990E+00 -6.312524E-01 2.731796E+00  5.169060E+09
     6  60 -1.690793E+00 -1.529342E+00 3.164632E+00 -6.472475E-01 2.934674E+00  5.492328E+09
     6  61 -1.670749E+00 -1.269457E+00 3.182304E+00 -7.558195E-01 2.691948E+00  5.577103E+09
     6  62 -1.736402E+00 -1.637574E+00 3.100000E+00 -5.659748E-01 2.835160E+00  5.280866E+09
     6  63 -1.952517E+00 -1.626737E+00 3.100000E+00 -7.750000E-01 2.777118E+00  4.867332E+09
     6  64 -1.927511E+00 -1.565476E+00 3.224339E+00 -6.321769E-01 2.845728E+00  5.167183E+09
     6  65 -2.120874E+00 -1.450000E+00 3.167689E+00 -6.262866E-01 2.570000E+00  4.678764E+09
     6  66 -2.200000E+00 -1.554143E+00 3.100000E+00 -7.750000E-01 2.821250E+00  5.232434E+02
     6  67 -2.042151E+00 -1.450000E+00 3.185334E+00 -5.500000E-01 2.715392E+00  4.872728E+09
     6  68 -1.720593E+00 -1.733784E+00 3.163659E+00 -8.420643E-01 2.575595E+00  5.425748E+09
     6  69 -2.187324E+00 -1.794207E+00 3.100000E+00 -7.943850E-01 2.792529E+00  4.388148E+09
     6  70 -2.200000E+00 -1.682889E+00 3.100000E+00 -6.410061E-01 2.806236E+00  5.211762E+02
     6  71 -1.260306E+00 -1.272387E+00 3.223493E+00 -6.905724E-01 2.820370E+00  6.289625E+09
     6  72 -1.792471E+00 -1.689705E+00 3.147133E+00 -5.739748E-01 2.725825E+00  5.264806E+09
     6  73 -2.046760E+00 -2.000000E+00 3.100000E+00 -7.011926E-01 2.682212E+00  4.667248E+09
     6  74 -2.200000E+00 -1.914422E+00 3.100000E+00 -7.100455E-01 2.810401E+00  5.355624E+02
     6  75 -1.460316E+00 -1.779952E+00 3.177301E+00 -7.540572E-01 2.684716E+00  5.892543E+09
     6  76 -2.200000E+00 -1.571759E+00 3.303089E+00 -6.145172E-01 2.723220E+00  4.790015E+09
     6  77 -1.825911E+00 -2.000000E+00 3.291458E+00 -7.750000E-01 2.570000E+00  5.468790E+09
     6  78 -2.036964E+00 -1.439917E+00 3.270289E+00 -6.775438E-01 2.778684E+00  5.054344E+09
     6  79 -1.684707E+00 -1.450000E+00 3.151321E+00 -7.672943E-01 2.703847E+00  5.481157E+09
     7   0 -2.018353E+00 -1.367214E+00 3.314659E+00 -5.864408E-01 2.785000E+00  5.183071E+09
     7   1 -1.829346E+00 -2.000000E+00 3.100000E+00 -6.120673E-01 2.744433E+00  3.983802E+02
     7   2 -1.838992E+00 -1.628673E+00 3.151849E+00 -6.780764E-01 2.635254E+00  5.188724E+09
     7   3 -2.200000E+00 -1.232233E+00 3.165259E+00 -7.750000E-01 2.774899E+00  4.534467E+09
     7   4 -1.169747E+00 -1.535540E+00 3.143835E+00 -5.777470E-01 2.880588E+00  6.277929E+09
     7   5 -2.163320E+00 -1.346923E+00 3.142335E+00 -5.778229E-01 2.570000E+00  4.548756E+09
     7   6 -1.905738E+00 -1.734140E+00 3.183801E+00 -7.174520E-01 2.787622E+00  5.121410E+09
     7   7 -2.087973E+00 -1.361775E+00 3.236744E+00 -5.500000E-01 2.967989E+00  4.894626E+09
     7   8 -1.761786E+00 -1.450000E+00 3.182236E+00 -5.500000E-01 2.722411E+00  5.400602E+09
     7   9 -2.200000E+00 -1.580692E+00 3.100000E+00 -5.642508E-01 2.698727E+00  4.783889E+02
     7  10 -1.663455E+00 -9.000000E-01 3.282120E+00 -7.970699E-01 2.721031E+00  5.818928E+09
     7  11 -1.616744E+00 -1.680160E+00 3.232422E+00 -7.069633E-01 2.810579E+00  5.735963E+09
     7  12 -1.347385E+00 -1.477209E+00 3.177131E+00 -7.064845E-01 3.000000E+00  6.080608E+09
     7  13 -1.362756E+00 -1.599611E+00 3.136303E+00 -5.500000E-01 2.900272E+00  5.983690E+09
     7  14 -2.200000E+00 -1.710925E+00 3.310586E+00 -7.126823E-01 2.879106E+00  4.799890E+09
     7  15 -1.660415E+00 -2.000000E+00 3.100000E+00 -6.707309E-01 2.699194E+00  5.407728E+09
     7  16 -1.753172E+00 -1.460757E+00 3.111000E+00 -6.512449E-01 2.710565E+00  5.279454E+09
     7  17 -1.523891E+00 -1.900293E+00 3.191672E+00 -9.223464E-01 2.914745E+00  5.813216E+09
     7  18 -1.714122E+00 -1.120984E+00 3.100000E+00 -7.813249E-01 2.900864E+00  5.364133E+09
     7  19 -1.761617E+00 -1.450969E+00 3.100000E+00 -6.292718E-01 2.867705E+00  5.244410E+09
     7  20 -1.764739E+00 -1.487391E+00 3.100000E+00 -7.193934E-01 2.693464E+00  5.234823E+09
     7  21 -1.401783E+00 -1.550567E+00 3.245886E+00 -5.991402E-01 2.827391E+00  6.105302E+09
     7  22 -1.179749E+00 -1.977294E+00 3.252317E+00 -8.945198E-01 2.667901E+00  6.412491E+09
     7  23 -1.285077E+00 -1.738521E+00 3.382333E+00 -5.538852E-01 2.726379E+00  6.465419E+09
     7  24 -2.200000E+00 -1.450000E+00 3.125157E+00 -7.186400E-01 2.864152E+00  4.432229E+09
     7  25 -2.200000E+00 -1.710140E+00 3.234771E+00 -6.862025E-01 2.850451E+00  4.644827E+09
     7  26 -1.720021E+00 -1.904528E+00 3.183787E+00 -6.287489E-01 3.000000E+00  5.462970E+09
     7  27 -2.200000E+00 -2.000000E+00 3.138180E+00 -5.690361E-01 2.700267E+00  4.435402E+09
     7  28 -1.833337E+00 -1.512747E+00 3.277117E+00 -9.044880E-01 2.785000E+00  5.445935E+09
     7  29 -1.976733E+00 -1.451884E+00 3.100000E+00 -7.377522E-01 2.785931E+00  4.829567E+09
     7  30 -2.200000E+00 -1.574768E+00 3.100000E+00 -6.181347E-01 2.923394E+00  4.372994E+09
     7  31 -1.824821E+00 -1.526382E+00 3.100000E+00 -7.105100E-01 2.722336E+00  5.119543E+09
     7  32 -1.808153E+00 -1.464243E+00 3.201669E+00 -7.071129E-01 2.755395E+00  5.352034E+09
     7  33 -2.200000E+00 -1.433680E+00 3.127515E+00 -8.786386E-01 2.882865E+00  4.438491E+09
     7  34 -2.200000E+00 -1.671345E+00 3.100000E+00 -5.780785E-01 2.998876E+00  4.369358E+09
     7  35 -2.200000E+00 -1.725266E+00 3.203196E+00 -6.875997E-01 2.913854E+00  4.579757E+09
     7  36 -1.987286E+00 -1.863138E+00 3.207572E+00 -8.455935E-01 2.792580E+00  5.007103E+09
     7  37 -1.704758E+00 -1.183063E+00 3.100000E+00 -6.271295E-01 2.887121E+00  5.373334E+09
     7  38 -2.200000E+00 -1.713863E+00 3.100000E+00 -9.237038E-01 2.631882E+00  4.926838E+02
     7  39 -1.716775E+00 -1.224374E+00 3.196815E+00 -5.956974E-01 2.752002E+00  5.527613E+09
     7  40 -1.713775E+00 -1.572943E+00 3.100000E+00 -6.685019E-01 2.729370E+00  5.324612E+09
     7  41 -2.200000E+00 -1.990069E+00 3.163557E+00 -7.030167E-01 2.764039E+00  4.488733E+09
     7  42 -2.107776E+00 -1.537767E+00 3.243460E+00 -7.481007E-01 2.762346E+00  4.855068E+09
     7  43 -1.651714E+00 -2.000000E+00 3.100000E+00 -7.630378E-01 3.000000E+00  5.426446E+09
     7  44 -2.200000E+00 -1.789058E+00 3.100000E+00 -7.323632E-01 2.910687E+00  5.487720E+02
     7  45 -2.200000E+00 -1.751971E+00 3.321214E+00 -6.413378E-01 2.764784E+00  4.819224E+09
     7  46 -1.294551E+00 -1.784063E+00 3.454204E+00 -5.500000E-01 2.830652E+00  6.550819E+09
     7  47 -1.483384E+00 -1.686210E+00 3.100000E+00 -7.750000E-01 2.687522E+00  5.722956E+09
     7  48 -1.867545E+00 -1.861996E+00 3.135083E+00 -6.577714E-01 2.731902E+00  3.906721E+02
     7  49 -1.661183E+00 -1.600503E+00 3.207683E+00 -5.500000E-01 2.779125E+00  5.618719E+09
     7  50 -1.797406E+00 -1.897425E+00 3.193585E+00 -7.318667E-01 2.716114E+00  5.338548E+09
     7  51 -2.158494E+00 -1.608774E+00 3.100000E+00 -7.378566E-01 2.681249E+00  4.453726E+09
     7  52 -1.534953E+00 -1.751093E+00 3.100000E+00 -5.500000E-01 2.912033E+00  5.635874E+09
     7  53 -1.732395E+00 -1.809675E+00 3.224382E+00 -6.801315E-01 2.780838E+00  5.516857E+09
     7  54 -1.474710E+00 -1.450000E+00 3.300000E+00 -6.062652E-01 2.716054E+00  6.087071E+09
     7  55 -1.644215E+00 -1.189965E+00 3.197706E+00 -8.797949E-01 2.793186E+00  5.659728E+09
     7  56 -1.827652E+00 -1.286940E+00 3.190605E+00 -5.500000E-01 2.721389E+00  5.308432E+09
     7  57 -2.114212E+00 -1.271316E+00 3.100000E+00 -6.460478E-01 2.808862E+00  4.570066E+09
     7  58 -2.168454E+00 -2.000000E+00 3.259751E+00 -5.500000E-01 2.714267E+00  4.750219E+09
     7  59 -2.200000E+00 -1.654794E+00 3.164124E+00 -5.500000E-01 2.671408E+00  4.499838E+09
     7  60 -2.198612E+00 -1.393036E+00 3.100000E+00 -7.043543E-01 2.814139E+00  4.386661E+09
     7  61 -2.003668E+00 -1.713491E+00 3.142343E+00 -7.252951E-01 2.705244E+00  4.847895E+09
     7  62 -2.200000E+00 -1.658092E+00 3.300000E+00 -5.500000E-01 2.846340E+00  4.080249E+02
     7  63 -1.957176E+00 -1.856428E+00 3.217319E+00 -7.449424E-01 2.674574E+00  5.084274E+09
     7  64 -1.866248E+00 -1.296844E+00 3.139718E+00 -7.561456E-01 2.679067E+00  5.135657E+09
     7  65 -1.987195E+00 -1.170491E+00 3.100000E+00 -8.489306E-01 2.785000E+00  4.835824E+09
     7  66 -1.567842E+00 -1.789343E+00 3.231534E+00 -9.079769E-01 2.749196E+00  5.811952E+09
     7  67 -2.200000E+00 -9.465626E-01 3.152517E+00 -7.750000E-01 2.732620E+00  4.552896E+09
     7  68 -2.200000E+00 -1.751590E+00 3.194884E+00 -6.432251E-01 2.769874E+00  4.560388E+09
     7  69 -2.200000E+00 -1.965121E+00 3.172887E+00 -8.549156E-01 2.779341E+00  4.508730E+09
     7  70 -1.604211E+00 -1.425844E+00 3.179545E+00 -5.500000E-01 2.795014E+00  5.675351E+09
     7  71 -1.158140E+00 -9.000000E-01 3.100000E+00 -5.500000E-01 2.855179E+00  6.286199E+09
     7  72 -2.200000E+00 -1.647868E+00 3.154430E+00 -7.737422E-01 2.688121E+00  4.480125E+09
     7  73 -2.200000E+00 -1.450000E+00 3.151214E+00 -6.837350E-01 2.702377E+00  4.484935E+09
     7  74 -1.585055E+00 -1.687636E+00 3.285300E+00 -9.350455E-01 2.984550E+00  5.881076E+09
     7  75 -2.156889E+00 -1.661292E+00 3.191598E+00 -6.414704E-01 2.741141E+00  4.644418E+09
     7  76 -1.892825E+00 -1.621031E+00 3.103089E+00 -6.630867E-01 2.625220E+00  4.989389E+09
     7  77 -1.720793E+00 -1.586602E+00 3.181448E+00 -9.719258E-01 2.619532E+00  5.464960E+09
     7  78 -2.200000E+00 -1.597090E+00 3.100523E+00 -6.690652E-01 2.993684E+00  4.373854E+09
     7  79 -2.200000E+00 -1.503331E+00 3.134657E+00 -6.561632E-01 2.697670E+00  4.446963E+09
     8   0 -1.838369E+00 -1.693601E+00 3.193453E+00 -7.391901E-01 2.829887E+00  5.269500E+09
     8   1 -1.732393E+00 -1.479140E+00 3.143801E+00 -5.964010E-01 2.796114E+00  5.379927E+09
     8   2 -1.868487E+00 -1.664854E+00 3.149994E+00 -5.500000E-01 2.591183E+00  5.127273E+09
     8   3 -1.699657E+00 -1.103213E+00 3.264337E+00 -9.590018E-01 2.927830E+00  5.695380E+09
     8   4 -2.200000E+00 -2.000000E+00 3.105742E+00 -6.913681E-01 2.669938E+00  4.981061E+02
     8   5 -2.200000E+00 -1.198383E+00 3.140083E+00 -5.865273E-01 2.785000E+00  4.486380E+09
     8   6 -1.744674E+00 -1.751368E+00 3.224527E+00 -7.342615E-01 2.753820E+00  5.496888E+09
     8   7 -2.200000E+00 -1.234574E+00 3.310503E+00 -6.176209E-01 2.811095E+00  4.832193E+09
     8   8 -1.466696E+00 -1.784861E+00 3.112372E+00 -7.630509E-01 2.857928E+00  5.770639E+09
     8   9 -1.707692E+00 -1.511267E+00 3.195131E+00 -5.500000E-01 2.618616E+00  5.517681E+09
     8  10 -2.100774E+00 -1.368770E+00 3.330117E+00 -7.240280E-01 2.909111E+00  4.107420E+02
     8  11 -2.034376E+00 -2.000000E+00 3.100000E+00 -7.873285E-01 2.961276E+00  4.694947E+09
     8  12 -1.344294E+00 -1.483184E+00 3.239836E+00 -6.892587E-01 2.785000E+00  6.182983E+09
     8  13 -1.717882E+00 -1.824975E+00 3.134161E+00 -7.252714E-01 2.707711E+00  5.372647E+09
     8  14 -1.892056E+00 -2.000000E+00 3.283981E+00 -6.619829E-01 2.756829E+00  5.334408E+09
     8  15 -1.600051E+00 -1.528701E+00 3.189023E+00 -7.039234E-01 2.754612E+00  5.693190E+09
     8  16 -2.200000E+00 -1.329418E+00 3.123633E+00 -6.526999E-01 2.701548E+00  4.437497E+09
     8  17 -1.699070E+00 -1.703055E+00 3.177291E+00 -6.997693E-01 2.727035E+00  5.491806E+09
     8  18 -2.021178E+00 -1.531347E+00 3.159754E+00 -6.001073E-01 3.000000E+00  4.860036E+09
     8  19 -2.200000E+00 -1.476544E+00 3.300000E+00 -6.955570E-01 2.671952E+00  4.789087E+09
     8  20 -1.922660E+00 -1.529219E+00 3.203300E+00 -7.079108E-01 2.718223E+00  3.571896E+02
     8  21 -1.301221E+00 -1.604044E+00 3.199280E+00 -6.065854E-01 2.758545E+00  6.176092E+09
     8  22 -2.200000E+00 -2.000000E+00 3.100000E+00 -8.174862E-01 2.570000E+00  4.355146E+09
     8  23 -2.107572E+00 -1.554554E+00 3.182333E+00 -6.354299E-01 2.715991E+00  4.729831E+09
     8  24 -1.601670E+00 -9.597285E-01 3.100000E+00 -7.234912E-01 2.718230E+00  5.587896E+09
     8  25 -1.586489E+00 -2.000000E+00 3.100000E+00 -9.112025E-01 2.980498E+00  5.541652E+09
     8  26 -1.969444E+00 -1.862072E+00 3.155278E+00 -6.515629E-01 2.785000E+00  4.937178E+09
     8  27 -1.150000E+00 -1.529148E+00 3.192949E+00 -6.711459E-01 2.783004E+00  6.377319E+09
     8  28 -1.948193E+00 -2.000000E+00 3.100000E+00 -7.866971E-01 2.973588E+00  4.866445E+09
     8  29 -1.904364E+00 -1.403688E+00 3.264285E+00 -6.855056E-01 2.672051E+00  5.297301E+09
     8  30 -1.207086E+00 -1.484043E+00 3.259821E+00 -6.988061E-01 2.762015E+00  6.401734E+09
     8  31 -2.007828E+00 -1.881499E+00 3.262140E+00 -7.278998E-01 2.682279E+00  5.074621E+09
     8  32 -1.722651E+00 -1.707542E+00 3.242456E+00 -7.367351E-01 2.777802E+00  5.570592E+09
     8  33 -1.695018E+00 -1.204096E+00 3.100000E+00 -7.452409E-01 2.798081E+00  5.387723E+09
     8  34 -1.944049E+00 -1.988163E+00 3.255607E+00 -7.151976E-01 2.783876E+00  5.182263E+09
     8  35 -1.297901E+00 -1.733536E+00 3.100000E+00 -6.845110E-01 3.000000E+00  6.018505E+09
     8  36 -2.138884E+00 -1.816226E+00 3.168732E+00 -7.027302E-01 2.658133E+00  4.627406E+09
     8  37 -1.881237E+00 -1.394779E+00 3.209141E+00 -6.795347E-01 2.744559E+00  5.235136E+09
     8  38 -1.740619E+00 -1.714624E+00 3.164267E+00 -7.316522E-01 2.609890E+00  5.391452E+09
     8  39 -1.649851E+00 -1.774374E+00 3.100000E+00 -5.500000E-01 2.729589E+00  5.432466E+09
     8  40 -1.476066E+00 -1.666744E+00 3.233748E+00 -6.770429E-01 2.757396E+00  5.966957E+09
     8  41 -1.575874E+00 -2.000000E+00 3.100000E+00 -7.178943E-01 2.758305E+00  5.557810E+09
     8  42 -2.104747E+00 -2.000000E+00 3.100000E+00 -7.714541E-01 2.666432E+00  4.550131E+09
     8  43 -1.370447E+00 -1.520633E+00 3.216847E+00 -7.803848E-01 2.785000E+00  6.106484E+09
     8  44 -1.981847E+00 -1.978438E+00 3.197857E+00 -7.234072E-01 2.695687E+00  4.994963E+09
     8  45 -1.815890E+00 -1.738361E+00 3.239800E+00 -7.551329E-01 2.781092E+00  5.397460E+09
     8  46 -1.748281E+00 -1.721036E+00 3.417028E+00 -6.645384E-01 2.649429E+00  5.836192E+09
     8  47 -1.703761E+00 -1.781061E+00 3.209424E+00 -6.165180E-01 2.774128E+00  5.540752E+09
     8  48 -1.861987E+00 -1.591747E+00 3.146128E+00 -5.500000E-01 2.868348E+00  5.137376E+09
     8  49 -2.106797E+00 -1.587549E+00 3.192682E+00 -7.130826E-01 2.888958E+00  4.752032E+09
     8  50 -2.160330E+00 -1.654951E+00 3.170662E+00 -7.720349E-01 2.715826E+00  4.594437E+09
     8  51 -2.200000E+00 -1.569691E+00 3.267293E+00 -7.673578E-01 2.605381E+00  4.716418E+09
     8  52 -1.959685E+00 -1.779573E+00 3.185359E+00 -6.265071E-01 2.908362E+00  5.019891E+09
     8  53 -1.459509E+00 -1.718630E+00 3.234392E+00 -6.498079E-01 2.736781E+00  5.992022E+09
     8  54 -2.060709E+00 -1.241078E+00 3.418669E+00 -5.500000E-01 2.777658E+00  5.315534E+09
     8  55 -1.837465E+00 -1.739965E+00 3.114609E+00 -8.541859E-01 2.683673E+00  5.114275E+09
     8  56 -1.706424E+00 -1.540837E+00 3.229285E+00 -7.750000E-01 2.746229E+00  5.581926E+09
     8  57 -2.200000E+00 -1.327605E+00 3.206031E+00 -6.788561E-01 2.594039E+00  4.607719E+09
     8  58 -2.003532E+00 -1.595610E+00 3.343166E+00 -7.750000E-01 2.646803E+00  5.251635E+09
     8  59 -1.644821E+00 -1.891064E+00 3.107094E+00 -6.688109E-01 2.589626E+00  5.450703E+09
     8  60 -2.200000E+00 -1.344251E+00 3.210933E+00 -7.352213E-01 2.660843E+00  4.616674E+09
     8  61 -2.200000E+00 -1.575934E+00 3.110197E+00 -5.500000E-01 2.920244E+00  4.394022E+09
     8  62 -1.465008E+00 -1.750423E+00 3.476316E+00 -6.128159E-01 2.817152E+00  6.359660E+09
     8  63 -1.998258E+00 -2.000000E+00 3.223365E+00 -5.500000E-01 2.621178E+00  5.013072E+09
     8  64 -1.880942E+00 -1.443871E+00 3.100000E+00 -7.603646E-01 2.570000E+00  5.016014E+09
     8  65 -2.026928E+00 -1.484369E+00 3.145749E+00 -9.282280E-01 2.932664E+00  4.822282E+09
     8  66 -2.108657E+00 -1.664664E+00 3.303768E+00 -8.036084E-01 2.726420E+00  4.968388E+09
     8  67 -2.027260E+00 -1.232096E+00 3.100000E+00 -9.677137E-01 2.571928E+00  4.747320E+09
     8  68 -1.540393E+00 -1.748140E+00 3.174572E+00 -5.500000E-01 2.950075E+00  5.760362E+09
     8  69 -1.826919E+00 -1.642199E+00 3.132451E+00 -6.299156E-01 2.747834E+00  5.173733E+09
     8  70 -1.719132E+00 -1.586089E+00 3.227175E+00 -7.750000E-01 2.747397E+00  5.553492E+09
     8  71 -1.641276E+00 -1.450000E+00 3.229395E+00 -7.384483E-01 2.723032E+00  5.699571E+09
     8  72 -1.752623E+00 -1.611774E+00 3.162483E+00 -9.482216E-01 2.684126E+00  5.370769E+09
     8  73 -1.869841E+00 -1.433964E+00 3.183860E+00 -6.916272E-01 2.808995E+00  5.205081E+09
     8  74 -1.666331E+00 -1.137636E+00 3.282986E+00 -8.002092E-01 3.000000E+00  5.780875E+09
     8  75 -2.200000E+00 -1.840352E+00 3.100000E+00 -5.929711E-01 2.809183E+00  5.266797E+02
     8  76 -1.668994E+00 -1.686164E+00 3.100000E+00 -7.644765E-01 2.570000E+00  5.400078E+09
     8  77 -1.898000E+00 -1.854340E+00 3.100000E+00 -7.469258E-01 2.765662E+00  4.965699E+09
     8  78 -1.575972E+00 -1.914323E+00 3.100000E+00 -6.788044E-01 2.854568E+00  5.560276E+09
     8  79 -1.418603E+00 -1.699421E+00 3.138648E+00 -5.768193E-01 2.701135E+00  5.895367E+09
     9   0 -1.944623E+00 -1.801074E+00 3.161548E+00 -7.583644E-01 2.644477E+00  4.998952E+09
     9   1 -1.911096E+00 -1.582438E+00 3.237999E+00 -6.211694E-01 2.667729E+00  5.222948E+09
     9   2 -2.062047E+00 -1.657461E+00 3.174115E+00 -7.750000E-01 2.724325E+00  4.798953E+09
     9   3 -2.200000E+00 -1.570068E+00 3.280149E+00 -7.340018E-01 2.728119E+00  4.743299E+09
     9   4 -1.670421E+00 -1.620836E+00 3.100000E+00 -7.995119E-01 2.570000E+00  5.400199E+09
     9   5 -2.079312E+00 -1.445482E+00 3.303614E+00 -7.167136E-01 3.000000E+00  5.039321E+09
     9   6 -2.160545E+00 -1.598490E+00 3.307973E+00 -7.189162E-01 2.762963E+00  4.877493E+09
     9   7 -1.709849E+00 -1.360022E+00 3.246452E+00 -6.526282E-01 2.596095E+00  5.617862E+09
     9   8 -2.200000E+00 -1.511524E+00 3.312372E+00 -7.437065E-01 2.939006E+00  4.813586E+09
     9   9 -1.933114E+00 -1.476303E+00 3.256807E+00 -7.750000E-01 2.680973E+00  5.223962E+09
     9  10 -2.200000E+00 -1.918770E+00 3.244466E+00 -6.313523E-01 2.901095E+00  4.658557E+09
     9  11 -2.200000E+00 -1.450000E+00 3.300000E+00 -8.446508E-01 2.969725E+00  4.792797E+09
     9  12 -2.200000E+00 -1.653657E+00 3.100000E+00 -7.180111E-01 2.629693E+00  4.758966E+02
     9  13 -2.200000E+00 -1.762305E+00 3.213169E+00 -8.703119E-01 2.686940E+00  4.597097E+09
     9  14 -1.957230E+00 -1.450000E+00 3.256275E+00 -5.500000E-01 2.601881E+00  5.178426E+09
     9  15 -2.200000E+00 -1.197874E+00 3.257441E+00 -6.293684E-01 2.648408E+00  4.727407E+09
     9  16 -1.681383E+00 -1.225705E+00 3.161676E+00 -6.831775E-01 2.703219E+00  5.524813E+09
     9  17 -2.016937E+00 -1.435832E+00 3.214559E+00 -6.435810E-01 2.661688E+00  4.981870E+09
     9  18 -2.200000E+00 -1.930675E+00 3.271291E+00 -6.770464E-01 2.785000E+00  4.712266E+09
     9  19 -1.652331E+00 -1.568255E+00 3.240582E+00 -6.542037E-01 2.664790E+00  5.694081E+09
     9  20 -2.071944E+00 -1.568760E+00 3.300952E+00 -6.970560E-01 2.741628E+00  5.039286E+09
     9  21 -2.200000E+00 -1.165509E+00 3.140800E+00 -6.542673E-01 2.772043E+00  4.491955E+09
     9  22 -1.632632E+00 -1.450000E+00 3.300000E+00 -6.647650E-01 2.785000E+00  5.838182E+09
     9  23 -2.200000E+00 -1.371204E+00 3.100000E+00 -7.294258E-01 2.706481E+00  4.894845E+02
     9  24 -1.412672E+00 -1.004741E+00 3.186542E+00 -7.215506E-01 2.797243E+00  6.039422E+09
     9  25 -1.672409E+00 -1.450000E+00 3.259303E+00 -8.378271E-01 2.968112E+00  5.701508E+09
     9  26 -2.200000E+00 -1.858143E+00 3.125814E+00 -6.509766E-01 2.570000E+00  4.412296E+09
     9  27 -1.323314E+00 -1.193795E+00 3.229500E+00 -8.180307E-01 2.829332E+00  6.217298E+09
     9  28 -2.200000E+00 -1.450000E+00 3.300000E+00 -5.616971E-01 3.000000E+00  4.793087E+09
     9  29 -2.200000E+00 -1.334032E+00 3.309486E+00 -8.053066E-01 2.632955E+00  4.819231E+09
     9  30 -1.952100E+00 -1.454559E+00 3.270748E+00 -7.778751E-01 2.791180E+00  5.217101E+09
     9  31 -2.200000E+00 -1.954756E+00 3.282724E+00 -7.262222E-01 2.604756E+00  4.734207E+09
     9  32 -1.989727E+00 -2.000000E+00 3.185306E+00 -7.428594E-01 2.720289E+00  4.954064E+09
     9  33 -1.949952E+00 -1.357875E+00 3.268385E+00 -7.627888E-01 2.642598E+00  5.222927E+09
     9  34 -1.932757E+00 -1.593649E+00 3.118994E+00 -6.656256E-01 2.570000E+00  4.944603E+09
     9  35 -1.809739E+00 -1.586950E+00 3.300000E+00 -7.068447E-01 2.785000E+00  5.527144E+09
     9  36 -2.200000E+00 -1.307513E+00 3.115649E+00 -5.766939E-01 2.819215E+00  4.423980E+09
     9  37 -2.200000E+00 -1.571243E+00 3.309766E+00 -7.479851E-01 2.610482E+00  4.803120E+09
     9  38 -1.506943E+00 -1.564326E+00 3.198726E+00 -6.140387E-01 2.669808E+00  5.862200E+09
     9  39 -1.653297E+00 -1.977432E+00 3.300000E+00 -7.084889E-01 2.802829E+00  5.785677E+09
     9  40 -1.931835E+00 -1.116744E+00 3.344524E+00 -6.815912E-01 2.678897E+00  5.427944E+09
     9  41 -1.655996E+00 -1.450000E+00 3.191004E+00 -7.211758E-01 2.729505E+00  5.605032E+09
     9  42 -1.914969E+00 -1.649295E+00 3.300000E+00 -7.770015E-01 2.616213E+00  5.331993E+09
     9  43 -2.067761E+00 -1.226336E+00 3.288958E+00 -7.240494E-01 2.570000E+00  5.049633E+09
     9  44 -1.784406E+00 -1.642512E+00 3.181648E+00 -7.006800E-01 2.635288E+00  5.347423E+09
     9  45 -2.081641E+00 -1.646328E+00 3.239575E+00 -5.836100E-01 2.946851E+00  4.506024E+02
     9  46 -2.200000E+00 -1.609113E+00 3.217028E+00 -7.670782E-01 2.716770E+00  4.611728E+09
     9  47 -2.200000E+00 -1.849297E+00 3.241111E+00 -8.263814E-01 2.875710E+00  4.796906E+02
     9  48 -1.902620E+00 -1.418517E+00 3.224141E+00 -7.750000E-01 2.825773E+00  5.222812E+09
     9  49 -2.200000E+00 -1.627872E+00 3.100000E+00 -8.188796E-01 2.903602E+00  4.370052E+09
     9  50 -2.200000E+00 -1.644688E+00 3.147853E+00 -7.767136E-01 2.713409E+00  4.466794E+09
     9  51 -1.698146E+00 -1.507291E+00 3.237117E+00 -6.662915E-01 2.661870E+00  5.612004E+09
     9  52 -2.200000E+00 -1.547074E+00 3.304598E+00 -8.515071E-01 2.709440E+00  4.794298E+09
     9  53 -1.582203E+00 -1.575380E+00 3.121236E+00 -6.569275E-01 2.683999E+00  5.598315E+09
     9  54 -2.200000E+00 -1.790285E+00 3.294712E+00 -6.038856E-01 2.752019E+00  4.763874E+09
     9  55 -2.200000E+00 -2.000000E+00 3.132614E+00 -6.291859E-01 2.767636E+00  4.424348E+09
     9  56 -2.200000E+00 -1.704543E+00 3.138134E+00 -8.621634E-01 2.811855E+00  4.444838E+09
     9  57 -2.049141E+00 -1.562909E+00 3.278347E+00 -7.265119E-01 2.570000E+00  5.038230E+09
     9  58 -2.093166E+00 -1.187428E+00 3.143166E+00 -7.742412E-01 2.634197E+00  4.709480E+09
     9  59 -1.749792E+00 -1.572115E+00 3.212900E+00 -8.344922E-01 2.570000E+00  5.472332E+09
     9  60 -1.691224E+00 -1.509826E+00 3.292309E+00 -7.308833E-01 2.660587E+00  5.722908E+09
     9  61 -1.936338E+00 -1.378078E+00 3.148473E+00 -7.476112E-01 2.986187E+00  5.013934E+09
     9  62 -2.200000E+00 -1.721400E+00 3.307395E+00 -6.200519E-01 2.750206E+00  4.792151E+09
     9  63 -2.158362E+00 -1.856242E+00 3.129119E+00 -6.606273E-01 2.626967E+00  4.504610E+09
     9  64 -1.934678E+00 -1.576698E+00 3.266301E+00 -6.885793E-01 2.785000E+00  5.234320E+09
     9  65 -2.007215E+00 -1.654301E+00 3.222964E+00 -7.032280E-01 2.717664E+00  5.005698E+09
     9  66 -2.200000E+00 -1.283096E+00 3.197297E+00 -6.735927E-01 2.818961E+00  4.595488E+09
     9  67 -1.851561E+00 -1.736015E+00 3.165431E+00 -7.647832E-01 2.596328E+00  5.187019E+09
     9  68 -2.076530E+00 -1.420486E+00 3.190757E+00 -7.750000E-01 2.735075E+00  4.817789E+09
     9  69 -1.545248E+00 -1.455641E+00 3.148333E+00 -5.500000E-01 2.730929E+00  5.716905E+09
     9  70 -2.200000E+00 -1.742772E+00 3.147144E+00 -8.328882E-01 2.723974E+00  4.461333E+09
     9  71 -2.200000E+00 -2.000000E+00 3.152732E+00 -7.463206E-01 2.804317E+00  4.466409E+09
     9  72 -1.597971E+00 -1.539909E+00 3.208290E+00 -8.625021E-01 2.719725E+00  5.730225E+09
     9  73 -1.815079E+00 -1.750745E+00 3.210536E+00 -7.465517E-01 2.868117E+00  5.343549E+09
     9  74 -2.200000E+00 -9.215654E-01 3.254315E+00 -7.146919E-01 2.785000E+00  4.767680E+09
     9  75 -1.819024E+00 -1.572352E+00 3.161618E+00 -6.369685E-01 2.749625E+00  5.248688E+09
     9  76 -2.200000E+00 -1.660725E+00 3.140738E+00 -8.298490E-01 2.785000E+00  4.451851E+09
     9  77 -2.200000E+00 -1.779300E+00 3.300000E+00 -5.500000E-01 2.733723E+00  4.774963E+09
     9  78 -1.918047E+00 -1.546152E+00 3.222831E+00 -7.240125E-01 2.639568E+00  5.181936E+09
     9  79 -1.834676E+00 -1.527391E+00 3.139633E+00 -6.495017E-01 2.707373E+00  5.178588E+09
    10   0 -2.133643E+00 -1.251074E+00 3.291007E+00 -6.280426E-01 2.570000E+00  4.921756E+09
    10   1 -2.003593E+00 -2.000000E+00 3.262473E+00 -6.443977E-01 2.625166E+00  5.080501E+09
    10   2 -2.095681E+00 -1.533275E+00 3.197937E+00 -9.219913E-01 2.845139E+00  4.787605E+09
    10   3 -1.862497E+00 -1.886310E+00 3.211218E+00 -5.500000E-01 2.596507E+00  5.251103E+09
    10   4 -2.186728E+00 -1.350401E+00 3.266929E+00 -7.473321E-01 2.785000E+00  4.758506E+09
    10   5 -1.910829E+00 -1.749325E+00 3.457917E+00 -6.793293E-01 2.878508E+00  5.630507E+09
    10   6 -2.200000E+00 -1.452081E+00 3.375184E+00 -7.348322E-01 2.784868E+00  4.943312E+09
    10   7 -1.660362E+00 -1.522980E+00 3.100000E+00 -5.919234E-01 2.697247E+00  5.423953E+09
    10   8 -1.689764E+00 -9.615242E-01 3.277304E+00 -5.814911E-01 2.771387E+00  5.755535E+09
    10   9 -2.200000E+00 -1.541327E+00 3.100000E+00 -5.900882E-01 2.793336E+00  5.083091E+02
    10  10 -1.772505E+00 -1.984395E+00 3.157837E+00 -7.384892E-01 2.759209E+00  5.314390E+09
    10  11 -1.852280E+00 -1.330264E+00 3.383160E+00 -8.704450E-01 2.754725E+00  5.619724E+09
    10  12 -1.607065E+00 -1.679281E+00 3.243682E+00 -7.433834E-01 2.578549E+00  5.770932E+09
    10  13 -1.423169E+00 -1.474527E+00 3.266126E+00 -7.337789E-01 2.769030E+00  6.109143E+09
    10  14 -2.173965E+00 -1.152658E+00 3.237550E+00 -6.128098E-01 2.647644E+00  4.744912E+09
    10  15 -1.493077E+00 -1.747874E+00 3.227986E+00 -6.468436E-01 2.571969E+00  5.927039E+09
    10  16 -1.887823E+00 -1.348155E+00 3.196769E+00 -7.225759E-01 2.710077E+00  5.202198E+09
    10  17 -2.200000E+00 -1.610639E+00 3.229451E+00 -6.789364E-01 2.678890E+00  4.636974E+09
    10  18 -1.854386E+00 -1.883318E+00 3.274852E+00 -8.312332E-01 2.601398E+00  5.388314E+09
    10  19 -1.912842E+00 -1.569616E+00 3.143361E+00 -5.836898E-01 2.858322E+00  5.035408E+09
    10  20 -2.049086E+00 -1.593542E+00 3.208447E+00 -7.151248E-01 2.747214E+00  4.897381E+09
    10  21 -1.623480E+00 -1.231738E+00 3.119914E+00 -7.249062E-01 2.747468E+00  5.549073E+09
    10  22 -1.761293E+00 -9.000000E-01 3.412577E+00 -7.624448E-01 2.982848E+00  5.882445E+09
    10  23 -1.608868E+00 -1.397493E+00 3.198392E+00 -7.998644E-01 2.703080E+00  5.702528E+09
    10  24 -2.200000E+00 -1.477069E+00 3.273006E+00 -7.074606E-01 2.878180E+00  4.735264E+09
    10  25 -2.084853E+00 -9.984173E-01 3.306982E+00 -6.853313E-01 2.753112E+00  5.085581E+09
    10  26 -1.922246E+00 -1.480101E+00 3.144709E+00 -6.510231E-01 2.656282E+00  5.023474E+09
    10  27 -2.191422E+00 -1.643136E+00 3.150246E+00 -7.291310E-01 2.638270E+00  4.488870E+09
    10  28 -1.650355E+00 -9.716746E-01 3.367759E+00 -6.694642E-01 2.785000E+00  5.972928E+09
    10  29 -1.792019E+00 -1.239505E+00 3.236265E+00 -7.908207E-01 2.661898E+00  5.464480E+09
    10  30 -2.200000E+00 -1.619254E+00 3.167986E+00 -5.528751E-01 2.792729E+00  4.510399E+09
    10  31 -1.857956E+00 -1.800610E+00 3.173996E+00 -7.162980E-01 2.682309E+00  5.190130E+09
    10  32 -2.200000E+00 -1.616188E+00 3.100000E+00 -7.090563E-01 2.645780E+00  4.784707E+02
    10  33 -2.200000E+00 -1.620546E+00 3.260874E+00 -8.443992E-01 2.573452E+00  4.700529E+09
    10  34 -2.200000E+00 -1.684253E+00 3.100000E+00 -5.758029E-01 2.785000E+00  5.119634E+02
    10  35 -2.200000E+00 -1.598380E+00 3.421803E+00 -7.011207E-01 2.697602E+00  5.027758E+09
    10  36 -1.800730E+00 -1.524769E+00 3.138766E+00 -8.016939E-01 2.936477E+00  4.436185E+02
    10  37 -1.782484E+00 -1.672559E+00 3.311222E+00 -7.240602E-01 2.744391E+00  5.592204E+09
    10  38 -2.200000E+00 -1.412946E+00 3.163303E+00 -6.145502E-01 2.777603E+00  4.513328E+09
    10  39 -2.200000E+00 -1.506324E+00 3.406678E+00 -6.409679E-01 2.749721E+00  5.002812E+09
    10  40 -2.200000E+00 -9.767208E-01 3.298918E+00 -6.927504E-01 2.626193E+00  4.846267E+09
    10  41 -2.200000E+00 -1.629905E+00 3.242959E+00 -6.999138E-01 2.702444E+00  4.664002E+09
    10  42 -1.827956E+00 -1.587481E+00 3.134548E+00 -7.274873E-01 2.713152E+00  5.178184E+09
    10  43 -2.200000E+00 -1.776336E+00 3.308863E+00 -7.885877E-01 2.570000E+00  4.792349E+09
    10  44 -1.701279E+00 -1.308791E+00 3.118445E+00 -7.031336E-01 2.699788E+00  5.400175E+09
    10  45 -2.200000E+00 -1.573053E+00 3.406833E+00 -5.500000E-01 3.000000E+00  5.000736E+09
    10  46 -1.791175E+00 -1.533553E+00 3.100000E+00 -6.022171E-01 2.888309E+00  5.184263E+09
    10  47 -1.764964E+00 -1.827413E+00 3.236936E+00 -9.376264E-01 2.831671E+00  5.481866E+09
    10  48 -1.952519E+00 -1.709312E+00 3.192873E+00 -8.042410E-01 2.636612E+00  5.049266E+09
    10  49 -1.975498E+00 -1.559238E+00 3.300000E+00 -6.771308E-01 2.820611E+00  5.223662E+09
    10  50 -1.758815E+00 -1.682974E+00 3.127237E+00 -6.787006E-01 2.711954E+00  5.289027E+09
    10  51 -1.757817E+00 -1.576415E+00 3.171499E+00 -6.452455E-01 2.738791E+00  5.380435E+09
    10  52 -1.796817E+00 -1.509134E+00 3.186110E+00 -8.713791E-01 2.570000E+00  5.339441E+09
    10  53 -2.200000E+00 -1.451611E+00 3.100000E+00 -6.334803E-01 2.746457E+00  4.954882E+02
    10  54 -1.973914E+00 -2.000000E+00 3.157319E+00 -6.868695E-01 2.684915E+00  4.928585E+09
    10  55 -1.537057E+00 -1.450000E+00 3.173632E+00 -6.504781E-01 2.883773E+00  5.776729E+09
    10  56 -1.735661E+00 -1.565600E+00 3.116547E+00 -6.371634E-01 2.786099E+00  5.317088E+09
    10  57 -1.820462E+00 -1.803166E+00 3.100000E+00 -5.824143E-01 2.785000E+00  5.116563E+09
    10  58 -2.124874E+00 -1.466242E+00 3.100000E+00 -6.864785E-01 2.605090E+00  4.530052E+09
    10  59 -1.983270E+00 -1.454181E+00 3.235041E+00 -8.140492E-01 2.761933E+00  5.087326E+09
    10  60 -1.678615E+00 -1.572098E+00 3.175524E+00 -6.859509E-01 2.875587E+00  5.531385E+09
    10  61 -1.727224E+00 -1.332303E+00 3.172372E+00 -7.162384E-01 2.881672E+00  5.454360E+09
    10  62 -1.690615E+00 -1.548203E+00 3.107395E+00 -5.794968E-01 2.658106E+00  5.381736E+09
    10  63 -2.200000E+00 -1.567440E+00 3.100000E+00 -7.040091E-01 2.701665E+00  4.926990E+02
    10  64 -2.200000E+00 -1.489871E+00 3.390217E+00 -5.969752E-01 2.932277E+00  4.971890E+09
    10  65 -1.986041E+00 -1.414941E+00 3.133808E+00 -6.745192E-01 2.570000E+00  4.880925E+09
    10  66 -1.634015E+00 -1.300213E+00 3.100000E+00 -6.420226E-01 2.811654E+00  5.487574E+09
    10  67 -2.177892E+00 -2.000000E+00 3.227491E+00 -5.500000E-01 2.714671E+00  4.665185E+09
    10  68 -2.200000E+00 -1.354980E+00 3.215503E+00 -8.127104E-01 2.571094E+00  4.624672E+09
    10  69 -1.816678E+00 -1.385958E+00 3.120814E+00 -7.672102E-01 2.713330E+00  5.185151E+09
    10  70 -1.450690E+00 -1.534709E+00 3.100000E+00 -6.282221E-01 2.696571E+00  5.783393E+09
    10  71 -1.542990E+00 -1.895011E+00 3.100000E+00 -5.500000E-01 2.810930E+00  5.617218E+09
    10  72 -1.628573E+00 -1.481382E+00 3.179432E+00 -6.375021E-01 2.741764E+00  5.629626E+09
    10  73 -1.945016E+00 -2.000000E+00 3.172341E+00 -7.801975E-01 2.654622E+00  5.014852E+09
    10  74 -1.840644E+00 -9.332111E-01 3.240387E+00 -6.677568E-01 2.653035E+00  5.428364E+09
    10  75 -1.560064E+00 -1.606125E+00 3.165555E+00 -6.404858E-01 2.729842E+00  5.714997E+09
    10  76 -1.740909E+00 -1.591179E+00 3.247471E+00 -7.393252E-01 2.912433E+00  5.553300E+09
    10  77 -1.813030E+00 -1.725774E+00 3.478635E+00 -6.992587E-01 2.682477E+00  5.834438E+09
    10  78 -2.200000E+00 -1.238461E+00 3.271815E+00 -7.418220E-01 2.704794E+00  4.752414E+09
    10  79 -2.200000E+00 -1.354520E+00 3.153109E+00 -7.658275E-01 2.717199E+00  4.496512E+09
    11   0 -2.010719E+00 -9.000000E-01 3.304538E+00 -5.500000E-01 2.785000E+00  5.242486E+09
    11   1 -1.906424E+00 -1.628148E+00 3.186654E+00 -6.413068E-01 2.832200E+00  5.130283E+09
    11   2 -1.876448E+00 -1.410073E+00 3.222985E+00 -9.747388E-01 2.927343E+00  4.316111E+02
    11   3 -1.607167E+00 -1.336310E+00 3.204158E+00 -7.750000E-01 2.790982E+00  5.720651E+09
    11   4 -2.200000E+00 -1.235684E+00 3.298846E+00 -6.449836E-01 2.874513E+00  4.808858E+09
    11   5 -2.181665E+00 -1.719005E+00 3.400992E+00 -6.199453E-01 2.734803E+00  5.017186E+09
    11   6 -2.030316E+00 -1.529189E+00 3.373295E+00 -7.578059E-01 2.740070E+00  5.263112E+09
    11   7 -1.919662E+00 -1.622556E+00 3.195836E+00 -6.336308E-01 2.860389E+00  4.099874E+02
    11   8 -1.829854E+00 -1.295159E+00 3.193119E+00 -5.500000E-01 2.600252E+00  5.307732E+09
    11   9 -1.602017E+00 -1.643490E+00 3.210017E+00 -5.500000E-01 2.749385E+00  5.722065E+09
    11  10 -1.685238E+00 -1.434395E+00 3.129162E+00 -8.309970E-01 2.611332E+00  5.439095E+09
    11  11 -1.599242E+00 -1.880264E+00 3.255676E+00 -8.423482E-01 2.635669E+00  5.799339E+09
    11  12 -2.060941E+00 -1.534434E+00 3.338213E+00 -7.452598E-01 2.685169E+00  5.135816E+09
    11  13 -1.149492E+00 -1.311186E+00 3.273774E+00 -5.500000E-01 2.875866E+00  6.504892E+09
    11  14 -2.200000E+00 -1.088913E+00 3.184063E+00 -7.522988E-01 2.773658E+00  4.592531E+09
    11  15 -1.609158E+00 -2.000000E+00 3.100000E+00 -6.724833E-01 2.570000E+00  5.498349E+09
    11  16 -2.200000E+00 -1.585799E+00 3.149825E+00 -7.389646E-01 2.714489E+00  4.473797E+09
    11  17 -2.033728E+00 -1.825409E+00 3.198189E+00 -7.496218E-01 2.893890E+00  4.899076E+09
    11  18 -1.970925E+00 -1.715494E+00 3.100000E+00 -7.218222E-01 2.664594E+00  4.826395E+09
    11  19 -2.200000E+00 -1.469887E+00 3.190293E+00 -6.313812E-01 3.000000E+00  4.567141E+09
    11  20 -1.837514E+00 -1.476657E+00 3.111592E+00 -7.221181E-01 2.720241E+00  3.886990E+02
    11  21 -1.899070E+00 -1.316190E+00 3.131674E+00 -7.458128E-01 2.724852E+00  5.055377E+09
    11  22 -2.200000E+00 -1.450000E+00 3.397930E+00 -8.240727E-01 2.767848E+00  4.988999E+09
    11  23 -2.086828E+00 -1.517669E+00 3.226346E+00 -7.672940E-01 2.712976E+00  4.862879E+09
    11  24 -1.626084E+00 -1.930733E+00 3.133975E+00 -7.090940E-01 2.805758E+00  5.534571E+09
    11  25 -1.938504E+00 -1.548417E+00 3.133753E+00 -6.901951E-01 2.570000E+00  4.965439E+09
    11  26 -2.011664E+00 -1.571442E+00 3.172744E+00 -6.706208E-01 2.871282E+00  4.901290E+09
    11  27 -2.200000E+00 -1.999258E+00 3.130774E+00 -6.131184E-01 2.570000E+00  4.419185E+09
    11  28 -1.755295E+00 -1.098959E+00 3.234583E+00 -8.826646E-01 2.570000E+00  5.543261E+09
    11  29 -1.934317E+00 -1.311148E+00 3.100000E+00 -8.239036E-01 2.701278E+00  4.923835E+09
    11  30 -1.454608E+00 -1.622775E+00 3.100000E+00 -5.876330E-01 2.918479E+00  5.774863E+09
    11  31 -1.727134E+00 -1.674756E+00 3.100000E+00 -7.056995E-01 2.779629E+00  5.295979E+09
    11  32 -1.799539E+00 -1.179060E+00 3.186614E+00 -6.758722E-01 2.596049E+00  5.363419E+09
    11  33 -1.703595E+00 -1.672343E+00 3.213030E+00 -8.753148E-01 2.707463E+00  5.550983E+09
    11  34 -1.680872E+00 -1.746271E+00 3.213485E+00 -5.500000E-01 2.946208E+00  5.590826E+09
    11  35 -1.750946E+00 -1.743548E+00 3.423336E+00 -6.987123E-01 2.912602E+00  5.842925E+09
    11  36 -1.477471E+00 -1.734934E+00 3.177042E+00 -9.946410E-01 2.993192E+00  5.868303E+09
    11  37 -1.760993E+00 -1.389110E+00 3.161628E+00 -6.962650E-01 2.862849E+00  5.368216E+09
    11  38 -1.511926E+00 -1.419986E+00 3.100000E+00 -8.139691E-01 2.826982E+00  5.689464E+09
    11  39 -1.406190E+00 -1.050446E+00 3.275994E+00 -5.500000E-01 2.693294E+00  6.185254E+09
    11  40 -1.596285E+00 -1.526721E+00 3.101002E+00 -7.041838E-01 2.689157E+00  5.539113E+09
    11  41 -1.587010E+00 -2.000000E+00 3.211590E+00 -6.875113E-01 2.713320E+00  5.740220E+09
    11  42 -1.808139E+00 -1.701172E+00 3.100000E+00 -6.959700E-01 2.758139E+00  5.143262E+09
    11  43 -1.663982E+00 -2.000000E+00 3.108863E+00 -8.732034E-01 2.785000E+00  5.418751E+09
    11  44 -2.029964E+00 -1.531069E+00 3.150770E+00 -7.078523E-01 2.914788E+00  4.823249E+09
    11  45 -1.979038E+00 -1.656876E+00 3.448657E+00 -6.134676E-01 2.785000E+00  5.494781E+09
    11  46 -2.145532E+00 -1.533942E+00 3.282015E+00 -5.500000E-01 2.886282E+00  4.145459E+02
    11  47 -2.022057E+00 -1.631974E+00 3.188345E+00 -7.126264E-01 2.802466E+00  4.908778E+09
    11  48 -1.917400E+00 -1.851579E+00 3.129098E+00 -6.458118E-01 2.619003E+00  4.985334E+09
    11  49 -2.084104E+00 -1.638280E+00 3.316097E+00 -5.500000E-01 2.605611E+00  5.041607E+09
    11  50 -1.981675E+00 -1.752893E+00 3.220907E+00 -6.370907E-01 2.715254E+00  5.047428E+09
    11  51 -2.200000E+00 -1.630691E+00 3.118205E+00 -6.784398E-01 2.776124E+00  4.406367E+09
    11  52 -1.677335E+00 -1.703975E+00 3.100000E+00 -6.463791E-01 2.785000E+00  5.385820E+09
    11  53 -1.434018E+00 -1.410703E+00 3.182527E+00 -6.605491E-01 2.769293E+00  5.959247E+09
    11  54 -1.839586E+00 -1.658637E+00 3.239205E+00 -7.079341E-01 2.682488E+00  5.355302E+09
    11  55 -2.026901E+00 -1.004550E+00 3.149247E+00 -7.842103E-01 3.000000E+00  4.884757E+09
    11  56 -2.011709E+00 -1.292477E+00 3.134840E+00 -5.500000E-01 2.697422E+00  4.843666E+09
    11  57 -1.882382E+00 -1.901633E+00 3.300000E+00 -5.724154E-01 2.819375E+00  5.385175E+09
    11  58 -2.022436E+00 -2.000000E+00 3.275351E+00 -6.193858E-01 2.573112E+00  5.069390E+09
    11  59 -2.200000E+00 -1.847752E+00 3.184999E+00 -6.668953E-01 2.798573E+00  4.536992E+09
    11  60 -2.200000E+00 -1.547465E+00 3.100000E+00 -6.449578E-01 2.925899E+00  4.374532E+09
    11  61 -2.200000E+00 -1.477273E+00 3.198534E+00 -5.838974E-01 2.666672E+00  4.580847E+09
    11  62 -1.734892E+00 -1.467232E+00 3.100000E+00 -7.058360E-01 2.827162E+00  5.292539E+09
    11  63 -1.750557E+00 -1.258932E+00 3.227361E+00 -7.495272E-01 2.774796E+00  5.520791E+09
    11  64 -1.654233E+00 -1.294579E+00 3.194864E+00 -6.318448E-01 2.943965E+00  5.628293E+09
    11  65 -2.035722E+00 -1.120949E+00 3.110855E+00 -8.920069E-01 2.785000E+00  4.768345E+09
    11  66 -1.799568E+00 -1.642432E+00 3.271488E+00 -8.582919E-01 2.706034E+00  5.489708E+09
    11  67 -2.200000E+00 -1.450000E+00 3.143239E+00 -7.750000E-01 2.779599E+00  4.468947E+09
    11  68 -1.853912E+00 -1.904980E+00 3.214692E+00 -6.664016E-01 2.786094E+00  5.274620E+09
    11  69 -2.200000E+00 -1.662029E+00 3.106735E+00 -8.538478E-01 2.768818E+00  5.159120E+02
    11  70 -1.604449E+00 -1.462823E+00 3.168067E+00 -5.500000E-01 2.713094E+00  5.651409E+09
    11  71 -1.817791E+00 -1.345011E+00 3.239399E+00 -7.750000E-01 2.790439E+00  5.414705E+09
    11  72 -2.200000E+00 -1.694749E+00 3.149507E+00 -5.500000E-01 2.716862E+00  4.468116E+09
    11  73 -2.080519E+00 -1.450000E+00 3.100000E+00 -6.985031E-01 2.634538E+00  4.621186E+09
    11  74 -1.573691E+00 -1.483211E+00 3.216986E+00 -7.628159E-01 2.868035E+00  5.789976E+09
    11  75 -1.792656E+00 -1.719987E+00 3.111594E+00 -6.200721E-01 2.820819E+00  5.194978E+09
    11  76 -2.021713E+00 -1.541907E+00 3.234409E+00 -7.479681E-01 2.714522E+00  5.005834E+09
    11  77 -1.698153E+00 -1.761544E+00 3.278635E+00 -7.129938E-01 2.570000E+00  5.676092E+09
    11  78 -1.820236E+00 -1.391614E+00 3.100000E+00 -6.964707E-01 2.897585E+00  5.138689E+09
    11  79 -1.599298E+00 -1.407523E+00 3.183513E+00 -7.354082E-01 2.703621E+00  5.691472E+09
    12   0 -2.025601E+00 -1.450000E+00 3.236554E+00 -7.750000E-01 2.762588E+00  5.008487E+09
    12   1 -1.794524E+00 -1.307520E+00 3.100000E+00 -7.041413E-01 2.919547E+00  4.443949E+02
    12   2 -1.671774E+00 -1.380575E+00 3.234629E+00 -1.000000E+00 2.810906E+00  5.661914E+09
    12   3 -1.806004E+00 -9.000000E-01 3.216148E+00 -6.499581E-01 2.952134E+00  5.454271E+09
    12   4 -1.724543E+00 -1.773274E+00 3.252039E+00 -6.093220E-01 2.798553E+00  5.582814E+09
    12   5 -2.200000E+00 -1.242147E+00 3.223312E+00 -6.239652E-01 2.795926E+00  4.382009E+02
    12   6 -1.913489E+00 -1.683414E+00 3.322250E+00 -7.980561E-01 2.728382E+00  5.376225E+09
    12   7 -2.078382E+00 -1.336857E+00 3.159445E+00 -6.723520E-01 2.807838E+00  4.445234E+02
    12   8 -2.018880E+00 -1.747917E+00 3.191141E+00 -7.294350E-01 2.815252E+00  4.916061E+09
    12   9 -1.611331E+00 -1.635215E+00 3.272847E+00 -6.532845E-01 2.654760E+00  5.816746E+09
    12  10 -1.888187E+00 -1.010096E+00 3.329162E+00 -6.524562E-01 2.706301E+00  5.494512E+09
    12  11 -1.756822E+00 -2.000000E+00 3.160355E+00 -6.173482E-01 2.667625E+00  5.347130E+09
    12  12 -2.200000E+00 -1.435548E+00 3.138213E+00 -6.892565E-01 2.776243E+00  4.459553E+09
    12  13 -1.894038E+00 -1.821700E+00 3.121925E+00 -7.750000E-01 2.806694E+00  4.472997E+02
    12  14 -1.903765E+00 -1.158344E+00 3.161781E+00 -8.827741E-01 2.838701E+00  5.123922E+09
    12  15 -1.854057E+00 -1.450000E+00 3.257419E+00 -7.150640E-01 2.750882E+00  5.374584E+09
    12  16 -1.759566E+00 -1.483181E+00 3.130019E+00 -6.291813E-01 2.717017E+00  5.302938E+09
    12  17 -1.875108E+00 -1.907803E+00 3.180911E+00 -8.790408E-01 2.961054E+00  4.667121E+02
    12  18 -2.200000E+00 -1.454272E+00 3.197397E+00 -6.369423E-01 2.791750E+00  4.580927E+09
    12  19 -1.815630E+00 -1.429966E+00 3.240541E+00 -7.658611E-01 2.785000E+00  5.414445E+09
    12  20 -1.701024E+00 -1.421033E+00 3.250959E+00 -6.945390E-01 2.691074E+00  5.637450E+09
    12  21 -2.200000E+00 -1.487741E+00 3.185031E+00 -7.081822E-01 2.739807E+00  4.552726E+09
    12  22 -1.672560E+00 -1.968986E+00 3.197930E+00 -7.739823E-01 2.570000E+00  5.568822E+09
    12  23 -2.200000E+00 -1.469461E+00 3.205921E+00 -6.476148E-01 2.728046E+00  4.597038E+09
    12  24 -1.974795E+00 -1.953267E+00 3.100000E+00 -7.193374E-01 2.723728E+00  4.812127E+09
    12  25 -1.742786E+00 -2.000000E+00 3.100000E+00 -7.333568E-01 2.785000E+00  5.257752E+09
    12  26 -2.143998E+00 -1.841566E+00 3.207893E+00 -6.502173E-01 2.982037E+00  4.699471E+09
    12  27 -1.770019E+00 -1.449258E+00 3.207929E+00 -7.305318E-01 2.785000E+00  5.434586E+09
    12  28 -2.200000E+00 -1.566882E+00 3.100000E+00 -9.015276E-01 2.570000E+00  4.370315E+09
    12  29 -2.200000E+00 -1.367942E+00 3.224985E+00 -7.976470E-01 2.767078E+00  4.644182E+09
    12  30 -1.604054E+00 -1.483104E+00 3.266841E+00 -6.768955E-01 2.752370E+00  5.825858E+09
    12  31 -1.772067E+00 -1.549395E+00 3.243989E+00 -7.099828E-01 2.667713E+00  5.491935E+09
    12  32 -2.146333E+00 -1.198204E+00 3.254383E+00 -7.030118E-01 2.677817E+00  4.828912E+09
    12  33 -1.855060E+00 -1.376493E+00 3.148109E+00 -9.042636E-01 2.922463E+00  4.496823E+02
    12  34 -1.515139E+00 -1.591869E+00 3.263823E+00 -7.750000E-01 2.908936E+00  5.959603E+09
    12  35 -1.788296E+00 -1.697394E+00 3.223336E+00 -7.003178E-01 3.000000E+00  5.419874E+09
    12  36 -1.537800E+00 -1.682697E+00 3.223645E+00 -9.720336E-01 2.959687E+00  5.852195E+09
    12  37 -2.049634E+00 -1.284639E+00 3.133010E+00 -6.322729E-01 2.826097E+00  4.528423E+02
    12  38 -2.197593E+00 -1.923337E+00 3.190713E+00 -9.917049E-01 2.700733E+00  4.550915E+09
    12  39 -1.042784E+00 -9.000000E-01 3.100000E+00 -6.446932E-01 2.853017E+00  6.436453E+09
    12  40 -2.182561E+00 -1.701403E+00 3.100000E+00 -7.074611E-01 2.764894E+00  4.401021E+09
    12  41 -1.723224E+00 -1.589835E+00 3.140224E+00 -7.137915E-01 2.793567E+00  5.383770E+09
    12  42 -1.999070E+00 -1.995028E+00 3.170078E+00 -7.690094E-01 2.624185E+00  4.904558E+09
    12  43 -1.765328E+00 -1.543007E+00 3.100000E+00 -8.050146E-01 2.913732E+00  4.464458E+02
    12  44 -2.200000E+00 -1.822223E+00 3.195221E+00 -7.171784E-01 3.000000E+00  4.560845E+09
    12  45 -1.872764E+00 -1.606842E+00 3.248657E+00 -7.174471E-01 2.613234E+00  5.313929E+09
    12  46 -2.200000E+00 -1.533177E+00 3.443045E+00 -7.545030E-01 2.671282E+00  5.073266E+09
    12  47 -2.200000E+00 -1.656115E+00 3.217857E+00 -6.487130E-01 2.761414E+00  4.611542E+09
    12  48 -1.833829E+00 -1.817436E+00 3.100000E+00 -5.500000E-01 2.822688E+00  5.091022E+09
    12  49 -2.076153E+00 -1.621139E+00 3.116097E+00 -7.750000E-01 2.570000E+00  4.652730E+09
    12  50 -2.200000E+00 -1.935249E+00 3.158895E+00 -6.746066E-01 2.718822E+00  4.479968E+09
    12  51 -1.527277E+00 -1.595734E+00 3.158090E+00 -7.492949E-01 2.763797E+00  5.757189E+09
    12  52 -1.909770E+00 -1.663457E+00 3.300000E+00 -6.398637E-01 3.000000E+00  5.343329E+09
    12  53 -1.570857E+00 -1.521466E+00 3.289321E+00 -7.049928E-01 2.744694E+00  5.916186E+09
    12  54 -2.200000E+00 -1.339075E+00 3.316698E+00 -6.624152E-01 2.745943E+00  4.833916E+09
    12  55 -2.200000E+00 -1.036676E+00 3.104694E+00 -8.379831E-01 2.785000E+00  4.436806E+09
    12  56 -2.200000E+00 -1.181799E+00 3.161218E+00 -7.750000E-01 2.699755E+00  4.531616E+09
    12  57 -2.143779E+00 -1.365131E+00 3.387481E+00 -5.880822E-01 2.694800E+00  5.084248E+09
    12  58 -1.929851E+00 -1.450000E+00 3.146891E+00 -5.978686E-01 2.647417E+00  5.015023E+09
    12  59 -1.703714E+00 -1.784338E+00 3.134689E+00 -5.500000E-01 2.583573E+00  5.399820E+09
    12  60 -1.489916E+00 -1.508468E+00 3.271516E+00 -6.159867E-01 2.939735E+00  6.015693E+09
    12  61 -1.753888E+00 -1.814883E+00 3.164868E+00 -5.500000E-01 2.788083E+00  5.366271E+09
    12  62 -2.200000E+00 -1.589348E+00 3.300000E+00 -6.256464E-01 2.985258E+00  4.784570E+09
    12  63 -1.972349E+00 -1.459766E+00 3.156781E+00 -7.419035E-01 2.827820E+00  4.370152E+02
    12  64 -1.335554E+00 -1.005324E+00 3.100000E+00 -7.783513E-01 2.728965E+00  6.013664E+09
    12  65 -2.080536E+00 -1.633887E+00 3.112979E+00 -8.430916E-01 2.977986E+00  4.640582E+09
    12  66 -2.200000E+00 -1.799062E+00 3.296930E+00 -8.696868E-01 2.766456E+00  4.768168E+09
    12  67 -1.668742E+00 -1.013704E+00 3.100000E+00 -9.022263E-01 2.668743E+00  5.460174E+09
    12  68 -1.642407E+00 -2.000000E+00 3.211045E+00 -5.735446E-01 2.888174E+00  5.646408E+09
    12  69 -1.666061E+00 -1.845593E+00 3.161982E+00 -8.984769E-01 2.789791E+00  5.517910E+09
    12  70 -2.094115E+00 -1.597234E+00 3.197369E+00 -7.750000E-01 2.862211E+00  4.786234E+09
    12  71 -2.200000E+00 -1.026164E+00 3.207202E+00 -8.720162E-01 2.771125E+00  4.650487E+09
    12  72 -1.397153E+00 -1.813875E+00 3.126488E+00 -7.750000E-01 2.694830E+00  5.905062E+09
    12  73 -2.082033E+00 -1.771874E+00 3.208145E+00 -6.467467E-01 2.760131E+00  4.824255E+09
    12  74 -2.200000E+00 -2.000000E+00 3.248230E+00 -8.122499E-01 2.999570E+00  4.665332E+09
    12  75 -2.200000E+00 -1.803904E+00 3.119726E+00 -6.962244E-01 2.867830E+00  4.403616E+09
    12  76 -2.187059E+00 -1.502500E+00 3.106260E+00 -8.649342E-01 2.584580E+00  4.413662E+09
    12  77 -2.164726E+00 -1.857744E+00 3.100000E+00 -5.642327E-01 2.785000E+00  4.432380E+09
    12  78 -1.526366E+00 -1.751402E+00 3.300000E+00 -6.328632E-01 2.956289E+00  5.996799E+09
    12  79 -1.374048E+00 -1.562207E+00 3.197207E+00 -6.684749E-01 2.696749E+00  6.067003E+09
    13   0 -2.125781E+00 -1.923419E+00 3.143769E+00 -7.117321E-01 2.570000E+00  4.598964E+09
    13   1 -1.730281E+00 -1.857520E+00 3.217019E+00 -6.564815E-01 2.704547E+00  5.505292E+09
    13   2 -1.770248E+00 -1.476215E+00 3.228420E+00 -7.990604E-01 2.708003E+00  5.470431E+09
    13   3 -2.200000E+00 -1.450000E+00 3.276761E+00 -5.500000E-01 2.737134E+00  4.743847E+09
    13   4 -1.881746E+00 -2.000000E+00 3.100000E+00 -6.439986E-01 2.641676E+00  4.992843E+09
    13   5 -1.711927E+00 -9.921822E-01 3.112606E+00 -6.432689E-01 2.831197E+00  5.411109E+09
    13   6 -2.190437E+00 -1.718089E+00 3.235309E+00 -7.876491E-01 2.785734E+00  4.664263E+09
    13   7 -1.873094E+00 -1.345948E+00 3.100000E+00 -6.237632E-01 2.756651E+00  3.956452E+02
    13   8 -2.200000E+00 -1.525772E+00 3.231596E+00 -7.570626E-01 2.892697E+00  4.647500E+09
    13   9 -2.049363E+00 -1.421568E+00 3.100000E+00 -8.013421E-01 2.583285E+00  4.685582E+09
    13  10 -2.200000E+00 -1.560096E+00 3.362607E+00 -5.534005E-01 2.920921E+00  4.912230E+09
    13  11 -2.031925E+00 -1.532584E+00 3.122466E+00 -5.890350E-01 2.882625E+00  4.661379E+02
    13  12 -1.750859E+00 -1.550613E+00 3.100000E+00 -6.722748E-01 2.648927E+00  5.256751E+09
    13  13 -2.200000E+00 -2.000000E+00 3.100000E+00 -9.420583E-01 2.690330E+00  5.202028E+02
    13  14 -1.738924E+00 -1.655292E+00 3.166178E+00 -6.651899E-01 2.690261E+00  5.400855E+09
    13  15 -2.200000E+00 -1.233880E+00 3.229125E+00 -7.139615E-01 2.797693E+00  4.665988E+09
    13  16 -2.014958E+00 -1.353399E+00 3.155246E+00 -5.669469E-01 2.701711E+00  4.872975E+09
    13  17 -1.734153E+00 -1.427939E+00 3.196926E+00 -9.420652E-01 2.746054E+00  5.479671E+09
    13  18 -1.787104E+00 -1.489093E+00 3.277312E+00 -7.660952E-01 2.895761E+00  5.531441E+09
    13  19 -2.035811E+00 -1.478384E+00 3.223605E+00 -8.170971E-01 2.662676E+00  4.960175E+09
    13  20 -1.774953E+00 -1.533326E+00 3.368136E+00 -6.768926E-01 2.708922E+00  5.713618E+09
    13  21 -1.788266E+00 -1.550552E+00 3.216256E+00 -6.210741E-01 2.781136E+00  5.411246E+09
    13  22 -1.799073E+00 -1.418986E+00 3.100000E+00 -6.459835E-01 2.785000E+00  5.175650E+09
    13  23 -1.926323E+00 -1.338071E+00 3.100000E+00 -5.782289E-01 2.707847E+00  4.937077E+09
    13  24 -2.200000E+00 -1.648437E+00 3.183466E+00 -7.219407E-01 2.647861E+00  4.540084E+09
    13  25 -1.677840E+00 -1.452707E+00 3.300000E+00 -8.430157E-01 2.965070E+00  5.763983E+09
    13  26 -2.200000E+00 -1.954711E+00 3.100000E+00 -5.714103E-01 2.803177E+00  5.285905E+02
    13  27 -1.391364E+00 -1.107579E+00 3.225440E+00 -8.028352E-01 2.885449E+00  6.121382E+09
    13  28 -1.568598E+00 -1.973154E+00 3.199405E+00 -7.704160E-01 2.633258E+00  5.749544E+09
    13  29 -1.960537E+00 -1.384286E+00 3.177262E+00 -7.741655E-01 2.746894E+00  5.021579E+09
    13  30 -2.200000E+00 -1.400900E+00 3.196998E+00 -7.193482E-01 2.691473E+00  4.583308E+09
    13  31 -2.200000E+00 -1.570332E+00 3.140516E+00 -7.167277E-01 2.570000E+00  4.454403E+09
    13  32 -2.200000E+00 -1.748204E+00 3.181116E+00 -7.354453E-01 2.745655E+00  4.531794E+09
    13  33 -2.013157E+00 -1.318676E+00 3.140897E+00 -8.075755E-01 2.889234E+00  4.852072E+09
    13  34 -2.200000E+00 -1.437654E+00 3.100000E+00 -6.106490E-01 2.768678E+00  4.994721E+02
    13  35 -2.133587E+00 -1.549184E+00 3.100000E+00 -6.952117E-01 2.785000E+00  4.508540E+09
    13  36 -2.200000E+00 -1.512540E+00 3.155970E+00 -7.910979E-01 2.795868E+00  4.491322E+09
    13  37 -2.200000E+00 -1.241094E+00 3.117999E+00 -6.372965E-01 2.788330E+00  4.435537E+09
    13  38 -2.200000E+00 -2.000000E+00 3.206788E+00 -1.000000E+00 2.570000E+00  4.576875E+09
    13  39 -1.728198E+00 -1.450000E+00 3.300000E+00 -7.470795E-01 2.939483E+00  5.678381E+09
    13  40 -2.200000E+00 -1.799063E+00 3.252166E+00 -7.111725E-01 2.771145E+00  4.676635E+09
    13  41 -2.200000E+00 -1.589271E+00 3.119769E+00 -7.220123E-01 2.798765E+00  4.411883E+09
    13  42 -2.181762E+00 -1.653719E+00 3.254149E+00 -7.641113E-01 2.626615E+00  4.722247E+09
    13  43 -1.911791E+00 -1.099259E+00 3.168245E+00 -6.554780E-01 3.000000E+00  4.852585E+02
    13  44 -1.653157E+00 -1.808798E+00 3.138585E+00 -7.191134E-01 2.785000E+00  5.498234E+09
    13  45 -2.001576E+00 -1.780517E+00 3.100000E+00 -5.744288E-01 2.694907E+00  4.763498E+09
    13  46 -2.033104E+00 -1.530513E+00 3.243045E+00 -7.289950E-01 2.600273E+00  5.000903E+09
    13  47 -1.905922E+00 -1.851446E+00 3.259510E+00 -6.928453E-01 2.775041E+00  5.265036E+09
    13  48 -1.916452E+00 -1.514144E+00 3.209711E+00 -6.909095E-01 2.855839E+00  4.059810E+02
    13  49 -2.077750E+00 -1.530433E+00 3.100000E+00 -6.324414E-01 2.708855E+00  4.622126E+09
    13  50 -1.990013E+00 -1.983780E+00 3.100000E+00 -7.597801E-01 2.710972E+00  4.781116E+09
    13  51 -1.898559E+00 -1.518545E+00 3.219842E+00 -7.876147E-01 2.730093E+00  5.215087E+09
    13  52 -2.145219E+00 -1.559776E+00 3.331624E+00 -7.442134E-01 2.839170E+00  4.957886E+09
    13  53 -2.200000E+00 -1.558736E+00 3.100000E+00 -6.586098E-01 2.708835E+00  4.909255E+02
    13  54 -1.750226E+00 -1.378981E+00 3.322566E+00 -6.263484E-01 2.774904E+00  5.684544E+09
    13  55 -1.740504E+00 -1.586676E+00 3.198198E+00 -6.279024E-01 2.570000E+00  5.460763E+09
    13  56 -1.751039E+00 -1.486377E+00 3.133986E+00 -7.875890E-01 2.871906E+00  5.327256E+09
    13  57 -2.200000E+00 -1.186572E+00 3.187481E+00 -6.217039E-01 2.570000E+00  4.584658E+09
    13  58 -2.079789E+00 -1.163551E+00 3.102338E+00 -7.117213E-01 2.706972E+00  4.582255E+02
    13  59 -1.581838E+00 -1.419554E+00 3.204889E+00 -7.411299E-01 2.570000E+00  5.757420E+09
    13  60 -1.480916E+00 -1.507127E+00 3.371422E+00 -6.142404E-01 2.931997E+00  6.188736E+09
    13  61 -1.940663E+00 -1.778029E+00 3.176373E+00 -6.741816E-01 2.993100E+00  5.039924E+09
    13  62 -1.481016E+00 -1.632081E+00 3.363303E+00 -5.999353E-01 2.770258E+00  6.170100E+09
    13  63 -2.152285E+00 -1.722652E+00 3.102720E+00 -7.199118E-01 2.817935E+00  4.468204E+09
    13  64 -2.121813E+00 -1.042683E+00 3.300000E+00 -7.751968E-01 2.582316E+00  4.991247E+09
    13  65 -2.057701E+00 -1.838969E+00 3.229634E+00 -7.761670E-01 2.799287E+00  4.914061E+09
    13  66 -1.487360E+00 -1.307713E+00 3.196063E+00 -6.446868E-01 2.824938E+00  5.905621E+09
    13  67 -1.764410E+00 -1.152150E+00 3.196203E+00 -6.772263E-01 2.570000E+00  5.448612E+09
    13  68 -1.808779E+00 -1.450000E+00 3.195401E+00 -6.162146E-01 2.676315E+00  5.339323E+09
    13  69 -1.540847E+00 -1.641335E+00 3.141743E+00 -7.075485E-01 2.683552E+00  5.703064E+09
    13  70 -2.200000E+00 -1.718582E+00 3.205128E+00 -6.336338E-01 2.755704E+00  4.582659E+09
    13  71 -1.695606E+00 -1.454659E+00 3.100000E+00 -6.470162E-01 2.791443E+00  5.365057E+09
    13  72 -1.222422E+00 -1.829676E+00 3.146803E+00 -7.173655E-01 2.724999E+00  6.199082E+09
    13  73 -2.035177E+00 -2.000000E+00 3.255465E+00 -6.616654E-01 2.877827E+00  5.006699E+09
    13  74 -1.651022E+00 -1.450000E+00 3.285845E+00 -8.884272E-01 3.000000E+00  5.784572E+09
    13  75 -1.620461E+00 -1.571639E+00 3.205973E+00 -7.308487E-01 2.747590E+00  5.686706E+09
    13  76 -1.952629E+00 -1.491905E+00 3.100000E+00 -8.173395E-01 2.570000E+00  4.872952E+09
    13  77 -2.200000E+00 -1.721966E+00 3.238956E+00 -5.663613E-01 2.955784E+00  4.811374E+02
    13  78 -2.120125E+00 -1.979574E+00 3.412565E+00 -6.692414E-01 2.745155E+00  5.152444E+09
    13  79 -2.200000E+00 -1.634950E+00 3.130783E+00 -6.157178E-01 2.718173E+00  4.431850E+09
    14   0 -2.187089E+00 -2.000000E+00 3.100000E+00 -6.489598E-01 2.741506E+00  4.382830E+09
    14   1 -1.783761E+00 -2.000000E+00 3.184667E+00 -6.027086E-01 2.570000E+00  5.343638E+09
    14   2 -2.004910E+00 -1.521723E+00 3.183435E+00 -6.896517E-01 2.708689E+00  4.937703E+09
    14   3 -1.800489E+00 -2.000000E+00 3.245238E+00 -6.967565E-01 2.670403E+00  5.428491E+09
    14   4 -2.117646E+00 -1.450000E+00 3.244391E+00 -6.984729E-01 2.643590E+00  4.842210E+09
    14   5 -2.125390E+00 -1.542182E+00 3.237551E+00 -6.792725E-01 2.948196E+00  4.635543E+02
    14   6 -2.200000E+00 -1.688119E+00 3.107190E+00 -7.147018E-01 2.744570E+00  5.059217E+02
    14   7 -1.733136E+00 -1.365026E+00 3.195374E+00 -5.719007E-01 2.717526E+00  5.482965E+09
    14   8 -1.703074E+00 -1.318334E+00 3.232703E+00 -7.250690E-01 2.851633E+00  5.609363E+09
    14   9 -2.200000E+00 -1.307529E+00 3.276095E+00 -6.365472E-01 2.730558E+00  4.754156E+09
    14  10 -1.655893E+00 -1.835472E+00 3.254425E+00 -6.421343E-01 3.000000E+00  5.705497E+09
    14  11 -2.022172E+00 -1.236376E+00 3.113926E+00 -7.155061E-01 3.000000E+00  5.002518E+02
    14  12 -1.767818E+00 -1.658409E+00 3.249078E+00 -7.240769E-01 2.601944E+00  5.503795E+09
    14  13 -1.150000E+00 -1.450000E+00 3.199260E+00 -7.170583E-01 2.640577E+00  6.389517E+09
    14  14 -2.147192E+00 -1.686015E+00 3.190583E+00 -5.500000E-01 2.653910E+00  4.660238E+09
    14  15 -1.763871E+00 -1.783880E+00 3.156574E+00 -6.429669E-01 2.582693E+00  5.331755E+09
    14  16 -2.200000E+00 -1.302546E+00 3.162651E+00 -6.647132E-01 2.700901E+00  4.521028E+09
    14  17 -1.763245E+00 -1.492185E+00 3.200367E+00 -7.170652E-01 2.755594E+00  5.429758E+09
    14  18 -1.698440E+00 -1.682204E+00 3.260648E+00 -8.046095E-01 2.750520E+00  5.646660E+09
    14  19 -2.200000E+00 -1.586014E+00 3.142683E+00 -6.648618E-01 2.877676E+00  4.460387E+09
    14  20 -2.015584E+00 -1.637047E+00 3.245870E+00 -6.864239E-01 2.740783E+00  5.036067E+09
    14  21 -1.687535E+00 -1.350948E+00 3.160172E+00 -5.500000E-01 2.754544E+00  5.499997E+09
    14  22 -2.200000E+00 -9.000000E-01 3.300000E+00 -6.781730E-01 2.988760E+00  4.866539E+09
    14  23 -1.855494E+00 -1.458236E+00 3.244692E+00 -7.026965E-01 2.692797E+00  5.346843E+09
    14  24 -1.616800E+00 -1.098437E+00 3.262308E+00 -7.127619E-01 2.661590E+00  5.829987E+09
    14  25 -2.010409E+00 -1.722205E+00 3.280461E+00 -7.613840E-01 2.874778E+00  4.186184E+02
    14  26 -2.099911E+00 -1.488890E+00 3.252577E+00 -6.298890E-01 2.588177E+00  4.891172E+09
    14  27 -1.991731E+00 -1.657579E+00 3.213475E+00 -6.071721E-01 2.670449E+00  5.016515E+09
    14  28 -1.688988E+00 -1.464514E+00 3.190539E+00 -6.877150E-01 2.664323E+00  5.545252E+09
    14  29 -1.743817E+00 -1.341601E+00 3.100000E+00 -7.404622E-01 2.686783E+00  5.284129E+09
    14  30 -1.513431E+00 -1.673125E+00 3.100000E+00 -6.819977E-01 2.896091E+00  5.674862E+09
    14  31 -1.763173E+00 -2.000000E+00 3.100000E+00 -7.162114E-01 2.759674E+00  5.219590E+09
    14  32 -1.803824E+00 -2.000000E+00 3.110260E+00 -7.534475E-01 2.768613E+00  5.163293E+09
    14  33 -1.991415E+00 -1.596281E+00 3.187429E+00 -6.519608E-01 2.674234E+00  4.967924E+09
    14  34 -1.593721E+00 -1.332007E+00 3.196429E+00 -5.795816E-01 2.571359E+00  5.728815E+09
    14  35 -2.169999E+00 -1.387543E+00 3.208091E+00 -7.065178E-01 2.570000E+00  4.667393E+09
    14  36 -1.338825E+00 -1.356553E+00 3.128046E+00 -5.810785E-01 2.812318E+00  6.018953E+09
    14  37 -1.749192E+00 -1.478420E+00 3.203776E+00 -6.641157E-01 2.781092E+00  5.462513E+09
    14  38 -1.840671E+00 -1.450000E+00 3.100000E+00 -7.750000E-01 2.785000E+00  5.094585E+09
    14  39 -2.200000E+00 -2.000000E+00 3.288260E+00 -6.798602E-01 2.747367E+00  4.745212E+09
    14  40 -1.989673E+00 -1.417672E+00 3.245796E+00 -7.066742E-01 2.706992E+00  5.098493E+09
    14  41 -1.639630E+00 -1.511455E+00 3.122769E+00 -7.230349E-01 2.754713E+00  5.504571E+09
    14  42 -2.055405E+00 -1.493180E+00 3.247546E+00 -7.337526E-01 2.714976E+00  4.969114E+09
    14  43 -1.882466E+00 -1.405304E+00 3.171445E+00 -7.424734E-01 2.785000E+00  5.158734E+09
    14  44 -1.836563E+00 -1.378110E+00 3.124125E+00 -7.248834E-01 2.570000E+00  5.153735E+09
    14  45 -2.200000E+00 -1.700249E+00 3.300000E+00 -5.500000E-01 2.793382E+00  4.778199E+09
    14  46 -1.872706E+00 -1.531802E+00 3.100000E+00 -5.664109E-01 2.669507E+00  5.027008E+09
    14  47 -2.034470E+00 -1.751980E+00 3.211739E+00 -8.023777E-01 2.819484E+00  4.926715E+09
    14  48 -1.981676E+00 -1.711621E+00 3.277662E+00 -8.365834E-01 2.640839E+00  5.160602E+09
    14  49 -2.008801E+00 -1.511432E+00 3.202033E+00 -5.500000E-01 2.832179E+00  3.949975E+02
    14  50 -1.959947E+00 -1.930286E+00 3.146938E+00 -7.529385E-01 2.708670E+00  4.936731E+09
    14  51 -2.200000E+00 -1.614721E+00 3.215529E+00 -6.268563E-01 2.727494E+00  4.608451E+09
    14  52 -2.200000E+00 -1.684304E+00 3.131624E+00 -8.093246E-01 2.624170E+00  4.430723E+09
    14  53 -1.622246E+00 -1.559310E+00 3.195501E+00 -6.603403E-01 2.677137E+00  5.665030E+09
    14  54 -1.845777E+00 -1.830905E+00 3.266771E+00 -6.524927E-01 2.728717E+00  5.390709E+09
    14  55 -1.822770E+00 -1.979694E+00 3.190607E+00 -6.588644E-01 2.707074E+00  5.284023E+09
    14  56 -2.095714E+00 -1.757859E+00 3.119884E+00 -6.591966E-01 2.883711E+00  4.618040E+09
    14  57 -1.832041E+00 -1.736572E+00 3.100000E+00 -6.017336E-01 2.785000E+00  5.096679E+09
    14  58 -2.083020E+00 -1.713551E+00 3.129427E+00 -7.439121E-01 2.688697E+00  4.663074E+09
    14  59 -2.200000E+00 -1.606687E+00 3.254639E+00 -8.922789E-01 2.719136E+00  4.689115E+09
    14  60 -2.060751E+00 -1.537809E+00 3.171422E+00 -6.660736E-01 2.730762E+00  4.802203E+09
    14  61 -2.183388E+00 -1.340132E+00 3.139138E+00 -7.086098E-01 2.778100E+00  4.503217E+09
    14  62 -2.101543E+00 -1.620407E+00 3.208173E+00 -6.626743E-01 2.610184E+00  4.790579E+09
    14  63 -2.068719E+00 -1.820554E+00 3.148303E+00 -7.254679E-01 2.691007E+00  4.726749E+09
    14  64 -2.200000E+00 -1.366554E+00 3.412892E+00 -6.665926E-01 2.797316E+00  5.025324E+09
    14  65 -2.097225E+00 -1.324985E+00 3.262222E+00 -6.986638E-01 2.584287E+00  4.928440E+09
    14  66 -1.979742E+00 -1.036332E+00 3.100000E+00 -5.500000E-01 2.739613E+00  4.870139E+09
    14  67 -2.108746E+00 -1.702150E+00 3.245167E+00 -6.337895E-01 2.753809E+00  4.848712E+09
    14  68 -2.200000E+00 -1.189569E+00 3.190771E+00 -7.999174E-01 2.570000E+00  4.591068E+09
    14  69 -2.200000E+00 -1.417139E+00 3.106909E+00 -7.364992E-01 2.716095E+00  4.395424E+09
    14  70 -1.874705E+00 -1.592407E+00 3.181485E+00 -5.500000E-01 2.640754E+00  5.180856E+09
    14  71 -1.850978E+00 -1.883795E+00 3.163701E+00 -5.500000E-01 2.804259E+00  5.181688E+09
    14  72 -2.200000E+00 -1.462083E+00 3.209676E+00 -5.500000E-01 2.739234E+00  4.605359E+09
    14  73 -2.042609E+00 -1.450000E+00 3.100000E+00 -7.957509E-01 2.790990E+00  4.698756E+09
    14  74 -1.487909E+00 -9.000000E-01 3.194548E+00 -7.169167E-01 2.785000E+00  5.953606E+09
    14  75 -1.829632E+00 -1.471702E+00 3.229442E+00 -6.815726E-01 2.704790E+00  5.364651E+09
    14  76 -1.939084E+00 -1.520005E+00 3.203324E+00 -7.835182E-01 2.647426E+00  5.104900E+09
    14  77 -1.732829E+00 -1.406311E+00 3.361018E+00 -5.860540E-01 2.770545E+00  5.780103E+09
    14  78 -2.200000E+00 -1.429574E+00 3.212565E+00 -7.575007E-01 2.863167E+00  4.614547E+09
    14  79 -1.372724E+00 -1.595117E+00 3.144486E+00 -6.882226E-01 2.738421E+00  5.980991E+09
    15   0 -2.177468E+00 -1.450000E+00 3.229136E+00 -6.221440E-01 2.886654E+00  4.692884E+09
    15   1 -1.880193E+00 -1.687270E+00 3.130460E+00 -7.079030E-01 2.785000E+00  5.066684E+09
    15   2 -2.020785E+00 -1.448669E+00 3.167910E+00 -9.146517E-01 2.746112E+00  4.879959E+09
    15   3 -1.721759E+00 -1.859475E+00 3.226338E+00 -8.068120E-01 2.661437E+00  5.537433E+09
    15   4 -2.200000E+00 -1.406585E+00 3.133808E+00 -7.488917E-01 2.736132E+00  4.452282E+09
    15   5 -2.200000E+00 -1.923576E+00 3.419799E+00 -6.161179E-01 2.886946E+00  5.013275E+09
    15   6 -1.873226E+00 -1.526942E+00 3.128065E+00 -6.459076E-01 2.697554E+00  5.082300E+09
    15   7 -1.910190E+00 -1.463119E+00 3.234772E+00 -6.349243E-01 2.807019E+00  5.225998E+09
    15   8 -2.174581E+00 -1.283447E+00 3.208666E+00 -6.824883E-01 2.747599E+00  4.669771E+09
    15   9 -1.691032E+00 -1.669402E+00 3.209483E+00 -5.500000E-01 2.825387E+00  5.567424E+09
    15  10 -1.571240E+00 -1.639034E+00 3.195238E+00 -8.671343E-01 2.785000E+00  5.747926E+09
    15  11 -1.941041E+00 -1.389705E+00 3.196640E+00 -8.320982E-01 2.846626E+00  5.097998E+09
    15  12 -2.200000E+00 -1.581806E+00 3.371424E+00 -7.440828E-01 2.737106E+00  4.927867E+09
    15  13 -2.278068E-01 -1.323185E+00 3.270876E+00 -5.554143E-01 2.692160E+00  7.307923E+09
    15  14 -2.200000E+00 -1.284128E+00 3.220207E+00 -7.750000E-01 2.805453E+00  4.642371E+09
    15  15 -2.073047E+00 -2.000000E+00 3.119879E+00 -6.429212E-01 2.590494E+00  4.654649E+09
    15  16 -1.948335E+00 -1.468539E+00 3.176025E+00 -7.926732E-01 2.710394E+00  5.036442E+09
    15  17 -2.022789E+00 -2.000000E+00 3.192974E+00 -5.500000E-01 2.891166E+00  4.905861E+09
    15  18 -1.848670E+00 -1.521905E+00 3.100000E+00 -6.989286E-01 2.617851E+00  5.073421E+09
    15  19 -1.776634E+00 -1.679730E+00 3.141467E+00 -5.815736E-01 3.000000E+00  5.286286E+09
    15  20 -2.124417E+00 -1.596332E+00 3.100000E+00 -7.454340E-01 2.742201E+00  4.524321E+09
    15  21 -2.200000E+00 -1.164272E+00 3.121281E+00 -7.750000E-01 2.699541E+00  4.451070E+09
    15  22 -1.552087E+00 -1.450000E+00 3.423582E+00 -7.822468E-01 2.773760E+00  6.167083E+09
    15  23 -2.095720E+00 -1.550684E+00 3.206379E+00 -8.563118E-01 2.708099E+00  4.802743E+09
    15  24 -1.890279E+00 -1.266224E+00 3.252029E+00 -7.087917E-01 2.702451E+00  5.311793E+09
    15  25 -2.200000E+00 -1.773893E+00 3.192697E+00 -6.076178E-01 2.659778E+00  4.554317E+09
    15  26 -1.994488E+00 -1.465001E+00 3.125166E+00 -6.974804E-01 2.617404E+00  4.843479E+09
    15  27 -2.200000E+00 -2.000000E+00 3.148653E+00 -5.500000E-01 2.570000E+00  4.456346E+09
    15  28 -2.200000E+00 -1.116679E+00 3.129299E+00 -6.672163E-01 2.670324E+00  4.474202E+09
    15  29 -1.773995E+00 -1.378034E+00 3.244208E+00 -7.189049E-01 2.674626E+00  5.499588E+09
    15  30 -1.432294E+00 -1.811466E+00 3.284727E+00 -5.945426E-01 3.000000E+00  6.114364E+09
    15  31 -2.128868E+00 -1.484007E+00 3.174405E+00 -7.165791E-01 2.907127E+00  4.787747E+02
    15  32 -2.142332E+00 -1.450000E+00 3.157505E+00 -7.360128E-01 2.655331E+00  4.614903E+09
    15  33 -1.800506E+00 -1.566707E+00 3.187151E+00 -8.737851E-01 2.857282E+00  5.333287E+09
    15  34 -2.080674E+00 -1.542482E+00 3.292650E+00 -6.247011E-01 2.679837E+00  5.006767E+09
    15  35 -2.102151E+00 -1.482605E+00 3.263613E+00 -7.124028E-01 2.570000E+00  4.909353E+09
    15  36 -1.436337E+00 -1.369136E+00 3.136594E+00 -5.500000E-01 2.747420E+00  5.880356E+09
    15  37 -1.556678E+00 -1.496000E+00 3.217026E+00 -7.299056E-01 2.767179E+00  5.816725E+09
    15  38 -1.860145E+00 -1.210353E+00 3.225535E+00 -7.599035E-01 2.871095E+00  5.323992E+09
    15  39 -1.308852E+00 -1.762966E+00 3.205822E+00 -5.500000E-01 2.604871E+00  6.169575E+09
    15  40 -1.891018E+00 -1.215540E+00 3.100000E+00 -7.033008E-01 2.742840E+00  5.018330E+09
    15  41 -1.573488E+00 -1.559348E+00 3.229572E+00 -7.226064E-01 2.694974E+00  5.807335E+09
    15  42 -1.795127E+00 -1.722096E+00 3.100000E+00 -7.234537E-01 2.795024E+00  5.167358E+09
    15  43 -1.756577E+00 -1.955304E+00 3.141625E+00 -8.305757E-01 2.592017E+00  5.312117E+09
    15  44 -2.200000E+00 -1.551676E+00 3.100000E+00 -7.287588E-01 2.785000E+00  5.141301E+02
    15  45 -1.753153E+00 -1.600356E+00 3.500000E+00 -6.397352E-01 2.951309E+00  5.973585E+09
    15  46 -2.023756E+00 -1.532829E+00 3.188096E+00 -5.642074E-01 2.884507E+00  4.910641E+09
    15  47 -2.200000E+00 -1.718113E+00 3.172232E+00 -8.693411E-01 2.776144E+00  4.514717E+09
    15  48 -1.864734E+00 -1.784274E+00 3.200802E+00 -6.716272E-01 2.570000E+00  5.229447E+09
    15  49 -1.905307E+00 -1.504321E+00 3.299566E+00 -6.799541E-01 2.868478E+00  5.357535E+09
    15  50 -2.016155E+00 -1.543491E+00 3.177632E+00 -6.821067E-01 2.714648E+00  4.902683E+09
    15  51 -1.780350E+00 -1.601499E+00 3.189002E+00 -5.500000E-01 2.747255E+00  5.371400E+09
    15  52 -1.781099E+00 -1.606303E+00 3.100000E+00 -7.926862E-01 2.570000E+00  5.196971E+09
    15  53 -2.184971E+00 -1.516221E+00 3.222031E+00 -6.825786E-01 2.706378E+00  4.657514E+09
    15  54 -2.200000E+00 -1.784648E+00 3.248635E+00 -6.099279E-01 2.682186E+00  4.669335E+09
    15  55 -2.152490E+00 -1.715809E+00 3.100000E+00 -7.742344E-01 2.863814E+00  4.462904E+09
    15  56 -2.200000E+00 -1.385245E+00 3.109374E+00 -5.500000E-01 2.730787E+00  4.403211E+09
    15  57 -2.060521E+00 -1.925211E+00 3.277278E+00 -6.843200E-01 2.831355E+00  4.145663E+02
    15  58 -2.169289E+00 -1.904295E+00 3.143152E+00 -6.826390E-01 2.578891E+00  4.509871E+09
    15  59 -1.732847E+00 -1.799627E+00 3.132532E+00 -6.672789E-01 2.775466E+00  5.343431E+09
    15  60 -2.200000E+00 -1.565163E+00 3.100000E+00 -7.498815E-01 2.730741E+00  5.029829E+02
    15  61 -2.200000E+00 -1.138265E+00 3.166489E+00 -6.816722E-01 2.588084E+00  4.547782E+09
    15  62 -2.200000E+00 -1.554027E+00 3.179268E+00 -5.795600E-01 2.659124E+00  4.536265E+09
    15  63 -1.820291E+00 -1.410623E+00 3.221118E+00 -7.197272E-01 2.762830E+00  5.370404E+09
    15  64 -1.650409E+00 -1.517413E+00 3.379898E+00 -5.736830E-01 2.952098E+00  5.942171E+09
    15  65 -2.019946E+00 -1.059351E+00 3.100000E+00 -9.236638E-01 2.738672E+00  4.786727E+09
    15  66 -2.200000E+00 -1.586332E+00 3.287664E+00 -6.771780E-01 2.699458E+00  4.757675E+09
    15  67 -2.200000E+00 -2.000000E+00 3.110592E+00 -8.170631E-01 2.914853E+00  4.380124E+09
    15  68 -1.847131E+00 -1.173700E+00 3.202993E+00 -8.191956E-01 2.735499E+00  5.308258E+09
    15  69 -1.617545E+00 -1.431946E+00 3.196856E+00 -8.366818E-01 2.813957E+00  5.683448E+09
    15  70 -1.674488E+00 -1.475322E+00 3.100000E+00 -6.726900E-01 2.705364E+00  5.401318E+09
    15  71 -2.200000E+00 -1.373550E+00 3.234549E+00 -6.971798E-01 2.845039E+00  4.664061E+09
    15  72 -1.637417E+00 -1.301743E+00 3.196886E+00 -7.069898E-01 2.733953E+00  5.658681E+09
    15  73 -2.117042E+00 -9.983436E-01 3.231454E+00 -8.051025E-01 2.694880E+00  4.870964E+09
    15  74 -2.200000E+00 -1.450000E+00 3.210077E+00 -6.920780E-01 2.576680E+00  4.606060E+09
    15  75 -2.200000E+00 -1.867588E+00 3.163196E+00 -5.862391E-01 2.790529E+00  4.491184E+09
    15  76 -2.188362E+00 -1.548546E+00 3.199675E+00 -7.824030E-01 2.688571E+00  4.602533E+09
    15  77 -1.615179E+00 -1.501267E+00 3.161018E+00 -6.617945E-01 2.724883E+00  5.618036E+09
    15  78 -1.965217E+00 -9.359527E-01 3.100000E+00 -8.136263E-01 2.970141E+00  4.920047E+09
    15  79 -1.658020E+00 -1.540154E+00 3.224985E+00 -7.516902E-01 2.724038E+00  5.658012E+09
    16   0 -2.157434E+00 -1.654558E+00 3.146748E+00 -6.721236E-01 2.795742E+00  4.551521E+09
    16   1 -1.976327E+00 -1.414511E+00 3.100000E+00 -7.582314E-01 2.927080E+00  4.798886E+02
    16   2 -1.854515E+00 -1.440467E+00 3.205601E+00 -1.000000E+00 2.961112E+00  5.276739E+09
    16   3 -1.758419E+00 -1.309475E+00 3.189196E+00 -5.818120E-01 2.862216E+00  5.431443E+09
    16   4 -1.801330E+00 -1.852135E+00 3.100000E+00 -7.661794E-01 2.749557E+00  5.151175E+09
    16   5 -1.716481E+00 -1.763971E+00 3.467517E+00 -5.500000E-01 2.711862E+00  5.972038E+09
    16   6 -1.889377E+00 -1.387199E+00 3.192431E+00 -7.484691E-01 2.681383E+00  5.187459E+09
    16   7 -1.949087E+00 -1.535214E+00 3.100000E+00 -7.019507E-01 2.821136E+00  4.879291E+09
    16   8 -2.200000E+00 -1.357957E+00 3.196333E+00 -7.488167E-01 2.765572E+00  4.586062E+09
    16   9 -1.883636E+00 -1.902374E+00 3.100000E+00 -7.750000E-01 2.735377E+00  4.992062E+09
    16  10 -2.026788E+00 -1.192340E+00 3.333993E+00 -7.523449E-01 2.767642E+00  5.221659E+09
    16  11 -1.875877E+00 -1.650064E+00 3.297218E+00 -6.612255E-01 2.736988E+00  5.399335E+09
    16  12 -1.734599E+00 -1.475242E+00 3.336125E+00 -7.098681E-01 2.838727E+00  5.729483E+09
    16  13 -8.942591E-01 -1.564407E+00 3.243710E+00 -6.025534E-01 2.879165E+00  6.746621E+09
    16  14 -2.107337E+00 -1.078649E+00 3.230259E+00 -8.887561E-01 2.795914E+00  4.874647E+09
    16  15 -2.200000E+00 -1.450000E+00 3.189112E+00 -7.180776E-01 2.739495E+00  4.563724E+09
    16  16 -2.069273E+00 -1.460307E+00 3.143972E+00 -6.356378E-01 2.709697E+00  4.733920E+09
    16  17 -1.956007E+00 -1.500763E+00 3.193094E+00 -7.750000E-01 2.856097E+00  5.054591E+09
    16  18 -2.115732E+00 -1.450702E+00 3.206443E+00 -6.546396E-01 2.742826E+00  4.769369E+09
    16  19 -1.695027E+00 -1.632470E+00 3.185557E+00 -6.914615E-01 2.785000E+00  5.517450E+09
