 -.314000E+01 -.163000E+01 0.321000E+01 -.954000E+00 -.627744E+67 0.211000E+01
 -.241676E+01 -.199678E+01 0.307453E+01 -.912141E+00 -.627744E+67 0.166124E+01
 -.106090E+01 -.113841E+01 0.339914E+01 -.907208E+00 -.627744E+67 0.221487E+00
 -.292649E+01 -.135345E+01 0.338765E+01 -.854926E+00 -.627744E+67 0.143576E+01
 -.155199E+01 -.178626E+01 0.290392E+01 -.500687E+00 -.627744E+67 0.214281E+01
 -.328040E+00 -.224318E+01 0.334669E+01 -.705707E+00 -.627744E+67 0.127552E+01
 -.206762E+01 -.121721E+01 0.291715E+01 -.573890E+00 -.627744E+67 0.812187E+00
 -.295783E+01 -.231633E+01 0.334093E+01 -.783882E+00 -.627744E+67 0.100838E+01
 -.127717E+01 -.215499E+01 0.296224E+01 -.792478E+00 -.627744E+67 0.242340E+01
 -.203994E+01 -.102286E+01 0.326318E+01 -.530760E+00 -.627744E+67 0.202534E+01
 -.259011E+00 -.134903E+01 0.338096E+01 -.802926E+00 -.627744E+67 0.166754E+01
 -.160526E+01 -.184092E+01 0.301323E+01 -.831252E+00 -.627744E+67 0.110372E+01
 -.180087E+01 -.138013E+01 0.327813E+01 -.924986E+00 -.627744E+67 0.130691E+01
 -.672035E+00 -.187039E+01 0.296864E+01 -.719801E+00 -.627744E+67 0.206326E+00
 -.943265E+00 -.236428E+01 0.349612E+01 -.694103E+00 -.627744E+67 0.204114E+01
 -.912543E+00 -.173134E+01 0.302725E+01 -.755239E+00 -.627744E+67 0.210957E+01
 -.614536E+00 -.194183E+01 0.328414E+01 -.642105E+00 -.627744E+67 0.593640E+00
 -.112762E+01 -.103408E+01 0.335656E+01 -.811394E+00 -.627744E+67 0.237400E+01
 -.542811E+00 -.152406E+01 0.295934E+01 -.621877E+00 -.627744E+67 0.596283E-01
 -.328761E+01 -.175444E+01 0.324032E+01 -.719879E+00 -.627744E+67 0.375087E+00
 -.336359E+01 -.237727E+01 0.291127E+01 -.610485E+00 -.627744E+67 0.159466E+01
 -.189173E+01 -.134198E+01 0.319162E+01 -.520743E+00 -.627744E+67 0.167522E+01
 -.142281E+01 -.216865E+01 0.341896E+01 -.915432E+00 -.627744E+67 0.220985E+01
 -.336571E+01 -.107686E+01 0.348159E+01 -.838013E+00 -.627744E+67 0.313098E+00
 -.117052E+01 -.128869E+01 0.326657E+01 -.775724E+00 -.627744E+67 0.460265E+00
 -.613183E+00 -.195517E+01 0.336096E+01 -.924610E+00 -.627744E+67 0.182228E+01
 -.401352E+00 -.210522E+01 0.344991E+01 -.954096E+00 -.627744E+67 0.238587E+01
 -.332341E+01 -.137891E+01 0.312155E+01 -.500190E+00 -.627744E+67 0.133690E+01
 -.233152E+01 -.156568E+01 0.300303E+01 -.773807E+00 -.627744E+67 0.614728E+00
 -.152909E+01 -.121497E+01 0.317711E+01 -.590729E+00 -.627744E+67 0.112509E+01
 -.134280E+01 -.174703E+01 0.342750E+01 -.941872E+00 -.627744E+67 0.148955E+01
 -.270578E+01 -.161712E+01 0.302566E+01 -.680636E+00 -.627744E+67 0.565765E+00
 -.108457E+01 -.188137E+01 0.307618E+01 -.598128E+00 -.627744E+67 0.138685E+01
 -.322431E+01 -.130539E+01 0.320937E+01 -.751513E+00 -.627744E+67 0.294672E+00
 -.188205E+01 -.172148E+01 0.296611E+01 -.923867E+00 -.627744E+67 0.203511E+01
 -.293953E+01 -.210473E+01 0.331245E+01 -.974215E+00 -.627744E+67 0.183075E+01
 -.198281E+01 -.166608E+01 0.302485E+01 -.947805E+00 -.627744E+67 0.182921E+01
 -.169539E+01 -.219828E+01 0.290531E+01 -.924234E+00 -.627744E+67 0.170815E+01
 -.578579E+00 -.163151E+01 0.324948E+01 -.641140E+00 -.627744E+67 0.492017E+00
 -.514161E+00 -.145919E+01 0.348748E+01 -.865414E+00 -.627744E+67 0.388327E-01
 -.654479E+00 -.157034E+01 0.323030E+01 -.843892E+00 -.627744E+67 0.462129E-01
 -.254163E+01 -.130396E+01 0.332928E+01 -.621968E+00 -.627744E+67 0.175557E+01
 -.123835E+01 -.169151E+01 0.292878E+01 -.894647E+00 -.627744E+67 0.235820E+01
 -.603225E+00 -.104352E+01 0.324674E+01 -.751726E+00 -.627744E+67 0.176031E+01
 -.279546E+01 -.144276E+01 0.334195E+01 -.595034E+00 -.627744E+67 0.628579E+00
 -.735657E+00 -.129342E+01 0.303639E+01 -.886482E+00 -.627744E+67 0.196758E+01
 -.104127E+01 -.207087E+01 0.296801E+01 -.783697E+00 -.627744E+67 0.151865E+01
 -.212792E+01 -.165664E+01 0.292164E+01 -.558499E+00 -.627744E+67 0.869561E-01
 -.549718E+00 -.229059E+01 0.332379E+01 -.564147E+00 -.627744E+67 0.990574E+00
 -.109708E+01 -.148397E+01 0.299770E+01 -.748133E+00 -.627744E+67 0.220645E+01
 -.193969E+01 -.138928E+01 0.311602E+01 -.738270E+00 -.627744E+67 0.147327E+01
 -.816763E+00 -.141032E+01 0.325534E+01 -.980000E+00 -.627744E+67 0.185232E+01
 -.748737E+00 -.110923E+01 0.309914E+01 -.980000E+00 -.627744E+67 0.144649E+01
 -.132649E+01 -.183192E+01 0.308765E+01 -.980000E+00 -.627744E+67 0.945589E+00
 -.902652E+00 -.193412E+01 0.290000E+01 -.740687E+00 -.627744E+67 0.244069E+01
 -.738135E+00 -.154318E+01 0.304669E+01 -.945707E+00 -.627744E+67 0.245000E+01
 -.173173E+01 -.132124E+01 0.297318E+01 -.741228E+00 -.627744E+67 0.130383E+01
 -.135783E+01 -.161633E+01 0.324189E+01 -.866242E+00 -.627744E+67 0.158174E+01
 -.207885E+01 -.145499E+01 0.303476E+01 -.980000E+00 -.627744E+67 0.245000E+01
 -.289500E+01 -.122809E+01 0.296318E+01 -.536988E+00 -.627744E+67 0.134550E+01
 -.200000E+00 -.135222E+01 0.350000E+01 -.854602E+00 -.627744E+67 0.238993E+01
 -.271198E+01 -.158027E+01 0.301824E+01 -.727303E+00 -.627744E+67 0.407941E+00
 -.177715E+01 -.160323E+01 0.297813E+01 -.939723E+00 -.627744E+67 0.219615E+01
 -.144776E+01 -.158705E+01 0.316600E+01 -.676531E+00 -.627744E+67 0.920034E+00
 -.223992E+01 -.168304E+01 0.319612E+01 -.934103E+00 -.627744E+67 0.245000E+01
 -.122506E+01 -.132623E+01 0.309610E+01 -.693805E+00 -.627744E+67 0.239286E+01
 -.365415E+00 -.212782E+01 0.298414E+01 -.882105E+00 -.627744E+67 0.161011E+00
 -.228608E+01 -.173408E+01 0.305656E+01 -.726071E+00 -.627744E+67 0.245000E+01
 -.200000E+00 -.142973E+01 0.322211E+01 -.787868E+00 -.627744E+67 0.128463E+01
 -.205512E+01 -.190286E+01 0.325462E+01 -.622094E+00 -.627744E+67 0.513739E+00
 -.176359E+01 -.167727E+01 0.290000E+01 -.850485E+00 -.627744E+67 0.245000E+01
 -.671789E+00 -.125801E+01 0.290000E+01 -.760743E+00 -.627744E+67 0.120887E+01
 -.192029E+01 -.146865E+01 0.311896E+01 -.980000E+00 -.627744E+67 0.216157E+01
 -.298537E+01 -.102110E+01 0.318159E+01 -.697823E+00 -.627744E+67 0.115035E+01
 -.268711E+01 -.198869E+01 0.318337E+01 -.665554E+00 -.627744E+67 0.168527E+01
 -.217437E+01 -.213242E+01 0.306096E+01 -.980000E+00 -.627744E+67 0.194382E+01
 -.764027E+00 -.175515E+01 0.314991E+01 -.980000E+00 -.627744E+67 0.245000E+01
 -.172341E+01 -.171493E+01 0.305051E+01 -.500000E+00 -.627744E+67 0.138025E+01
 -.156514E+01 -.122678E+01 0.290000E+01 -.825998E+00 -.627744E+67 0.183973E+01
 -.229654E+01 -.115998E+01 0.290000E+01 -.522701E+00 -.627744E+67 0.235009E+01
 -.216637E+01 -.227230E+01 0.348482E+01 -.954008E+00 -.627744E+67 0.207886E+01
 -.304586E+01 -.219283E+01 0.290000E+01 -.920636E+00 -.627744E+67 0.179077E+01
 -.124953E+01 -.218421E+01 0.290000E+01 -.795897E+00 -.627744E+67 0.873628E+00
 -.332936E+01 -.172141E+01 0.290937E+01 -.818330E+00 -.627744E+67 0.151967E+01
 -.485405E+00 -.113886E+01 0.290000E+01 -.683867E+00 -.627744E+67 0.245000E+01
 -.258144E+01 -.145852E+01 0.301245E+01 -.784372E+00 -.627744E+67 0.144343E+01
 -.382813E+00 -.103574E+01 0.290000E+01 -.815398E+00 -.627744E+67 0.245000E+01
 -.127584E+01 -.240000E+01 0.290000E+01 -.980000E+00 -.627744E+67 0.245000E+01
 -.173346E+01 -.122324E+01 0.294948E+01 -.868667E+00 -.627744E+67 0.171702E+01
 -.200000E+00 -.149391E+01 0.318748E+01 -.973261E+00 -.627744E+67 0.000000E+00
 -.145403E+01 -.224081E+01 0.293030E+01 -.795335E+00 -.627744E+67 0.127121E+01
 -.264885E+01 -.128453E+01 0.302928E+01 -.836047E+00 -.627744E+67 0.919727E+00
 -.200000E+00 -.215149E+01 0.293175E+01 -.910816E+00 -.627744E+67 0.181678E+01
 -.154331E+01 -.174352E+01 0.314068E+01 -.929092E+00 -.627744E+67 0.182230E+01
 -.315924E+01 -.113808E+01 0.304678E+01 -.500000E+00 -.627744E+67 0.128741E+01
 -.598024E+00 -.100000E+01 0.296460E+01 -.859670E+00 -.627744E+67 0.117304E+01
 -.404738E+00 -.190915E+01 0.311515E+01 -.968194E+00 -.627744E+67 0.164037E+01
 -.527917E+00 -.156255E+01 0.304424E+01 -.798499E+00 -.627744E+67 0.131196E+01
 -.367620E+00 -.240000E+01 0.302379E+01 -.804147E+00 -.627744E+67 0.221557E+01
 -.200000E+00 -.218397E+01 0.290000E+01 -.835254E+00 -.627744E+67 0.197605E+01
 -.189793E+01 -.123407E+01 0.299412E+01 -.722067E+00 -.627744E+67 0.197202E+01
 -.335771E+00 -.100000E+01 0.317643E+01 -.885494E+00 -.627744E+67 0.238835E+01
 -.170130E+01 -.172988E+01 0.290000E+01 -.920637E+00 -.627744E+67 0.245000E+01
 -.200000E+00 -.204247E+01 0.290000E+01 -.841744E+00 -.627744E+67 0.125785E+01
 -.127123E+01 -.166199E+01 0.311294E+01 -.980000E+00 -.627744E+67 0.245000E+01
 -.233813E+01 -.100000E+01 0.290000E+01 -.980000E+00 -.627744E+67 0.160782E+01
 -.144740E+01 -.169981E+01 0.303174E+01 -.980000E+00 -.627744E+67 0.231540E+01
 -.200000E+00 -.100000E+01 0.294189E+01 -.980000E+00 -.627744E+67 0.245000E+01
 -.253981E+01 -.132091E+01 0.305672E+01 -.740000E+00 -.627744E+67 0.178293E+01
 -.234158E+01 -.168764E+01 0.290000E+01 -.593184E+00 -.627744E+67 0.116502E+01
 -.155489E+01 -.142497E+01 0.320000E+01 -.980000E+00 -.627744E+67 0.245000E+01
 -.136130E+01 -.148896E+01 0.299766E+01 -.740499E+00 -.627744E+67 0.163294E+01
 -.175466E+01 -.181473E+01 0.290000E+01 -.953694E+00 -.627744E+67 0.245000E+01
 -.215924E+01 -.144689E+01 0.295346E+01 -.685605E+00 -.627744E+67 0.214503E+01
 -.340000E+01 -.100000E+01 0.290262E+01 -.980000E+00 -.627744E+67 0.216255E+01
 -.224271E+01 -.116963E+01 0.299575E+01 -.836453E+00 -.627744E+67 0.243163E+01
 -.149208E+01 -.161665E+01 0.290000E+01 -.980000E+00 -.627744E+67 0.191543E+00
 -.286190E+01 -.233981E+01 0.290000E+01 -.951601E+00 -.627744E+67 0.216388E+01
 -.180000E+01 -.167445E+01 0.304708E+01 -.980000E+00 -.627744E+67 0.171869E+01
 -.577549E+00 -.173712E+01 0.298378E+01 -.842656E+00 -.627744E+67 0.173874E+01
 -.253282E+00 -.100000E+01 0.299894E+01 -.980000E+00 -.627744E+67 0.172718E+01
 -.896666E+00 -.150867E+01 0.308826E+01 -.980000E+00 -.627744E+67 0.188669E+01
 -.238056E+01 -.100000E+01 0.290000E+01 -.892472E+00 -.627744E+67 0.212916E+01
 -.174786E+01 -.154675E+01 0.290000E+01 -.717877E+00 -.627744E+67 0.237535E+01
 -.191398E+01 -.176360E+01 0.310766E+01 -.905554E+00 -.627744E+67 0.245000E+01
 -.329320E+01 -.199106E+01 0.290000E+01 -.922713E+00 -.627744E+67 0.206082E+01
 -.193107E+01 -.128615E+01 0.290000E+01 -.877623E+00 -.627744E+67 0.228434E+01
 -.268532E+00 -.192322E+01 0.290000E+01 -.740000E+00 -.627744E+67 0.159177E+01
 -.106853E+01 -.140982E+01 0.309456E+01 -.945633E+00 -.627744E+67 0.245000E+01
 -.267834E+01 -.140417E+01 0.314708E+01 -.531816E+00 -.627744E+67 0.245000E+01
 -.258438E+01 -.240000E+01 0.329959E+01 -.946453E+00 -.627744E+67 0.245000E+01
 -.216266E+01 -.240000E+01 0.306132E+01 -.980000E+00 -.627744E+67 0.245000E+01
 -.207176E+01 -.168848E+01 0.320000E+01 -.913977E+00 -.627744E+67 0.183468E+01
 -.187485E+01 -.197787E+01 0.290000E+01 -.980000E+00 -.627744E+67 0.245000E+01
 -.147935E+01 -.179795E+01 0.312489E+01 -.644467E+00 -.627744E+67 0.151139E+01
 -.229596E+01 -.197932E+01 0.290000E+01 -.866472E+00 -.627744E+67 0.245000E+01
 -.257010E+00 -.100000E+01 0.299023E+01 -.848902E+00 -.627744E+67 0.197708E+01
 -.161366E+01 -.210093E+01 0.308202E+01 -.843719E+00 -.627744E+67 0.182934E+01
 -.284753E+01 -.108620E+01 0.290000E+01 -.980000E+00 -.627744E+67 0.245000E+01
 -.722959E+00 -.165088E+01 0.290000E+01 -.980000E+00 -.627744E+67 0.432573E+00
 -.162111E+01 -.240000E+01 0.299792E+01 -.867801E+00 -.627744E+67 0.204405E+01
 -.166925E+01 -.148959E+01 0.290000E+01 -.865459E+00 -.627744E+67 0.134203E+01
 -.180000E+01 -.204541E+01 0.299924E+01 -.921066E+00 -.627744E+67 0.187277E+01
 -.276556E+01 -.234948E+01 0.290000E+01 -.980000E+00 -.627744E+67 0.189584E+01
 -.338295E+01 -.110671E+01 0.290000E+01 -.740000E+00 -.627744E+67 0.245000E+01
 -.730776E+00 -.170000E+01 0.293731E+01 -.916741E+00 -.627744E+67 0.239804E+01
 -.168457E+01 -.173592E+01 0.296342E+01 -.914918E+00 -.627744E+67 0.211098E+01
 -.200000E+00 -.153061E+01 0.315147E+01 -.980000E+00 -.627744E+67 0.245000E+01
 -.936042E+00 -.170000E+01 0.290000E+01 -.980000E+00 -.627744E+67 0.245000E+01
 -.180000E+01 -.148397E+01 0.301292E+01 -.831472E+00 -.627744E+67 0.227371E+01
 -.314874E+01 -.187351E+01 0.307563E+01 -.962067E+00 -.627744E+67 0.245000E+01
 -.543292E+00 -.170000E+01 0.296857E+01 -.913216E+00 -.627744E+67 0.245000E+01
 -.239674E+01 -.230562E+01 0.320000E+01 -.885406E+00 -.627744E+67 0.170793E+01
 -.118158E+01 -.219995E+01 0.310120E+01 -.820335E+00 -.627744E+67 0.245000E+01
 -.169611E+01 -.141964E+01 0.328019E+01 -.866485E+00 -.627744E+67 0.234097E+01
 -.137169E+01 -.170000E+01 0.320000E+01 -.847571E+00 -.627744E+67 0.226820E+01
 -.117843E+01 -.205793E+01 0.308713E+01 -.866485E+00 -.627744E+67 0.245000E+01
 -.175371E+01 -.142931E+01 0.290000E+01 -.911435E+00 -.627744E+67 0.174908E+01
 -.939811E+00 -.202091E+01 0.299438E+01 -.733603E+00 -.627744E+67 0.189113E+01
 -.741575E+00 -.209438E+01 0.320000E+01 -.792975E+00 -.627744E+67 0.239002E+01
 -.268070E+01 -.180700E+01 0.290000E+01 -.905036E+00 -.627744E+67 0.207968E+01
 -.200000E+00 -.158403E+01 0.302822E+01 -.954244E+00 -.627744E+67 0.245000E+01
 -.147309E+01 -.168789E+01 0.320000E+01 -.977360E+00 -.627744E+67 0.186560E+01
 -.266500E+01 -.147205E+01 0.290000E+01 -.925605E+00 -.627744E+67 0.245000E+01
 -.180000E+01 -.170000E+01 0.302260E+01 -.855986E+00 -.627744E+67 0.196555E+01
 -.208584E+01 -.117273E+01 0.295879E+01 -.980000E+00 -.627744E+67 0.236921E+01
 -.237994E+01 -.169036E+01 0.320000E+01 -.795546E+00 -.627744E+67 0.141654E+01
 -.140896E+01 -.165576E+01 0.313401E+01 -.888261E+00 -.627744E+67 0.235005E+01
 -.298734E+01 -.185687E+01 0.290000E+01 -.740000E+00 -.627744E+67 0.551135E+00
 -.200000E+00 -.157466E+01 0.290000E+01 -.980000E+00 -.627744E+67 0.245000E+01
 -.200000E+00 -.170000E+01 0.310223E+01 -.798903E+00 -.627744E+67 0.172174E+01
 -.170746E+01 -.196852E+01 0.322086E+01 -.866485E+00 -.627744E+67 0.245000E+01
 -.181782E+01 -.170000E+01 0.320000E+01 -.980000E+00 -.627744E+67 0.241530E+01
 -.412552E+00 -.224675E+01 0.310894E+01 -.851526E+00 -.627744E+67 0.245000E+01
 -.919089E+00 -.151395E+01 0.299719E+01 -.980000E+00 -.627744E+67 0.186667E+01
 -.340000E+01 -.145993E+01 0.307888E+01 -.886307E+00 -.627744E+67 0.221654E+01
 -.295655E+01 -.100884E+01 0.312390E+01 -.841665E+00 -.627744E+67 0.215768E+01
 -.200000E+00 -.187081E+01 0.305424E+01 -.980000E+00 -.627744E+67 0.242666E+01
 -.810262E+00 -.199685E+01 0.319824E+01 -.980000E+00 -.627744E+67 0.185811E+01
 -.180659E+01 -.163762E+01 0.322932E+01 -.748357E+00 -.627744E+67 0.185441E+01
 -.151256E+01 -.170000E+01 0.299959E+01 -.980000E+00 -.627744E+67 0.206245E+01
 -.562661E+00 -.214321E+01 0.318221E+01 -.867614E+00 -.627744E+67 0.182687E+01
 -.211640E+01 -.133273E+01 0.323549E+01 -.980000E+00 -.627744E+67 0.245000E+01
 -.274849E+00 -.218215E+01 0.314050E+01 -.876433E+00 -.627744E+67 0.180824E+01
 -.247701E+01 -.226271E+01 0.306400E+01 -.884467E+00 -.627744E+67 0.173896E+01
 -.120312E+01 -.210994E+01 0.319555E+01 -.980000E+00 -.627744E+67 0.187619E+01
 -.137304E+01 -.170000E+01 0.301303E+01 -.958534E+00 -.627744E+67 0.228183E+01
 -.186564E+01 -.142507E+01 0.315803E+01 -.980000E+00 -.627744E+67 0.245000E+01
 -.295454E+01 -.101090E+01 0.312606E+01 -.866485E+00 -.627744E+67 0.179497E+01
 -.186009E+01 -.180070E+01 0.320000E+01 -.940801E+00 -.627744E+67 0.165757E+01
 -.169673E+01 -.170000E+01 0.309540E+01 -.980000E+00 -.627744E+67 0.245000E+01
 -.664908E+00 -.180550E+01 0.311480E+01 -.954396E+00 -.627744E+67 0.189313E+01
 -.258826E+01 -.178045E+01 0.304711E+01 -.962054E+00 -.627744E+67 0.245000E+01
 -.340000E+01 -.234954E+01 0.312038E+01 -.899814E+00 -.627744E+67 0.231435E+01
 -.191941E+01 -.135393E+01 0.305913E+01 -.980000E+00 -.627744E+67 0.173554E+01
 -.174460E+01 -.236199E+01 0.291192E+01 -.980000E+00 -.627744E+67 0.245000E+01
 -.261042E+01 -.156409E+01 0.290000E+01 -.880685E+00 -.627744E+67 0.245000E+01
 -.152093E+01 -.174198E+01 0.309045E+01 -.866485E+00 -.627744E+67 0.169967E+01
 -.208517E+01 -.103760E+01 0.320000E+01 -.866485E+00 -.627744E+67 0.180802E+01
 -.318922E+01 -.110408E+01 0.312651E+01 -.980000E+00 -.627744E+67 0.245000E+01
 -.323334E+01 -.199834E+01 0.337563E+01 -.980000E+00 -.627744E+67 0.206142E+01
 -.214329E+01 -.236076E+01 0.292101E+01 -.980000E+00 -.627744E+67 0.219872E+01
 -.190430E+01 -.203323E+01 0.311532E+01 -.910976E+00 -.627744E+67 0.240064E+01
 -.274312E+01 -.160567E+01 0.340120E+01 -.980000E+00 -.627744E+67 0.184667E+01
 -.173464E+01 -.149077E+01 0.320370E+01 -.807696E+00 -.627744E+67 0.238339E+01
 -.985722E+00 -.236076E+01 0.348318E+01 -.775597E+00 -.627744E+67 0.245000E+01
 -.152865E+01 -.182020E+01 0.328840E+01 -.922884E+00 -.627744E+67 0.178239E+01
 -.331566E+01 -.190521E+01 0.320000E+01 -.856518E+00 -.627744E+67 0.194263E+01
 -.612252E+00 -.240000E+01 0.309908E+01 -.973603E+00 -.627744E+67 0.245000E+01
 -.200000E+00 -.203433E+01 0.348318E+01 -.980000E+00 -.627744E+67 0.245000E+01
 -.232040E+01 -.206299E+01 0.290000E+01 -.931247E+00 -.627744E+67 0.245000E+01
 -.154570E+01 -.175219E+01 0.315631E+01 -.980000E+00 -.627744E+67 0.186781E+01
 -.188189E+01 -.147502E+01 0.345417E+01 -.980000E+00 -.627744E+67 0.213701E+01
 -.219065E+01 -.180267E+01 0.311696E+01 -.980000E+00 -.627744E+67 0.186669E+01
 -.815477E+00 -.234523E+01 0.332260E+01 -.805800E+00 -.627744E+67 0.245000E+01
 -.577436E+00 -.156006E+01 0.325879E+01 -.740000E+00 -.627744E+67 0.235180E+01
 -.779937E+00 -.187207E+01 0.345655E+01 -.813984E+00 -.627744E+67 0.206869E+01
 -.277653E+00 -.105976E+01 0.342755E+01 -.863949E+00 -.627744E+67 0.245000E+01
 -.138734E+01 -.144634E+01 0.320000E+01 -.500000E+00 -.627744E+67 0.120657E+01
 -.180000E+01 -.145350E+01 0.305071E+01 -.866727E+00 -.627744E+67 0.182829E+01
 -.180000E+01 -.233041E+01 0.325207E+01 -.858844E+00 -.627744E+67 0.233040E+01
 -.253074E+01 -.222152E+01 0.333408E+01 -.780953E+00 -.627744E+67 0.191761E+01
 -.128663E+01 -.236076E+01 0.348318E+01 -.916501E+00 -.627744E+67 0.245000E+01
 -.200000E+00 -.234661E+01 0.318231E+01 -.980000E+00 -.627744E+67 0.190858E+01
 -.747070E+00 -.154186E+01 0.314988E+01 -.799027E+00 -.627744E+67 0.190040E+01
 -.278317E+01 -.116308E+01 0.336153E+01 -.980000E+00 -.627744E+67 0.245000E+01
 -.199509E+01 -.114049E+01 0.307824E+01 -.970676E+00 -.627744E+67 0.234975E+01
 -.783487E+00 -.166476E+01 0.333688E+01 -.980000E+00 -.627744E+67 0.245000E+01
 -.204533E+01 -.186149E+01 0.321740E+01 -.883528E+00 -.627744E+67 0.186285E+01
 -.124175E+01 -.189740E+01 0.325763E+01 -.980000E+00 -.627744E+67 0.230511E+01
 -.763591E+00 -.103924E+01 0.290000E+01 -.959752E+00 -.627744E+67 0.206775E+01
 -.216266E+01 -.177577E+01 0.329374E+01 -.903840E+00 -.627744E+67 0.189028E+01
 -.203294E+01 -.144351E+01 0.325952E+01 -.933240E+00 -.627744E+67 0.207600E+01
 -.200000E+00 -.186239E+01 0.322195E+01 -.955673E+00 -.627744E+67 0.245000E+01
 -.253770E+01 -.240000E+01 0.299851E+01 -.980000E+00 -.627744E+67 0.245000E+01
 -.213688E+01 -.170571E+01 0.316137E+01 -.811412E+00 -.627744E+67 0.192817E+01
 -.264859E+01 -.236076E+01 0.304563E+01 -.980000E+00 -.627744E+67 0.245000E+01
 -.203338E+01 -.100000E+01 0.325654E+01 -.873698E+00 -.627744E+67 0.196899E+01
 -.243444E+01 -.156063E+01 0.317540E+01 -.974224E+00 -.627744E+67 0.142430E+01
 -.150891E+01 -.176851E+01 0.344208E+01 -.967317E+00 -.627744E+67 0.245000E+01
 -.178111E+01 -.103924E+01 0.331706E+01 -.926255E+00 -.627744E+67 0.202633E+01
 -.136181E+01 -.206486E+01 0.335402E+01 -.980000E+00 -.627744E+67 0.245000E+01
 -.213785E+01 -.136694E+01 0.297228E+01 -.959023E+00 -.627744E+67 0.205833E+01
 -.180000E+01 -.176838E+01 0.341444E+01 -.974252E+00 -.627744E+67 0.228619E+01
 -.174765E+01 -.139209E+01 0.314402E+01 -.944484E+00 -.627744E+67 0.245000E+01
 -.274535E+01 -.226707E+01 0.313622E+01 -.912490E+00 -.627744E+67 0.189685E+01
 -.184742E+01 -.170002E+01 0.306095E+01 -.931845E+00 -.627744E+67 0.199310E+01
 -.166365E+01 -.191321E+01 0.313855E+01 -.894061E+00 -.627744E+67 0.240910E+01
 -.248457E+01 -.120642E+01 0.305514E+01 -.980000E+00 -.627744E+67 0.245000E+01
 -.340000E+01 -.146784E+01 0.318889E+01 -.740000E+00 -.627744E+67 0.213130E+01
 -.275182E+01 -.175228E+01 0.328273E+01 -.838911E+00 -.627744E+67 0.178763E+01
 -.340000E+01 -.232305E+01 0.290119E+01 -.935451E+00 -.627744E+67 0.224109E+01
 -.141905E+01 -.165980E+01 0.305739E+01 -.967762E+00 -.627744E+67 0.245000E+01
 -.174914E+01 -.132083E+01 0.335076E+01 -.740000E+00 -.627744E+67 0.228595E+01
 -.184542E+01 -.186969E+01 0.312853E+01 -.832678E+00 -.627744E+67 0.242550E+01
 -.126367E+01 -.179408E+01 0.318318E+01 -.980000E+00 -.627744E+67 0.196581E+01
 -.191566E+01 -.132398E+01 0.304519E+01 -.980000E+00 -.627744E+67 0.151640E+01
 -.340000E+01 -.219699E+01 0.348258E+01 -.883391E+00 -.627744E+67 0.224422E+01
 -.183764E+01 -.170000E+01 0.325529E+01 -.969363E+00 -.627744E+67 0.184550E+01
 -.180000E+01 -.172251E+01 0.318318E+01 -.740000E+00 -.627744E+67 0.184173E+01
 -.175974E+01 -.136299E+01 0.320000E+01 -.980000E+00 -.627744E+67 0.220902E+01
 -.240593E+01 -.188042E+01 0.326162E+01 -.870382E+00 -.627744E+67 0.174043E+01
 -.220416E+01 -.146643E+01 0.315417E+01 -.959883E+00 -.627744E+67 0.245000E+01
 -.184500E+01 -.167148E+01 0.341696E+01 -.816217E+00 -.627744E+67 0.245000E+01
 -.158338E+01 -.164523E+01 0.350000E+01 -.980000E+00 -.627744E+67 0.196196E+01
 -.391285E+00 -.166645E+01 0.340354E+01 -.501173E+00 -.627744E+67 0.243881E+01
 -.200000E+00 -.200830E+01 0.319195E+01 -.980000E+00 -.627744E+67 0.183630E+01
 -.798410E+00 -.125480E+01 0.350000E+01 -.980000E+00 -.627744E+67 0.224532E+01
 -.200000E+00 -.115108E+01 0.338988E+01 -.500000E+00 -.627744E+67 0.136678E+01
 -.263700E+01 -.157579E+01 0.335071E+01 -.921307E+00 -.627744E+67 0.243743E+01
 -.326888E+01 -.240000E+01 0.295207E+01 -.951272E+00 -.627744E+67 0.245000E+01
 -.209278E+01 -.236710E+01 0.332341E+01 -.866326E+00 -.627744E+67 0.225132E+01
 -.182858E+01 -.166076E+01 0.319114E+01 -.980000E+00 -.627744E+67 0.230076E+01
 -.135419E+01 -.164661E+01 0.321809E+01 -.740000E+00 -.627744E+67 0.245000E+01
 -.171567E+01 -.196344E+01 0.326766E+01 -.885875E+00 -.627744E+67 0.245000E+01
 -.164917E+01 -.142243E+01 0.342280E+01 -.931896E+00 -.627744E+67 0.228373E+01
 -.911926E+00 -.184049E+01 0.290000E+01 -.980000E+00 -.627744E+67 0.245000E+01
 -.136790E+01 -.151989E+01 0.350000E+01 -.873306E+00 -.627744E+67 0.205369E+01
 -.158491E+01 -.130415E+01 0.309869E+01 -.891291E+00 -.627744E+67 0.245000E+01
 -.108443E+01 -.187385E+01 0.320257E+01 -.866970E+00 -.627744E+67 0.245000E+01
 -.631114E+00 -.173924E+01 0.320000E+01 -.975830E+00 -.627744E+67 0.245000E+01
 -.329874E+01 -.150956E+01 0.302529E+01 -.980000E+00 -.627744E+67 0.245000E+01
 -.177525E+01 -.177752E+01 0.319625E+01 -.961795E+00 -.627744E+67 0.220747E+01
 -.180000E+01 -.151903E+01 0.320630E+01 -.980000E+00 -.627744E+67 0.203728E+01
 -.123782E+01 -.170000E+01 0.298687E+01 -.825762E+00 -.627744E+67 0.153450E+01
 -.314873E+01 -.142150E+01 0.297133E+01 -.880018E+00 -.627744E+67 0.245000E+01
 -.117598E+01 -.199654E+01 0.321354E+01 -.898820E+00 -.627744E+67 0.204899E+01
 -.203954E+01 -.170000E+01 0.328557E+01 -.916547E+00 -.627744E+67 0.215305E+01
 -.180718E+01 -.207211E+01 0.301091E+01 -.980000E+00 -.627744E+67 0.179816E+01
 -.162833E+01 -.171102E+01 0.342713E+01 -.980000E+00 -.627744E+67 0.203154E+01
 -.180303E+01 -.168889E+01 0.321049E+01 -.980000E+00 -.627744E+67 0.181897E+01
 -.214036E+01 -.193488E+01 0.339186E+01 -.934277E+00 -.627744E+67 0.193628E+01
 -.537849E+00 -.180453E+01 0.306295E+01 -.948767E+00 -.627744E+67 0.244920E+01
 -.114748E+01 -.124922E+01 0.329165E+01 -.980000E+00 -.627744E+67 0.195326E+01
 -.160651E+01 -.187754E+01 0.325041E+01 -.922141E+00 -.627744E+67 0.205145E+01
 -.313941E+01 -.219127E+01 0.315686E+01 -.949598E+00 -.627744E+67 0.240899E+01
 -.107504E+01 -.186214E+01 0.314393E+01 -.980000E+00 -.627744E+67 0.227606E+01
 -.186682E+01 -.176901E+01 0.318846E+01 -.951939E+00 -.627744E+67 0.245000E+01
 -.884572E+00 -.170323E+01 0.290000E+01 -.892898E+00 -.627744E+67 0.204569E+01
 -.180000E+01 -.215541E+01 0.314687E+01 -.919305E+00 -.627744E+67 0.211225E+01
 -.137697E+01 -.144100E+01 0.308517E+01 -.885749E+00 -.627744E+67 0.238386E+01
 -.180000E+01 -.164168E+01 0.306172E+01 -.962626E+00 -.627744E+67 0.227230E+01
 -.144857E+01 -.133992E+01 0.317901E+01 -.980000E+00 -.627744E+67 0.209646E+01
 -.200413E+00 -.202083E+01 0.305076E+01 -.742672E+00 -.627744E+67 0.245000E+01
 -.193045E+01 -.199021E+01 0.306370E+01 -.980000E+00 -.627744E+67 0.245000E+01
 -.185948E+01 -.112023E+01 0.292459E+01 -.816215E+00 -.627744E+67 0.197810E+01
 -.202679E+01 -.143642E+01 0.295887E+01 -.892177E+00 -.627744E+67 0.211561E+01
 -.187501E+01 -.216970E+01 0.350000E+01 -.980000E+00 -.627744E+67 0.245000E+01
 -.234520E+01 -.151626E+01 0.298019E+01 -.903849E+00 -.627744E+67 0.243161E+01
 -.272693E+01 -.158678E+01 0.293014E+01 -.591840E+00 -.627744E+67 0.245000E+01
 -.125802E+01 -.108218E+01 0.348197E+01 -.908783E+00 -.627744E+67 0.228717E+01
 -.170995E+01 -.140697E+01 0.328040E+01 -.813531E+00 -.627744E+67 0.245000E+01
 -.164811E+01 -.170595E+01 0.290000E+01 -.927272E+00 -.627744E+67 0.210337E+01
 -.148892E+01 -.158231E+01 0.349010E+01 -.722376E+00 -.627744E+67 0.202247E+01
 -.283295E+01 -.110991E+01 0.320000E+01 -.829371E+00 -.627744E+67 0.190923E+01
 -.199128E+01 -.132691E+01 0.310354E+01 -.500000E+00 -.627744E+67 0.245000E+01
 -.180000E+01 -.191357E+01 0.290000E+01 -.775912E+00 -.627744E+67 0.611302E+00
 -.188044E+01 -.180069E+01 0.320000E+01 -.880462E+00 -.627744E+67 0.233666E+01
 -.180000E+01 -.167188E+01 0.349966E+01 -.740000E+00 -.627744E+67 0.216485E+01
 -.259685E+01 -.169470E+01 0.350000E+01 -.980000E+00 -.627744E+67 0.245000E+01
 -.166888E+01 -.170000E+01 0.294654E+01 -.980000E+00 -.627744E+67 0.207528E+01
 -.884247E+00 -.197610E+01 0.315554E+01 -.950457E+00 -.627744E+67 0.245000E+01
 -.231857E+01 -.104902E+01 0.293860E+01 -.933511E+00 -.627744E+67 0.218529E+01
 -.295419E+01 -.100000E+01 0.316001E+01 -.637452E+00 -.627744E+67 0.211408E+01
 -.292451E+01 -.177045E+01 0.316992E+01 -.980000E+00 -.627744E+67 0.193282E+01
 -.239441E+01 -.179505E+01 0.326815E+01 -.920671E+00 -.627744E+67 0.220083E+01
 -.814407E+00 -.173540E+01 0.317377E+01 -.788989E+00 -.627744E+67 0.210273E+01
 -.177189E+01 -.156698E+01 0.320000E+01 -.903052E+00 -.627744E+67 0.212857E+01
 -.149778E+01 -.108044E+01 0.306658E+01 -.980000E+00 -.627744E+67 0.183918E+01
 -.140299E+01 -.164599E+01 0.314726E+01 -.903789E+00 -.627744E+67 0.215409E+01
 -.178171E+01 -.234423E+01 0.325576E+01 -.980000E+00 -.627744E+67 0.164021E+01
 -.333075E+01 -.214359E+01 0.291633E+01 -.931041E+00 -.627744E+67 0.218038E+01
 -.200450E+01 -.182827E+01 0.314954E+01 -.980000E+00 -.627744E+67 0.245000E+01
 -.334354E+01 -.184134E+01 0.291895E+01 -.926242E+00 -.627744E+67 0.208573E+01
 -.100648E+01 -.107159E+01 0.300971E+01 -.765374E+00 -.627744E+67 0.245000E+01
 -.321049E+01 -.212150E+01 0.290000E+01 -.980000E+00 -.627744E+67 0.205926E+01
 -.740333E+00 -.129654E+01 0.323503E+01 -.871999E+00 -.627744E+67 0.233351E+01
 -.188759E+01 -.231436E+01 0.311993E+01 -.980000E+00 -.627744E+67 0.245000E+01
 -.123196E+01 -.217318E+01 0.305581E+01 -.927296E+00 -.627744E+67 0.245000E+01
 -.197691E+01 -.169655E+01 0.312718E+01 -.950918E+00 -.627744E+67 0.194039E+01
 -.168209E+01 -.231837E+01 0.303671E+01 -.953825E+00 -.627744E+67 0.229510E+01
 -.230527E+01 -.165041E+01 0.333959E+01 -.919951E+00 -.627744E+67 0.206312E+01
 -.200000E+00 -.203132E+01 0.315527E+01 -.933447E+00 -.627744E+67 0.245000E+01
 -.272396E+01 -.194922E+01 0.299165E+01 -.941573E+00 -.627744E+67 0.211033E+01
 -.178474E+01 -.143906E+01 0.326561E+01 -.978887E+00 -.627744E+67 0.241217E+01
 -.196999E+01 -.172781E+01 0.307405E+01 -.980000E+00 -.627744E+67 0.245000E+01
 -.158813E+01 -.184528E+01 0.328716E+01 -.903860E+00 -.627744E+67 0.243673E+01
 -.202869E+01 -.161841E+01 0.325190E+01 -.980000E+00 -.627744E+67 0.208923E+01
 -.757462E+00 -.216540E+01 0.316892E+01 -.978449E+00 -.627744E+67 0.234012E+01
 -.298351E+00 -.170550E+01 0.307968E+01 -.980000E+00 -.627744E+67 0.237754E+01
 -.667696E+00 -.143632E+01 0.293643E+01 -.938149E+00 -.627744E+67 0.245000E+01
 -.326118E+00 -.103831E+01 0.336112E+01 -.980000E+00 -.627744E+67 0.230517E+01
 -.164930E+01 -.139784E+01 0.320794E+01 -.935280E+00 -.627744E+67 0.226594E+01
 -.200000E+00 -.240000E+01 0.299766E+01 -.937898E+00 -.627744E+67 0.211302E+01
 -.182223E+01 -.164905E+01 0.311847E+01 -.776187E+00 -.627744E+67 0.237996E+01
 -.167626E+01 -.113994E+01 0.293214E+01 -.815803E+00 -.627744E+67 0.245000E+01
 -.156045E+01 -.201311E+01 0.322367E+01 -.910511E+00 -.627744E+67 0.245000E+01
 -.403099E+00 -.199687E+01 0.320000E+01 -.918718E+00 -.627744E+67 0.227087E+01
 -.100880E+01 -.205086E+01 0.290000E+01 -.756651E+00 -.627744E+67 0.245000E+01
 -.232178E+01 -.150008E+01 0.290000E+01 -.720973E+00 -.627744E+67 0.205357E+01
 -.147717E+01 -.161363E+01 0.350000E+01 -.933895E+00 -.627744E+67 0.245000E+01
 -.108918E+01 -.124045E+01 0.322088E+01 -.943643E+00 -.627744E+67 0.197712E+01
 -.140088E+01 -.184677E+01 0.320000E+01 -.971109E+00 -.627744E+67 0.211196E+01
 -.158888E+01 -.169711E+01 0.330485E+01 -.809353E+00 -.627744E+67 0.210639E+01
 -.254300E+01 -.130409E+01 0.291304E+01 -.810448E+00 -.627744E+67 0.245000E+01
 -.323122E+01 -.151061E+01 0.290000E+01 -.740000E+00 -.627744E+67 0.241558E+01
 -.317625E+01 -.162765E+01 0.320000E+01 -.788018E+00 -.627744E+67 0.933865E+00
 -.229341E+01 -.222730E+01 0.290000E+01 -.877518E+00 -.627744E+67 0.245000E+01
 -.279014E+01 -.211380E+01 0.328169E+01 -.980000E+00 -.627744E+67 0.202768E+01
 -.249741E+01 -.180861E+01 0.320000E+01 -.932644E+00 -.627744E+67 0.218134E+01
 -.243080E+00 -.104348E+01 0.309756E+01 -.957828E+00 -.627744E+67 0.198701E+01
 -.425904E+00 -.129243E+01 0.307124E+01 -.980000E+00 -.627744E+67 0.219598E+01
 -.213616E+01 -.161179E+01 0.312143E+01 -.923058E+00 -.627744E+67 0.244259E+01
 -.263998E+01 -.170000E+01 0.290000E+01 -.877452E+00 -.627744E+67 0.198213E+01
 -.288700E+01 -.157370E+01 0.301138E+01 -.789596E+00 -.627744E+67 0.245000E+01
 -.300364E+01 -.136107E+01 0.312118E+01 -.980000E+00 -.627744E+67 0.244183E+01
 -.134700E+01 -.103540E+01 0.324086E+01 -.794168E+00 -.627744E+67 0.245000E+01
 -.220557E+01 -.172285E+01 0.291864E+01 -.972081E+00 -.627744E+67 0.240001E+01
 -.173470E+01 -.178044E+01 0.313380E+01 -.818398E+00 -.627744E+67 0.244368E+01
 -.231597E+01 -.144337E+01 0.312350E+01 -.980000E+00 -.627744E+67 0.222666E+01
 -.273853E+01 -.237437E+01 0.306940E+01 -.968402E+00 -.627744E+67 0.235966E+01
 -.173075E+01 -.240000E+01 0.318260E+01 -.960039E+00 -.627744E+67 0.242903E+01
 -.211082E+01 -.170621E+01 0.311272E+01 -.963758E+00 -.627744E+67 0.229647E+01
 -.276337E+01 -.223560E+01 0.290000E+01 -.948894E+00 -.627744E+67 0.245000E+01
 -.152351E+01 -.100000E+01 0.313933E+01 -.906783E+00 -.627744E+67 0.194175E+01
 -.161049E+01 -.240000E+01 0.304165E+01 -.758989E+00 -.627744E+67 0.211224E+01
 -.231179E+01 -.140701E+01 0.304007E+01 -.980000E+00 -.627744E+67 0.245000E+01
 -.165828E+01 -.161436E+01 0.305995E+01 -.905763E+00 -.627744E+67 0.211413E+01
 -.107895E+01 -.211461E+01 0.323365E+01 -.880583E+00 -.627744E+67 0.203921E+01
 -.172407E+01 -.174180E+01 0.309380E+01 -.980000E+00 -.627744E+67 0.235482E+01
 -.172558E+01 -.161837E+01 0.304506E+01 -.980000E+00 -.627744E+67 0.245000E+01
 -.705273E+00 -.158842E+01 0.319034E+01 -.980000E+00 -.627744E+67 0.245000E+01
 -.786685E+00 -.164985E+01 0.321485E+01 -.933307E+00 -.627744E+67 0.211729E+01
 -.317214E+01 -.240000E+01 0.294887E+01 -.959596E+00 -.627744E+67 0.245000E+01
 -.195132E+01 -.140085E+01 0.321431E+01 -.980000E+00 -.627744E+67 0.245000E+01
 -.791625E+00 -.129114E+01 0.308865E+01 -.922627E+00 -.627744E+67 0.219602E+01
 -.214433E+01 -.159370E+01 0.298716E+01 -.955152E+00 -.627744E+67 0.229170E+01
 -.196642E+01 -.173599E+01 0.322667E+01 -.903712E+00 -.627744E+67 0.222240E+01
 -.104881E+01 -.207572E+01 0.336446E+01 -.980000E+00 -.627744E+67 0.245000E+01
 -.200000E+00 -.112626E+01 0.302290E+01 -.740000E+00 -.627744E+67 0.245000E+01
 -.196979E+01 -.160337E+01 0.302674E+01 -.964946E+00 -.627744E+67 0.199204E+01
 -.174327E+01 -.173831E+01 0.350000E+01 -.957807E+00 -.627744E+67 0.232403E+01
 -.158864E+01 -.201439E+01 0.304079E+01 -.948527E+00 -.627744E+67 0.245000E+01
 -.105004E+01 -.170000E+01 0.314083E+01 -.980000E+00 -.627744E+67 0.212296E+01
 -.171480E+01 -.160154E+01 0.315790E+01 -.846345E+00 -.627744E+67 0.231226E+01
 -.148837E+01 -.183994E+01 0.323214E+01 -.906639E+00 -.627744E+67 0.187242E+01
 -.127292E+01 -.193826E+01 0.337062E+01 -.980000E+00 -.627744E+67 0.199254E+01
 -.166636E+01 -.187553E+01 0.321985E+01 -.939700E+00 -.627744E+67 0.221438E+01
 -.659593E+00 -.240000E+01 0.301460E+01 -.954575E+00 -.627744E+67 0.211038E+01
 -.224060E+01 -.175113E+01 0.308877E+01 -.830025E+00 -.627744E+67 0.240876E+01
 -.177512E+01 -.208777E+01 0.320000E+01 -.980000E+00 -.627744E+67 0.233973E+01
 -.885856E+00 -.115758E+01 0.314395E+01 -.946928E+00 -.627744E+67 0.245000E+01
 -.122172E+01 -.159637E+01 0.333277E+01 -.976572E+00 -.627744E+67 0.226306E+01
 -.202425E+01 -.182885E+01 0.309390E+01 -.953220E+00 -.627744E+67 0.245000E+01
 -.170873E+01 -.200409E+01 0.290000E+01 -.980000E+00 -.627744E+67 0.177318E+01
 -.192826E+01 -.198340E+01 0.311432E+01 -.980000E+00 -.627744E+67 0.233608E+01
 -.206275E+01 -.189416E+01 0.338235E+01 -.917363E+00 -.627744E+67 0.106492E+01
 -.152884E+01 -.188787E+01 0.290000E+01 -.980000E+00 -.627744E+67 0.220367E+01
 -.251015E+01 -.240000E+01 0.298169E+01 -.980000E+00 -.627744E+67 0.206919E+01
 -.189282E+01 -.171196E+01 0.293285E+01 -.979631E+00 -.627744E+67 0.231060E+01
 -.129666E+01 -.106671E+01 0.303488E+01 -.974727E+00 -.627744E+67 0.202611E+01
 -.168323E+01 -.108669E+01 0.302134E+01 -.789449E+00 -.627744E+67 0.235408E+01
 -.165268E+01 -.231179E+01 0.332159E+01 -.980000E+00 -.627744E+67 0.245000E+01
 -.157474E+01 -.224796E+01 0.312300E+01 -.980000E+00 -.627744E+67 0.245000E+01
 -.128700E+01 -.148632E+01 0.302870E+01 -.714881E+00 -.627744E+67 0.189423E+01
 -.169830E+01 -.110094E+01 0.307826E+01 -.927993E+00 -.627744E+67 0.245000E+01
 -.250872E+01 -.118202E+01 0.316542E+01 -.872308E+00 -.627744E+67 0.215621E+01
 -.259166E+01 -.188820E+01 0.290000E+01 -.980000E+00 -.627744E+67 0.245000E+01
 -.194335E+01 -.238922E+01 0.319408E+01 -.723065E+00 -.627744E+67 0.245000E+01
 -.268928E+01 -.142247E+01 0.310062E+01 -.918628E+00 -.627744E+67 0.242758E+01
 -.162219E+01 -.167437E+01 0.290000E+01 -.972704E+00 -.627744E+67 0.245000E+01
 -.224560E+00 -.214361E+01 0.340526E+01 -.980000E+00 -.627744E+67 0.245000E+01
 -.155410E+01 -.159472E+01 0.308019E+01 -.964913E+00 -.627744E+67 0.239408E+01
 -.116337E+01 -.198074E+01 0.307029E+01 -.980000E+00 -.627744E+67 0.215265E+01
 -.265451E+01 -.170000E+01 0.303215E+01 -.980000E+00 -.627744E+67 0.203322E+01
 -.208632E+00 -.207015E+01 0.322515E+01 -.597759E+00 -.627744E+67 0.234041E+01
 -.285148E+01 -.210701E+01 0.290000E+01 -.899186E+00 -.627744E+67 0.206238E+01
 -.149594E+01 -.100000E+01 0.312257E+01 -.947582E+00 -.627744E+67 0.215739E+01
 -.192384E+01 -.158446E+01 0.306204E+01 -.980000E+00 -.627744E+67 0.196291E+01
 -.148745E+01 -.178414E+01 0.306256E+01 -.965357E+00 -.627744E+67 0.245000E+01
 -.172813E+01 -.117149E+01 0.311477E+01 -.963133E+00 -.627744E+67 0.209947E+01
 -.307230E+00 -.187958E+01 0.294764E+01 -.937739E+00 -.627744E+67 0.204375E+01
 -.177504E+01 -.145918E+01 0.310161E+01 -.963785E+00 -.627744E+67 0.217375E+01
 -.324333E+01 -.170000E+01 0.296153E+01 -.980000E+00 -.627744E+67 0.177797E+01
 -.171266E+01 -.175969E+01 0.308071E+01 -.957822E+00 -.627744E+67 0.215259E+01
 -.105935E+01 -.151382E+01 0.308843E+01 -.980000E+00 -.627744E+67 0.228974E+01
 -.221736E+01 -.162325E+01 0.290000E+01 -.977320E+00 -.627744E+67 0.204885E+01
 -.156120E+01 -.185852E+01 0.310625E+01 -.961599E+00 -.627744E+67 0.245000E+01
 -.192159E+01 -.165323E+01 0.329349E+01 -.941380E+00 -.627744E+67 0.215873E+01
 -.180000E+01 -.105871E+01 0.302453E+01 -.969967E+00 -.627744E+67 0.221498E+01
 -.283288E+01 -.191862E+01 0.321160E+01 -.928575E+00 -.627744E+67 0.235672E+01
 -.306447E+01 -.225945E+01 0.320000E+01 -.947920E+00 -.627744E+67 0.233052E+01
 -.168237E+01 -.240000E+01 0.295079E+01 -.975713E+00 -.627744E+67 0.215435E+01
 -.214020E+01 -.166295E+01 0.325802E+01 -.740000E+00 -.627744E+67 0.234660E+01
 -.164346E+01 -.207958E+01 0.314920E+01 -.980000E+00 -.627744E+67 0.240873E+01
 -.150699E+01 -.227499E+01 0.343262E+01 -.980000E+00 -.627744E+67 0.162029E+01
 -.114782E+01 -.185252E+01 0.307062E+01 -.944092E+00 -.627744E+67 0.190459E+01
 -.288736E+01 -.156797E+01 0.315831E+01 -.975924E+00 -.627744E+67 0.229453E+01
 -.800540E+00 -.170000E+01 0.320834E+01 -.972131E+00 -.627744E+67 0.210873E+01
 -.168214E+01 -.198546E+01 0.326943E+01 -.980000E+00 -.627744E+67 0.245000E+01
 -.203478E+01 -.239809E+01 0.290000E+01 -.936841E+00 -.627744E+67 0.225335E+01
 -.151961E+01 -.173600E+01 0.304245E+01 -.821754E+00 -.627744E+67 0.208478E+01
 -.223323E+01 -.157511E+01 0.303277E+01 -.972761E+00 -.627744E+67 0.238956E+01
 -.227951E+01 -.189982E+01 0.290000E+01 -.980000E+00 -.627744E+67 0.215001E+01
 -.143773E+01 -.215129E+01 0.320000E+01 -.829947E+00 -.627744E+67 0.245000E+01
 -.461085E+00 -.227586E+01 0.330346E+01 -.980000E+00 -.627744E+67 0.228032E+01
 -.890057E+00 -.226005E+01 0.308235E+01 -.980000E+00 -.627744E+67 0.179684E+01
 -.890262E+00 -.146045E+01 0.301650E+01 -.917523E+00 -.627744E+67 0.219810E+01
 -.141415E+01 -.198312E+01 0.290000E+01 -.875127E+00 -.627744E+67 0.221140E+01
 -.115873E+01 -.164348E+01 0.290000E+01 -.980000E+00 -.627744E+67 0.245000E+01
 -.289666E+01 -.176671E+01 0.298578E+01 -.980000E+00 -.627744E+67 0.245000E+01
 -.293151E+01 -.178669E+01 0.318878E+01 -.857655E+00 -.627744E+67 0.245000E+01
 -.133740E+01 -.161179E+01 0.322371E+01 -.939713E+00 -.627744E+67 0.222895E+01
 -.742146E+00 -.212562E+01 0.329642E+01 -.921692E+00 -.627744E+67 0.218935E+01
 -.582148E+00 -.170514E+01 0.311656E+01 -.749630E+00 -.627744E+67 0.245000E+01
 -.487033E+00 -.150225E+01 0.304381E+01 -.907666E+00 -.627744E+67 0.228847E+01
 -.282140E+01 -.146031E+01 0.304967E+01 -.980000E+00 -.627744E+67 0.215839E+01
 -.184092E+01 -.173033E+01 0.312323E+01 -.940630E+00 -.627744E+67 0.222125E+01
 -.174876E+01 -.240000E+01 0.311083E+01 -.958835E+00 -.627744E+67 0.205511E+01
 -.246626E+01 -.148320E+01 0.308840E+01 -.940656E+00 -.627744E+67 0.231579E+01
 -.652261E+00 -.102588E+01 0.317728E+01 -.978430E+00 -.627744E+67 0.223456E+01
 -.513957E+00 -.157363E+01 0.310526E+01 -.956212E+00 -.627744E+67 0.224044E+01
 -.111998E+01 -.161302E+01 0.306354E+01 -.980000E+00 -.627744E+67 0.245000E+01
 -.101894E+01 -.140111E+01 0.307867E+01 -.947304E+00 -.627744E+67 0.206268E+01
 -.231824E+01 -.238798E+01 0.294155E+01 -.835982E+00 -.627744E+67 0.229677E+01
 -.180863E+01 -.176040E+01 0.327680E+01 -.541636E+00 -.627744E+67 0.245000E+01
 -.229958E+01 -.209538E+01 0.320000E+01 -.949924E+00 -.627744E+67 0.214652E+01
 -.178243E+01 -.166863E+01 0.314502E+01 -.980000E+00 -.627744E+67 0.244110E+01
 -.240789E+01 -.161425E+01 0.290000E+01 -.901723E+00 -.627744E+67 0.245000E+01
 -.158222E+01 -.180639E+01 0.307420E+01 -.971654E+00 -.627744E+67 0.201411E+01
 -.168050E+01 -.141559E+01 0.312347E+01 -.980000E+00 -.627744E+67 0.213894E+01
 -.126960E+01 -.227449E+01 0.291994E+01 -.944327E+00 -.627744E+67 0.190002E+01
 -.200003E+01 -.140038E+01 0.290000E+01 -.949816E+00 -.627744E+67 0.236458E+01
 -.212527E+01 -.113986E+01 0.317410E+01 -.953432E+00 -.627744E+67 0.158356E+01
 -.152018E+01 -.158551E+01 0.304574E+01 -.943762E+00 -.627744E+67 0.195205E+01
 -.265935E+01 -.209133E+01 0.308321E+01 -.927284E+00 -.627744E+67 0.245000E+01
 -.151238E+01 -.168938E+01 0.320000E+01 -.980000E+00 -.627744E+67 0.209393E+01
 -.136217E+01 -.192238E+01 0.303431E+01 -.980000E+00 -.627744E+67 0.226052E+01
 -.139198E+01 -.131199E+01 0.299349E+01 -.963846E+00 -.627744E+67 0.212182E+01
 -.318218E+01 -.175871E+01 0.304642E+01 -.980000E+00 -.627744E+67 0.222365E+01
 -.155117E+01 -.139840E+01 0.322057E+01 -.917685E+00 -.627744E+67 0.245000E+01
 -.340000E+01 -.155945E+01 0.290000E+01 -.980000E+00 -.627744E+67 0.229763E+01
 -.189982E+01 -.170000E+01 0.299578E+01 -.980000E+00 -.627744E+67 0.235944E+01
 -.188091E+01 -.198755E+01 0.317407E+01 -.671511E+00 -.627744E+67 0.245000E+01
 -.159692E+01 -.231878E+01 0.314098E+01 -.916431E+00 -.627744E+67 0.245000E+01
 -.151955E+01 -.188119E+01 0.337967E+01 -.843394E+00 -.627744E+67 0.164101E+01
 -.161445E+01 -.142174E+01 0.290000E+01 -.954464E+00 -.627744E+67 0.243155E+01
 -.184709E+01 -.135200E+01 0.314271E+01 -.980000E+00 -.627744E+67 0.234822E+01
 -.175300E+01 -.115969E+01 0.318949E+01 -.901157E+00 -.627744E+67 0.245000E+01
 -.128898E+01 -.173526E+01 0.341525E+01 -.868182E+00 -.627744E+67 0.229636E+01
 -.193863E+01 -.227973E+01 0.296574E+01 -.952334E+00 -.627744E+67 0.221377E+01
 -.252333E+01 -.212620E+01 0.323124E+01 -.813754E+00 -.627744E+67 0.242458E+01
 -.223886E+01 -.158661E+01 0.290000E+01 -.927679E+00 -.627744E+67 0.237888E+01
 -.211631E+01 -.171264E+01 0.320000E+01 -.899631E+00 -.627744E+67 0.218586E+01
 -.230717E+01 -.168087E+01 0.346529E+01 -.928166E+00 -.627744E+67 0.207278E+01
 -.206108E+01 -.163578E+01 0.313254E+01 -.875580E+00 -.627744E+67 0.239060E+01
 -.547208E+00 -.212439E+01 0.290000E+01 -.905638E+00 -.627744E+67 0.245000E+01
 -.166301E+01 -.183122E+01 0.309196E+01 -.891099E+00 -.627744E+67 0.231998E+01
 -.790770E+00 -.129031E+01 0.320000E+01 -.932653E+00 -.627744E+67 0.240003E+01
 -.106900E+01 -.169299E+01 0.320000E+01 -.959318E+00 -.627744E+67 0.226685E+01
 -.242436E+01 -.237751E+01 0.303722E+01 -.971660E+00 -.627744E+67 0.198958E+01
 -.207541E+01 -.238697E+01 0.332499E+01 -.943678E+00 -.627744E+67 0.236691E+01
 -.179727E+01 -.102177E+01 0.299487E+01 -.972891E+00 -.627744E+67 0.226935E+01
 -.337005E+00 -.205974E+01 0.320063E+01 -.957556E+00 -.627744E+67 0.236043E+01
 -.211665E+01 -.189650E+01 0.321150E+01 -.980000E+00 -.627744E+67 0.210782E+01
 -.614044E+00 -.178912E+01 0.304894E+01 -.963274E+00 -.627744E+67 0.245000E+01
 -.172653E+01 -.171938E+01 0.290000E+01 -.740000E+00 -.627744E+67 0.233715E+01
 -.110432E+01 -.151912E+01 0.334236E+01 -.909751E+00 -.627744E+67 0.222779E+01
 -.160753E+01 -.170000E+01 0.306883E+01 -.980000E+00 -.627744E+67 0.239854E+01
 -.205194E+01 -.171438E+01 0.318392E+01 -.980000E+00 -.627744E+67 0.223330E+01
 -.312841E+00 -.120153E+01 0.302429E+01 -.978311E+00 -.627744E+67 0.228475E+01
 -.211396E+01 -.158125E+01 0.298968E+01 -.969719E+00 -.627744E+67 0.224761E+01
 -.199949E+01 -.168764E+01 0.310430E+01 -.962533E+00 -.627744E+67 0.239419E+01
 -.189915E+01 -.133518E+01 0.290000E+01 -.970543E+00 -.627744E+67 0.245000E+01
 -.170220E+01 -.206013E+01 0.303044E+01 -.905220E+00 -.627744E+67 0.229610E+01
 -.308649E+01 -.210950E+01 0.304955E+01 -.781636E+00 -.627744E+67 0.222766E+01
 -.905740E+00 -.148121E+01 0.317181E+01 -.980000E+00 -.627744E+67 0.245000E+01
 -.204938E+01 -.229168E+01 0.316594E+01 -.939069E+00 -.627744E+67 0.245000E+01
 -.150210E+01 -.231425E+01 0.304855E+01 -.882869E+00 -.627744E+67 0.218126E+01
 -.208096E+01 -.169755E+01 0.313639E+01 -.980000E+00 -.627744E+67 0.213827E+01
 -.176639E+01 -.205218E+01 0.310380E+01 -.969387E+00 -.627744E+67 0.245000E+01
 -.256244E+01 -.239359E+01 0.319943E+01 -.974816E+00 -.627744E+67 0.197165E+01
 -.176475E+01 -.180360E+01 0.320000E+01 -.898239E+00 -.627744E+67 0.245000E+01
 -.119357E+01 -.183986E+01 0.330747E+01 -.927281E+00 -.627744E+67 0.245000E+01
 -.182216E+01 -.138533E+01 0.317453E+01 -.953531E+00 -.627744E+67 0.245000E+01
 -.312606E+01 -.185883E+01 0.308027E+01 -.965067E+00 -.627744E+67 0.231961E+01
 -.110431E+01 -.175275E+01 0.335241E+01 -.902116E+00 -.627744E+67 0.233739E+01
 -.175575E+01 -.185189E+01 0.312834E+01 -.923524E+00 -.627744E+67 0.219878E+01
 -.102585E+01 -.126602E+01 0.290000E+01 -.980000E+00 -.627744E+67 0.215390E+01
 -.340000E+01 -.225393E+01 0.312060E+01 -.740000E+00 -.627744E+67 0.243739E+01
 -.208202E+00 -.125798E+01 0.300002E+01 -.909985E+00 -.627744E+67 0.213501E+01
 -.180000E+01 -.103451E+01 0.290000E+01 -.934811E+00 -.627744E+67 0.231253E+01
 -.174849E+01 -.101479E+01 0.329578E+01 -.938315E+00 -.627744E+67 0.245000E+01
 -.135043E+01 -.236023E+01 0.305142E+01 -.911511E+00 -.627744E+67 0.232201E+01
 -.168762E+01 -.174156E+01 0.314639E+01 -.941115E+00 -.627744E+67 0.234298E+01
 -.175699E+01 -.129651E+01 0.307967E+01 -.761489E+00 -.627744E+67 0.245000E+01
 -.203569E+01 -.123134E+01 0.320000E+01 -.980000E+00 -.627744E+67 0.245000E+01
 -.797442E+00 -.136391E+01 0.313085E+01 -.973509E+00 -.627744E+67 0.245000E+01
 -.235315E+01 -.185895E+01 0.290000E+01 -.791008E+00 -.627744E+67 0.216037E+01
 -.198452E+01 -.160121E+01 0.329175E+01 -.917004E+00 -.627744E+67 0.245000E+01
 -.152641E+01 -.168683E+01 0.326574E+01 -.980000E+00 -.627744E+67 0.231918E+01
 -.217850E+01 -.161747E+01 0.334260E+01 -.980000E+00 -.627744E+67 0.245000E+01
 -.177977E+01 -.169486E+01 0.320000E+01 -.908022E+00 -.627744E+67 0.226342E+01
 -.171542E+01 -.162186E+01 0.332468E+01 -.931955E+00 -.627744E+67 0.245000E+01
 -.241485E+01 -.122809E+01 0.316529E+01 -.980000E+00 -.627744E+67 0.205751E+01
 -.330184E+01 -.156610E+01 0.297938E+01 -.857429E+00 -.627744E+67 0.245000E+01
 -.204342E+01 -.142439E+01 0.319247E+01 -.877632E+00 -.627744E+67 0.212284E+01
 -.229848E+01 -.199687E+01 0.313953E+01 -.980000E+00 -.627744E+67 0.245000E+01
 -.696633E+00 -.195280E+01 0.320647E+01 -.980000E+00 -.627744E+67 0.245000E+01
 -.166719E+01 -.172800E+01 0.324112E+01 -.967740E+00 -.627744E+67 0.231079E+01
 -.193584E+01 -.188387E+01 0.311872E+01 -.972217E+00 -.627744E+67 0.218560E+01
 -.600084E+00 -.168697E+01 0.306945E+01 -.966689E+00 -.627744E+67 0.232921E+01
 -.223410E+01 -.124244E+01 0.297334E+01 -.980000E+00 -.627744E+67 0.237435E+01
 -.130663E+01 -.202966E+01 0.304330E+01 -.980000E+00 -.627744E+67 0.245000E+01
 -.335825E+01 -.161270E+01 0.327749E+01 -.855925E+00 -.627744E+67 0.241134E+01
 -.221404E+01 -.119968E+01 0.317942E+01 -.980000E+00 -.627744E+67 0.233221E+01
 -.763690E+00 -.193813E+01 0.305986E+01 -.618459E+00 -.627744E+67 0.245000E+01
 -.801007E+00 -.156837E+01 0.313485E+01 -.980000E+00 -.627744E+67 0.233574E+01
 -.157442E+01 -.101458E+01 0.310308E+01 -.868424E+00 -.627744E+67 0.245000E+01
 -.138500E+01 -.191851E+01 0.323196E+01 -.945093E+00 -.627744E+67 0.235404E+01
 -.191284E+01 -.190153E+01 0.294780E+01 -.971984E+00 -.627744E+67 0.245000E+01
 -.295581E+01 -.228125E+01 0.321391E+01 -.980000E+00 -.627744E+67 0.245000E+01
 -.242176E+01 -.161379E+01 0.319460E+01 -.961554E+00 -.627744E+67 0.238643E+01
 -.254615E+01 -.203518E+01 0.313292E+01 -.980000E+00 -.627744E+67 0.218502E+01
 -.115646E+01 -.149624E+01 0.322636E+01 -.976683E+00 -.627744E+67 0.236893E+01
 -.276158E+01 -.240000E+01 0.294120E+01 -.980000E+00 -.627744E+67 0.218456E+01
 -.134366E+01 -.119011E+01 0.302811E+01 -.930809E+00 -.627744E+67 0.217457E+01
 -.199296E+01 -.168474E+01 0.317206E+01 -.950915E+00 -.627744E+67 0.231857E+01
 -.874422E+00 -.216738E+01 0.332359E+01 -.980000E+00 -.627744E+67 0.230418E+01
 -.221944E+01 -.156533E+01 0.318617E+01 -.972231E+00 -.627744E+67 0.245000E+01
 -.174920E+01 -.190395E+01 0.310731E+01 -.978331E+00 -.627744E+67 0.219830E+01
 -.263937E+01 -.226403E+01 0.327301E+01 -.980000E+00 -.627744E+67 0.245000E+01
 -.156569E+01 -.216271E+01 0.347494E+01 -.933268E+00 -.627744E+67 0.234606E+01
 -.105698E+01 -.230094E+01 0.334401E+01 -.907901E+00 -.627744E+67 0.193326E+01
 -.198906E+01 -.146933E+01 0.327130E+01 -.974666E+00 -.627744E+67 0.192829E+01
 -.152606E+01 -.139101E+01 0.315157E+01 -.980000E+00 -.627744E+67 0.244300E+01
 -.211205E+01 -.170902E+01 0.305241E+01 -.958640E+00 -.627744E+67 0.239789E+01
 -.227644E+01 -.147312E+01 0.330706E+01 -.954637E+00 -.627744E+67 0.222535E+01
 -.219405E+01 -.132455E+01 0.320000E+01 -.953354E+00 -.627744E+67 0.216559E+01
 -.189657E+01 -.205085E+01 0.310483E+01 -.614306E+00 -.627744E+67 0.245000E+01
 -.170791E+01 -.142709E+01 0.292249E+01 -.960748E+00 -.627744E+67 0.226178E+01
 -.303318E+00 -.127172E+01 0.306758E+01 -.976579E+00 -.627744E+67 0.245000E+01
 -.150453E+01 -.171479E+01 0.338975E+01 -.954920E+00 -.627744E+67 0.226762E+01
 -.119936E+01 -.177492E+01 0.295571E+01 -.980000E+00 -.627744E+67 0.237662E+01
 -.184416E+01 -.119043E+01 0.314954E+01 -.980000E+00 -.627744E+67 0.235876E+01
 -.198800E+01 -.100000E+01 0.290000E+01 -.702060E+00 -.627744E+67 0.201288E+01
 -.154312E+01 -.177197E+01 0.338951E+01 -.958475E+00 -.627744E+67 0.208733E+01
 -.182802E+01 -.159028E+01 0.313751E+01 -.974547E+00 -.627744E+67 0.236874E+01
 -.236423E+01 -.240000E+01 0.315076E+01 -.726163E+00 -.627744E+67 0.221722E+01
 -.252552E+01 -.149737E+01 0.308954E+01 -.980000E+00 -.627744E+67 0.234415E+01
 -.138148E+01 -.167398E+01 0.339254E+01 -.952170E+00 -.627744E+67 0.245000E+01
 -.144275E+01 -.121389E+01 0.321467E+01 -.878589E+00 -.627744E+67 0.228767E+01
 -.135419E+01 -.165725E+01 0.316217E+01 -.899056E+00 -.627744E+67 0.216430E+01
 -.175502E+01 -.169650E+01 0.302468E+01 -.980000E+00 -.627744E+67 0.213404E+01
 -.159047E+01 -.100000E+01 0.290000E+01 -.906101E+00 -.627744E+67 0.211163E+01
 -.170184E+01 -.192542E+01 0.312184E+01 -.980000E+00 -.627744E+67 0.238003E+01
 -.267878E+01 -.184786E+01 0.335966E+01 -.930536E+00 -.627744E+67 0.215059E+01
 -.205139E+01 -.199318E+01 0.300857E+01 -.928042E+00 -.627744E+67 0.199854E+01
 -.223942E+01 -.240000E+01 0.295975E+01 -.933769E+00 -.627744E+67 0.210540E+01
 -.252685E+01 -.172285E+01 0.294112E+01 -.980000E+00 -.627744E+67 0.241174E+01
 -.116900E+01 -.118387E+01 0.295793E+01 -.980000E+00 -.627744E+67 0.245000E+01
 -.859644E+00 -.124385E+01 0.299325E+01 -.980000E+00 -.627744E+67 0.233123E+01
 -.214646E+01 -.194244E+01 0.307001E+01 -.956488E+00 -.627744E+67 0.245000E+01
 -.286967E+01 -.206537E+01 0.297532E+01 -.956250E+00 -.627744E+67 0.229282E+01
 -.233694E+01 -.151287E+01 0.313755E+01 -.958949E+00 -.627744E+67 0.245000E+01
 -.332877E+01 -.100000E+01 0.327799E+01 -.963729E+00 -.627744E+67 0.224517E+01
 -.913627E+00 -.181438E+01 0.316502E+01 -.858459E+00 -.627744E+67 0.233535E+01
 -.142441E+01 -.171842E+01 0.295113E+01 -.902770E+00 -.627744E+67 0.245000E+01
 -.180744E+01 -.126972E+01 0.313367E+01 -.980000E+00 -.627744E+67 0.221952E+01
 -.156399E+01 -.163700E+01 0.311437E+01 -.929458E+00 -.627744E+67 0.245000E+01
 -.298326E+01 -.240000E+01 0.306149E+01 -.969532E+00 -.627744E+67 0.229678E+01
 -.332116E+01 -.240000E+01 0.339510E+01 -.946393E+00 -.627744E+67 0.235264E+01
 -.821763E+00 -.160415E+01 0.320193E+01 -.980000E+00 -.627744E+67 0.241629E+01
 -.146745E+01 -.240000E+01 0.328999E+01 -.965019E+00 -.627744E+67 0.231611E+01
 -.167874E+01 -.168862E+01 0.319155E+01 -.953888E+00 -.627744E+67 0.245000E+01
 -.116158E+01 -.211671E+01 0.308700E+01 -.864910E+00 -.627744E+67 0.218943E+01
 -.242031E+01 -.175460E+01 0.303132E+01 -.926509E+00 -.627744E+67 0.233900E+01
 -.168173E+01 -.110227E+01 0.313648E+01 -.980000E+00 -.627744E+67 0.237595E+01
 -.222151E+01 -.168751E+01 0.349174E+01 -.848504E+00 -.627744E+67 0.245000E+01
 -.154060E+01 -.152079E+01 0.311821E+01 -.974355E+00 -.627744E+67 0.221707E+01
 -.173308E+01 -.158866E+01 0.313069E+01 -.980000E+00 -.627744E+67 0.245000E+01
 -.103937E+01 -.156403E+01 0.297301E+01 -.913672E+00 -.627744E+67 0.166172E+01
 -.164707E+01 -.155712E+01 0.317494E+01 -.949663E+00 -.627744E+67 0.245000E+01
 -.143897E+01 -.174516E+01 0.321133E+01 -.922983E+00 -.627744E+67 0.192566E+01
 -.206197E+01 -.167470E+01 0.325269E+01 -.980000E+00 -.627744E+67 0.245000E+01
 -.200000E+00 -.126934E+01 0.321064E+01 -.945303E+00 -.627744E+67 0.245000E+01
 -.236008E+01 -.162922E+01 0.290000E+01 -.980000E+00 -.627744E+67 0.230913E+01
 -.238933E+01 -.142600E+01 0.319837E+01 -.980000E+00 -.627744E+67 0.245000E+01
 -.256190E+01 -.151195E+01 0.323687E+01 -.937248E+00 -.627744E+67 0.245000E+01
 -.300408E+00 -.138769E+01 0.310630E+01 -.854306E+00 -.627744E+67 0.222601E+01
 -.311382E+01 -.175298E+01 0.304804E+01 -.980000E+00 -.627744E+67 0.245000E+01
 -.190332E+01 -.197172E+01 0.330276E+01 -.980000E+00 -.627744E+67 0.214436E+01
 -.157371E+01 -.240000E+01 0.308975E+01 -.980000E+00 -.627744E+67 0.224455E+01
 -.130921E+01 -.110972E+01 0.298152E+01 -.868909E+00 -.627744E+67 0.245000E+01
 -.178597E+01 -.163169E+01 0.314801E+01 -.903609E+00 -.627744E+67 0.242294E+01
 -.188006E+01 -.158306E+01 0.320000E+01 -.847779E+00 -.627744E+67 0.241199E+01
 -.129081E+01 -.215196E+01 0.338615E+01 -.976761E+00 -.627744E+67 0.221653E+01
 -.272518E+01 -.183198E+01 0.315105E+01 -.976190E+00 -.627744E+67 0.235413E+01
 -.212646E+01 -.170000E+01 0.320173E+01 -.676078E+00 -.627744E+67 0.245000E+01
 -.193935E+01 -.176595E+01 0.317117E+01 -.921501E+00 -.627744E+67 0.237499E+01
 -.189133E+01 -.188433E+01 0.328189E+01 -.972555E+00 -.627744E+67 0.232117E+01
 -.131188E+01 -.165965E+01 0.309211E+01 -.980000E+00 -.627744E+67 0.245000E+01
 -.175729E+01 -.159125E+01 0.310308E+01 -.980000E+00 -.627744E+67 0.233958E+01
 -.182542E+01 -.173404E+01 0.291162E+01 -.940762E+00 -.627744E+67 0.193763E+01
 -.139240E+01 -.170000E+01 0.320000E+01 -.933039E+00 -.627744E+67 0.245000E+01
 -.251998E+00 -.201134E+01 0.326491E+01 -.891091E+00 -.627744E+67 0.232574E+01
 -.216881E+01 -.240000E+01 0.305966E+01 -.967993E+00 -.627744E+67 0.244597E+01
 -.158788E+01 -.153095E+01 0.292207E+01 -.972418E+00 -.627744E+67 0.222750E+01
 -.247423E+01 -.170000E+01 0.290000E+01 -.920909E+00 -.627744E+67 0.193548E+01
 -.214796E+01 -.165358E+01 0.291881E+01 -.963689E+00 -.627744E+67 0.245000E+01
 -.115198E+01 -.116672E+01 0.290000E+01 -.973692E+00 -.627744E+67 0.187999E+01
 -.215388E+01 -.194385E+01 0.317914E+01 -.961190E+00 -.627744E+67 0.245000E+01
 -.151194E+01 -.240000E+01 0.336215E+01 -.974224E+00 -.627744E+67 0.234137E+01
 -.232306E+01 -.186105E+01 0.321469E+01 -.947345E+00 -.627744E+67 0.234715E+01
 -.736944E+00 -.151478E+01 0.301379E+01 -.980000E+00 -.627744E+67 0.227657E+01
 -.278649E+01 -.170000E+01 0.319325E+01 -.975690E+00 -.627744E+67 0.238112E+01
 -.240213E+01 -.162269E+01 0.315869E+01 -.980000E+00 -.627744E+67 0.224884E+01
 -.241883E+01 -.184062E+01 0.305220E+01 -.937061E+00 -.627744E+67 0.237019E+01
 -.199019E+01 -.176469E+01 0.308143E+01 -.923128E+00 -.627744E+67 0.220600E+01
 -.181258E+01 -.138041E+01 0.301387E+01 -.935269E+00 -.627744E+67 0.236633E+01
 -.259387E+01 -.170000E+01 0.316258E+01 -.977315E+00 -.627744E+67 0.245000E+01
 -.172116E+01 -.203205E+01 0.326297E+01 -.962475E+00 -.627744E+67 0.237421E+01
 -.200000E+00 -.159090E+01 0.313163E+01 -.964731E+00 -.627744E+67 0.244322E+01
 -.126548E+01 -.170000E+01 0.298999E+01 -.976294E+00 -.627744E+67 0.245000E+01
 -.216452E+01 -.185187E+01 0.311818E+01 -.939346E+00 -.627744E+67 0.239265E+01
 -.370107E+00 -.181668E+01 0.330352E+01 -.928985E+00 -.627744E+67 0.245000E+01
 -.146980E+01 -.211639E+01 0.314299E+01 -.979203E+00 -.627744E+67 0.245000E+01
 -.162318E+01 -.111938E+01 0.311807E+01 -.948995E+00 -.627744E+67 0.245000E+01
 -.302442E+01 -.149891E+01 0.349060E+01 -.928085E+00 -.627744E+67 0.218694E+01
 -.137591E+01 -.194303E+01 0.304178E+01 -.979842E+00 -.627744E+67 0.208145E+01
 -.176426E+01 -.141460E+01 0.316880E+01 -.974984E+00 -.627744E+67 0.232085E+01
 -.203691E+00 -.118372E+01 0.290000E+01 -.880960E+00 -.627744E+67 0.141602E+01
 -.189485E+01 -.111745E+01 0.290000E+01 -.980000E+00 -.627744E+67 0.238260E+01
 -.201077E+01 -.121209E+01 0.306344E+01 -.980000E+00 -.627744E+67 0.245000E+01
 -.207553E+01 -.186149E+01 0.309086E+01 -.974375E+00 -.627744E+67 0.203752E+01
 -.180000E+01 -.167563E+01 0.321079E+01 -.979462E+00 -.627744E+67 0.238796E+01
 -.167573E+01 -.164624E+01 0.317224E+01 -.920231E+00 -.627744E+67 0.212210E+01
 -.151099E+01 -.181945E+01 0.306947E+01 -.934275E+00 -.627744E+67 0.223153E+01
 -.165344E+01 -.159808E+01 0.298108E+01 -.940582E+00 -.627744E+67 0.188568E+01
 -.140272E+01 -.100216E+01 0.311547E+01 -.980000E+00 -.627744E+67 0.223732E+01
 -.200796E+01 -.154675E+01 0.329237E+01 -.921182E+00 -.627744E+67 0.232432E+01
 -.326982E+01 -.240000E+01 0.331289E+01 -.955379E+00 -.627744E+67 0.233619E+01
 -.181291E+01 -.170000E+01 0.290000E+01 -.945603E+00 -.627744E+67 0.242467E+01
 -.179622E+01 -.177821E+01 0.305981E+01 -.836585E+00 -.627744E+67 0.230285E+01
 -.172821E+01 -.205656E+01 0.314537E+01 -.894592E+00 -.627744E+67 0.245000E+01
 -.164857E+01 -.212326E+01 0.345232E+01 -.980000E+00 -.627744E+67 0.245000E+01
 -.123592E+01 -.207876E+01 0.308615E+01 -.980000E+00 -.627744E+67 0.242216E+01
 -.259032E+01 -.162613E+01 0.314164E+01 -.980000E+00 -.627744E+67 0.244458E+01
 -.157367E+01 -.149848E+01 0.290173E+01 -.823564E+00 -.627744E+67 0.231293E+01
 -.142498E+01 -.195117E+01 0.324201E+01 -.926146E+00 -.627744E+67 0.245000E+01
 -.218001E+01 -.187944E+01 0.302768E+01 -.980000E+00 -.627744E+67 0.237433E+01
 -.288729E+01 -.203955E+01 0.302440E+01 -.909531E+00 -.627744E+67 0.236326E+01
 -.215970E+01 -.163192E+01 0.310221E+01 -.921526E+00 -.627744E+67 0.245000E+01
 -.175228E+01 -.167909E+01 0.290000E+01 -.961548E+00 -.627744E+67 0.207254E+01
 -.200740E+01 -.231677E+01 0.342711E+01 -.962446E+00 -.627744E+67 0.205245E+01
 -.185200E+01 -.191314E+01 0.315288E+01 -.836374E+00 -.627744E+67 0.242441E+01
 -.137143E+01 -.170000E+01 0.290000E+01 -.980000E+00 -.627744E+67 0.245000E+01
 -.122600E+01 -.129885E+01 0.313601E+01 -.980000E+00 -.627744E+67 0.245000E+01
 -.188482E+01 -.137062E+01 0.320000E+01 -.862929E+00 -.627744E+67 0.226657E+01
 -.145489E+01 -.160959E+01 0.293993E+01 -.971036E+00 -.627744E+67 0.225107E+01
 -.214015E+01 -.159023E+01 0.320000E+01 -.975366E+00 -.627744E+67 0.227672E+01
 -.272723E+01 -.228905E+01 0.337411E+01 -.924227E+00 -.627744E+67 0.238111E+01
 -.125427E+01 -.170000E+01 0.323993E+01 -.980000E+00 -.627744E+67 0.232862E+01
 -.723061E+00 -.186149E+01 0.334326E+01 -.980000E+00 -.627744E+67 0.245000E+01
 -.139729E+01 -.197003E+01 0.293045E+01 -.885605E+00 -.627744E+67 0.245000E+01
 -.133043E+01 -.159995E+01 0.305807E+01 -.980000E+00 -.627744E+67 0.245000E+01
 -.241868E+01 -.148928E+01 0.290000E+01 -.844632E+00 -.627744E+67 0.245000E+01
 -.251915E+01 -.170687E+01 0.306410E+01 -.973348E+00 -.627744E+67 0.232578E+01
 -.175330E+01 -.212411E+01 0.307669E+01 -.959475E+00 -.627744E+67 0.245000E+01
 -.180006E+01 -.152654E+01 0.321258E+01 -.942662E+00 -.627744E+67 0.245000E+01
 -.993868E+00 -.100000E+01 0.310567E+01 -.980000E+00 -.627744E+67 0.237483E+01
 -.308069E+00 -.144744E+01 0.300727E+01 -.980000E+00 -.627744E+67 0.243024E+01
 -.180000E+01 -.162130E+01 0.304767E+01 -.966106E+00 -.627744E+67 0.245000E+01
 -.138073E+01 -.102934E+01 0.292332E+01 -.980000E+00 -.627744E+67 0.232115E+01
 -.191282E+01 -.180238E+01 0.309867E+01 -.942291E+00 -.627744E+67 0.241863E+01
 -.832517E+00 -.147739E+01 0.337224E+01 -.942328E+00 -.627744E+67 0.216947E+01
 -.831047E+00 -.162153E+01 0.310725E+01 -.980000E+00 -.627744E+67 0.234099E+01
 -.197757E+01 -.181421E+01 0.313582E+01 -.961873E+00 -.627744E+67 0.237343E+01
 -.189615E+01 -.195961E+01 0.319060E+01 -.980000E+00 -.627744E+67 0.231397E+01
 -.156888E+01 -.179683E+01 0.312136E+01 -.980000E+00 -.627744E+67 0.206069E+01
 -.181032E+01 -.182814E+01 0.314098E+01 -.979573E+00 -.627744E+67 0.230275E+01
 -.140045E+01 -.188372E+01 0.320000E+01 -.980000E+00 -.627744E+67 0.205937E+01
 -.186874E+01 -.106842E+01 0.320000E+01 -.925800E+00 -.627744E+67 0.242252E+01
 -.246696E+01 -.100000E+01 0.304016E+01 -.953248E+00 -.627744E+67 0.188308E+01
 -.177984E+01 -.177644E+01 0.299708E+01 -.978124E+00 -.627744E+67 0.243912E+01
 -.326463E+01 -.205093E+01 0.319209E+01 -.980000E+00 -.627744E+67 0.240161E+01
 -.106432E+01 -.172700E+01 0.316384E+01 -.914249E+00 -.627744E+67 0.204046E+01
 -.104923E+01 -.198753E+01 0.301824E+01 -.968698E+00 -.627744E+67 0.229876E+01
 -.874833E+00 -.137749E+01 0.299983E+01 -.980000E+00 -.627744E+67 0.197149E+01
 -.300272E+01 -.109606E+01 0.315724E+01 -.793680E+00 -.627744E+67 0.245000E+01
 -.407960E+00 -.146150E+01 0.299237E+01 -.932475E+00 -.627744E+67 0.232175E+01
 -.166982E+01 -.170000E+01 0.312200E+01 -.967400E+00 -.627744E+67 0.245000E+01
 -.186927E+01 -.117937E+01 0.320000E+01 -.920453E+00 -.627744E+67 0.245000E+01
 -.224358E+01 -.232470E+01 0.315724E+01 -.898475E+00 -.627744E+67 0.219653E+01
 -.175962E+01 -.176756E+01 0.314436E+01 -.951412E+00 -.627744E+67 0.241985E+01
 -.186045E+01 -.177115E+01 0.315232E+01 -.867016E+00 -.627744E+67 0.223923E+01
 -.215385E+01 -.137876E+01 0.290000E+01 -.970062E+00 -.627744E+67 0.245000E+01
 -.154894E+01 -.140932E+01 0.313527E+01 -.971385E+00 -.627744E+67 0.245000E+01
 -.127913E+01 -.154294E+01 0.293493E+01 -.980000E+00 -.627744E+67 0.221139E+01
 -.192379E+01 -.184881E+01 0.318223E+01 -.949020E+00 -.627744E+67 0.238584E+01
 -.202108E+01 -.169135E+01 0.290000E+01 -.963443E+00 -.627744E+67 0.245000E+01
 -.257997E+01 -.163987E+01 0.332440E+01 -.928970E+00 -.627744E+67 0.237625E+01
 -.194359E+01 -.165598E+01 0.315449E+01 -.980000E+00 -.627744E+67 0.218597E+01
 -.171180E+01 -.162162E+01 0.320000E+01 -.980000E+00 -.627744E+67 0.245000E+01
 -.261934E+01 -.206927E+01 0.312711E+01 -.955361E+00 -.627744E+67 0.235150E+01
 -.312809E+01 -.171679E+01 0.303145E+01 -.936847E+00 -.627744E+67 0.245000E+01
 -.700360E+00 -.102537E+01 0.307130E+01 -.960058E+00 -.627744E+67 0.231434E+01
 -.146250E+01 -.188706E+01 0.303261E+01 -.957941E+00 -.627744E+67 0.223035E+01
 -.716556E+00 -.154131E+01 0.337671E+01 -.845883E+00 -.627744E+67 0.245000E+01
 -.121808E+01 -.160612E+01 0.305719E+01 -.980000E+00 -.627744E+67 0.219748E+01
 -.247387E+01 -.210457E+01 0.316619E+01 -.980000E+00 -.627744E+67 0.245000E+01
 -.251180E+01 -.210539E+01 0.333327E+01 -.896659E+00 -.627744E+67 0.237263E+01
 -.169947E+01 -.101649E+01 0.306581E+01 -.969988E+00 -.627744E+67 0.245000E+01
 -.843643E+00 -.204208E+01 0.317954E+01 -.953681E+00 -.627744E+67 0.235005E+01
 -.273586E+01 -.215625E+01 0.323045E+01 -.899337E+00 -.627744E+67 0.235658E+01
 -.200000E+00 -.154862E+01 0.300794E+01 -.970803E+00 -.627744E+67 0.239025E+01
 -.172058E+01 -.144429E+01 0.309999E+01 -.736218E+00 -.627744E+67 0.216176E+01
 -.194733E+01 -.156526E+01 0.306873E+01 -.959973E+00 -.627744E+67 0.235146E+01
 -.151245E+01 -.164026E+01 0.309816E+01 -.980000E+00 -.627744E+67 0.226730E+01
 -.177706E+01 -.170215E+01 0.334177E+01 -.954782E+00 -.627744E+67 0.238208E+01
 -.116781E+01 -.168631E+01 0.290000E+01 -.978175E+00 -.627744E+67 0.242988E+01
 -.190807E+01 -.214744E+01 0.301672E+01 -.958474E+00 -.627744E+67 0.245000E+01
 -.288839E+01 -.167141E+01 0.314828E+01 -.980000E+00 -.627744E+67 0.236024E+01
 -.188039E+01 -.149227E+01 0.310680E+01 -.972102E+00 -.627744E+67 0.241079E+01
 -.140337E+01 -.153036E+01 0.322814E+01 -.963569E+00 -.627744E+67 0.245000E+01
 -.229907E+01 -.203228E+01 0.307224E+01 -.862546E+00 -.627744E+67 0.217707E+01
 -.143961E+01 -.128595E+01 0.298652E+01 -.937424E+00 -.627744E+67 0.227156E+01
 -.210892E+01 -.212504E+01 0.316958E+01 -.980000E+00 -.627744E+67 0.245000E+01
 -.748473E+00 -.198243E+01 0.290000E+01 -.941973E+00 -.627744E+67 0.245000E+01
 -.206260E+01 -.152339E+01 0.320669E+01 -.977635E+00 -.627744E+67 0.245000E+01
 -.178492E+01 -.173278E+01 0.311315E+01 -.980000E+00 -.627744E+67 0.245000E+01
 -.262532E+01 -.240000E+01 0.301616E+01 -.912448E+00 -.627744E+67 0.245000E+01
 -.169120E+01 -.176842E+01 0.345558E+01 -.892114E+00 -.627744E+67 0.245000E+01
 -.211916E+01 -.170000E+01 0.315327E+01 -.962881E+00 -.627744E+67 0.245000E+01
 -.185087E+01 -.149584E+01 0.329708E+01 -.980000E+00 -.627744E+67 0.245000E+01
 -.228285E+01 -.191728E+01 0.317001E+01 -.964433E+00 -.627744E+67 0.242623E+01
 -.100587E+01 -.177898E+01 0.298725E+01 -.949012E+00 -.627744E+67 0.223509E+01
 -.146457E+01 -.173227E+01 0.302694E+01 -.980000E+00 -.627744E+67 0.245000E+01
 -.148163E+01 -.111705E+01 0.303826E+01 -.924531E+00 -.627744E+67 0.227429E+01
 -.272963E+01 -.179606E+01 0.303212E+01 -.913651E+00 -.627744E+67 0.208430E+01
 -.200000E+00 -.152744E+01 0.290000E+01 -.980000E+00 -.627744E+67 0.241491E+01
 -.356333E+00 -.101254E+01 0.297378E+01 -.980000E+00 -.627744E+67 0.236217E+01
 -.149898E+01 -.171891E+01 0.324919E+01 -.945670E+00 -.627744E+67 0.234785E+01
 -.158750E+01 -.182408E+01 0.316451E+01 -.888397E+00 -.627744E+67 0.223804E+01
 -.181192E+01 -.140286E+01 0.314379E+01 -.980000E+00 -.627744E+67 0.240589E+01
 -.198709E+01 -.128485E+01 0.293364E+01 -.880697E+00 -.627744E+67 0.245000E+01
 -.141357E+01 -.119091E+01 0.320000E+01 -.979711E+00 -.627744E+67 0.235159E+01
 -.113107E+01 -.155842E+01 0.313886E+01 -.969716E+00 -.627744E+67 0.231091E+01
 -.192403E+01 -.164749E+01 0.292782E+01 -.790171E+00 -.627744E+67 0.245000E+01
 -.227462E+01 -.151147E+01 0.311536E+01 -.980000E+00 -.627744E+67 0.240439E+01
 -.170312E+01 -.206817E+01 0.320000E+01 -.980000E+00 -.627744E+67 0.237820E+01
 -.166811E+01 -.126490E+01 0.350000E+01 -.980000E+00 -.627744E+67 0.245000E+01
 -.151629E+01 -.163311E+01 0.314640E+01 -.951033E+00 -.627744E+67 0.220517E+01
 -.173935E+01 -.162185E+01 0.341288E+01 -.968407E+00 -.627744E+67 0.223323E+01
 -.257818E+01 -.151642E+01 0.295012E+01 -.959603E+00 -.627744E+67 0.245000E+01
 -.152809E+01 -.153214E+01 0.309802E+01 -.980000E+00 -.627744E+67 0.232233E+01
 -.838572E+00 -.172537E+01 0.328183E+01 -.973750E+00 -.627744E+67 0.245000E+01
 -.207057E+01 -.207592E+01 0.297233E+01 -.953715E+00 -.627744E+67 0.233622E+01
 -.722654E+00 -.211766E+01 0.307671E+01 -.880377E+00 -.627744E+67 0.219831E+01
 -.156934E+01 -.164055E+01 0.318948E+01 -.963396E+00 -.627744E+67 0.222716E+01
 -.189579E+01 -.216138E+01 0.291130E+01 -.975744E+00 -.627744E+67 0.183120E+01
 -.911801E+00 -.173563E+01 0.303327E+01 -.950375E+00 -.627744E+67 0.245000E+01
 -.218294E+01 -.148067E+01 0.319143E+01 -.975190E+00 -.627744E+67 0.232140E+01
 -.132966E+01 -.213174E+01 0.294286E+01 -.957655E+00 -.627744E+67 0.233068E+01
 -.340000E+01 -.172645E+01 0.329234E+01 -.980000E+00 -.627744E+67 0.245000E+01
 -.180000E+01 -.172182E+01 0.316071E+01 -.980000E+00 -.627744E+67 0.240274E+01
 -.116760E+01 -.172107E+01 0.325719E+01 -.911557E+00 -.627744E+67 0.213727E+01
 -.912847E+00 -.167420E+01 0.299971E+01 -.942038E+00 -.627744E+67 0.245000E+01
 -.147244E+01 -.121486E+01 0.316412E+01 -.958896E+00 -.627744E+67 0.241723E+01
 -.176529E+01 -.163223E+01 0.321755E+01 -.959968E+00 -.627744E+67 0.237603E+01
 -.193710E+01 -.229234E+01 0.320000E+01 -.973093E+00 -.627744E+67 0.245000E+01
 -.327532E+01 -.240000E+01 0.320998E+01 -.965693E+00 -.627744E+67 0.241193E+01
 -.209540E+01 -.161877E+01 0.319585E+01 -.961742E+00 -.627744E+67 0.232228E+01
 -.228916E+01 -.193512E+01 0.330283E+01 -.968368E+00 -.627744E+67 0.245000E+01
 -.128044E+01 -.147741E+01 0.319175E+01 -.978483E+00 -.627744E+67 0.242703E+01
 -.229835E+01 -.216083E+01 0.290000E+01 -.883638E+00 -.627744E+67 0.244354E+01
 -.247286E+01 -.172877E+01 0.300236E+01 -.923956E+00 -.627744E+67 0.226697E+01
 -.150498E+01 -.142504E+01 0.315186E+01 -.971063E+00 -.627744E+67 0.238520E+01
 -.177712E+01 -.158888E+01 0.320000E+01 -.978650E+00 -.627744E+67 0.232417E+01
 -.219627E+01 -.141338E+01 0.313461E+01 -.978953E+00 -.627744E+67 0.201322E+01
 -.169527E+01 -.162542E+01 0.313967E+01 -.977846E+00 -.627744E+67 0.235382E+01
 -.143355E+01 -.170000E+01 0.290000E+01 -.891997E+00 -.627744E+67 0.136115E+01
 -.153887E+01 -.197013E+01 0.315558E+01 -.980000E+00 -.627744E+67 0.241060E+01
 -.143892E+01 -.229686E+01 0.324967E+01 -.980000E+00 -.627744E+67 0.197198E+01
 -.195760E+01 -.148704E+01 0.332723E+01 -.977711E+00 -.627744E+67 0.227397E+01
 -.682851E+00 -.169912E+01 0.313402E+01 -.974939E+00 -.627744E+67 0.243602E+01
 -.229387E+01 -.172866E+01 0.296938E+01 -.955382E+00 -.627744E+67 0.236978E+01
 -.219962E+01 -.152278E+01 0.331592E+01 -.935538E+00 -.627744E+67 0.236246E+01
 -.242393E+01 -.100000E+01 0.308312E+01 -.957191E+00 -.627744E+67 0.245000E+01
 -.112963E+01 -.201317E+01 0.302210E+01 -.947911E+00 -.627744E+67 0.221741E+01
 -.180000E+01 -.158475E+01 0.320000E+01 -.919556E+00 -.627744E+67 0.237141E+01
 -.146602E+01 -.100000E+01 0.309390E+01 -.955792E+00 -.627744E+67 0.245000E+01
 -.134959E+01 -.240000E+01 0.323932E+01 -.980000E+00 -.627744E+67 0.241865E+01
 -.143998E+01 -.127108E+01 0.305923E+01 -.823226E+00 -.627744E+67 0.245000E+01
 -.176083E+01 -.156435E+01 0.314437E+01 -.925710E+00 -.627744E+67 0.245000E+01
 -.178891E+01 -.172912E+01 0.300311E+01 -.882120E+00 -.627744E+67 0.226726E+01
 -.109273E+01 -.120940E+01 0.320223E+01 -.980000E+00 -.627744E+67 0.237620E+01
 -.230501E+01 -.176512E+01 0.314510E+01 -.969717E+00 -.627744E+67 0.241528E+01
 -.206496E+01 -.172796E+01 0.310534E+01 -.831481E+00 -.627744E+67 0.221291E+01
 -.181266E+01 -.156780E+01 0.309897E+01 -.912876E+00 -.627744E+67 0.243094E+01
 -.141514E+01 -.184996E+01 0.342378E+01 -.972383E+00 -.627744E+67 0.231675E+01
 -.104469E+01 -.131487E+01 0.320000E+01 -.941707E+00 -.627744E+67 0.239942E+01
 -.154783E+01 -.157784E+01 0.308655E+01 -.980000E+00 -.627744E+67 0.245000E+01
 -.175302E+01 -.168698E+01 0.334041E+01 -.968926E+00 -.627744E+67 0.241330E+01
 -.123251E+01 -.134960E+01 0.290000E+01 -.940048E+00 -.627744E+67 0.225939E+01
 -.322103E+00 -.205636E+01 0.318452E+01 -.902186E+00 -.627744E+67 0.233397E+01
 -.224332E+01 -.230274E+01 0.303633E+01 -.980000E+00 -.627744E+67 0.235579E+01
 -.188695E+01 -.187983E+01 0.302451E+01 -.976284E+00 -.627744E+67 0.243327E+01
 -.232265E+01 -.240000E+01 0.290000E+01 -.980000E+00 -.627744E+67 0.215409E+01
 -.181914E+01 -.168043E+01 0.323871E+01 -.959806E+00 -.627744E+67 0.245000E+01
 -.103252E+01 -.180569E+01 0.290000E+01 -.980000E+00 -.627744E+67 0.234764E+01
 -.520168E+00 -.141449E+01 0.305932E+01 -.980000E+00 -.627744E+67 0.240448E+01
 -.230879E+01 -.218067E+01 0.331291E+01 -.980000E+00 -.627744E+67 0.235842E+01
 -.207061E+01 -.201671E+01 0.302632E+01 -.980000E+00 -.627744E+67 0.239184E+01
 -.180000E+01 -.131022E+01 0.324430E+01 -.836072E+00 -.627744E+67 0.237590E+01
 -.326079E+01 -.182585E+01 0.329899E+01 -.975695E+00 -.627744E+67 0.242581E+01
 -.107332E+01 -.192240E+01 0.318695E+01 -.980000E+00 -.627744E+67 0.240226E+01
 -.767411E+00 -.183578E+01 0.291680E+01 -.909613E+00 -.627744E+67 0.237255E+01
 -.160183E+01 -.191486E+01 0.321136E+01 -.946292E+00 -.627744E+67 0.245000E+01
 -.177542E+01 -.153802E+01 0.301585E+01 -.954887E+00 -.627744E+67 0.243506E+01
 -.242053E+01 -.240000E+01 0.344763E+01 -.973811E+00 -.627744E+67 0.241633E+01
 -.272906E+01 -.170000E+01 0.329606E+01 -.980000E+00 -.627744E+67 0.241054E+01
 -.681850E+00 -.161854E+01 0.308281E+01 -.957823E+00 -.627744E+67 0.241183E+01
 -.171105E+01 -.187322E+01 0.327315E+01 -.978400E+00 -.627744E+67 0.239367E+01
 -.156019E+01 -.188017E+01 0.314870E+01 -.980000E+00 -.627744E+67 0.243585E+01
 -.164557E+01 -.211589E+01 0.320000E+01 -.980000E+00 -.627744E+67 0.245000E+01
 -.249385E+01 -.208034E+01 0.310721E+01 -.968598E+00 -.627744E+67 0.233857E+01
 -.126651E+01 -.104625E+01 0.312629E+01 -.980000E+00 -.627744E+67 0.245000E+01
 -.272392E+01 -.124749E+01 0.341180E+01 -.980000E+00 -.627744E+67 0.222481E+01
 -.180296E+01 -.154076E+01 0.308307E+01 -.980000E+00 -.627744E+67 0.194012E+01
 -.166699E+01 -.152662E+01 0.316912E+01 -.980000E+00 -.627744E+67 0.229937E+01
 -.610517E+00 -.148384E+01 0.306240E+01 -.980000E+00 -.627744E+67 0.179332E+01
 -.164595E+01 -.208960E+01 0.290000E+01 -.889926E+00 -.627744E+67 0.241010E+01
 -.123477E+01 -.210055E+01 0.316563E+01 -.967186E+00 -.627744E+67 0.245000E+01
 -.213808E+01 -.164424E+01 0.309290E+01 -.977297E+00 -.627744E+67 0.244643E+01
 -.540862E+00 -.147804E+01 0.311765E+01 -.980000E+00 -.627744E+67 0.239273E+01
 -.272588E+01 -.162199E+01 0.318907E+01 -.949114E+00 -.627744E+67 0.221666E+01
 -.207463E+01 -.159999E+01 0.347497E+01 -.918164E+00 -.627744E+67 0.240984E+01
 -.269058E+01 -.169443E+01 0.311928E+01 -.980000E+00 -.627744E+67 0.215011E+01
 -.721670E+00 -.190947E+01 0.305075E+01 -.980000E+00 -.627744E+67 0.245000E+01
 -.326153E+01 -.172400E+01 0.344718E+01 -.890298E+00 -.627744E+67 0.238135E+01
 -.306602E+01 -.170000E+01 0.326188E+01 -.980000E+00 -.627744E+67 0.238399E+01
 -.213680E+01 -.170000E+01 0.293932E+01 -.925363E+00 -.627744E+67 0.245000E+01
 -.206758E+01 -.137113E+01 0.300532E+01 -.864799E+00 -.627744E+67 0.219685E+01
 -.174009E+01 -.182788E+01 0.314501E+01 -.906618E+00 -.627744E+67 0.241555E+01
 -.159956E+01 -.207008E+01 0.319900E+01 -.919603E+00 -.627744E+67 0.223136E+01
 -.176657E+01 -.190940E+01 0.303656E+01 -.975740E+00 -.627744E+67 0.239545E+01
 -.251453E+01 -.161623E+01 0.314677E+01 -.980000E+00 -.627744E+67 0.245000E+01
 -.188980E+01 -.155634E+01 0.328173E+01 -.936616E+00 -.627744E+67 0.225304E+01
 -.137809E+01 -.170899E+01 0.312968E+01 -.905532E+00 -.627744E+67 0.245000E+01
 -.151429E+01 -.167089E+01 0.338244E+01 -.972532E+00 -.627744E+67 0.238820E+01
 -.189630E+01 -.201487E+01 0.300453E+01 -.980000E+00 -.627744E+67 0.245000E+01
 -.201554E+01 -.154181E+01 0.306762E+01 -.964693E+00 -.627744E+67 0.227399E+01
 -.177405E+01 -.172107E+01 0.304041E+01 -.980000E+00 -.627744E+67 0.245000E+01
 -.200000E+00 -.128219E+01 0.319011E+01 -.954864E+00 -.627744E+67 0.217954E+01
 -.177410E+01 -.189704E+01 0.312086E+01 -.924106E+00 -.627744E+67 0.239662E+01
 -.273386E+01 -.226088E+01 0.290000E+01 -.969960E+00 -.627744E+67 0.230480E+01
 -.133000E+01 -.118124E+01 0.301936E+01 -.980000E+00 -.627744E+67 0.228582E+01
 -.210745E+01 -.185512E+01 0.320000E+01 -.769665E+00 -.627744E+67 0.220061E+01
 -.197622E+01 -.162646E+01 0.311218E+01 -.976906E+00 -.627744E+67 0.223788E+01
 -.556577E+00 -.128802E+01 0.311824E+01 -.977970E+00 -.627744E+67 0.245000E+01
 -.928935E+00 -.183875E+01 0.330499E+01 -.894108E+00 -.627744E+67 0.245000E+01
 -.203791E+01 -.181737E+01 0.331953E+01 -.973601E+00 -.627744E+67 0.244811E+01
 -.238441E+01 -.186012E+01 0.321383E+01 -.963545E+00 -.627744E+67 0.245000E+01
 -.374649E+00 -.176743E+01 0.308033E+01 -.910945E+00 -.627744E+67 0.238061E+01
 -.340000E+01 -.185163E+01 0.315904E+01 -.980000E+00 -.627744E+67 0.242191E+01
 -.138071E+01 -.197354E+01 0.296578E+01 -.788853E+00 -.627744E+67 0.245000E+01
 -.157189E+01 -.172353E+01 0.315851E+01 -.973985E+00 -.627744E+67 0.238188E+01
 -.184534E+01 -.239982E+01 0.304669E+01 -.980000E+00 -.627744E+67 0.231528E+01
 -.179966E+01 -.158285E+01 0.313542E+01 -.947368E+00 -.627744E+67 0.245000E+01
 -.185642E+01 -.170000E+01 0.319789E+01 -.977731E+00 -.627744E+67 0.242097E+01
 -.132483E+01 -.144858E+01 0.316887E+01 -.966021E+00 -.627744E+67 0.245000E+01
 -.136358E+01 -.161963E+01 0.304847E+01 -.980000E+00 -.627744E+67 0.245000E+01
 -.133770E+01 -.161497E+01 0.297315E+01 -.979067E+00 -.627744E+67 0.239633E+01
 -.196795E+01 -.181473E+01 0.311550E+01 -.959937E+00 -.627744E+67 0.245000E+01
 -.119810E+01 -.141589E+01 0.341943E+01 -.928622E+00 -.627744E+67 0.234957E+01
 -.893850E+00 -.220796E+01 0.320014E+01 -.980000E+00 -.627744E+67 0.245000E+01
 -.144634E+01 -.140139E+01 0.312635E+01 -.974336E+00 -.627744E+67 0.240279E+01
 -.155963E+01 -.145770E+01 0.311180E+01 -.963112E+00 -.627744E+67 0.238339E+01
 -.133921E+01 -.196934E+01 0.305114E+01 -.978703E+00 -.627744E+67 0.245000E+01
 -.183890E+01 -.159526E+01 0.318529E+01 -.978978E+00 -.627744E+67 0.245000E+01
 -.925412E+00 -.200481E+01 0.324542E+01 -.927268E+00 -.627744E+67 0.245000E+01
 -.193111E+01 -.138960E+01 0.320000E+01 -.935471E+00 -.627744E+67 0.245000E+01
 -.230103E+01 -.140055E+01 0.307575E+01 -.967981E+00 -.627744E+67 0.214027E+01
 -.216723E+01 -.186642E+01 0.306871E+01 -.980000E+00 -.627744E+67 0.245000E+01
 -.214086E+01 -.140580E+01 0.320000E+01 -.968507E+00 -.627744E+67 0.237585E+01
 -.199947E+01 -.165875E+01 0.328283E+01 -.908962E+00 -.627744E+67 0.201798E+01
 -.160192E+01 -.192703E+01 0.317497E+01 -.920262E+00 -.627744E+67 0.245000E+01
 -.112358E+01 -.220133E+01 0.305715E+01 -.942364E+00 -.627744E+67 0.212450E+01
 -.664059E+00 -.120947E+01 0.317051E+01 -.849038E+00 -.627744E+67 0.217656E+01
 -.285517E+01 -.165307E+01 0.326267E+01 -.980000E+00 -.627744E+67 0.245000E+01
 -.211763E+01 -.225520E+01 0.328660E+01 -.959238E+00 -.627744E+67 0.245000E+01
 -.188182E+01 -.108482E+01 0.310656E+01 -.943347E+00 -.627744E+67 0.238884E+01
 -.223463E+01 -.163852E+01 0.315740E+01 -.977279E+00 -.627744E+67 0.234962E+01
 -.184842E+01 -.174724E+01 0.318503E+01 -.955241E+00 -.627744E+67 0.242090E+01
 -.161348E+01 -.190833E+01 0.322064E+01 -.980000E+00 -.627744E+67 0.224446E+01
 -.223848E+01 -.199396E+01 0.303269E+01 -.973722E+00 -.627744E+67 0.236431E+01
 -.124293E+01 -.143971E+01 0.316160E+01 -.973517E+00 -.627744E+67 0.229448E+01
 -.163884E+01 -.135876E+01 0.312976E+01 -.979135E+00 -.627744E+67 0.239268E+01
 -.151578E+01 -.165366E+01 0.311489E+01 -.919599E+00 -.627744E+67 0.240904E+01
 -.203999E+01 -.159758E+01 0.308244E+01 -.980000E+00 -.627744E+67 0.245000E+01
 -.271785E+01 -.161761E+01 0.330453E+01 -.945762E+00 -.627744E+67 0.241712E+01
 -.205763E+01 -.163595E+01 0.317333E+01 -.953875E+00 -.627744E+67 0.231296E+01
 -.183296E+01 -.152012E+01 0.314125E+01 -.965918E+00 -.627744E+67 0.235352E+01
 -.180000E+01 -.130339E+01 0.324129E+01 -.968909E+00 -.627744E+67 0.243026E+01
 -.312020E+01 -.166093E+01 0.315067E+01 -.980000E+00 -.627744E+67 0.245000E+01
 -.170980E+01 -.156088E+01 0.320000E+01 -.974734E+00 -.627744E+67 0.245000E+01
 -.148913E+01 -.100000E+01 0.299449E+01 -.965557E+00 -.627744E+67 0.224905E+01
 -.159308E+01 -.133914E+01 0.332334E+01 -.812785E+00 -.627744E+67 0.242658E+01
 -.181927E+01 -.153634E+01 0.296462E+01 -.980000E+00 -.627744E+67 0.230943E+01
 -.215658E+01 -.109723E+01 0.329373E+01 -.977232E+00 -.627744E+67 0.205177E+01
 -.252894E+01 -.214822E+01 0.339049E+01 -.833195E+00 -.627744E+67 0.242070E+01
 -.127752E+01 -.117859E+01 0.301953E+01 -.979022E+00 -.627744E+67 0.245000E+01
 -.184828E+01 -.192102E+01 0.329647E+01 -.980000E+00 -.627744E+67 0.236054E+01
 -.146180E+01 -.214618E+01 0.306050E+01 -.980000E+00 -.627744E+67 0.243329E+01
 -.180000E+01 -.182877E+01 0.307140E+01 -.976633E+00 -.627744E+67 0.242238E+01
 -.190922E+01 -.180241E+01 0.290000E+01 -.830936E+00 -.627744E+67 0.234332E+01
 -.259308E+01 -.154059E+01 0.335477E+01 -.980000E+00 -.627744E+67 0.244919E+01
 -.199151E+01 -.238605E+01 0.309804E+01 -.955986E+00 -.627744E+67 0.229589E+01
 -.186945E+01 -.163191E+01 0.330262E+01 -.942990E+00 -.627744E+67 0.242219E+01
 -.133278E+01 -.100000E+01 0.295529E+01 -.980000E+00 -.627744E+67 0.242845E+01
 -.857165E+00 -.165617E+01 0.308403E+01 -.945995E+00 -.627744E+67 0.240979E+01
 -.270916E+01 -.156584E+01 0.306893E+01 -.954329E+00 -.627744E+67 0.235050E+01
 -.178222E+01 -.132089E+01 0.293905E+01 -.974466E+00 -.627744E+67 0.243711E+01
 -.195193E+01 -.162557E+01 0.314466E+01 -.955003E+00 -.627744E+67 0.243966E+01
 -.209707E+01 -.166714E+01 0.313492E+01 -.980000E+00 -.627744E+67 0.244225E+01
 -.542748E+00 -.158528E+01 0.313833E+01 -.943107E+00 -.627744E+67 0.216944E+01
 -.201030E+01 -.210139E+01 0.317180E+01 -.974222E+00 -.627744E+67 0.243171E+01
 -.560824E+00 -.165856E+01 0.293950E+01 -.959970E+00 -.627744E+67 0.245000E+01
 -.153401E+01 -.181800E+01 0.310709E+01 -.978458E+00 -.627744E+67 0.210554E+01
 -.199598E+01 -.165797E+01 0.320007E+01 -.978044E+00 -.627744E+67 0.234417E+01
 -.178279E+01 -.240000E+01 0.294542E+01 -.966536E+00 -.627744E+67 0.122500E+01
 -.200906E+01 -.113071E+01 0.344804E+01 -.980000E+00 -.627744E+67 0.242487E+01
 -.308153E+01 -.119319E+01 0.311940E+01 -.974400E+00 -.627744E+67 0.236189E+01
 -.170174E+01 -.179758E+01 0.336871E+01 -.977862E+00 -.627744E+67 0.237938E+01
 -.340000E+01 -.155392E+01 0.327706E+01 -.978262E+00 -.627744E+67 0.241519E+01
 -.840805E+00 -.167168E+01 0.298283E+01 -.976232E+00 -.627744E+67 0.195188E+01
 -.170057E+01 -.163848E+01 0.291465E+01 -.980000E+00 -.627744E+67 0.240618E+01
 -.400686E+00 -.150133E+01 0.309066E+01 -.962407E+00 -.627744E+67 0.240076E+01
 -.226406E+01 -.100000E+01 0.325321E+01 -.892077E+00 -.627744E+67 0.200588E+01
 -.125517E+01 -.151214E+01 0.296267E+01 -.842633E+00 -.627744E+67 0.238533E+01
 -.967758E+00 -.205342E+01 0.305575E+01 -.971298E+00 -.627744E+67 0.241622E+01
 -.153616E+01 -.100000E+01 0.334657E+01 -.980000E+00 -.627744E+67 0.243812E+01
 -.130253E+01 -.193454E+01 0.328258E+01 -.980000E+00 -.627744E+67 0.245000E+01
 -.181505E+01 -.152733E+01 0.318064E+01 -.980000E+00 -.627744E+67 0.245000E+01
 -.198793E+01 -.163479E+01 0.319833E+01 -.880463E+00 -.627744E+67 0.234086E+01
 -.212402E+01 -.140894E+01 0.320951E+01 -.980000E+00 -.627744E+67 0.230815E+01
 -.965744E+00 -.137980E+01 0.319213E+01 -.975954E+00 -.627744E+67 0.224246E+01
 -.136682E+01 -.148379E+01 0.302765E+01 -.980000E+00 -.627744E+67 0.245000E+01
 -.193946E+01 -.149377E+01 0.318802E+01 -.936604E+00 -.627744E+67 0.242073E+01
 -.205516E+01 -.201187E+01 0.290735E+01 -.973531E+00 -.627744E+67 0.233567E+01
 -.270807E+01 -.122602E+01 0.350000E+01 -.971690E+00 -.627744E+67 0.243315E+01
 -.159520E+01 -.159716E+01 0.316791E+01 -.980000E+00 -.627744E+67 0.245000E+01
 -.183906E+01 -.148629E+01 0.326974E+01 -.958704E+00 -.627744E+67 0.235306E+01
 -.246896E+01 -.171799E+01 0.303162E+01 -.979962E+00 -.627744E+67 0.245000E+01
 -.255910E+01 -.170178E+01 0.316845E+01 -.942772E+00 -.627744E+67 0.232275E+01
 -.796111E+00 -.100000E+01 0.345761E+01 -.980000E+00 -.627744E+67 0.228989E+01
 -.192385E+01 -.170000E+01 0.300027E+01 -.962092E+00 -.627744E+67 0.234291E+01
 -.132961E+01 -.147584E+01 0.317456E+01 -.980000E+00 -.627744E+67 0.234423E+01
 -.153361E+01 -.150418E+01 0.308534E+01 -.970318E+00 -.627744E+67 0.244887E+01
 -.325406E+01 -.159943E+01 0.299373E+01 -.978630E+00 -.627744E+67 0.226619E+01
 -.340000E+01 -.170877E+01 0.318886E+01 -.954264E+00 -.627744E+67 0.244837E+01
 -.141920E+01 -.102245E+01 0.318992E+01 -.980000E+00 -.627744E+67 0.237985E+01
 -.115152E+01 -.218892E+01 0.320295E+01 -.970029E+00 -.627744E+67 0.243123E+01
 -.294453E+01 -.186902E+01 0.309726E+01 -.910777E+00 -.627744E+67 0.245000E+01
 -.347136E+00 -.170558E+01 0.314157E+01 -.977272E+00 -.627744E+67 0.243565E+01
 -.187919E+01 -.162329E+01 0.320000E+01 -.920368E+00 -.627744E+67 0.241321E+01
 -.143857E+01 -.155792E+01 0.305477E+01 -.934059E+00 -.627744E+67 0.245000E+01
 -.167416E+01 -.168605E+01 0.315968E+01 -.970907E+00 -.627744E+67 0.238342E+01
 -.181563E+01 -.162497E+01 0.331664E+01 -.954911E+00 -.627744E+67 0.245000E+01
 -.204356E+01 -.100000E+01 0.304264E+01 -.975224E+00 -.627744E+67 0.244797E+01
 -.245717E+01 -.196839E+01 0.322089E+01 -.974937E+00 -.627744E+67 0.238436E+01
 -.253316E+01 -.156095E+01 0.310244E+01 -.942175E+00 -.627744E+67 0.236844E+01
 -.232014E+01 -.152246E+01 0.323905E+01 -.970664E+00 -.627744E+67 0.245000E+01
 -.164834E+01 -.151963E+01 0.324109E+01 -.965602E+00 -.627744E+67 0.245000E+01
 -.239179E+01 -.217721E+01 0.294943E+01 -.938863E+00 -.627744E+67 0.245000E+01
 -.214275E+01 -.109970E+01 0.303739E+01 -.910821E+00 -.627744E+67 0.214936E+01
 -.207116E+01 -.207982E+01 0.320303E+01 -.980000E+00 -.627744E+67 0.245000E+01
 -.258307E+00 -.155852E+01 0.321383E+01 -.962152E+00 -.627744E+67 0.227641E+01
 -.199190E+01 -.143783E+01 0.318888E+01 -.980000E+00 -.627744E+67 0.201629E+01
 -.177205E+01 -.158429E+01 0.319821E+01 -.977895E+00 -.627744E+67 0.240776E+01
 -.181099E+01 -.170000E+01 0.290000E+01 -.980000E+00 -.627744E+67 0.716100E+00
 -.148567E+01 -.167973E+01 0.329549E+01 -.919086E+00 -.627744E+67 0.245000E+01
 -.288543E+01 -.180158E+01 0.325387E+01 -.970362E+00 -.627744E+67 0.245000E+01
 -.137470E+01 -.151720E+01 0.344565E+01 -.977150E+00 -.627744E+67 0.238955E+01
 -.185769E+01 -.175735E+01 0.322489E+01 -.980000E+00 -.627744E+67 0.244849E+01
 -.124996E+01 -.172936E+01 0.291364E+01 -.980000E+00 -.627744E+67 0.208825E+01
 -.207096E+01 -.147422E+01 0.321465E+01 -.908982E+00 -.627744E+67 0.243613E+01
 -.200069E+01 -.100000E+01 0.316021E+01 -.980000E+00 -.627744E+67 0.235715E+01
 -.280994E+01 -.165313E+01 0.295321E+01 -.979040E+00 -.627744E+67 0.245000E+01
 -.529695E+00 -.148982E+01 0.290000E+01 -.948995E+00 -.627744E+67 0.238919E+01
 -.732138E+00 -.135342E+01 0.290000E+01 -.980000E+00 -.627744E+67 0.243759E+01
 -.131314E+01 -.170000E+01 0.330457E+01 -.932401E+00 -.627744E+67 0.245000E+01
 -.116368E+01 -.161983E+01 0.298258E+01 -.842589E+00 -.627744E+67 0.233431E+01
 -.178615E+01 -.145035E+01 0.312521E+01 -.957339E+00 -.627744E+67 0.242889E+01
 -.218769E+01 -.147809E+01 0.291438E+01 -.852282E+00 -.627744E+67 0.233188E+01
 -.152042E+01 -.107747E+01 0.312057E+01 -.975961E+00 -.627744E+67 0.243196E+01
 -.215500E+01 -.169652E+01 0.320223E+01 -.980000E+00 -.627744E+67 0.242569E+01
 -.200882E+01 -.165106E+01 0.290000E+01 -.805628E+00 -.627744E+67 0.238179E+01
 -.207226E+01 -.149806E+01 0.319238E+01 -.951716E+00 -.627744E+67 0.244908E+01
 -.159633E+01 -.216861E+01 0.320735E+01 -.980000E+00 -.627744E+67 0.225395E+01
 -.110807E+01 -.124211E+01 0.320000E+01 -.980000E+00 -.627744E+67 0.245000E+01
 -.171863E+01 -.156050E+01 0.316599E+01 -.964782E+00 -.627744E+67 0.236810E+01
 -.181845E+01 -.169027E+01 0.327902E+01 -.980000E+00 -.627744E+67 0.245000E+01
 -.868955E+00 -.170505E+01 0.290000E+01 -.954190E+00 -.627744E+67 0.217207E+01
 -.155208E+01 -.198136E+01 0.314212E+01 -.936354E+00 -.627744E+67 0.241105E+01
 -.181410E+01 -.170000E+01 0.337965E+01 -.969682E+00 -.627744E+67 0.237853E+01
 -.179391E+01 -.217582E+01 0.295128E+01 -.964999E+00 -.627744E+67 0.245000E+01
 -.145594E+01 -.194345E+01 0.290000E+01 -.849283E+00 -.627744E+67 0.221309E+01
 -.149299E+01 -.165664E+01 0.308377E+01 -.974741E+00 -.627744E+67 0.245000E+01
 -.340000E+01 -.215089E+01 0.290000E+01 -.980000E+00 -.627744E+67 0.245000E+01
 -.180000E+01 -.137105E+01 0.300690E+01 -.980000E+00 -.627744E+67 0.245000E+01
 -.229329E+01 -.172245E+01 0.334402E+01 -.976954E+00 -.627744E+67 0.245000E+01
 -.850981E+00 -.169487E+01 0.306638E+01 -.968229E+00 -.627744E+67 0.245000E+01
 -.152913E+01 -.141021E+01 0.319935E+01 -.929041E+00 -.627744E+67 0.241396E+01
 -.194714E+01 -.157693E+01 0.324023E+01 -.980000E+00 -.627744E+67 0.240278E+01
 -.181443E+01 -.142937E+01 0.345285E+01 -.980000E+00 -.627744E+67 0.245000E+01
 -.882788E+00 -.174027E+01 0.290000E+01 -.930696E+00 -.627744E+67 0.242168E+01
 -.141217E+01 -.103558E+01 0.314096E+01 -.980000E+00 -.627744E+67 0.245000E+01
 -.177243E+01 -.155254E+01 0.330234E+01 -.968097E+00 -.627744E+67 0.242760E+01
 -.252336E+01 -.170000E+01 0.334264E+01 -.975043E+00 -.627744E+67 0.245000E+01
 -.340000E+01 -.196793E+01 0.330999E+01 -.980000E+00 -.627744E+67 0.244164E+01
 -.214253E+01 -.161015E+01 0.323897E+01 -.970180E+00 -.627744E+67 0.242319E+01
 -.222360E+01 -.177530E+01 0.334534E+01 -.974946E+00 -.627744E+67 0.239379E+01
 -.161452E+01 -.157133E+01 0.325256E+01 -.977327E+00 -.627744E+67 0.244259E+01
 -.113413E+01 -.183877E+01 0.301880E+01 -.945667E+00 -.627744E+67 0.240660E+01
 -.251066E+01 -.127860E+01 0.311911E+01 -.971195E+00 -.627744E+67 0.245000E+01
 -.178174E+01 -.142193E+01 0.318175E+01 -.976420E+00 -.627744E+67 0.242228E+01
 -.185831E+01 -.136604E+01 0.336138E+01 -.971114E+00 -.627744E+67 0.232583E+01
 -.191195E+01 -.151274E+01 0.321405E+01 -.977800E+00 -.627744E+67 0.237818E+01
 -.163099E+01 -.153156E+01 0.317652E+01 -.979420E+00 -.627744E+67 0.245000E+01
 -.113327E+01 -.127640E+01 0.308309E+01 -.940075E+00 -.627744E+67 0.194110E+01
 -.135474E+01 -.202099E+01 0.310566E+01 -.911087E+00 -.627744E+67 0.243055E+01
 -.128543E+01 -.210089E+01 0.328064E+01 -.967578E+00 -.627744E+67 0.232919E+01
 -.140614E+01 -.150050E+01 0.314565E+01 -.979888E+00 -.627744E+67 0.245000E+01
 -.430490E+00 -.184104E+01 0.313450E+01 -.975332E+00 -.627744E+67 0.245000E+01
 -.180095E+01 -.166808E+01 0.290000E+01 -.959489E+00 -.627744E+67 0.225283E+01
 -.237189E+01 -.156405E+01 0.342265E+01 -.980000E+00 -.627744E+67 0.245000E+01
 -.308908E+01 -.170000E+01 0.323957E+01 -.954982E+00 -.627744E+67 0.225035E+01
 -.227969E+01 -.202657E+01 0.290000E+01 -.980000E+00 -.627744E+67 0.205606E+01
 -.212970E+01 -.161692E+01 0.320000E+01 -.980000E+00 -.627744E+67 0.237496E+01
 -.168319E+01 -.126190E+01 0.319656E+01 -.970523E+00 -.627744E+67 0.245000E+01
 -.143995E+01 -.240000E+01 0.300457E+01 -.943711E+00 -.627744E+67 0.242771E+01
 -.142026E+01 -.131663E+01 0.296963E+01 -.732640E+00 -.627744E+67 0.234441E+01
 -.176554E+01 -.162613E+01 0.309486E+01 -.894621E+00 -.627744E+67 0.243995E+01
 -.205949E+01 -.154795E+01 0.309185E+01 -.970889E+00 -.627744E+67 0.240100E+01
 -.106715E+01 -.145441E+01 0.304498E+01 -.976359E+00 -.627744E+67 0.238934E+01
 -.271651E+01 -.192896E+01 0.318729E+01 -.968537E+00 -.627744E+67 0.245000E+01
 -.247393E+01 -.172108E+01 0.320000E+01 -.687146E+00 -.627744E+67 0.229100E+01
 -.190038E+01 -.164749E+01 0.308277E+01 -.980000E+00 -.627744E+67 0.245000E+01
 -.151929E+01 -.163079E+01 0.346280E+01 -.975563E+00 -.627744E+67 0.245000E+01
 -.131461E+01 -.165911E+01 0.308663E+01 -.961571E+00 -.627744E+67 0.243411E+01
 -.193001E+01 -.158595E+01 0.314326E+01 -.953352E+00 -.627744E+67 0.232792E+01
 -.178503E+01 -.185319E+01 0.322553E+01 -.968191E+00 -.627744E+67 0.235838E+01
 -.229740E+00 -.128099E+01 0.305951E+01 -.941549E+00 -.627744E+67 0.222743E+01
 -.864962E+00 -.191872E+01 0.310549E+01 -.973293E+00 -.627744E+67 0.245000E+01
 -.267939E+01 -.209561E+01 0.307965E+01 -.974945E+00 -.627744E+67 0.245000E+01
 -.165383E+01 -.202097E+01 0.299037E+01 -.980000E+00 -.627744E+67 0.217026E+01
 -.193914E+01 -.221164E+01 0.320000E+01 -.829647E+00 -.627744E+67 0.237031E+01
 -.148986E+01 -.168335E+01 0.313682E+01 -.978526E+00 -.627744E+67 0.225033E+01
 -.245991E+01 -.192131E+01 0.310244E+01 -.978667E+00 -.627744E+67 0.190004E+01
 -.249433E+00 -.178576E+01 0.309972E+01 -.837207E+00 -.627744E+67 0.243715E+01
 -.232032E+01 -.228988E+01 0.321619E+01 -.976834E+00 -.627744E+67 0.241726E+01
 -.190383E+01 -.124625E+01 0.304918E+01 -.980000E+00 -.627744E+67 0.241269E+01
 -.662634E+00 -.147134E+01 0.316966E+01 -.931250E+00 -.627744E+67 0.244133E+01
 -.322766E+01 -.149031E+01 0.319120E+01 -.976927E+00 -.627744E+67 0.239202E+01
 -.185706E+01 -.154576E+01 0.315285E+01 -.873155E+00 -.627744E+67 0.237155E+01
 -.195747E+01 -.181869E+01 0.314716E+01 -.941847E+00 -.627744E+67 0.242207E+01
 -.161645E+01 -.155057E+01 0.312808E+01 -.970410E+00 -.627744E+67 0.236404E+01
 -.183200E+01 -.154319E+01 0.303933E+01 -.973445E+00 -.627744E+67 0.244227E+01
 -.167765E+01 -.227845E+01 0.350000E+01 -.980000E+00 -.627744E+67 0.240691E+01
 -.180000E+01 -.225459E+01 0.320255E+01 -.967060E+00 -.627744E+67 0.245000E+01
 -.129419E+01 -.163615E+01 0.320442E+01 -.980000E+00 -.627744E+67 0.245000E+01
 -.142646E+01 -.164628E+01 0.323102E+01 -.979044E+00 -.627744E+67 0.243647E+01
 -.165496E+01 -.173772E+01 0.319990E+01 -.978774E+00 -.627744E+67 0.245000E+01
 -.147213E+01 -.152961E+01 0.317546E+01 -.980000E+00 -.627744E+67 0.245000E+01
 -.149798E+01 -.197860E+01 0.315474E+01 -.980000E+00 -.627744E+67 0.228434E+01
 -.152533E+01 -.124464E+01 0.316489E+01 -.976908E+00 -.627744E+67 0.242524E+01
 -.305392E+01 -.142618E+01 0.324321E+01 -.980000E+00 -.627744E+67 0.239114E+01
 -.155468E+01 -.185695E+01 0.311310E+01 -.979218E+00 -.627744E+67 0.245000E+01
 -.153189E+01 -.159244E+01 0.315873E+01 -.979804E+00 -.627744E+67 0.241560E+01
 -.153122E+01 -.193962E+01 0.326771E+01 -.960262E+00 -.627744E+67 0.245000E+01
 -.169384E+01 -.178752E+01 0.300104E+01 -.980000E+00 -.627744E+67 0.243474E+01
 -.143387E+01 -.168214E+01 0.303963E+01 -.972118E+00 -.627744E+67 0.239156E+01
 -.155288E+01 -.169343E+01 0.297925E+01 -.980000E+00 -.627744E+67 0.238037E+01
 -.165159E+01 -.167165E+01 0.318881E+01 -.979740E+00 -.627744E+67 0.243422E+01
 -.184369E+01 -.159520E+01 0.293767E+01 -.980000E+00 -.627744E+67 0.243142E+01
 -.170710E+01 -.190658E+01 0.350000E+01 -.930443E+00 -.627744E+67 0.243006E+01
 -.157120E+01 -.193375E+01 0.312659E+01 -.950038E+00 -.627744E+67 0.228428E+01
 -.135942E+01 -.206053E+01 0.320000E+01 -.796028E+00 -.627744E+67 0.226713E+01
 -.295007E+01 -.167583E+01 0.345939E+01 -.888172E+00 -.627744E+67 0.245000E+01
 -.255315E+01 -.178351E+01 0.345156E+01 -.965278E+00 -.627744E+67 0.243412E+01
 -.161361E+01 -.240000E+01 0.290000E+01 -.980000E+00 -.627744E+67 0.245000E+01
 -.201607E+01 -.131764E+01 0.307718E+01 -.904830E+00 -.627744E+67 0.240598E+01
 -.177256E+01 -.169861E+01 0.316796E+01 -.928786E+00 -.627744E+67 0.245000E+01
 -.143494E+01 -.171568E+01 0.318695E+01 -.980000E+00 -.627744E+67 0.241071E+01
 -.190375E+01 -.183826E+01 0.316958E+01 -.980000E+00 -.627744E+67 0.233441E+01
 -.202733E+01 -.162335E+01 0.309634E+01 -.969842E+00 -.627744E+67 0.235293E+01
 -.120691E+01 -.156490E+01 0.326540E+01 -.717278E+00 -.627744E+67 0.237447E+01
 -.160839E+01 -.171510E+01 0.304195E+01 -.942230E+00 -.627744E+67 0.242532E+01
 -.185020E+01 -.143616E+01 0.342334E+01 -.975820E+00 -.627744E+67 0.233464E+01
 -.263845E+01 -.197258E+01 0.321740E+01 -.980000E+00 -.627744E+67 0.245000E+01
 -.179281E+01 -.161961E+01 0.313355E+01 -.980000E+00 -.627744E+67 0.230379E+01
 -.179307E+01 -.185607E+01 0.311857E+01 -.976756E+00 -.627744E+67 0.236442E+01
 -.200000E+00 -.138801E+01 0.334158E+01 -.949600E+00 -.627744E+67 0.245000E+01
 -.170166E+01 -.177652E+01 0.317488E+01 -.980000E+00 -.627744E+67 0.238178E+01
 -.141256E+01 -.181168E+01 0.303674E+01 -.980000E+00 -.627744E+67 0.239622E+01
 -.145902E+01 -.138763E+01 0.314280E+01 -.967301E+00 -.627744E+67 0.228902E+01
 -.158414E+01 -.151164E+01 0.330895E+01 -.864258E+00 -.627744E+67 0.237300E+01
 -.189241E+01 -.166157E+01 0.300593E+01 -.972658E+00 -.627744E+67 0.226331E+01
 -.859911E+00 -.128947E+01 0.330337E+01 -.977804E+00 -.627744E+67 0.184314E+01
 -.184943E+01 -.200276E+01 0.339972E+01 -.816648E+00 -.627744E+67 0.244387E+01
 -.172693E+01 -.230169E+01 0.304077E+01 -.978541E+00 -.627744E+67 0.239072E+01
 -.256685E+01 -.194625E+01 0.308032E+01 -.971506E+00 -.627744E+67 0.241754E+01
 -.161696E+01 -.180947E+01 0.315423E+01 -.941649E+00 -.627744E+67 0.245000E+01
 -.201795E+01 -.162595E+01 0.313186E+01 -.975697E+00 -.627744E+67 0.244308E+01
 -.189948E+01 -.168112E+01 0.297992E+01 -.828686E+00 -.627744E+67 0.245000E+01
 -.234559E+01 -.162732E+01 0.336923E+01 -.951782E+00 -.627744E+67 0.245000E+01
 -.191979E+01 -.219614E+01 0.308868E+01 -.978249E+00 -.627744E+67 0.241312E+01
 -.184725E+01 -.158447E+01 0.290000E+01 -.952398E+00 -.627744E+67 0.245000E+01
 -.117765E+01 -.157845E+01 0.320000E+01 -.972977E+00 -.627744E+67 0.240772E+01
 -.394442E+00 -.234516E+01 0.309793E+01 -.962464E+00 -.627744E+67 0.242613E+01
 -.155532E+01 -.157957E+01 0.307267E+01 -.962287E+00 -.627744E+67 0.238815E+01
 -.813793E+00 -.131740E+01 0.305156E+01 -.978875E+00 -.627744E+67 0.245000E+01
 -.184403E+01 -.178315E+01 0.313912E+01 -.975659E+00 -.627744E+67 0.244387E+01
 -.187094E+01 -.170268E+01 0.332374E+01 -.947057E+00 -.627744E+67 0.242966E+01
 -.751627E+00 -.228195E+01 0.307427E+01 -.956290E+00 -.627744E+67 0.229970E+01
 -.166673E+01 -.183244E+01 0.313148E+01 -.978423E+00 -.627744E+67 0.244542E+01
 -.211511E+01 -.159701E+01 0.296326E+01 -.956073E+00 -.627744E+67 0.245000E+01
 -.145582E+01 -.195911E+01 0.300922E+01 -.980000E+00 -.627744E+67 0.222526E+01
 -.196604E+01 -.165320E+01 0.316504E+01 -.979571E+00 -.627744E+67 0.244799E+01
 -.212775E+01 -.240000E+01 0.336096E+01 -.980000E+00 -.627744E+67 0.193104E+01
 -.208371E+01 -.128880E+01 0.301670E+01 -.927287E+00 -.627744E+67 0.245000E+01
 -.192884E+01 -.127280E+01 0.302926E+01 -.980000E+00 -.627744E+67 0.245000E+01
 -.198686E+01 -.186751E+01 0.299657E+01 -.978690E+00 -.627744E+67 0.240740E+01
 -.285138E+01 -.150702E+01 0.327771E+01 -.980000E+00 -.627744E+67 0.245000E+01
 -.139514E+01 -.158040E+01 0.301052E+01 -.968175E+00 -.627744E+67 0.221887E+01
 -.133288E+01 -.205407E+01 0.320000E+01 -.927137E+00 -.627744E+67 0.242307E+01
 -.463748E+00 -.205754E+01 0.304487E+01 -.960982E+00 -.627744E+67 0.245000E+01
 -.133643E+01 -.145093E+01 0.336415E+01 -.881198E+00 -.627744E+67 0.245000E+01
 -.135007E+01 -.154080E+01 0.321570E+01 -.940392E+00 -.627744E+67 0.240402E+01
 -.201249E+01 -.204859E+01 0.342132E+01 -.970477E+00 -.627744E+67 0.244366E+01
 -.201717E+01 -.216159E+01 0.320000E+01 -.945156E+00 -.627744E+67 0.243236E+01
 -.212081E+01 -.150208E+01 0.327034E+01 -.980000E+00 -.627744E+67 0.238102E+01
 -.179967E+01 -.175440E+01 0.323787E+01 -.980000E+00 -.627744E+67 0.243991E+01
 -.972171E+00 -.183633E+01 0.312060E+01 -.928785E+00 -.627744E+67 0.238137E+01
 -.245938E+01 -.206144E+01 0.313540E+01 -.975443E+00 -.627744E+67 0.236323E+01
 -.116091E+01 -.132271E+01 0.304308E+01 -.978458E+00 -.627744E+67 0.230541E+01
 -.100001E+01 -.138100E+01 0.300042E+01 -.911055E+00 -.627744E+67 0.245000E+01
 -.136770E+01 -.177613E+01 0.312362E+01 -.929778E+00 -.627744E+67 0.241145E+01
 -.198351E+01 -.184400E+01 0.312334E+01 -.980000E+00 -.627744E+67 0.228295E+01
 -.287090E+01 -.205121E+01 0.344641E+01 -.966512E+00 -.627744E+67 0.244119E+01
 -.169622E+01 -.163668E+01 0.316219E+01 -.957053E+00 -.627744E+67 0.233705E+01
 -.175299E+01 -.170735E+01 0.320902E+01 -.980000E+00 -.627744E+67 0.245000E+01
 -.180000E+01 -.176115E+01 0.305892E+01 -.977543E+00 -.627744E+67 0.204756E+01
 -.257255E+01 -.157396E+01 0.325187E+01 -.960993E+00 -.627744E+67 0.241320E+01
 -.104764E+01 -.111168E+01 0.326323E+01 -.973232E+00 -.627744E+67 0.238775E+01
 -.151200E+01 -.104615E+01 0.314175E+01 -.972777E+00 -.627744E+67 0.243748E+01
 -.144455E+01 -.138619E+01 0.307124E+01 -.980000E+00 -.627744E+67 0.234204E+01
 -.164364E+01 -.159473E+01 0.301713E+01 -.973423E+00 -.627744E+67 0.233656E+01
 -.138606E+01 -.163924E+01 0.306406E+01 -.978977E+00 -.627744E+67 0.210883E+01
 -.318424E+01 -.162192E+01 0.322323E+01 -.980000E+00 -.627744E+67 0.245000E+01
 -.132966E+01 -.160169E+01 0.308987E+01 -.980000E+00 -.627744E+67 0.240763E+01
 -.215882E+01 -.236541E+01 0.322774E+01 -.977541E+00 -.627744E+67 0.245000E+01
 -.281024E+01 -.207117E+01 0.314953E+01 -.980000E+00 -.627744E+67 0.243573E+01
 -.741691E+00 -.176443E+01 0.312532E+01 -.976451E+00 -.627744E+67 0.245000E+01
 -.183074E+01 -.164993E+01 0.314535E+01 -.838732E+00 -.627744E+67 0.237796E+01
 -.125132E+01 -.150310E+01 0.306923E+01 -.947075E+00 -.627744E+67 0.243505E+01
 -.204625E+01 -.149614E+01 0.313512E+01 -.980000E+00 -.627744E+67 0.245000E+01
 -.183438E+01 -.163032E+01 0.304441E+01 -.967210E+00 -.627744E+67 0.243604E+01
 -.195599E+01 -.100000E+01 0.291919E+01 -.975371E+00 -.627744E+67 0.245000E+01
 -.106750E+01 -.214758E+01 0.318057E+01 -.967431E+00 -.627744E+67 0.245000E+01
 -.189814E+01 -.155022E+01 0.306668E+01 -.955188E+00 -.627744E+67 0.235605E+01
 -.122839E+01 -.133949E+01 0.299115E+01 -.975635E+00 -.627744E+67 0.239502E+01
 -.196685E+01 -.159681E+01 0.313233E+01 -.950789E+00 -.627744E+67 0.245000E+01
 -.213815E+01 -.182872E+01 0.330327E+01 -.969249E+00 -.627744E+67 0.243987E+01
 -.122870E+01 -.199106E+01 0.309300E+01 -.969265E+00 -.627744E+67 0.245000E+01
 -.211383E+01 -.224558E+01 0.318467E+01 -.980000E+00 -.627744E+67 0.245000E+01
 -.515109E+00 -.172743E+01 0.297378E+01 -.967498E+00 -.627744E+67 0.232181E+01
 -.210378E+01 -.125911E+01 0.311544E+01 -.977631E+00 -.627744E+67 0.227135E+01
 -.220033E+01 -.160363E+01 0.318545E+01 -.978796E+00 -.627744E+67 0.245000E+01
 -.233415E+01 -.170000E+01 0.308974E+01 -.951974E+00 -.627744E+67 0.194303E+01
 -.187505E+01 -.154744E+01 0.325255E+01 -.923190E+00 -.627744E+67 0.243542E+01
 -.164562E+01 -.179753E+01 0.319676E+01 -.967930E+00 -.627744E+67 0.232294E+01
 -.200338E+01 -.173430E+01 0.306357E+01 -.979163E+00 -.627744E+67 0.245000E+01
 -.227205E+01 -.142062E+01 0.320480E+01 -.977199E+00 -.627744E+67 0.244031E+01
 -.103616E+01 -.157086E+01 0.330216E+01 -.964576E+00 -.627744E+67 0.226662E+01
 -.176372E+01 -.189444E+01 0.290251E+01 -.980000E+00 -.627744E+67 0.243997E+01
 -.200000E+00 -.165022E+01 0.303826E+01 -.969007E+00 -.627744E+67 0.208375E+01
 -.192614E+01 -.114744E+01 0.306415E+01 -.980000E+00 -.627744E+67 0.210449E+01
 -.630144E+00 -.149394E+01 0.293237E+01 -.978567E+00 -.627744E+67 0.237769E+01
 -.882578E+00 -.134859E+01 0.312132E+01 -.975686E+00 -.627744E+67 0.245000E+01
 -.209601E+01 -.163702E+01 0.336274E+01 -.918522E+00 -.627744E+67 0.242769E+01
 -.200538E+01 -.167664E+01 0.338856E+01 -.883877E+00 -.627744E+67 0.243494E+01
 -.180749E+01 -.158911E+01 0.323340E+01 -.915988E+00 -.627744E+67 0.244796E+01
 -.240933E+01 -.178325E+01 0.295677E+01 -.889453E+00 -.627744E+67 0.233390E+01
 -.244210E+01 -.215706E+01 0.297884E+01 -.975128E+00 -.627744E+67 0.244401E+01
 -.578104E+00 -.130372E+01 0.331414E+01 -.980000E+00 -.627744E+67 0.237156E+01
 -.115673E+01 -.152979E+01 0.301861E+01 -.980000E+00 -.627744E+67 0.222562E+01
 -.165115E+01 -.160537E+01 0.327671E+01 -.980000E+00 -.627744E+67 0.245000E+01
 -.158256E+01 -.213859E+01 0.297960E+01 -.976263E+00 -.627744E+67 0.239006E+01
 -.128156E+01 -.144681E+01 0.350000E+01 -.980000E+00 -.627744E+67 0.245000E+01
 -.175068E+01 -.157771E+01 0.317916E+01 -.948290E+00 -.627744E+67 0.245000E+01
 -.173582E+01 -.148868E+01 0.325852E+01 -.975010E+00 -.627744E+67 0.237717E+01
 -.257202E+01 -.180492E+01 0.290000E+01 -.963103E+00 -.627744E+67 0.210676E+01
 -.188972E+01 -.147522E+01 0.327052E+01 -.980000E+00 -.627744E+67 0.242536E+01
 -.228521E+01 -.100000E+01 0.333396E+01 -.974863E+00 -.627744E+67 0.245000E+01
 -.211432E+01 -.156216E+01 0.296675E+01 -.980000E+00 -.627744E+67 0.243528E+01
 -.163078E+01 -.208619E+01 0.290000E+01 -.847363E+00 -.627744E+67 0.241683E+01
 -.169754E+01 -.153463E+01 0.315811E+01 -.975446E+00 -.627744E+67 0.245000E+01
 -.258062E+01 -.201058E+01 0.290000E+01 -.980000E+00 -.627744E+67 0.245000E+01
 -.158424E+01 -.138487E+01 0.301562E+01 -.865740E+00 -.627744E+67 0.244263E+01
 -.210918E+01 -.101855E+01 0.332466E+01 -.977289E+00 -.627744E+67 0.245000E+01
 -.139586E+01 -.185317E+01 0.325111E+01 -.980000E+00 -.627744E+67 0.242600E+01
 -.121024E+01 -.160098E+01 0.319239E+01 -.936452E+00 -.627744E+67 0.244011E+01
 -.981746E+00 -.162785E+01 0.318728E+01 -.980000E+00 -.627744E+67 0.238625E+01
 -.184915E+01 -.156881E+01 0.333180E+01 -.980000E+00 -.627744E+67 0.235415E+01
 -.921662E+00 -.148449E+01 0.290000E+01 -.964509E+00 -.627744E+67 0.243651E+01
 -.149591E+01 -.100000E+01 0.322218E+01 -.975464E+00 -.627744E+67 0.242602E+01
 -.178148E+01 -.156725E+01 0.334441E+01 -.967568E+00 -.627744E+67 0.244267E+01
 -.249111E+01 -.170000E+01 0.300109E+01 -.980000E+00 -.627744E+67 0.240054E+01
 -.266750E+01 -.144758E+01 0.325647E+01 -.977080E+00 -.627744E+67 0.243431E+01
 -.172959E+01 -.161006E+01 0.315755E+01 -.956533E+00 -.627744E+67 0.245000E+01
 -.245014E+01 -.187637E+01 0.317983E+01 -.973145E+00 -.627744E+67 0.236634E+01
 -.152679E+01 -.154727E+01 0.316719E+01 -.932520E+00 -.627744E+67 0.244599E+01
 -.169715E+01 -.220677E+01 0.311861E+01 -.980000E+00 -.627744E+67 0.245000E+01
 -.184147E+01 -.144352E+01 0.311351E+01 -.972005E+00 -.627744E+67 0.213412E+01
 -.234336E+01 -.187669E+01 0.322637E+01 -.977114E+00 -.627744E+67 0.242807E+01
 -.858180E+00 -.149287E+01 0.327378E+01 -.973152E+00 -.627744E+67 0.237949E+01
 -.191672E+01 -.155992E+01 0.321538E+01 -.979186E+00 -.627744E+67 0.245000E+01
 -.181732E+01 -.153964E+01 0.320363E+01 -.978289E+00 -.627744E+67 0.243570E+01
 -.152890E+01 -.110059E+01 0.296697E+01 -.929659E+00 -.627744E+67 0.238211E+01
 -.159118E+01 -.181469E+01 0.341321E+01 -.961448E+00 -.627744E+67 0.243874E+01
 -.151654E+01 -.211128E+01 0.322480E+01 -.963762E+00 -.627744E+67 0.241167E+01
 -.149634E+01 -.143499E+01 0.314645E+01 -.979934E+00 -.627744E+67 0.239437E+01
 -.146839E+01 -.170588E+01 0.312673E+01 -.979071E+00 -.627744E+67 0.244887E+01
 -.135885E+01 -.159507E+01 0.316453E+01 -.980000E+00 -.627744E+67 0.245000E+01
 -.228129E+01 -.149027E+01 0.303253E+01 -.907904E+00 -.627744E+67 0.245000E+01
 -.180000E+01 -.157537E+01 0.324151E+01 -.967543E+00 -.627744E+67 0.227020E+01
 -.225195E+01 -.153731E+01 0.290000E+01 -.767766E+00 -.627744E+67 0.206574E+01
 -.186360E+01 -.155682E+01 0.290000E+01 -.980000E+00 -.627744E+67 0.242107E+01
 -.158730E+01 -.133900E+01 0.290000E+01 -.955378E+00 -.627744E+67 0.243906E+01
 -.109123E+01 -.145890E+01 0.306274E+01 -.910996E+00 -.627744E+67 0.245000E+01
 -.175103E+01 -.181207E+01 0.342005E+01 -.980000E+00 -.627744E+67 0.242485E+01
 -.169957E+01 -.154282E+01 0.315404E+01 -.879034E+00 -.627744E+67 0.245000E+01
 -.264378E+01 -.160536E+01 0.290000E+01 -.851741E+00 -.627744E+67 0.229599E+01
 -.188284E+01 -.145706E+01 0.293749E+01 -.971724E+00 -.627744E+67 0.245000E+01
 -.122744E+01 -.173511E+01 0.349544E+01 -.941429E+00 -.627744E+67 0.244421E+01
 -.179128E+01 -.166079E+01 0.317614E+01 -.842979E+00 -.627744E+67 0.210767E+01
 -.192046E+01 -.147907E+01 0.314618E+01 -.919470E+00 -.627744E+67 0.239489E+01
 -.143920E+01 -.183066E+01 0.291011E+01 -.972334E+00 -.627744E+67 0.245000E+01
 -.539213E+00 -.113089E+01 0.320000E+01 -.962811E+00 -.627744E+67 0.244416E+01
 -.178768E+01 -.154297E+01 0.317385E+01 -.947844E+00 -.627744E+67 0.238986E+01
 -.171502E+01 -.169708E+01 0.324734E+01 -.952530E+00 -.627744E+67 0.240917E+01
 -.972016E+00 -.159080E+01 0.320000E+01 -.937487E+00 -.627744E+67 0.245000E+01
 -.112505E+01 -.158832E+01 0.308670E+01 -.943785E+00 -.627744E+67 0.241843E+01
 -.218908E+01 -.170000E+01 0.319008E+01 -.958108E+00 -.627744E+67 0.238757E+01
 -.184035E+01 -.204287E+01 0.294111E+01 -.967890E+00 -.627744E+67 0.222469E+01
 -.188253E+01 -.240000E+01 0.320000E+01 -.866905E+00 -.627744E+67 0.224536E+01
 -.171238E+01 -.157585E+01 0.318777E+01 -.956301E+00 -.627744E+67 0.219769E+01
 -.221406E+01 -.195051E+01 0.320000E+01 -.973060E+00 -.627744E+67 0.215365E+01
 -.347104E+00 -.150460E+01 0.290000E+01 -.849119E+00 -.627744E+67 0.244494E+01
 -.242824E+01 -.169196E+01 0.336276E+01 -.968552E+00 -.627744E+67 0.239746E+01
 -.855396E+00 -.186875E+01 0.304473E+01 -.969305E+00 -.627744E+67 0.243750E+01
 -.562087E+00 -.145001E+01 0.318310E+01 -.904747E+00 -.627744E+67 0.245000E+01
 -.226806E+01 -.157173E+01 0.320305E+01 -.951139E+00 -.627744E+67 0.236060E+01
 -.174461E+01 -.155732E+01 0.319971E+01 -.839939E+00 -.627744E+67 0.245000E+01
 -.124166E+01 -.162187E+01 0.320000E+01 -.895136E+00 -.627744E+67 0.245000E+01
 -.135768E+01 -.170000E+01 0.302195E+01 -.964462E+00 -.627744E+67 0.239048E+01
 -.166812E+01 -.158010E+01 0.340662E+01 -.932923E+00 -.627744E+67 0.245000E+01
 -.216820E+01 -.229821E+01 0.327436E+01 -.940084E+00 -.627744E+67 0.240067E+01
 -.238730E+01 -.118568E+01 0.325120E+01 -.953883E+00 -.627744E+67 0.244075E+01
 -.157797E+01 -.166388E+01 0.323928E+01 -.957742E+00 -.627744E+67 0.239110E+01
 -.298400E+01 -.198283E+01 0.323924E+01 -.950131E+00 -.627744E+67 0.238736E+01
 -.139342E+01 -.154264E+01 0.320248E+01 -.950599E+00 -.627744E+67 0.244863E+01
 -.132925E+01 -.218891E+01 0.299971E+01 -.938180E+00 -.627744E+67 0.243919E+01
 -.214225E+01 -.109240E+01 0.300912E+01 -.953501E+00 -.627744E+67 0.234674E+01
 -.141529E+01 -.148632E+01 0.315852E+01 -.953144E+00 -.627744E+67 0.243888E+01
 -.245818E+01 -.135943E+01 0.333867E+01 -.949621E+00 -.627744E+67 0.245000E+01
 -.166716E+01 -.197277E+01 0.318533E+01 -.980000E+00 -.627744E+67 0.220864E+01
 -.145117E+01 -.158997E+01 0.316744E+01 -.965250E+00 -.627744E+67 0.243873E+01
 -.891338E+00 -.180059E+01 0.326697E+01 -.966686E+00 -.627744E+67 0.245000E+01
 -.145323E+01 -.199102E+01 0.311321E+01 -.980000E+00 -.627744E+67 0.245000E+01
 -.132922E+01 -.199143E+01 0.305832E+01 -.954605E+00 -.627744E+67 0.245000E+01
 -.124651E+01 -.156196E+01 0.300221E+01 -.969455E+00 -.627744E+67 0.240654E+01
 -.105871E+01 -.194763E+01 0.316515E+01 -.949874E+00 -.627744E+67 0.245000E+01
 -.213983E+01 -.161513E+01 0.290000E+01 -.959608E+00 -.627744E+67 0.221648E+01
 -.231436E+01 -.128899E+01 0.325269E+01 -.907071E+00 -.627744E+67 0.243401E+01
 -.303386E+01 -.155683E+01 0.325614E+01 -.944716E+00 -.627744E+67 0.245000E+01
 -.197454E+01 -.183557E+01 0.320000E+01 -.812346E+00 -.627744E+67 0.231662E+01
 -.294062E+01 -.169675E+01 0.305011E+01 -.867044E+00 -.627744E+67 0.245000E+01
 -.228757E+01 -.199467E+01 0.320000E+01 -.946287E+00 -.627744E+67 0.245000E+01
 -.150933E+01 -.196943E+01 0.290000E+01 -.974059E+00 -.627744E+67 0.243852E+01
 -.195891E+01 -.170757E+01 0.317634E+01 -.919625E+00 -.627744E+67 0.239571E+01
 -.170925E+01 -.172891E+01 0.310403E+01 -.980000E+00 -.627744E+67 0.244537E+01
 -.145276E+01 -.148867E+01 0.320000E+01 -.980000E+00 -.627744E+67 0.232811E+01
 -.865799E+00 -.119243E+01 0.323569E+01 -.976679E+00 -.627744E+67 0.232016E+01
 -.255682E+01 -.183745E+01 0.342616E+01 -.937170E+00 -.627744E+67 0.245000E+01
 -.229884E+01 -.160749E+01 0.293098E+01 -.801617E+00 -.627744E+67 0.245000E+01
 -.172043E+01 -.155692E+01 0.297169E+01 -.927392E+00 -.627744E+67 0.239709E+01
 -.167847E+01 -.158535E+01 0.321011E+01 -.952921E+00 -.627744E+67 0.233715E+01
 -.213921E+01 -.183089E+01 0.295879E+01 -.951374E+00 -.627744E+67 0.245000E+01
 -.180060E+01 -.161123E+01 0.315040E+01 -.960591E+00 -.627744E+67 0.243583E+01
 -.174215E+01 -.178289E+01 0.316834E+01 -.948718E+00 -.627744E+67 0.245000E+01
 -.200000E+00 -.117482E+01 0.335998E+01 -.930005E+00 -.627744E+67 0.201064E+01
 -.182627E+01 -.179270E+01 0.306799E+01 -.968614E+00 -.627744E+67 0.243462E+01
 -.144268E+01 -.224072E+01 0.304452E+01 -.942792E+00 -.627744E+67 0.238042E+01
 -.142165E+01 -.134287E+01 0.313149E+01 -.948056E+00 -.627744E+67 0.231277E+01
 -.177676E+01 -.170000E+01 0.304112E+01 -.955978E+00 -.627744E+67 0.213209E+01
 -.165587E+01 -.166659E+01 0.308434E+01 -.942383E+00 -.627744E+67 0.245000E+01
 -.930018E+00 -.125051E+01 0.316799E+01 -.966167E+00 -.627744E+67 0.187367E+01
 -.194710E+01 -.151863E+01 0.320000E+01 -.980000E+00 -.627744E+67 0.244602E+01
 -.120069E+01 -.226897E+01 0.306276E+01 -.969474E+00 -.627744E+67 0.241206E+01
 -.235489E+01 -.211601E+01 0.309135E+01 -.958786E+00 -.627744E+67 0.245000E+01
 -.112385E+01 -.170774E+01 0.313580E+01 -.955437E+00 -.627744E+67 0.244281E+01
 -.284991E+01 -.171196E+01 0.316299E+01 -.941445E+00 -.627744E+67 0.245000E+01
 -.168921E+01 -.161070E+01 0.302629E+01 -.735967E+00 -.627744E+67 0.234701E+01
 -.211408E+01 -.188604E+01 0.328953E+01 -.878644E+00 -.627744E+67 0.244160E+01
 -.132068E+01 -.227803E+01 0.291765E+01 -.967095E+00 -.627744E+67 0.242880E+01
 -.178799E+01 -.162759E+01 0.310662E+01 -.949004E+00 -.627744E+67 0.244099E+01
 -.163985E+01 -.159821E+01 0.344479E+01 -.954219E+00 -.627744E+67 0.244215E+01
 -.111426E+01 -.134537E+01 0.323832E+01 -.951934E+00 -.627744E+67 0.245000E+01
 -.171694E+01 -.164201E+01 0.315797E+01 -.957189E+00 -.627744E+67 0.241913E+01
 -.138400E+01 -.128283E+01 0.313973E+01 -.950366E+00 -.627744E+67 0.245000E+01
 -.195934E+01 -.179780E+01 0.320442E+01 -.977247E+00 -.627744E+67 0.245000E+01
 -.131019E+01 -.196607E+01 0.310860E+01 -.924896E+00 -.627744E+67 0.244600E+01
 -.916849E+00 -.179240E+01 0.301864E+01 -.943601E+00 -.627744E+67 0.245000E+01
 -.902002E+00 -.127991E+01 0.308883E+01 -.969671E+00 -.627744E+67 0.245000E+01
 -.307394E+01 -.156260E+01 0.303867E+01 -.950291E+00 -.627744E+67 0.237174E+01
 -.148096E+01 -.172938E+01 0.305570E+01 -.959213E+00 -.627744E+67 0.225836E+01
 -.179995E+01 -.165781E+01 0.314298E+01 -.949820E+00 -.627744E+67 0.244975E+01
 -.516821E+00 -.240000E+01 0.350000E+01 -.980000E+00 -.627744E+67 0.221998E+01
 -.175505E+01 -.184682E+01 0.296097E+01 -.954727E+00 -.627744E+67 0.243786E+01
 -.145546E+01 -.133062E+01 0.298545E+01 -.968633E+00 -.627744E+67 0.239301E+01
 -.141385E+01 -.173260E+01 0.302043E+01 -.963290E+00 -.627744E+67 0.244173E+01
 -.139676E+01 -.190190E+01 0.325892E+01 -.967801E+00 -.627744E+67 0.244520E+01
 -.196482E+01 -.162732E+01 0.314612E+01 -.948856E+00 -.627744E+67 0.223752E+01
 -.198571E+01 -.171134E+01 0.329598E+01 -.970186E+00 -.627744E+67 0.245000E+01
 -.194675E+01 -.168355E+01 0.307243E+01 -.933367E+00 -.627744E+67 0.220406E+01
 -.118594E+01 -.150618E+01 0.318133E+01 -.980000E+00 -.627744E+67 0.245000E+01
 -.217625E+01 -.169782E+01 0.330905E+01 -.836282E+00 -.627744E+67 0.239313E+01
 -.250985E+01 -.212345E+01 0.335041E+01 -.975298E+00 -.627744E+67 0.244356E+01
 -.213847E+01 -.234343E+01 0.320000E+01 -.980000E+00 -.627744E+67 0.245000E+01
 -.196892E+01 -.157388E+01 0.294459E+01 -.919347E+00 -.627744E+67 0.239269E+01
 -.182699E+01 -.179354E+01 0.313298E+01 -.856846E+00 -.627744E+67 0.244574E+01
 -.923900E+00 -.182969E+01 0.316761E+01 -.848895E+00 -.627744E+67 0.235723E+01
 -.721629E+00 -.151488E+01 0.311082E+01 -.960986E+00 -.627744E+67 0.222477E+01
 -.257630E+01 -.171291E+01 0.312616E+01 -.979510E+00 -.627744E+67 0.231796E+01
 -.233070E+01 -.149501E+01 0.297148E+01 -.946304E+00 -.627744E+67 0.228635E+01
 -.145758E+01 -.191436E+01 0.305589E+01 -.980000E+00 -.627744E+67 0.244235E+01
 -.197014E+01 -.157240E+01 0.346705E+01 -.965107E+00 -.627744E+67 0.229729E+01
 -.310210E+01 -.219243E+01 0.293435E+01 -.980000E+00 -.627744E+67 0.244729E+01
 -.178213E+01 -.167185E+01 0.313639E+01 -.968344E+00 -.627744E+67 0.245000E+01
 -.175908E+01 -.169386E+01 0.313446E+01 -.969851E+00 -.627744E+67 0.242052E+01
 -.180000E+01 -.100000E+01 0.305998E+01 -.954470E+00 -.627744E+67 0.193326E+01
 -.221133E+01 -.184125E+01 0.320312E+01 -.980000E+00 -.627744E+67 0.239992E+01
 -.959324E+00 -.177581E+01 0.306345E+01 -.965686E+00 -.627744E+67 0.245000E+01
 -.148081E+01 -.123644E+01 0.330160E+01 -.953936E+00 -.627744E+67 0.242116E+01
 -.139652E+01 -.133513E+01 0.302691E+01 -.930448E+00 -.627744E+67 0.216274E+01
 -.163079E+01 -.163832E+01 0.298991E+01 -.942078E+00 -.627744E+67 0.223441E+01
 -.175065E+01 -.100000E+01 0.312152E+01 -.952102E+00 -.627744E+67 0.239670E+01
 -.327923E+01 -.155276E+01 0.344410E+01 -.887582E+00 -.627744E+67 0.245000E+01
 -.138430E+01 -.228229E+01 0.298869E+01 -.971320E+00 -.627744E+67 0.244543E+01
 -.213348E+01 -.197827E+01 0.315018E+01 -.956196E+00 -.627744E+67 0.243893E+01
 -.265153E+01 -.191972E+01 0.314239E+01 -.980000E+00 -.627744E+67 0.244437E+01
 -.124991E+01 -.173033E+01 0.312563E+01 -.973610E+00 -.627744E+67 0.234887E+01
 -.178115E+01 -.166859E+01 0.299886E+01 -.943805E+00 -.627744E+67 0.232629E+01
 -.153406E+01 -.192335E+01 0.298953E+01 -.924699E+00 -.627744E+67 0.244350E+01
 -.142357E+01 -.157803E+01 0.297402E+01 -.974634E+00 -.627744E+67 0.245000E+01
 -.186222E+01 -.158209E+01 0.293145E+01 -.962688E+00 -.627744E+67 0.244739E+01
 -.135530E+01 -.109880E+01 0.338698E+01 -.980000E+00 -.627744E+67 0.245000E+01
 -.106254E+01 -.204537E+01 0.317590E+01 -.978219E+00 -.627744E+67 0.243780E+01
 -.185190E+01 -.157395E+01 0.308409E+01 -.956607E+00 -.627744E+67 0.245000E+01
 -.119437E+01 -.100000E+01 0.304355E+01 -.980000E+00 -.627744E+67 0.239546E+01
 -.197885E+01 -.178722E+01 0.315117E+01 -.969097E+00 -.627744E+67 0.244745E+01
 -.195425E+01 -.188903E+01 0.324418E+01 -.980000E+00 -.627744E+67 0.245000E+01
 -.867993E+00 -.225180E+01 0.321664E+01 -.959453E+00 -.627744E+67 0.220561E+01
 -.163261E+01 -.143649E+01 0.307198E+01 -.979278E+00 -.627744E+67 0.243521E+01
 -.266390E+01 -.170924E+01 0.296973E+01 -.971313E+00 -.627744E+67 0.235402E+01
 -.148778E+01 -.137291E+01 0.307355E+01 -.949714E+00 -.627744E+67 0.245000E+01
 -.208679E+01 -.168261E+01 0.319110E+01 -.966653E+00 -.627744E+67 0.245000E+01
 -.211682E+01 -.170000E+01 0.320000E+01 -.937754E+00 -.627744E+67 0.245000E+01
 -.197403E+01 -.114682E+01 0.309452E+01 -.931376E+00 -.627744E+67 0.243511E+01
 -.178957E+01 -.104715E+01 0.320781E+01 -.976113E+00 -.627744E+67 0.239419E+01
 -.190621E+01 -.181335E+01 0.304096E+01 -.963586E+00 -.627744E+67 0.240460E+01
 -.245458E+01 -.144686E+01 0.316113E+01 -.980000E+00 -.627744E+67 0.244806E+01
 -.143509E+01 -.158143E+01 0.318846E+01 -.966737E+00 -.627744E+67 0.245000E+01
 -.125931E+01 -.209246E+01 0.309972E+01 -.980000E+00 -.627744E+67 0.243858E+01
 -.346754E+00 -.194623E+01 0.298281E+01 -.946350E+00 -.627744E+67 0.231628E+01
 -.123723E+01 -.128738E+01 0.304767E+01 -.788650E+00 -.627744E+67 0.236293E+01
 -.922581E+00 -.145984E+01 0.327794E+01 -.980000E+00 -.627744E+67 0.232585E+01
 -.116183E+01 -.216083E+01 0.307096E+01 -.980000E+00 -.627744E+67 0.244733E+01
 -.195617E+01 -.180317E+01 0.332064E+01 -.917639E+00 -.627744E+67 0.244382E+01
 -.182171E+01 -.168455E+01 0.311314E+01 -.934203E+00 -.627744E+67 0.239490E+01
 -.184164E+01 -.174803E+01 0.322295E+01 -.856401E+00 -.627744E+67 0.245000E+01
 -.746614E+00 -.179519E+01 0.303592E+01 -.738201E+00 -.627744E+67 0.237969E+01
 -.232163E+01 -.189715E+01 0.304870E+01 -.960252E+00 -.627744E+67 0.242522E+01
 -.187054E+01 -.134390E+01 0.290000E+01 -.980000E+00 -.627744E+67 0.223837E+01
 -.177125E+01 -.152035E+01 0.295438E+01 -.950545E+00 -.627744E+67 0.232996E+01
 -.136399E+01 -.210852E+01 0.319568E+01 -.876813E+00 -.627744E+67 0.245000E+01
 -.179123E+01 -.208898E+01 0.316705E+01 -.976897E+00 -.627744E+67 0.245000E+01
 -.192229E+01 -.190959E+01 0.323435E+01 -.947000E+00 -.627744E+67 0.244834E+01
 -.173542E+01 -.161696E+01 0.314129E+01 -.969880E+00 -.627744E+67 0.241970E+01
 -.174568E+01 -.155688E+01 0.312318E+01 -.980000E+00 -.627744E+67 0.242510E+01
 -.248252E+01 -.170000E+01 0.290000E+01 -.974511E+00 -.627744E+67 0.245000E+01
 -.188125E+01 -.180652E+01 0.325635E+01 -.944712E+00 -.627744E+67 0.238060E+01
 -.255932E+01 -.107581E+01 0.312244E+01 -.973115E+00 -.627744E+67 0.241604E+01
 -.159643E+01 -.193644E+01 0.325505E+01 -.967678E+00 -.627744E+67 0.227365E+01
 -.128489E+01 -.167587E+01 0.300464E+01 -.937283E+00 -.627744E+67 0.245000E+01
 -.165255E+01 -.159839E+01 0.309260E+01 -.980000E+00 -.627744E+67 0.207362E+01
 -.242558E+01 -.170000E+01 0.302882E+01 -.960799E+00 -.627744E+67 0.245000E+01
 -.323933E+01 -.163977E+01 0.330744E+01 -.980000E+00 -.627744E+67 0.244441E+01
 -.227194E+01 -.187102E+01 0.313328E+01 -.969635E+00 -.627744E+67 0.245000E+01
 -.164921E+01 -.165978E+01 0.316984E+01 -.960296E+00 -.627744E+67 0.244222E+01
 -.218429E+01 -.176370E+01 0.317471E+01 -.908871E+00 -.627744E+67 0.245000E+01
 -.673764E+00 -.172290E+01 0.310685E+01 -.980000E+00 -.627744E+67 0.243305E+01
 -.182412E+01 -.159365E+01 0.329886E+01 -.980000E+00 -.627744E+67 0.245000E+01
 -.948153E+00 -.189033E+01 0.290000E+01 -.980000E+00 -.627744E+67 0.245000E+01
 -.178625E+01 -.109757E+01 0.323199E+01 -.968951E+00 -.627744E+67 0.236826E+01
 -.174106E+01 -.156556E+01 0.317830E+01 -.960869E+00 -.627744E+67 0.245000E+01
 -.185420E+01 -.179880E+01 0.308698E+01 -.928459E+00 -.627744E+67 0.242224E+01
 -.228076E+01 -.226568E+01 0.310639E+01 -.980000E+00 -.627744E+67 0.244266E+01
 -.167943E+01 -.160496E+01 0.305580E+01 -.955985E+00 -.627744E+67 0.241704E+01
 -.122539E+01 -.170000E+01 0.305951E+01 -.950258E+00 -.627744E+67 0.237938E+01
 -.195522E+01 -.153408E+01 0.313980E+01 -.935680E+00 -.627744E+67 0.244660E+01
 -.238288E+01 -.162911E+01 0.332507E+01 -.916902E+00 -.627744E+67 0.244604E+01
 -.193011E+01 -.240000E+01 0.308249E+01 -.972232E+00 -.627744E+67 0.243430E+01
 -.250754E+01 -.189077E+01 0.322006E+01 -.979310E+00 -.627744E+67 0.244494E+01
 -.106390E+01 -.173883E+01 0.326973E+01 -.980000E+00 -.627744E+67 0.239886E+01
 -.160033E+01 -.158860E+01 0.315739E+01 -.977494E+00 -.627744E+67 0.228376E+01
 -.190552E+01 -.167401E+01 0.318715E+01 -.980000E+00 -.627744E+67 0.244536E+01
 -.339186E+01 -.101119E+01 0.290000E+01 -.911005E+00 -.627744E+67 0.230053E+01
 -.176209E+01 -.117657E+01 0.331632E+01 -.948055E+00 -.627744E+67 0.245000E+01
 -.155158E+01 -.153335E+01 0.328022E+01 -.961134E+00 -.627744E+67 0.241338E+01
 -.220949E+01 -.175241E+01 0.302071E+01 -.968903E+00 -.627744E+67 0.239588E+01
 -.170953E+01 -.157314E+01 0.308955E+01 -.969747E+00 -.627744E+67 0.245000E+01
 -.107935E+01 -.157947E+01 0.298382E+01 -.968631E+00 -.627744E+67 0.230926E+01
 -.132827E+01 -.171114E+01 0.307330E+01 -.886361E+00 -.627744E+67 0.244790E+01
 -.273370E+00 -.202957E+01 0.328152E+01 -.971236E+00 -.627744E+67 0.245000E+01
 -.226357E+01 -.141829E+01 0.297224E+01 -.641083E+00 -.627744E+67 0.235855E+01
 -.166356E+01 -.143702E+01 0.302762E+01 -.804590E+00 -.627744E+67 0.241764E+01
 -.126755E+01 -.183034E+01 0.290000E+01 -.968309E+00 -.627744E+67 0.244909E+01
 -.115445E+01 -.143454E+01 0.302064E+01 -.919777E+00 -.627744E+67 0.242331E+01
 -.163452E+01 -.174382E+01 0.327958E+01 -.958012E+00 -.627744E+67 0.242535E+01
 -.171184E+01 -.158677E+01 0.327057E+01 -.902384E+00 -.627744E+67 0.240052E+01
 -.234661E+01 -.166661E+01 0.306850E+01 -.978201E+00 -.627744E+67 0.238784E+01
 -.203684E+01 -.185080E+01 0.303985E+01 -.980000E+00 -.627744E+67 0.245000E+01
 -.113162E+01 -.175320E+01 0.320000E+01 -.958982E+00 -.627744E+67 0.239735E+01
 -.100953E+01 -.155124E+01 0.297690E+01 -.810782E+00 -.627744E+67 0.238325E+01
 -.179367E+01 -.164902E+01 0.324852E+01 -.875605E+00 -.627744E+67 0.237337E+01
 -.161812E+01 -.227017E+01 0.290000E+01 -.978038E+00 -.627744E+67 0.231572E+01
 -.724285E+00 -.125256E+01 0.344470E+01 -.930291E+00 -.627744E+67 0.242395E+01
 -.169378E+01 -.156803E+01 0.314566E+01 -.971248E+00 -.627744E+67 0.239269E+01
 -.173409E+01 -.150272E+01 0.314793E+01 -.961358E+00 -.627744E+67 0.242032E+01
 -.151639E+01 -.204879E+01 0.320000E+01 -.940287E+00 -.627744E+67 0.191280E+01
 -.149022E+01 -.148350E+01 0.310181E+01 -.951679E+00 -.627744E+67 0.238902E+01
 -.246695E+01 -.120730E+01 0.326163E+01 -.980000E+00 -.627744E+67 0.240336E+01
 -.171619E+01 -.167920E+01 0.295505E+01 -.980000E+00 -.627744E+67 0.219485E+01
 -.127810E+01 -.197209E+01 0.290000E+01 -.970273E+00 -.627744E+67 0.195868E+01
 -.167533E+01 -.158487E+01 0.318925E+01 -.946333E+00 -.627744E+67 0.243152E+01
 -.144313E+01 -.224664E+01 0.304478E+01 -.980000E+00 -.627744E+67 0.176492E+01
 -.163933E+01 -.153544E+01 0.304016E+01 -.911146E+00 -.627744E+67 0.243097E+01
 -.246726E+01 -.117102E+01 0.327150E+01 -.968730E+00 -.627744E+67 0.240093E+01
 -.132837E+01 -.135678E+01 0.315595E+01 -.968633E+00 -.627744E+67 0.243645E+01
 -.906075E+00 -.162542E+01 0.317096E+01 -.929861E+00 -.627744E+67 0.241498E+01
 -.227376E+01 -.168372E+01 0.315897E+01 -.959277E+00 -.627744E+67 0.245000E+01
 -.181223E+01 -.158227E+01 0.338660E+01 -.832071E+00 -.627744E+67 0.232969E+01
 -.138162E+01 -.170179E+01 0.320000E+01 -.878447E+00 -.627744E+67 0.240080E+01
 -.183845E+01 -.141294E+01 0.324050E+01 -.966379E+00 -.627744E+67 0.233820E+01
 -.162863E+01 -.159631E+01 0.339708E+01 -.964408E+00 -.627744E+67 0.240193E+01
 -.219708E+01 -.222897E+01 0.291480E+01 -.946602E+00 -.627744E+67 0.239281E+01
 -.284193E+01 -.240000E+01 0.321649E+01 -.955011E+00 -.627744E+67 0.242759E+01
 -.158193E+01 -.164259E+01 0.315006E+01 -.966559E+00 -.627744E+67 0.240766E+01
 -.229731E+01 -.189869E+01 0.315610E+01 -.971168E+00 -.627744E+67 0.243755E+01
 -.143797E+01 -.153898E+01 0.313940E+01 -.929236E+00 -.627744E+67 0.243805E+01
 -.197480E+01 -.146190E+01 0.319081E+01 -.936251E+00 -.627744E+67 0.243469E+01
 -.183135E+01 -.170000E+01 0.294395E+01 -.966543E+00 -.627744E+67 0.245000E+01
 -.269374E+01 -.176063E+01 0.329103E+01 -.978934E+00 -.627744E+67 0.242961E+01
 -.378547E+00 -.147542E+01 0.350000E+01 -.969291E+00 -.627744E+67 0.242923E+01
 -.185879E+01 -.198056E+01 0.314924E+01 -.980000E+00 -.627744E+67 0.223002E+01
 -.167070E+01 -.163440E+01 0.315068E+01 -.964038E+00 -.627744E+67 0.241627E+01
 -.185172E+01 -.100000E+01 0.320000E+01 -.961022E+00 -.627744E+67 0.241948E+01
 -.139720E+01 -.170996E+01 0.319945E+01 -.980000E+00 -.627744E+67 0.243026E+01
 -.140521E+01 -.220786E+01 0.301138E+01 -.970601E+00 -.627744E+67 0.243858E+01
 -.147701E+01 -.152719E+01 0.301178E+01 -.977799E+00 -.627744E+67 0.238024E+01
 -.108206E+01 -.176344E+01 0.316078E+01 -.966643E+00 -.627744E+67 0.243823E+01
 -.885575E+00 -.161153E+01 0.290000E+01 -.971340E+00 -.627744E+67 0.212142E+01
 -.192752E+01 -.132432E+01 0.325563E+01 -.896154E+00 -.627744E+67 0.244910E+01
 -.187337E+01 -.176736E+01 0.326396E+01 -.976631E+00 -.627744E+67 0.226012E+01
 -.239696E+01 -.157919E+01 0.294188E+01 -.838470E+00 -.627744E+67 0.235427E+01
 -.240491E+01 -.157677E+01 0.290000E+01 -.730247E+00 -.627744E+67 0.245000E+01
 -.178837E+01 -.144637E+01 0.320000E+01 -.957303E+00 -.627744E+67 0.242357E+01
 -.107123E+01 -.205408E+01 0.290000E+01 -.980000E+00 -.627744E+67 0.243958E+01
 -.161004E+01 -.164440E+01 0.306766E+01 -.980000E+00 -.627744E+67 0.243045E+01
 -.163410E+01 -.161383E+01 0.323774E+01 -.980000E+00 -.627744E+67 0.239432E+01
 -.243252E+01 -.155501E+01 0.318208E+01 -.980000E+00 -.627744E+67 0.227240E+01
 -.104236E+01 -.163376E+01 0.308738E+01 -.961421E+00 -.627744E+67 0.225033E+01
 -.151646E+01 -.191806E+01 0.336814E+01 -.952373E+00 -.627744E+67 0.245000E+01
 -.138566E+01 -.154503E+01 0.295422E+01 -.776116E+00 -.627744E+67 0.236281E+01
 -.195669E+01 -.122971E+01 0.308761E+01 -.980000E+00 -.627744E+67 0.236895E+01
 -.170483E+01 -.157017E+01 0.307301E+01 -.971762E+00 -.627744E+67 0.234731E+01
 -.232429E+01 -.148368E+01 0.318280E+01 -.976953E+00 -.627744E+67 0.241184E+01
 -.171465E+01 -.164133E+01 0.313821E+01 -.970901E+00 -.627744E+67 0.240663E+01
 -.175325E+01 -.153831E+01 0.314340E+01 -.956753E+00 -.627744E+67 0.241631E+01
 -.479799E+00 -.160333E+01 0.318531E+01 -.911272E+00 -.627744E+67 0.225183E+01
 -.141341E+01 -.131015E+01 0.307254E+01 -.980000E+00 -.627744E+67 0.240839E+01
 -.201826E+01 -.144017E+01 0.327009E+01 -.965980E+00 -.627744E+67 0.245000E+01
 -.169409E+01 -.118309E+01 0.290000E+01 -.964339E+00 -.627744E+67 0.216405E+01
 -.167946E+01 -.184659E+01 0.316504E+01 -.930567E+00 -.627744E+67 0.196380E+01
 -.169011E+01 -.161468E+01 0.324262E+01 -.960928E+00 -.627744E+67 0.245000E+01
 -.103602E+01 -.154664E+01 0.301990E+01 -.969070E+00 -.627744E+67 0.154209E+01
 -.222701E+00 -.153115E+01 0.290000E+01 -.895117E+00 -.627744E+67 0.240477E+01
 -.118797E+01 -.100000E+01 0.329144E+01 -.975027E+00 -.627744E+67 0.239082E+01
 -.147795E+01 -.173136E+01 0.314196E+01 -.970463E+00 -.627744E+67 0.242035E+01
 -.935719E+00 -.163196E+01 0.313496E+01 -.978364E+00 -.627744E+67 0.240558E+01
 -.329258E+01 -.163498E+01 0.318948E+01 -.965297E+00 -.627744E+67 0.236625E+01
 -.183005E+01 -.161085E+01 0.319252E+01 -.966766E+00 -.627744E+67 0.236041E+01
 -.203288E+01 -.153889E+01 0.325201E+01 -.942209E+00 -.627744E+67 0.243421E+01
 -.170180E+01 -.204125E+01 0.304168E+01 -.980000E+00 -.627744E+67 0.237451E+01
 -.164608E+01 -.160572E+01 0.309708E+01 -.966620E+00 -.627744E+67 0.242593E+01
 -.207319E+01 -.152897E+01 0.321480E+01 -.980000E+00 -.627744E+67 0.241381E+01
 -.158693E+01 -.170000E+01 0.327396E+01 -.959615E+00 -.627744E+67 0.243167E+01
 -.168026E+01 -.164867E+01 0.324288E+01 -.971388E+00 -.627744E+67 0.240580E+01
 -.236023E+01 -.145371E+01 0.315059E+01 -.980000E+00 -.627744E+67 0.245000E+01
 -.168647E+01 -.163981E+01 0.320970E+01 -.943931E+00 -.627744E+67 0.241982E+01
 -.129741E+01 -.198210E+01 0.307118E+01 -.980000E+00 -.627744E+67 0.240793E+01
 -.147758E+01 -.107362E+01 0.309655E+01 -.954672E+00 -.627744E+67 0.237055E+01
 -.217542E+01 -.149153E+01 0.316516E+01 -.975336E+00 -.627744E+67 0.242380E+01
 -.180391E+01 -.124131E+01 0.320000E+01 -.952791E+00 -.627744E+67 0.243405E+01
 -.184882E+01 -.172776E+01 0.306409E+01 -.959177E+00 -.627744E+67 0.245000E+01
 -.158277E+01 -.153597E+01 0.315595E+01 -.973171E+00 -.627744E+67 0.242177E+01
 -.554713E+00 -.170000E+01 0.345556E+01 -.980000E+00 -.627744E+67 0.245000E+01
 -.129193E+01 -.201859E+01 0.309148E+01 -.936867E+00 -.627744E+67 0.243397E+01
 -.134116E+01 -.199265E+01 0.291521E+01 -.979720E+00 -.627744E+67 0.243732E+01
 -.937564E+00 -.144719E+01 0.306279E+01 -.975422E+00 -.627744E+67 0.238648E+01
 -.150275E+01 -.183744E+01 0.330010E+01 -.980000E+00 -.627744E+67 0.241821E+01
 -.229526E+01 -.163097E+01 0.315803E+01 -.970485E+00 -.627744E+67 0.209304E+01
 -.214685E+01 -.109726E+01 0.325485E+01 -.980000E+00 -.627744E+67 0.242714E+01
 -.295171E+01 -.158592E+01 0.314486E+01 -.938990E+00 -.627744E+67 0.232098E+01
 -.240955E+01 -.173948E+01 0.324188E+01 -.980000E+00 -.627744E+67 0.227861E+01
 -.156579E+01 -.171624E+01 0.318544E+01 -.970247E+00 -.627744E+67 0.234354E+01
 -.206390E+01 -.146996E+01 0.336922E+01 -.965423E+00 -.627744E+67 0.241936E+01
 -.208305E+01 -.208117E+01 0.307734E+01 -.901367E+00 -.627744E+67 0.245000E+01
 -.166149E+01 -.152659E+01 0.292980E+01 -.966976E+00 -.627744E+67 0.243151E+01
 -.184223E+01 -.164351E+01 0.307179E+01 -.898384E+00 -.627744E+67 0.245000E+01
 -.141107E+01 -.170670E+01 0.314822E+01 -.822600E+00 -.627744E+67 0.218535E+01
 -.115925E+01 -.144703E+01 0.306927E+01 -.948280E+00 -.627744E+67 0.235345E+01
 -.221462E+01 -.193647E+01 0.309530E+01 -.977338E+00 -.627744E+67 0.232849E+01
 -.202635E+01 -.158757E+01 0.303279E+01 -.980000E+00 -.627744E+67 0.229865E+01
 -.163913E+01 -.128715E+01 0.295321E+01 -.889951E+00 -.627744E+67 0.244033E+01
 -.179056E+01 -.100000E+01 0.323120E+01 -.964624E+00 -.627744E+67 0.238929E+01
 -.263532E+01 -.218368E+01 0.294596E+01 -.972238E+00 -.627744E+67 0.241155E+01
 -.175058E+01 -.168812E+01 0.313950E+01 -.968301E+00 -.627744E+67 0.244311E+01
 -.176959E+01 -.167201E+01 0.313329E+01 -.967527E+00 -.627744E+67 0.241715E+01
 -.127103E+01 -.104284E+01 0.290000E+01 -.909762E+00 -.627744E+67 0.245000E+01
 -.167695E+01 -.149052E+01 0.322600E+01 -.955692E+00 -.627744E+67 0.241593E+01
 -.115649E+01 -.196435E+01 0.312076E+01 -.961670E+00 -.627744E+67 0.238313E+01
 -.156930E+01 -.132743E+01 0.303183E+01 -.957426E+00 -.627744E+67 0.229614E+01
 -.197530E+01 -.160013E+01 0.334614E+01 -.876122E+00 -.627744E+67 0.245000E+01
 -.168729E+01 -.162630E+01 0.314107E+01 -.980000E+00 -.627744E+67 0.227537E+01
 -.174598E+01 -.100689E+01 0.297720E+01 -.976660E+00 -.627744E+67 0.206469E+01
 -.182270E+01 -.159717E+01 0.320000E+01 -.909657E+00 -.627744E+67 0.241643E+01
 -.173755E+01 -.170000E+01 0.311735E+01 -.980000E+00 -.627744E+67 0.244887E+01
 -.206314E+01 -.184449E+01 0.315794E+01 -.970659E+00 -.627744E+67 0.240888E+01
 -.143763E+01 -.173466E+01 0.311792E+01 -.970270E+00 -.627744E+67 0.243565E+01
 -.169258E+01 -.160690E+01 0.310972E+01 -.978028E+00 -.627744E+67 0.235241E+01
 -.177248E+01 -.164988E+01 0.302346E+01 -.980000E+00 -.627744E+67 0.245000E+01
 -.192396E+01 -.150760E+01 0.302130E+01 -.980000E+00 -.627744E+67 0.245000E+01
 -.156169E+01 -.238067E+01 0.290000E+01 -.959908E+00 -.627744E+67 0.245000E+01
 -.183276E+01 -.159399E+01 0.290000E+01 -.969729E+00 -.627744E+67 0.245000E+01
 -.171873E+01 -.112634E+01 0.347835E+01 -.947631E+00 -.627744E+67 0.244631E+01
 -.569676E+00 -.106698E+01 0.313588E+01 -.980000E+00 -.627744E+67 0.245000E+01
 -.184224E+01 -.160399E+01 0.324016E+01 -.971707E+00 -.627744E+67 0.245000E+01
 -.222934E+01 -.110503E+01 0.310237E+01 -.956219E+00 -.627744E+67 0.240608E+01
 -.191058E+01 -.173453E+01 0.316095E+01 -.966811E+00 -.627744E+67 0.242840E+01
 -.106073E+01 -.201532E+01 0.322441E+01 -.923945E+00 -.627744E+67 0.242840E+01
 -.153523E+01 -.142736E+01 0.318037E+01 -.956243E+00 -.627744E+67 0.227398E+01
 -.957077E+00 -.151141E+01 0.302842E+01 -.968261E+00 -.627744E+67 0.243678E+01
 -.300039E+01 -.156649E+01 0.290000E+01 -.956216E+00 -.627744E+67 0.241580E+01
 -.163429E+01 -.140650E+01 0.311853E+01 -.948426E+00 -.627744E+67 0.227068E+01
 -.185612E+01 -.161853E+01 0.317642E+01 -.980000E+00 -.627744E+67 0.244627E+01
 -.679221E+00 -.228043E+01 0.315556E+01 -.905921E+00 -.627744E+67 0.236271E+01
 -.210444E+01 -.161866E+01 0.307323E+01 -.946756E+00 -.627744E+67 0.242615E+01
 -.143130E+01 -.151447E+01 0.308214E+01 -.980000E+00 -.627744E+67 0.239447E+01
 -.141598E+01 -.174438E+01 0.312483E+01 -.977575E+00 -.627744E+67 0.242271E+01
 -.207205E+01 -.154661E+01 0.329515E+01 -.958081E+00 -.627744E+67 0.241306E+01
 -.233188E+01 -.162454E+01 0.328914E+01 -.969457E+00 -.627744E+67 0.241396E+01
 -.196614E+01 -.120081E+01 0.305631E+01 -.914618E+00 -.627744E+67 0.242293E+01
 -.254092E+01 -.179627E+01 0.301843E+01 -.946075E+00 -.627744E+67 0.234229E+01
 -.154814E+01 -.148897E+01 0.328889E+01 -.740000E+00 -.627744E+67 0.232660E+01
 -.101277E+01 -.175234E+01 0.318674E+01 -.980000E+00 -.627744E+67 0.235816E+01
 -.184797E+01 -.163227E+01 0.322056E+01 -.980000E+00 -.627744E+67 0.243318E+01
 -.280825E+01 -.151232E+01 0.323240E+01 -.885964E+00 -.627744E+67 0.239536E+01
 -.171894E+01 -.166326E+01 0.302754E+01 -.958886E+00 -.627744E+67 0.242963E+01
 -.182692E+01 -.173337E+01 0.311576E+01 -.977170E+00 -.627744E+67 0.239535E+01
 -.880611E+00 -.181533E+01 0.291631E+01 -.795627E+00 -.627744E+67 0.238759E+01
 -.207055E+01 -.162017E+01 0.308321E+01 -.954003E+00 -.627744E+67 0.244784E+01
 -.169756E+01 -.132474E+01 0.290000E+01 -.980000E+00 -.627744E+67 0.235434E+01
 -.191753E+01 -.152357E+01 0.317424E+01 -.740000E+00 -.627744E+67 0.224736E+01
 -.134947E+01 -.182708E+01 0.300685E+01 -.909514E+00 -.627744E+67 0.245000E+01
 -.179440E+01 -.170000E+01 0.330672E+01 -.965654E+00 -.627744E+67 0.243452E+01
 -.264963E+01 -.240000E+01 0.307319E+01 -.963397E+00 -.627744E+67 0.243802E+01
 -.174174E+01 -.153544E+01 0.314499E+01 -.967138E+00 -.627744E+67 0.245000E+01
 -.176379E+01 -.171284E+01 0.312600E+01 -.979584E+00 -.627744E+67 0.242118E+01
 -.253275E+01 -.140268E+01 0.310615E+01 -.932183E+00 -.627744E+67 0.219640E+01
 -.194125E+01 -.203617E+01 0.324637E+01 -.972356E+00 -.627744E+67 0.237958E+01
 -.180044E+01 -.203320E+01 0.310027E+01 -.978390E+00 -.627744E+67 0.239398E+01
 -.147715E+01 -.202743E+01 0.306095E+01 -.970845E+00 -.627744E+67 0.241990E+01
 -.126868E+01 -.163268E+01 0.304614E+01 -.934934E+00 -.627744E+67 0.192001E+01
 -.173834E+01 -.160180E+01 0.290000E+01 -.947853E+00 -.627744E+67 0.219825E+01
 -.228334E+01 -.131796E+01 0.305290E+01 -.980000E+00 -.627744E+67 0.245000E+01
 -.315126E+01 -.159165E+01 0.328232E+01 -.953970E+00 -.627744E+67 0.243175E+01
 -.233771E+01 -.219567E+01 0.306366E+01 -.967650E+00 -.627744E+67 0.245000E+01
 -.218518E+01 -.168398E+01 0.317356E+01 -.967228E+00 -.627744E+67 0.241625E+01
 -.218375E+01 -.181883E+01 0.313055E+01 -.944471E+00 -.627744E+67 0.245000E+01
 -.328518E+00 -.159415E+01 0.305848E+01 -.980000E+00 -.627744E+67 0.239650E+01
 -.176204E+01 -.166801E+01 0.318429E+01 -.899047E+00 -.627744E+67 0.230085E+01
 -.111378E+01 -.161558E+01 0.290000E+01 -.877833E+00 -.627744E+67 0.243706E+01
 -.166969E+01 -.168067E+01 0.320000E+01 -.970069E+00 -.627744E+67 0.234765E+01
 -.190133E+01 -.156676E+01 0.320000E+01 -.972185E+00 -.627744E+67 0.239039E+01
 -.146844E+01 -.182634E+01 0.317835E+01 -.943076E+00 -.627744E+67 0.244115E+01
 -.111829E+01 -.176698E+01 0.304053E+01 -.949522E+00 -.627744E+67 0.242501E+01
 -.176980E+01 -.157480E+01 0.300074E+01 -.955044E+00 -.627744E+67 0.241333E+01
 -.201747E+01 -.158307E+01 0.308330E+01 -.953651E+00 -.627744E+67 0.237430E+01
 -.191303E+01 -.175008E+01 0.313127E+01 -.980000E+00 -.627744E+67 0.242901E+01
 -.154069E+01 -.151783E+01 0.334288E+01 -.920504E+00 -.627744E+67 0.245000E+01
 -.146138E+01 -.185227E+01 0.313870E+01 -.967406E+00 -.627744E+67 0.236636E+01
 -.186035E+01 -.174014E+01 0.321246E+01 -.980000E+00 -.627744E+67 0.243144E+01
 -.230056E+01 -.182921E+01 0.290000E+01 -.980000E+00 -.627744E+67 0.238378E+01
 -.149711E+01 -.174758E+01 0.318128E+01 -.972801E+00 -.627744E+67 0.220611E+01
 -.194497E+01 -.165660E+01 0.319114E+01 -.970844E+00 -.627744E+67 0.245000E+01
 -.144663E+01 -.158043E+01 0.290172E+01 -.898023E+00 -.627744E+67 0.237944E+01
 -.223687E+01 -.118009E+01 0.315067E+01 -.962672E+00 -.627744E+67 0.241878E+01
 -.167228E+01 -.119377E+01 0.321860E+01 -.957626E+00 -.627744E+67 0.236685E+01
 -.214985E+01 -.185651E+01 0.311500E+01 -.970895E+00 -.627744E+67 0.242146E+01
 -.203316E+01 -.134257E+01 0.312245E+01 -.980000E+00 -.627744E+67 0.242214E+01
 -.889417E+00 -.158809E+01 0.298914E+01 -.967292E+00 -.627744E+67 0.245000E+01
 -.157304E+01 -.190081E+01 0.304988E+01 -.902116E+00 -.627744E+67 0.245000E+01
 -.164648E+01 -.197116E+01 0.307381E+01 -.970278E+00 -.627744E+67 0.237569E+01
 -.979252E+00 -.141438E+01 0.298889E+01 -.608739E+00 -.627744E+67 0.240530E+01
 -.112311E+01 -.123876E+01 0.291901E+01 -.740000E+00 -.627744E+67 0.245000E+01
 -.151988E+01 -.176943E+01 0.305071E+01 -.967337E+00 -.627744E+67 0.242940E+01
 -.194483E+01 -.158308E+01 0.306657E+01 -.980000E+00 -.627744E+67 0.243133E+01
 -.176780E+01 -.170285E+01 0.329459E+01 -.975519E+00 -.627744E+67 0.242379E+01
 -.164246E+01 -.161155E+01 0.320492E+01 -.980000E+00 -.627744E+67 0.241482E+01
 -.155630E+01 -.182060E+01 0.290000E+01 -.980000E+00 -.627744E+67 0.245000E+01
 -.195882E+01 -.184052E+01 0.315271E+01 -.980000E+00 -.627744E+67 0.233843E+01
 -.130682E+01 -.109985E+01 0.320000E+01 -.960479E+00 -.627744E+67 0.240170E+01
 -.157661E+01 -.156405E+01 0.303698E+01 -.860814E+00 -.627744E+67 0.245000E+01
 -.152647E+01 -.195031E+01 0.315359E+01 -.980000E+00 -.627744E+67 0.236091E+01
 -.171999E+01 -.227215E+01 0.322284E+01 -.980000E+00 -.627744E+67 0.242071E+01
 -.123972E+01 -.170000E+01 0.337319E+01 -.947472E+00 -.627744E+67 0.245000E+01
 -.172913E+01 -.162350E+01 0.314297E+01 -.969953E+00 -.627744E+67 0.242122E+01
 -.173647E+01 -.170932E+01 0.313685E+01 -.978153E+00 -.627744E+67 0.242241E+01
 -.179951E+01 -.188153E+01 0.302435E+01 -.980000E+00 -.627744E+67 0.238434E+01
 -.185552E+01 -.193240E+01 0.322766E+01 -.980000E+00 -.627744E+67 0.235566E+01
 -.223574E+01 -.133941E+01 0.317221E+01 -.980000E+00 -.627744E+67 0.244701E+01
 -.171345E+01 -.203138E+01 0.313917E+01 -.980000E+00 -.627744E+67 0.244421E+01
 -.768594E+00 -.208206E+01 0.290000E+01 -.980000E+00 -.627744E+67 0.181452E+01
 -.175691E+01 -.158875E+01 0.320000E+01 -.931407E+00 -.627744E+67 0.236759E+01
 -.169820E+01 -.201796E+01 0.300090E+01 -.974209E+00 -.627744E+67 0.172925E+01
 -.181132E+01 -.157671E+01 0.298232E+01 -.967793E+00 -.627744E+67 0.243743E+01
 -.189352E+01 -.194508E+01 0.314799E+01 -.968409E+00 -.627744E+67 0.238082E+01
 -.190104E+01 -.148460E+01 0.317306E+01 -.963380E+00 -.627744E+67 0.242925E+01
 -.252030E+01 -.175382E+01 0.315169E+01 -.954986E+00 -.627744E+67 0.240558E+01
 -.200000E+00 -.160464E+01 0.311061E+01 -.972907E+00 -.627744E+67 0.238930E+01
 -.186870E+01 -.158847E+01 0.333353E+01 -.942349E+00 -.627744E+67 0.241897E+01
 -.698470E+00 -.181642E+01 0.320000E+01 -.929646E+00 -.627744E+67 0.241451E+01
 -.178051E+01 -.100000E+01 0.332914E+01 -.980000E+00 -.627744E+67 0.238226E+01
 -.176621E+01 -.154671E+01 0.337314E+01 -.955634E+00 -.627744E+67 0.237210E+01
 -.158881E+01 -.232336E+01 0.290000E+01 -.948620E+00 -.627744E+67 0.239926E+01
 -.259770E+01 -.240000E+01 0.310620E+01 -.944847E+00 -.627744E+67 0.243206E+01
 -.168069E+01 -.165803E+01 0.296415E+01 -.956400E+00 -.627744E+67 0.240408E+01
 -.137106E+01 -.187677E+01 0.312106E+01 -.980000E+00 -.627744E+67 0.242512E+01
 -.160590E+01 -.171895E+01 0.320544E+01 -.942971E+00 -.627744E+67 0.245000E+01
 -.223757E+01 -.120190E+01 0.319522E+01 -.968128E+00 -.627744E+67 0.241185E+01
 -.156348E+01 -.193353E+01 0.296650E+01 -.974169E+00 -.627744E+67 0.234448E+01
 -.253893E+01 -.182600E+01 0.333057E+01 -.959270E+00 -.627744E+67 0.243915E+01
 -.700559E+00 -.130741E+01 0.320000E+01 -.951511E+00 -.627744E+67 0.236754E+01
 -.167664E+01 -.189207E+01 0.318539E+01 -.980000E+00 -.627744E+67 0.238376E+01
 -.182392E+01 -.162035E+01 0.318766E+01 -.967847E+00 -.627744E+67 0.239718E+01
 -.233158E+01 -.100000E+01 0.290000E+01 -.980000E+00 -.627744E+67 0.241708E+01
 -.213309E+01 -.132465E+01 0.321713E+01 -.966397E+00 -.627744E+67 0.241743E+01
 -.168308E+01 -.169118E+01 0.302713E+01 -.959877E+00 -.627744E+67 0.241080E+01
 -.215875E+01 -.177564E+01 0.299128E+01 -.965506E+00 -.627744E+67 0.239852E+01
 -.152892E+01 -.126030E+01 0.308736E+01 -.967155E+00 -.627744E+67 0.245000E+01
 -.711323E+00 -.155928E+01 0.290000E+01 -.966610E+00 -.627744E+67 0.237360E+01
 -.143663E+01 -.231378E+01 0.314850E+01 -.930405E+00 -.627744E+67 0.242118E+01
 -.935637E+00 -.202180E+01 0.322337E+01 -.980000E+00 -.627744E+67 0.244825E+01
 -.988381E+00 -.154892E+01 0.290000E+01 -.848739E+00 -.627744E+67 0.235635E+01
 -.204895E+01 -.145644E+01 0.298760E+01 -.574289E+00 -.627744E+67 0.233552E+01
 -.170481E+01 -.179810E+01 0.303181E+01 -.960970E+00 -.627744E+67 0.242886E+01
 -.601584E+00 -.183926E+01 0.299694E+01 -.854771E+00 -.627744E+67 0.245000E+01
 -.160445E+01 -.168370E+01 0.312635E+01 -.980000E+00 -.627744E+67 0.242115E+01
 -.173771E+01 -.161792E+01 0.322577E+01 -.877523E+00 -.627744E+67 0.245000E+01
 -.248423E+01 -.170628E+01 0.300657E+01 -.773279E+00 -.627744E+67 0.226762E+01
 -.155000E+01 -.177258E+01 0.310942E+01 -.957555E+00 -.627744E+67 0.227657E+01
 -.140755E+01 -.160986E+01 0.336976E+01 -.956707E+00 -.627744E+67 0.240023E+01
 -.128944E+01 -.161942E+01 0.307067E+01 -.980000E+00 -.627744E+67 0.232958E+01
 -.179042E+01 -.161942E+01 0.311094E+01 -.865671E+00 -.627744E+67 0.237352E+01
 -.165644E+01 -.175440E+01 0.293302E+01 -.961535E+00 -.627744E+67 0.237636E+01
 -.127715E+01 -.134731E+01 0.324261E+01 -.965135E+00 -.627744E+67 0.242368E+01
 -.172339E+01 -.169821E+01 0.313811E+01 -.972279E+00 -.627744E+67 0.239331E+01
 -.173402E+01 -.163817E+01 0.314765E+01 -.969318E+00 -.627744E+67 0.241809E+01
 -.111013E+01 -.204117E+01 0.305560E+01 -.936951E+00 -.627744E+67 0.245000E+01
 -.168807E+01 -.123240E+01 0.310997E+01 -.962155E+00 -.627744E+67 0.238777E+01
 -.131418E+01 -.106276E+01 0.322576E+01 -.963054E+00 -.627744E+67 0.245000E+01
 -.179983E+01 -.143287E+01 0.307375E+01 -.961566E+00 -.627744E+67 0.236918E+01
 -.196150E+01 -.231426E+01 0.320000E+01 -.816293E+00 -.627744E+67 0.245000E+01
 -.161592E+01 -.161767E+01 0.337058E+01 -.961226E+00 -.627744E+67 0.245000E+01
 -.118298E+01 -.231028E+01 0.291982E+01 -.965716E+00 -.627744E+67 0.192602E+01
 -.423400E+00 -.156532E+01 0.295728E+01 -.913903E+00 -.627744E+67 0.241431E+01
 -.128607E+01 -.167646E+01 0.322262E+01 -.979615E+00 -.627744E+67 0.239890E+01
 -.150115E+01 -.133209E+01 0.315876E+01 -.958884E+00 -.627744E+67 0.244407E+01
 -.920301E+00 -.154100E+01 0.316270E+01 -.971358E+00 -.627744E+67 0.243402E+01
 -.180000E+01 -.163312E+01 0.316155E+01 -.966663E+00 -.627744E+67 0.239060E+01
 -.184011E+01 -.155590E+01 0.329062E+01 -.962391E+00 -.627744E+67 0.245000E+01
 -.836723E+00 -.173194E+01 0.321164E+01 -.978979E+00 -.627744E+67 0.243250E+01
 -.176239E+01 -.170000E+01 0.302914E+01 -.956194E+00 -.627744E+67 0.245000E+01
 -.160316E+01 -.156902E+01 0.319759E+01 -.951176E+00 -.627744E+67 0.241859E+01
 -.204772E+01 -.162336E+01 0.320000E+01 -.980000E+00 -.627744E+67 0.238575E+01
 -.228432E+01 -.170000E+01 0.333277E+01 -.969051E+00 -.627744E+67 0.244210E+01
 -.165625E+01 -.169182E+01 0.309553E+01 -.973214E+00 -.627744E+67 0.241027E+01
 -.923385E+00 -.154748E+01 0.315686E+01 -.964040E+00 -.627744E+67 0.245000E+01
 -.158394E+01 -.155961E+01 0.322288E+01 -.913384E+00 -.627744E+67 0.241234E+01
 -.224510E+01 -.162400E+01 0.309364E+01 -.980000E+00 -.627744E+67 0.240050E+01
 -.168385E+01 -.160568E+01 0.296165E+01 -.975790E+00 -.627744E+67 0.239374E+01
 -.212536E+01 -.161702E+01 0.310604E+01 -.977330E+00 -.627744E+67 0.242938E+01
 -.983765E+00 -.105688E+01 0.335457E+01 -.959892E+00 -.627744E+67 0.240682E+01
 -.188543E+01 -.155090E+01 0.310719E+01 -.955571E+00 -.627744E+67 0.245000E+01
 -.162377E+01 -.158000E+01 0.312563E+01 -.974269E+00 -.627744E+67 0.237989E+01
 -.157616E+01 -.170000E+01 0.299249E+01 -.886937E+00 -.627744E+67 0.242197E+01
 -.136033E+01 -.156910E+01 0.314070E+01 -.967978E+00 -.627744E+67 0.244997E+01
 -.170863E+01 -.202051E+01 0.299751E+01 -.966333E+00 -.627744E+67 0.245000E+01
 -.142704E+01 -.151931E+01 0.308708E+01 -.980000E+00 -.627744E+67 0.235636E+01
 -.148215E+01 -.196030E+01 0.322316E+01 -.959882E+00 -.627744E+67 0.242019E+01
 -.208030E+01 -.161000E+01 0.303524E+01 -.969066E+00 -.627744E+67 0.231554E+01
 -.230029E+01 -.161378E+01 0.327852E+01 -.980000E+00 -.627744E+67 0.240149E+01
 -.163343E+01 -.175608E+01 0.312676E+01 -.960810E+00 -.627744E+67 0.244477E+01
 -.246801E+01 -.168095E+01 0.320000E+01 -.980000E+00 -.627744E+67 0.231963E+01
 -.220518E+01 -.171511E+01 0.322877E+01 -.814289E+00 -.627744E+67 0.225730E+01
 -.206564E+01 -.149888E+01 0.317820E+01 -.963420E+00 -.627744E+67 0.242946E+01
 -.200000E+00 -.183759E+01 0.318179E+01 -.902828E+00 -.627744E+67 0.240214E+01
 -.146567E+01 -.152717E+01 0.298130E+01 -.962314E+00 -.627744E+67 0.242806E+01
 -.182021E+01 -.172159E+01 0.312880E+01 -.892386E+00 -.627744E+67 0.240254E+01
 -.169752E+01 -.158255E+01 0.322594E+01 -.936168E+00 -.627744E+67 0.216292E+01
 -.117494E+01 -.166789E+01 0.306048E+01 -.961594E+00 -.627744E+67 0.245000E+01
 -.174641E+01 -.205654E+01 0.310003E+01 -.976926E+00 -.627744E+67 0.240735E+01
 -.170003E+01 -.160417E+01 0.315512E+01 -.838569E+00 -.627744E+67 0.238389E+01
 -.173171E+01 -.143673E+01 0.307810E+01 -.787221E+00 -.627744E+67 0.245000E+01
 -.163814E+01 -.113707E+01 0.294604E+01 -.955096E+00 -.627744E+67 0.235471E+01
 -.247678E+01 -.152100E+01 0.304533E+01 -.977490E+00 -.627744E+67 0.241829E+01
 -.174767E+01 -.157407E+01 0.314103E+01 -.970788E+00 -.627744E+67 0.238118E+01
 -.173379E+01 -.156814E+01 0.314937E+01 -.961704E+00 -.627744E+67 0.241558E+01
 -.195326E+01 -.163975E+01 0.313268E+01 -.929129E+00 -.627744E+67 0.227450E+01
 -.160564E+01 -.181034E+01 0.304008E+01 -.964774E+00 -.627744E+67 0.243949E+01
 -.128858E+01 -.176276E+01 0.313784E+01 -.963836E+00 -.627744E+67 0.241338E+01
 -.179686E+01 -.112614E+01 0.303442E+01 -.956561E+00 -.627744E+67 0.210114E+01
 -.221537E+01 -.184356E+01 0.312031E+01 -.767883E+00 -.627744E+67 0.175053E+01
 -.152454E+01 -.163093E+01 0.327375E+01 -.980000E+00 -.627744E+67 0.224553E+01
 -.136844E+01 -.161028E+01 0.314558E+01 -.974752E+00 -.627744E+67 0.245000E+01
 -.200000E+00 -.153894E+01 0.313772E+01 -.921336E+00 -.627744E+67 0.241753E+01
 -.182878E+01 -.140885E+01 0.322396E+01 -.976654E+00 -.627744E+67 0.243048E+01
 -.153444E+01 -.175094E+01 0.314395E+01 -.965935E+00 -.627744E+67 0.242860E+01
 -.200000E+00 -.175149E+01 0.314975E+01 -.948140E+00 -.627744E+67 0.245000E+01
 -.314544E+01 -.163167E+01 0.316721E+01 -.979575E+00 -.627744E+67 0.234277E+01
 -.180552E+01 -.164688E+01 0.299062E+01 -.930339E+00 -.627744E+67 0.238495E+01
 -.176881E+01 -.154717E+01 0.312805E+01 -.980000E+00 -.627744E+67 0.244488E+01
 -.155923E+01 -.222195E+01 0.294620E+01 -.938869E+00 -.627744E+67 0.237702E+01
 -.167206E+01 -.160283E+01 0.297287E+01 -.971716E+00 -.627744E+67 0.245000E+01
 -.188461E+01 -.103988E+01 0.345464E+01 -.959620E+00 -.627744E+67 0.245000E+01
 -.125871E+01 -.123202E+01 0.340086E+01 -.980000E+00 -.627744E+67 0.244651E+01
 -.173364E+01 -.160368E+01 0.334710E+01 -.980000E+00 -.627744E+67 0.245000E+01
 -.176686E+01 -.127533E+01 0.313547E+01 -.950826E+00 -.627744E+67 0.239382E+01
 -.181388E+01 -.148868E+01 0.315543E+01 -.980000E+00 -.627744E+67 0.242233E+01
 -.144114E+01 -.200432E+01 0.322068E+01 -.948641E+00 -.627744E+67 0.245000E+01
 -.178543E+01 -.137420E+01 0.319482E+01 -.969543E+00 -.627744E+67 0.240294E+01
 -.163528E+01 -.150773E+01 0.295026E+01 -.980000E+00 -.627744E+67 0.242866E+01
 -.258377E+01 -.159708E+01 0.332866E+01 -.979744E+00 -.627744E+67 0.245000E+01
 -.180015E+01 -.145888E+01 0.305284E+01 -.970354E+00 -.627744E+67 0.230515E+01
 -.177741E+01 -.156631E+01 0.308395E+01 -.980000E+00 -.627744E+67 0.245000E+01
 -.104349E+01 -.231100E+01 0.317706E+01 -.913112E+00 -.627744E+67 0.242434E+01
 -.125188E+01 -.177601E+01 0.309547E+01 -.961648E+00 -.627744E+67 0.244539E+01
 -.174125E+01 -.156784E+01 0.314652E+01 -.965966E+00 -.627744E+67 0.241370E+01
 -.955160E+00 -.148840E+01 0.301984E+01 -.959882E+00 -.627744E+67 0.241595E+01
 -.155564E+01 -.211116E+01 0.330702E+01 -.962519E+00 -.627744E+67 0.241676E+01
 -.260431E+01 -.162231E+01 0.318057E+01 -.971996E+00 -.627744E+67 0.231585E+01
 -.275727E+01 -.102616E+01 0.321496E+01 -.909955E+00 -.627744E+67 0.243147E+01
 -.234511E+01 -.149486E+01 0.305043E+01 -.957531E+00 -.627744E+67 0.243560E+01
 -.340000E+01 -.168025E+01 0.335899E+01 -.842993E+00 -.627744E+67 0.231528E+01
 -.159473E+01 -.173722E+01 0.329926E+01 -.980000E+00 -.627744E+67 0.245000E+01
 -.221934E+01 -.144259E+01 0.332743E+01 -.980000E+00 -.627744E+67 0.243365E+01
 -.180000E+01 -.163184E+01 0.315302E+01 -.980000E+00 -.627744E+67 0.238583E+01
 -.157708E+01 -.154613E+01 0.304465E+01 -.961467E+00 -.627744E+67 0.242647E+01
 -.183259E+01 -.178101E+01 0.305156E+01 -.950459E+00 -.627744E+67 0.243121E+01
 -.111917E+01 -.165936E+01 0.335040E+01 -.980000E+00 -.627744E+67 0.230468E+01
 -.146404E+01 -.161299E+01 0.301234E+01 -.980000E+00 -.627744E+67 0.224505E+01
 -.211510E+01 -.190705E+01 0.290000E+01 -.980000E+00 -.627744E+67 0.237928E+01
 -.209745E+01 -.154467E+01 0.309812E+01 -.813542E+00 -.627744E+67 0.245000E+01
 -.159456E+01 -.170822E+01 0.301062E+01 -.980000E+00 -.627744E+67 0.236668E+01
 -.178446E+01 -.178888E+01 0.324604E+01 -.976103E+00 -.627744E+67 0.235662E+01
 -.282544E+01 -.222100E+01 0.317847E+01 -.980000E+00 -.627744E+67 0.245000E+01
 -.174394E+01 -.157858E+01 0.314364E+01 -.967686E+00 -.627744E+67 0.242338E+01
 -.173390E+01 -.156817E+01 0.314455E+01 -.964171E+00 -.627744E+67 0.241704E+01
 -.228355E+01 -.160518E+01 0.318168E+01 -.965079E+00 -.627744E+67 0.245000E+01
 -.164301E+01 -.222696E+01 0.309805E+01 -.980000E+00 -.627744E+67 0.243401E+01
 -.154906E+01 -.211284E+01 0.311877E+01 -.967756E+00 -.627744E+67 0.243857E+01
 -.159568E+01 -.140410E+01 0.304081E+01 -.958140E+00 -.627744E+67 0.230557E+01
 -.113628E+01 -.150921E+01 0.293988E+01 -.872676E+00 -.627744E+67 0.173513E+01
 -.152032E+01 -.161654E+01 0.310315E+01 -.957425E+00 -.627744E+67 0.225257E+01
 -.242581E+01 -.103642E+01 0.307189E+01 -.980000E+00 -.627744E+67 0.158137E+01
 -.180000E+01 -.154775E+01 0.320779E+01 -.929507E+00 -.627744E+67 0.243214E+01
 -.217246E+01 -.149189E+01 0.318750E+01 -.968483E+00 -.627744E+67 0.243386E+01
 -.187992E+01 -.189925E+01 0.316583E+01 -.970214E+00 -.627744E+67 0.241836E+01
 -.180000E+01 -.185325E+01 0.313931E+01 -.936811E+00 -.627744E+67 0.243488E+01
 -.229875E+01 -.158923E+01 0.306580E+01 -.980000E+00 -.627744E+67 0.237970E+01
 -.180749E+01 -.169453E+01 0.305926E+01 -.900596E+00 -.627744E+67 0.239401E+01
 -.257789E+01 -.143036E+01 0.305826E+01 -.971131E+00 -.627744E+67 0.241951E+01
 -.139251E+01 -.240000E+01 0.315547E+01 -.948936E+00 -.627744E+67 0.236565E+01
 -.178900E+01 -.160085E+01 0.309575E+01 -.980000E+00 -.627744E+67 0.242006E+01
 -.152940E+01 -.142097E+01 0.338784E+01 -.950464E+00 -.627744E+67 0.236988E+01
 -.784126E+00 -.193202E+01 0.324151E+01 -.955858E+00 -.627744E+67 0.242356E+01
 -.179796E+01 -.154627E+01 0.347037E+01 -.946391E+00 -.627744E+67 0.240640E+01
 -.255009E+01 -.137968E+01 0.310191E+01 -.980000E+00 -.627744E+67 0.238054E+01
 -.193438E+01 -.145504E+01 0.308924E+01 -.928152E+00 -.627744E+67 0.242908E+01
 -.153397E+01 -.202856E+01 0.323666E+01 -.969624E+00 -.627744E+67 0.241177E+01
 -.153077E+01 -.204738E+01 0.336445E+01 -.965473E+00 -.627744E+67 0.238921E+01
 -.138811E+01 -.161944E+01 0.325026E+01 -.958868E+00 -.627744E+67 0.242306E+01
 -.274742E+01 -.190359E+01 0.313018E+01 -.969706E+00 -.627744E+67 0.234324E+01
 -.155586E+01 -.182334E+01 0.316845E+01 -.980000E+00 -.627744E+67 0.236718E+01
 -.194182E+01 -.157943E+01 0.319193E+01 -.968654E+00 -.627744E+67 0.239460E+01
 -.132959E+01 -.240000E+01 0.330351E+01 -.956419E+00 -.627744E+67 0.242004E+01
 -.176833E+01 -.171380E+01 0.316243E+01 -.949542E+00 -.627744E+67 0.242282E+01
 -.176512E+01 -.121543E+01 0.327020E+01 -.969429E+00 -.627744E+67 0.238378E+01
 -.922628E+00 -.187933E+01 0.296689E+01 -.980000E+00 -.627744E+67 0.245000E+01
 -.202162E+01 -.141116E+01 0.319645E+01 -.980000E+00 -.627744E+67 0.243175E+01
 -.127107E+01 -.158572E+01 0.306934E+01 -.967149E+00 -.627744E+67 0.226750E+01
 -.135049E+01 -.172616E+01 0.309834E+01 -.936414E+00 -.627744E+67 0.245000E+01
 -.224384E+01 -.170264E+01 0.322700E+01 -.969777E+00 -.627744E+67 0.242492E+01
 -.180000E+01 -.137059E+01 0.316542E+01 -.866898E+00 -.627744E+67 0.236583E+01
 -.116880E+01 -.137520E+01 0.329716E+01 -.863584E+00 -.627744E+67 0.230158E+01
 -.154992E+01 -.173262E+01 0.314780E+01 -.955976E+00 -.627744E+67 0.243228E+01
 -.312773E+01 -.143764E+01 0.311148E+01 -.914834E+00 -.627744E+67 0.238292E+01
 -.184888E+01 -.166707E+01 0.324852E+01 -.972754E+00 -.627744E+67 0.242347E+01
 -.172547E+01 -.162026E+01 0.307525E+01 -.980000E+00 -.627744E+67 0.245000E+01
 -.122714E+01 -.175321E+01 0.316746E+01 -.830126E+00 -.627744E+67 0.242966E+01
 -.202365E+01 -.156594E+01 0.305971E+01 -.966079E+00 -.627744E+67 0.215641E+01
 -.219324E+01 -.143402E+01 0.320000E+01 -.963681E+00 -.627744E+67 0.238065E+01
 -.170467E+01 -.152334E+01 0.296683E+01 -.927978E+00 -.627744E+67 0.239116E+01
 -.157548E+01 -.185901E+01 0.311808E+01 -.872233E+00 -.627744E+67 0.231840E+01
 -.182661E+01 -.205347E+01 0.336537E+01 -.980000E+00 -.627744E+67 0.238946E+01
 -.172148E+01 -.207954E+01 0.332534E+01 -.959692E+00 -.627744E+67 0.241259E+01
 -.173616E+01 -.163014E+01 0.314126E+01 -.968405E+00 -.627744E+67 0.245000E+01
 -.173446E+01 -.163584E+01 0.313934E+01 -.980000E+00 -.627744E+67 0.242333E+01
 -.179507E+01 -.180003E+01 0.307923E+01 -.980000E+00 -.627744E+67 0.225706E+01
 -.174365E+01 -.158764E+01 0.326590E+01 -.958707E+00 -.627744E+67 0.236427E+01
 -.209144E+01 -.228010E+01 0.315908E+01 -.975041E+00 -.627744E+67 0.245000E+01
 -.142293E+01 -.204833E+01 0.306546E+01 -.980000E+00 -.627744E+67 0.245000E+01
 -.719124E+00 -.171382E+01 0.290000E+01 -.980000E+00 -.627744E+67 0.192124E+01
 -.195604E+01 -.157618E+01 0.290000E+01 -.945050E+00 -.627744E+67 0.241928E+01
 -.280416E+01 -.101045E+01 0.296759E+01 -.969598E+00 -.627744E+67 0.188293E+01
 -.305378E+01 -.159806E+01 0.311236E+01 -.950571E+00 -.627744E+67 0.242881E+01
 -.202492E+01 -.175621E+01 0.311749E+01 -.966490E+00 -.627744E+67 0.242454E+01
 -.186771E+01 -.142739E+01 0.315678E+01 -.973078E+00 -.627744E+67 0.241533E+01
 -.313604E+01 -.166749E+01 0.313229E+01 -.943399E+00 -.627744E+67 0.241184E+01
 -.698754E+00 -.158042E+01 0.309265E+01 -.972303E+00 -.627744E+67 0.238852E+01
 -.177585E+01 -.163463E+01 0.323895E+01 -.961641E+00 -.627744E+67 0.241449E+01
 -.164325E+01 -.159103E+01 0.313580E+01 -.972351E+00 -.627744E+67 0.242503E+01
 -.185762E+01 -.170000E+01 0.332410E+01 -.980000E+00 -.627744E+67 0.243098E+01
 -.176620E+01 -.160261E+01 0.327527E+01 -.958246E+00 -.627744E+67 0.243818E+01
 -.153719E+01 -.212097E+01 0.315132E+01 -.980000E+00 -.627744E+67 0.237856E+01
 -.214486E+01 -.224208E+01 0.297959E+01 -.944232E+00 -.627744E+67 0.241616E+01
 -.178746E+01 -.157830E+01 0.317037E+01 -.925497E+00 -.627744E+67 0.241354E+01
 -.152045E+01 -.192696E+01 0.312978E+01 -.949647E+00 -.627744E+67 0.238483E+01
 -.170308E+01 -.165783E+01 0.311604E+01 -.980000E+00 -.627744E+67 0.242448E+01
 -.178621E+01 -.197316E+01 0.321183E+01 -.980000E+00 -.627744E+67 0.244170E+01
 -.160988E+01 -.230748E+01 0.314197E+01 -.974617E+00 -.627744E+67 0.236170E+01
 -.148634E+01 -.171844E+01 0.334248E+01 -.967956E+00 -.627744E+67 0.242739E+01
 -.114742E+01 -.177163E+01 0.296570E+01 -.956002E+00 -.627744E+67 0.225677E+01
 -.160353E+01 -.193715E+01 0.315758E+01 -.965060E+00 -.627744E+67 0.245000E+01
 -.178943E+01 -.162580E+01 0.324524E+01 -.963613E+00 -.627744E+67 0.241073E+01
 -.187031E+01 -.170000E+01 0.300351E+01 -.922344E+00 -.627744E+67 0.241729E+01
 -.220570E+01 -.162617E+01 0.320795E+01 -.951134E+00 -.627744E+67 0.240160E+01
 -.175358E+01 -.148103E+01 0.313751E+01 -.972459E+00 -.627744E+67 0.239955E+01
 -.252263E+01 -.179770E+01 0.308518E+01 -.959070E+00 -.627744E+67 0.235567E+01
 -.209969E+01 -.142198E+01 0.310298E+01 -.964268E+00 -.627744E+67 0.244412E+01
 -.282430E+00 -.158104E+01 0.294424E+01 -.965507E+00 -.627744E+67 0.237595E+01
 -.112124E+01 -.236205E+01 0.308705E+01 -.980000E+00 -.627744E+67 0.241151E+01
 -.130212E+01 -.189437E+01 0.312825E+01 -.977624E+00 -.627744E+67 0.241506E+01
 -.386043E+00 -.153396E+01 0.290000E+01 -.883336E+00 -.627744E+67 0.237417E+01
 -.122635E+01 -.111756E+01 0.299716E+01 -.928389E+00 -.627744E+67 0.233525E+01
 -.116329E+01 -.186110E+01 0.301770E+01 -.944577E+00 -.627744E+67 0.242802E+01
 -.272508E+01 -.167553E+01 0.314421E+01 -.915189E+00 -.627744E+67 0.242362E+01
 -.206472E+01 -.171171E+01 0.332708E+01 -.980000E+00 -.627744E+67 0.242615E+01
 -.170437E+01 -.155825E+01 0.318128E+01 -.892033E+00 -.627744E+67 0.240015E+01
 -.261531E+01 -.176425E+01 0.290000E+01 -.951863E+00 -.627744E+67 0.245000E+01
 -.163990E+01 -.158965E+01 0.312450E+01 -.980000E+00 -.627744E+67 0.226392E+01
 -.180079E+01 -.111744E+01 0.341924E+01 -.970224E+00 -.627744E+67 0.236523E+01
 -.121995E+01 -.166459E+01 0.299128E+01 -.980000E+00 -.627744E+67 0.242170E+01
 -.168283E+01 -.176214E+01 0.322129E+01 -.934926E+00 -.627744E+67 0.234526E+01
 -.179149E+01 -.135658E+01 0.306537E+01 -.969094E+00 -.627744E+67 0.242949E+01
 -.104717E+01 -.187906E+01 0.327145E+01 -.934574E+00 -.627744E+67 0.239030E+01
 -.172645E+01 -.166769E+01 0.313795E+01 -.980000E+00 -.627744E+67 0.237646E+01
 -.173496E+01 -.169493E+01 0.313479E+01 -.972861E+00 -.627744E+67 0.242883E+01
 -.134569E+01 -.193355E+01 0.305312E+01 -.961984E+00 -.627744E+67 0.215442E+01
 -.179953E+01 -.130500E+01 0.319604E+01 -.980000E+00 -.627744E+67 0.237481E+01
 -.212510E+01 -.182270E+01 0.321971E+01 -.980000E+00 -.627744E+67 0.240286E+01
 -.191748E+01 -.191205E+01 0.300273E+01 -.963453E+00 -.627744E+67 0.202517E+01
 -.211281E+01 -.182297E+01 0.315216E+01 -.808029E+00 -.627744E+67 0.245000E+01
 -.206407E+01 -.161916E+01 0.320000E+01 -.966558E+00 -.627744E+67 0.245000E+01
 -.135429E+01 -.131019E+01 0.290000E+01 -.963359E+00 -.627744E+67 0.245000E+01
 -.242904E+01 -.162994E+01 0.300296E+01 -.980000E+00 -.627744E+67 0.241839E+01
 -.163839E+01 -.187785E+01 0.311390E+01 -.980000E+00 -.627744E+67 0.240675E+01
 -.165402E+01 -.129126E+01 0.315765E+01 -.980000E+00 -.627744E+67 0.245000E+01
 -.153604E+01 -.167107E+01 0.313297E+01 -.979134E+00 -.627744E+67 0.243220E+01
 -.775605E+00 -.165691E+01 0.311950E+01 -.968791E+00 -.627744E+67 0.242293E+01
 -.171409E+01 -.161965E+01 0.335048E+01 -.980000E+00 -.627744E+67 0.240683E+01
 -.112876E+01 -.174902E+01 0.320708E+01 -.980000E+00 -.627744E+67 0.244076E+01
 -.186779E+01 -.100342E+01 0.302410E+01 -.947920E+00 -.627744E+67 0.245000E+01
 -.168931E+01 -.156983E+01 0.334182E+01 -.950486E+00 -.627744E+67 0.245000E+01
 -.191780E+01 -.171105E+01 0.295072E+01 -.952955E+00 -.627744E+67 0.245000E+01
 -.276415E+01 -.176327E+01 0.307274E+01 -.966996E+00 -.627744E+67 0.245000E+01
 -.168142E+01 -.169397E+01 0.290000E+01 -.980000E+00 -.627744E+67 0.245000E+01
 -.977401E+00 -.165779E+01 0.312899E+01 -.963084E+00 -.627744E+67 0.244041E+01
 -.152296E+01 -.181710E+01 0.315505E+01 -.947499E+00 -.627744E+67 0.241893E+01
 -.195619E+01 -.158529E+01 0.311734E+01 -.966597E+00 -.627744E+67 0.245000E+01
 -.162257E+01 -.204671E+01 0.290000E+01 -.980000E+00 -.627744E+67 0.233599E+01
 -.174566E+01 -.171187E+01 0.321849E+01 -.980000E+00 -.627744E+67 0.244814E+01
 -.200000E+00 -.148596E+01 0.300671E+01 -.970458E+00 -.627744E+67 0.236269E+01
 -.165419E+01 -.178050E+01 0.306533E+01 -.959614E+00 -.627744E+67 0.227957E+01
 -.160368E+01 -.166185E+01 0.322650E+01 -.963218E+00 -.627744E+67 0.244382E+01
 -.232529E+01 -.107214E+01 0.290000E+01 -.916766E+00 -.627744E+67 0.241774E+01
 -.232056E+01 -.166687E+01 0.315477E+01 -.980000E+00 -.627744E+67 0.241595E+01
 -.172593E+01 -.181980E+01 0.303429E+01 -.978967E+00 -.627744E+67 0.244229E+01
 -.169455E+01 -.151125E+01 0.306418E+01 -.978993E+00 -.627744E+67 0.238963E+01
 -.140348E+01 -.193464E+01 0.323004E+01 -.980000E+00 -.627744E+67 0.244237E+01
 -.150346E+01 -.163797E+01 0.290000E+01 -.978924E+00 -.627744E+67 0.244054E+01
 -.208255E+01 -.220231E+01 0.318376E+01 -.941550E+00 -.627744E+67 0.244684E+01
 -.112246E+01 -.164620E+01 0.304766E+01 -.979077E+00 -.627744E+67 0.245000E+01
 -.134959E+01 -.174118E+01 0.320000E+01 -.909397E+00 -.627744E+67 0.242717E+01
 -.155273E+01 -.138219E+01 0.290000E+01 -.923875E+00 -.627744E+67 0.245000E+01
 -.163358E+01 -.140522E+01 0.331770E+01 -.980000E+00 -.627744E+67 0.242534E+01
 -.146697E+01 -.179890E+01 0.318089E+01 -.980000E+00 -.627744E+67 0.243720E+01
 -.149432E+01 -.161509E+01 0.322566E+01 -.969644E+00 -.627744E+67 0.242466E+01
 -.176127E+01 -.175751E+01 0.325420E+01 -.932339E+00 -.627744E+67 0.240196E+01
 -.316253E+01 -.165734E+01 0.320000E+01 -.980000E+00 -.627744E+67 0.219874E+01
 -.127021E+01 -.169661E+01 0.309075E+01 -.972284E+00 -.627744E+67 0.245000E+01
 -.138543E+01 -.181744E+01 0.327163E+01 -.980000E+00 -.627744E+67 0.238845E+01
 -.149266E+01 -.170308E+01 0.326363E+01 -.812162E+00 -.627744E+67 0.245000E+01
 -.176215E+01 -.153127E+01 0.311831E+01 -.980000E+00 -.627744E+67 0.245000E+01
 -.170255E+01 -.108953E+01 0.290118E+01 -.964136E+00 -.627744E+67 0.239194E+01
 -.136982E+01 -.148659E+01 0.316997E+01 -.955435E+00 -.627744E+67 0.244007E+01
 -.172441E+01 -.164588E+01 0.314081E+01 -.969239E+00 -.627744E+67 0.238556E+01
 -.173423E+01 -.168874E+01 0.313820E+01 -.971722E+00 -.627744E+67 0.242852E+01
 -.155685E+01 -.152329E+01 0.313602E+01 -.974411E+00 -.627744E+67 0.242336E+01
 -.180179E+01 -.182019E+01 0.310953E+01 -.965608E+00 -.627744E+67 0.240408E+01
 -.145543E+01 -.112270E+01 0.320104E+01 -.972455E+00 -.627744E+67 0.240050E+01
 -.212744E+01 -.121205E+01 0.294347E+01 -.958086E+00 -.627744E+67 0.245000E+01
 -.290904E+01 -.176792E+01 0.307116E+01 -.925287E+00 -.627744E+67 0.211339E+01
 -.189847E+01 -.164676E+01 0.326719E+01 -.980000E+00 -.627744E+67 0.225221E+01
 -.243497E+00 -.186145E+01 0.320000E+01 -.980000E+00 -.627744E+67 0.191992E+01
 -.986992E+00 -.152227E+01 0.305623E+01 -.956765E+00 -.627744E+67 0.242058E+01
 -.157136E+01 -.158805E+01 0.315275E+01 -.972675E+00 -.627744E+67 0.241901E+01
 -.156195E+01 -.196854E+01 0.316565E+01 -.972218E+00 -.627744E+67 0.238847E+01
 -.619004E+00 -.178499E+01 0.314074E+01 -.978810E+00 -.627744E+67 0.244260E+01
 -.222962E+01 -.163109E+01 0.315690E+01 -.979244E+00 -.627744E+67 0.237015E+01
 -.177431E+01 -.166796E+01 0.332519E+01 -.914273E+00 -.627744E+67 0.240061E+01
 -.153841E+01 -.172264E+01 0.311310E+01 -.973864E+00 -.627744E+67 0.244658E+01
 -.156613E+01 -.161163E+01 0.290000E+01 -.980000E+00 -.627744E+67 0.237919E+01
 -.169866E+01 -.163489E+01 0.311480E+01 -.974795E+00 -.627744E+67 0.240775E+01
 -.198612E+01 -.131732E+01 0.308585E+01 -.980000E+00 -.627744E+67 0.238356E+01
 -.159580E+01 -.172492E+01 0.332778E+01 -.980000E+00 -.627744E+67 0.241084E+01
 -.172729E+01 -.162223E+01 0.320000E+01 -.934172E+00 -.627744E+67 0.241709E+01
 -.226380E+01 -.117941E+01 0.310153E+01 -.980000E+00 -.627744E+67 0.245000E+01
 -.172173E+01 -.181570E+01 0.312524E+01 -.939870E+00 -.627744E+67 0.242202E+01
 -.184149E+01 -.144665E+01 0.305393E+01 -.975120E+00 -.627744E+67 0.243459E+01
 -.156242E+01 -.151190E+01 0.320000E+01 -.967647E+00 -.627744E+67 0.234110E+01
 -.200096E+01 -.156853E+01 0.296128E+01 -.967676E+00 -.627744E+67 0.245000E+01
 -.180000E+01 -.124811E+01 0.312321E+01 -.980000E+00 -.627744E+67 0.245000E+01
 -.175397E+01 -.146970E+01 0.309436E+01 -.969665E+00 -.627744E+67 0.223612E+01
 -.177791E+01 -.165432E+01 0.310237E+01 -.980000E+00 -.627744E+67 0.245000E+01
 -.129490E+01 -.100000E+01 0.320000E+01 -.942621E+00 -.627744E+67 0.242335E+01
 -.166760E+01 -.170490E+01 0.311255E+01 -.961129E+00 -.627744E+67 0.243309E+01
 -.172786E+01 -.182042E+01 0.311975E+01 -.976006E+00 -.627744E+67 0.244290E+01
 -.984748E+00 -.133325E+01 0.313234E+01 -.980000E+00 -.627744E+67 0.243482E+01
 -.126525E+01 -.180213E+01 0.320517E+01 -.968804E+00 -.627744E+67 0.242823E+01
 -.256388E+01 -.166008E+01 0.319008E+01 -.980000E+00 -.627744E+67 0.227573E+01
 -.259211E+01 -.192177E+01 0.323417E+01 -.957311E+00 -.627744E+67 0.245000E+01
 -.172366E+01 -.157794E+01 0.314638E+01 -.968371E+00 -.627744E+67 0.239398E+01
 -.294959E+01 -.144819E+01 0.330421E+01 -.952890E+00 -.627744E+67 0.243043E+01
 -.203170E+01 -.181067E+01 0.314753E+01 -.871748E+00 -.627744E+67 0.234039E+01
 -.230380E+01 -.133681E+01 0.329831E+01 -.959507E+00 -.627744E+67 0.242662E+01
 -.720294E+00 -.166033E+01 0.314163E+01 -.908238E+00 -.627744E+67 0.240664E+01
 -.134535E+01 -.158483E+01 0.292710E+01 -.975319E+00 -.627744E+67 0.242954E+01
 -.180831E+01 -.181316E+01 0.326225E+01 -.980000E+00 -.627744E+67 0.242372E+01
 -.156253E+01 -.156612E+01 0.329503E+01 -.911393E+00 -.627744E+67 0.232777E+01
 -.126092E+01 -.166242E+01 0.306370E+01 -.973639E+00 -.627744E+67 0.204315E+01
 -.148680E+01 -.222838E+01 0.297163E+01 -.969970E+00 -.627744E+67 0.243593E+01
 -.179161E+01 -.166091E+01 0.333887E+01 -.885041E+00 -.627744E+67 0.238999E+01
 -.159862E+01 -.172638E+01 0.301606E+01 -.923875E+00 -.627744E+67 0.233527E+01
 -.165673E+01 -.178953E+01 0.317085E+01 -.971059E+00 -.627744E+67 0.237459E+01
 -.223941E+01 -.165418E+01 0.314199E+01 -.980000E+00 -.627744E+67 0.245000E+01
 -.174392E+01 -.160197E+01 0.314177E+01 -.967233E+00 -.627744E+67 0.245000E+01
 -.173410E+01 -.158970E+01 0.314411E+01 -.980000E+00 -.627744E+67 0.242099E+01
 -.186796E+01 -.124862E+01 0.321294E+01 -.980000E+00 -.627744E+67 0.245000E+01
 -.170343E+01 -.211099E+01 0.305475E+01 -.957194E+00 -.627744E+67 0.244051E+01
 -.132244E+01 -.125904E+01 0.311435E+01 -.967551E+00 -.627744E+67 0.243600E+01
 -.167598E+01 -.108417E+01 0.292361E+01 -.968801E+00 -.627744E+67 0.199155E+01
 -.130904E+01 -.184865E+01 0.290845E+01 -.980000E+00 -.627744E+67 0.227549E+01
 -.150009E+01 -.166272E+01 0.326146E+01 -.959731E+00 -.627744E+67 0.213450E+01
 -.145062E+01 -.209124E+01 0.313625E+01 -.966372E+00 -.627744E+67 0.164381E+01
 -.200000E+00 -.144700E+01 0.319054E+01 -.952758E+00 -.627744E+67 0.243805E+01
 -.190188E+01 -.137276E+01 0.321844E+01 -.977477E+00 -.627744E+67 0.243144E+01
 -.170507E+01 -.224546E+01 0.313749E+01 -.967195E+00 -.627744E+67 0.237299E+01
 -.202825E+01 -.188714E+01 0.314617E+01 -.947518E+00 -.627744E+67 0.243104E+01
 -.278275E+01 -.157652E+01 0.311212E+01 -.980000E+00 -.627744E+67 0.239418E+01
 -.180054E+01 -.169776E+01 0.305405E+01 -.934861E+00 -.627744E+67 0.242161E+01
 -.228979E+01 -.155487E+01 0.306956E+01 -.971852E+00 -.627744E+67 0.242117E+01
 -.139147E+01 -.217177E+01 0.301759E+01 -.950982E+00 -.627744E+67 0.236225E+01
 -.173803E+01 -.169185E+01 0.292994E+01 -.980000E+00 -.627744E+67 0.238172E+01
 -.198058E+01 -.137097E+01 0.329726E+01 -.962320E+00 -.627744E+67 0.239516E+01
 -.606240E+00 -.203560E+01 0.338261E+01 -.961924E+00 -.627744E+67 0.244667E+01
 -.176951E+01 -.156402E+01 0.343838E+01 -.966021E+00 -.627744E+67 0.241930E+01
 -.275045E+01 -.137461E+01 0.313273E+01 -.966586E+00 -.627744E+67 0.238036E+01
 -.188385E+01 -.162777E+01 0.309603E+01 -.972677E+00 -.627744E+67 0.242645E+01
 -.157922E+01 -.191572E+01 0.316256E+01 -.980000E+00 -.627744E+67 0.241521E+01
 -.161453E+01 -.170234E+01 0.312725E+01 -.966431E+00 -.627744E+67 0.241937E+01
 -.201139E+01 -.153100E+01 0.305527E+01 -.973759E+00 -.627744E+67 0.241059E+01
 -.301839E+01 -.127635E+01 0.322891E+01 -.963772E+00 -.627744E+67 0.238278E+01
 -.179774E+01 -.180340E+01 0.318492E+01 -.980000E+00 -.627744E+67 0.244350E+01
 -.190425E+01 -.156070E+01 0.301817E+01 -.969025E+00 -.627744E+67 0.242457E+01
 -.122417E+01 -.170000E+01 0.345193E+01 -.971395E+00 -.627744E+67 0.242703E+01
 -.122193E+01 -.171263E+01 0.310135E+01 -.953914E+00 -.627744E+67 0.244386E+01
 -.173720E+01 -.151173E+01 0.321963E+01 -.970820E+00 -.627744E+67 0.239062E+01
 -.943675E+00 -.169217E+01 0.312612E+01 -.970997E+00 -.627744E+67 0.240758E+01
 -.156275E+01 -.149049E+01 0.313958E+01 -.972795E+00 -.627744E+67 0.242248E+01
 -.153501E+01 -.160775E+01 0.327183E+01 -.974492E+00 -.627744E+67 0.213471E+01
 -.142443E+01 -.129173E+01 0.318413E+01 -.964336E+00 -.627744E+67 0.243005E+01
 -.224839E+01 -.153247E+01 0.323117E+01 -.961135E+00 -.627744E+67 0.238309E+01
 -.340000E+01 -.122182E+01 0.309041E+01 -.973527E+00 -.627744E+67 0.229573E+01
 -.210323E+01 -.171746E+01 0.329247E+01 -.750129E+00 -.627744E+67 0.232968E+01
 -.256069E+01 -.158182E+01 0.308052E+01 -.980000E+00 -.627744E+67 0.242659E+01
 -.641655E+00 -.152188E+01 0.310613E+01 -.980000E+00 -.627744E+67 0.237800E+01
 -.170439E+01 -.162571E+01 0.290000E+01 -.980000E+00 -.627744E+67 0.242688E+01
 -.170422E+01 -.158265E+01 0.296225E+01 -.872113E+00 -.627744E+67 0.245000E+01
 -.374180E+00 -.154816E+01 0.317005E+01 -.878110E+00 -.627744E+67 0.245000E+01
 -.156106E+01 -.153441E+01 0.307025E+01 -.980000E+00 -.627744E+67 0.204933E+01
 -.185596E+01 -.210328E+01 0.290000E+01 -.970429E+00 -.627744E+67 0.243993E+01
 -.182517E+01 -.151540E+01 0.303887E+01 -.921004E+00 -.627744E+67 0.234673E+01
 -.160175E+01 -.188274E+01 0.304566E+01 -.934129E+00 -.627744E+67 0.229089E+01
 -.169317E+01 -.205491E+01 0.334507E+01 -.980000E+00 -.627744E+67 0.239239E+01
 -.230983E+01 -.197130E+01 0.324960E+01 -.919366E+00 -.627744E+67 0.240057E+01
 -.175430E+01 -.162533E+01 0.314012E+01 -.971472E+00 -.627744E+67 0.237866E+01
 -.173482E+01 -.154282E+01 0.314512E+01 -.970951E+00 -.627744E+67 0.241695E+01
 -.159365E+01 -.146752E+01 0.320016E+01 -.971535E+00 -.627744E+67 0.228806E+01
 -.176703E+01 -.167855E+01 0.307464E+01 -.980000E+00 -.627744E+67 0.241725E+01
 -.213491E+01 -.151321E+01 0.316226E+01 -.969631E+00 -.627744E+67 0.245000E+01
 -.117157E+01 -.164053E+01 0.314768E+01 -.980000E+00 -.627744E+67 0.236740E+01
 -.200000E+00 -.177637E+01 0.290000E+01 -.814600E+00 -.627744E+67 0.245000E+01
 -.131919E+01 -.157701E+01 0.296146E+01 -.966861E+00 -.627744E+67 0.245000E+01
 -.272023E+01 -.166431E+01 0.290495E+01 -.971920E+00 -.627744E+67 0.245000E+01
 -.180000E+01 -.165485E+01 0.308181E+01 -.930394E+00 -.627744E+67 0.245000E+01
 -.198378E+01 -.125158E+01 0.319625E+01 -.980000E+00 -.627744E+67 0.242412E+01
 -.181197E+01 -.168677E+01 0.312588E+01 -.963245E+00 -.627744E+67 0.245000E+01
 -.286114E+01 -.161312E+01 0.313655E+01 -.943442E+00 -.627744E+67 0.242013E+01
 -.118275E+01 -.159326E+01 0.308031E+01 -.973963E+00 -.627744E+67 0.239810E+01
 -.181071E+01 -.171352E+01 0.290000E+01 -.980000E+00 -.627744E+67 0.243421E+01
 -.206950E+01 -.151877E+01 0.308878E+01 -.980000E+00 -.627744E+67 0.242945E+01
 -.182114E+01 -.150753E+01 0.326148E+01 -.939915E+00 -.627744E+67 0.238344E+01
 -.173700E+01 -.160227E+01 0.310289E+01 -.965985E+00 -.627744E+67 0.240632E+01
 -.175402E+01 -.170763E+01 0.332272E+01 -.955637E+00 -.627744E+67 0.245000E+01
 -.941518E+00 -.189757E+01 0.310317E+01 -.959108E+00 -.627744E+67 0.245000E+01
 -.175260E+01 -.151749E+01 0.322949E+01 -.980000E+00 -.627744E+67 0.245000E+01
 -.213452E+01 -.188217E+01 0.316529E+01 -.978819E+00 -.627744E+67 0.239111E+01
 -.173580E+01 -.148963E+01 0.313573E+01 -.980000E+00 -.627744E+67 0.242472E+01
 -.151724E+01 -.232402E+01 0.328756E+01 -.975821E+00 -.627744E+67 0.244030E+01
 -.180766E+01 -.183573E+01 0.306799E+01 -.967615E+00 -.627744E+67 0.245000E+01
 -.170598E+01 -.156458E+01 0.331385E+01 -.980000E+00 -.627744E+67 0.239591E+01
 -.216334E+01 -.195727E+01 0.311792E+01 -.965952E+00 -.627744E+67 0.235595E+01
 -.170734E+01 -.197595E+01 0.310074E+01 -.973095E+00 -.627744E+67 0.245000E+01
 -.176731E+01 -.152941E+01 0.304066E+01 -.974301E+00 -.627744E+67 0.243295E+01
 -.199215E+01 -.230170E+01 0.346531E+01 -.941606E+00 -.627744E+67 0.241976E+01
 -.223798E+01 -.168494E+01 0.320927E+01 -.980000E+00 -.627744E+67 0.241625E+01
 -.174363E+01 -.145438E+01 0.326320E+01 -.970977E+00 -.627744E+67 0.238041E+01
 -.238011E+01 -.177028E+01 0.310591E+01 -.975044E+00 -.627744E+67 0.239730E+01
 -.226965E+01 -.127474E+01 0.318808E+01 -.980000E+00 -.627744E+67 0.244119E+01
 -.594631E+00 -.157073E+01 0.299955E+01 -.969893E+00 -.627744E+67 0.245000E+01
 -.105516E+01 -.114201E+01 0.313241E+01 -.974017E+00 -.627744E+67 0.241813E+01
 -.198902E+01 -.153406E+01 0.318952E+01 -.980000E+00 -.627744E+67 0.242434E+01
 -.180000E+01 -.126275E+01 0.290000E+01 -.980000E+00 -.627744E+67 0.216418E+01
 -.190993E+01 -.149810E+01 0.326733E+01 -.930354E+00 -.627744E+67 0.245000E+01
 -.148131E+01 -.181664E+01 0.308748E+01 -.962556E+00 -.627744E+67 0.242528E+01
 -.198579E+01 -.171282E+01 0.314225E+01 -.935657E+00 -.627744E+67 0.237507E+01
 -.203896E+01 -.167093E+01 0.320000E+01 -.974777E+00 -.627744E+67 0.242487E+01
 -.176049E+01 -.154641E+01 0.295769E+01 -.881761E+00 -.627744E+67 0.242016E+01
 -.677490E+00 -.173534E+01 0.292997E+01 -.979855E+00 -.627744E+67 0.233826E+01
 -.195770E+01 -.157564E+01 0.303953E+01 -.976012E+00 -.627744E+67 0.212113E+01
 -.203242E+01 -.140328E+01 0.320000E+01 -.980000E+00 -.627744E+67 0.240661E+01
 -.145452E+01 -.147599E+01 0.290000E+01 -.956277E+00 -.627744E+67 0.236748E+01
 -.174036E+01 -.177616E+01 0.314984E+01 -.962653E+00 -.627744E+67 0.243850E+01
 -.179187E+01 -.135491E+01 0.330035E+01 -.963159E+00 -.627744E+67 0.238387E+01
 -.199590E+01 -.180100E+01 0.323481E+01 -.964322E+00 -.627744E+67 0.241825E+01
 -.174715E+01 -.164016E+01 0.313876E+01 -.975967E+00 -.627744E+67 0.240374E+01
 -.173494E+01 -.164335E+01 0.313775E+01 -.980000E+00 -.627744E+67 0.242551E+01
 -.153609E+01 -.174969E+01 0.304836E+01 -.970607E+00 -.627744E+67 0.231180E+01
 -.181282E+01 -.124565E+01 0.316867E+01 -.964985E+00 -.627744E+67 0.239918E+01
 -.206860E+01 -.191864E+01 0.323815E+01 -.980000E+00 -.627744E+67 0.240542E+01
 -.180577E+01 -.200732E+01 0.318043E+01 -.963683E+00 -.627744E+67 0.245000E+01
 -.180000E+01 -.170691E+01 0.314117E+01 -.795471E+00 -.627744E+67 0.209267E+01
 -.167350E+01 -.159602E+01 0.290000E+01 -.980000E+00 -.627744E+67 0.210368E+01
 -.178416E+01 -.127207E+01 0.305277E+01 -.980000E+00 -.627744E+67 0.177177E+01
 -.312809E+01 -.164591E+01 0.297487E+01 -.940129E+00 -.627744E+67 0.238611E+01
 -.179703E+01 -.167047E+01 0.311398E+01 -.976106E+00 -.627744E+67 0.241408E+01
 -.185279E+01 -.119368E+01 0.312649E+01 -.968982E+00 -.627744E+67 0.240787E+01
 -.275902E+01 -.162463E+01 0.313552E+01 -.965503E+00 -.627744E+67 0.242540E+01
 -.512913E+00 -.166318E+01 0.315802E+01 -.979004E+00 -.627744E+67 0.240338E+01
 -.176054E+01 -.168214E+01 0.320000E+01 -.889057E+00 -.627744E+67 0.237853E+01
 -.138450E+01 -.151628E+01 0.316535E+01 -.975879E+00 -.627744E+67 0.242968E+01
 -.192196E+01 -.106419E+01 0.319569E+01 -.980000E+00 -.627744E+67 0.243643E+01
 -.173119E+01 -.157406E+01 0.327119E+01 -.980000E+00 -.627744E+67 0.243578E+01
 -.169427E+01 -.191834E+01 0.302272E+01 -.968525E+00 -.627744E+67 0.237127E+01
 -.254152E+01 -.175478E+01 0.297384E+01 -.964940E+00 -.627744E+67 0.242227E+01
 -.168182E+01 -.167977E+01 0.292949E+01 -.933115E+00 -.627744E+67 0.240488E+01
 -.778958E+00 -.189520E+01 0.314590E+01 -.980000E+00 -.627744E+67 0.240969E+01
 -.159295E+01 -.180379E+01 0.315717E+01 -.964374E+00 -.627744E+67 0.242163E+01
 -.200991E+01 -.163634E+01 0.317601E+01 -.976537E+00 -.627744E+67 0.244199E+01
 -.168656E+01 -.175657E+01 0.311884E+01 -.979560E+00 -.627744E+67 0.234552E+01
 -.154938E+01 -.175505E+01 0.342231E+01 -.975112E+00 -.627744E+67 0.244791E+01
 -.737089E+00 -.205238E+01 0.302469E+01 -.980000E+00 -.627744E+67 0.243320E+01
 -.164040E+01 -.169814E+01 0.304406E+01 -.980000E+00 -.627744E+67 0.232234E+01
 -.173768E+01 -.161341E+01 0.334066E+01 -.980000E+00 -.627744E+67 0.243431E+01
 -.224427E+01 -.160170E+01 0.346380E+01 -.925396E+00 -.627744E+67 0.241806E+01
 -.281009E+01 -.161668E+01 0.320718E+01 -.932910E+00 -.627744E+67 0.240097E+01
 -.173856E+01 -.169880E+01 0.313669E+01 -.970645E+00 -.627744E+67 0.240273E+01
 -.264110E+01 -.164007E+01 0.305995E+01 -.980000E+00 -.627744E+67 0.240570E+01
 -.235164E+01 -.178666E+01 0.322510E+01 -.970545E+00 -.627744E+67 0.244421E+01
 -.121786E+01 -.159107E+01 0.290000E+01 -.965318E+00 -.627744E+67 0.219311E+01
 -.265516E+01 -.184201E+01 0.310247E+01 -.980000E+00 -.627744E+67 0.242910E+01
 -.143944E+01 -.161337E+01 0.308244E+01 -.958733E+00 -.627744E+67 0.244698E+01
 -.323028E+00 -.190244E+01 0.314521E+01 -.855709E+00 -.627744E+67 0.221468E+01
 -.172568E+01 -.150797E+01 0.308537E+01 -.980000E+00 -.627744E+67 0.232424E+01
 -.129572E+01 -.170829E+01 0.314605E+01 -.965906E+00 -.627744E+67 0.242994E+01
 -.279956E+01 -.182956E+01 0.317545E+01 -.980000E+00 -.627744E+67 0.242754E+01
 -.178334E+01 -.166222E+01 0.339811E+01 -.977154E+00 -.627744E+67 0.242450E+01
 -.179501E+01 -.176129E+01 0.325769E+01 -.980000E+00 -.627744E+67 0.241518E+01
 -.213016E+01 -.184135E+01 0.290000E+01 -.980000E+00 -.627744E+67 0.222649E+01
 -.167439E+01 -.168138E+01 0.306288E+01 -.976765E+00 -.627744E+67 0.240355E+01
 -.197942E+01 -.101610E+01 0.334275E+01 -.972903E+00 -.627744E+67 0.236201E+01
 -.145364E+01 -.155496E+01 0.320000E+01 -.980000E+00 -.627744E+67 0.245000E+01
 -.183899E+01 -.154790E+01 0.317351E+01 -.953235E+00 -.627744E+67 0.245000E+01
 -.172816E+01 -.100000E+01 0.300035E+01 -.964037E+00 -.627744E+67 0.235322E+01
 -.159145E+01 -.159280E+01 0.312999E+01 -.980000E+00 -.627744E+67 0.245000E+01
 -.172217E+01 -.164860E+01 0.313845E+01 -.980000E+00 -.627744E+67 0.244262E+01
 -.173418E+01 -.171688E+01 0.313533E+01 -.975851E+00 -.627744E+67 0.242995E+01
 -.157440E+01 -.192684E+01 0.303918E+01 -.977356E+00 -.627744E+67 0.235251E+01
 -.179734E+01 -.136755E+01 0.311328E+01 -.967698E+00 -.627744E+67 0.238666E+01
 -.189035E+01 -.192885E+01 0.317358E+01 -.972857E+00 -.627744E+67 0.244226E+01
 -.224834E+01 -.215901E+01 0.290000E+01 -.972235E+00 -.627744E+67 0.228884E+01
 -.273608E+01 -.164218E+01 0.303134E+01 -.980000E+00 -.627744E+67 0.238941E+01
 -.197265E+01 -.164689E+01 0.315066E+01 -.966763E+00 -.627744E+67 0.229092E+01
 -.749841E+00 -.132217E+01 0.312664E+01 -.972819E+00 -.627744E+67 0.153073E+01
 -.211476E+01 -.157306E+01 0.290000E+01 -.969109E+00 -.627744E+67 0.240209E+01
 -.159930E+01 -.205888E+01 0.308680E+01 -.980000E+00 -.627744E+67 0.241777E+01
 -.180001E+01 -.113448E+01 0.313958E+01 -.974538E+00 -.627744E+67 0.240637E+01
 -.119012E+01 -.190563E+01 0.314258E+01 -.959010E+00 -.627744E+67 0.243585E+01
 -.191055E+01 -.163545E+01 0.319768E+01 -.980000E+00 -.627744E+67 0.237412E+01
 -.176266E+01 -.163019E+01 0.330487E+01 -.912020E+00 -.627744E+67 0.240106E+01
 -.108640E+01 -.160716E+01 0.314922E+01 -.979905E+00 -.627744E+67 0.244070E+01
 -.149807E+01 -.170285E+01 0.292163E+01 -.946731E+00 -.627744E+67 0.242809E+01
 -.170440E+01 -.162699E+01 0.323679E+01 -.967950E+00 -.627744E+67 0.243050E+01
 -.168342E+01 -.158377E+01 0.305896E+01 -.980000E+00 -.627744E+67 0.232636E+01
 -.216416E+01 -.202491E+01 0.308858E+01 -.977594E+00 -.627744E+67 0.241863E+01
 -.165823E+01 -.175172E+01 0.290000E+01 -.952460E+00 -.627744E+67 0.242551E+01
 -.116232E+01 -.119520E+01 0.308124E+01 -.973154E+00 -.627744E+67 0.244403E+01
 -.160362E+01 -.170623E+01 0.316661E+01 -.972665E+00 -.627744E+67 0.242116E+01
 -.220119E+01 -.125847E+01 0.309231E+01 -.980000E+00 -.627744E+67 0.241698E+01
 -.164198E+01 -.156706E+01 0.318431E+01 -.980000E+00 -.627744E+67 0.236757E+01
 -.182210E+01 -.170465E+01 0.343740E+01 -.975695E+00 -.627744E+67 0.244962E+01
 -.682467E+00 -.191681E+01 0.306427E+01 -.954247E+00 -.627744E+67 0.242883E+01
 -.158979E+01 -.138426E+01 0.308819E+01 -.975746E+00 -.627744E+67 0.226506E+01
 -.174174E+01 -.167709E+01 0.316617E+01 -.971579E+00 -.627744E+67 0.244778E+01
 -.129272E+01 -.102701E+01 0.316380E+01 -.934741E+00 -.627744E+67 0.242159E+01
 -.121009E+01 -.171137E+01 0.314661E+01 -.938403E+00 -.627744E+67 0.241840E+01
 -.172861E+01 -.186577E+01 0.302878E+01 -.973637E+00 -.627744E+67 0.244433E+01
 -.221907E+01 -.149463E+01 0.309944E+01 -.975921E+00 -.627744E+67 0.240056E+01
 -.827339E+00 -.196165E+01 0.318346E+01 -.973105E+00 -.627744E+67 0.242703E+01
 -.269846E+01 -.165836E+01 0.314510E+01 -.980000E+00 -.627744E+67 0.201169E+01
 -.287670E+01 -.215043E+01 0.319915E+01 -.952063E+00 -.627744E+67 0.245000E+01
 -.107528E+01 -.168334E+01 0.311754E+01 -.973392E+00 -.627744E+67 0.241608E+01
 -.200000E+00 -.224358E+01 0.318415E+01 -.769157E+00 -.627744E+67 0.245000E+01
 -.157897E+01 -.158850E+01 0.299045E+01 -.896939E+00 -.627744E+67 0.236265E+01
 -.167445E+01 -.156171E+01 0.321708E+01 -.980000E+00 -.627744E+67 0.242788E+01
 -.298303E+01 -.164875E+01 0.312552E+01 -.959473E+00 -.627744E+67 0.242483E+01
 -.134828E+01 -.160003E+01 0.330097E+01 -.980000E+00 -.627744E+67 0.243029E+01
 -.177968E+01 -.178212E+01 0.338467E+01 -.862661E+00 -.627744E+67 0.244764E+01
 -.279375E+01 -.178813E+01 0.320000E+01 -.893858E+00 -.627744E+67 0.230140E+01
 -.150513E+01 -.174011E+01 0.314740E+01 -.979281E+00 -.627744E+67 0.245000E+01
 -.165348E+01 -.128290E+01 0.308586E+01 -.970161E+00 -.627744E+67 0.237935E+01
 -.196888E+01 -.171904E+01 0.333099E+01 -.830427E+00 -.627744E+67 0.239522E+01
 -.172325E+01 -.155215E+01 0.306874E+01 -.930879E+00 -.627744E+67 0.241246E+01
 -.167341E+01 -.170000E+01 0.290000E+01 -.974722E+00 -.627744E+67 0.233029E+01
 -.137144E+01 -.145300E+01 0.304083E+01 -.967508E+00 -.627744E+67 0.241231E+01
 -.171258E+01 -.164117E+01 0.313924E+01 -.973101E+00 -.627744E+67 0.242746E+01
 -.173370E+01 -.164411E+01 0.313568E+01 -.979755E+00 -.627744E+67 0.242513E+01
 -.172154E+01 -.177175E+01 0.304501E+01 -.980000E+00 -.627744E+67 0.245000E+01
 -.172089E+01 -.206411E+01 0.304339E+01 -.979119E+00 -.627744E+67 0.242143E+01
 -.163618E+01 -.148541E+01 0.310506E+01 -.970586E+00 -.627744E+67 0.245000E+01
 -.210700E+01 -.150059E+01 0.310254E+01 -.980000E+00 -.627744E+67 0.211280E+01
 -.197057E+01 -.192126E+01 0.290000E+01 -.769759E+00 -.627744E+67 0.245000E+01
 -.179087E+01 -.165527E+01 0.319349E+01 -.971250E+00 -.627744E+67 0.245000E+01
 -.116152E+01 -.183767E+01 0.317310E+01 -.980000E+00 -.627744E+67 0.245000E+01
 -.749110E+00 -.148634E+01 0.310961E+01 -.923684E+00 -.627744E+67 0.245000E+01
 -.174445E+01 -.204010E+01 0.325475E+01 -.977975E+00 -.627744E+67 0.242124E+01
 -.172227E+01 -.148874E+01 0.313401E+01 -.978634E+00 -.627744E+67 0.245000E+01
 -.318283E+00 -.174107E+01 0.314639E+01 -.939494E+00 -.627744E+67 0.244309E+01
 -.273575E+01 -.160544E+01 0.314002E+01 -.975117E+00 -.627744E+67 0.236494E+01
 -.178031E+01 -.165702E+01 0.311118E+01 -.917196E+00 -.627744E+67 0.243625E+01
 -.194411E+01 -.168022E+01 0.311328E+01 -.980000E+00 -.627744E+67 0.244457E+01
 -.128799E+01 -.222184E+01 0.290000E+01 -.934208E+00 -.627744E+67 0.241047E+01
 -.169363E+01 -.167957E+01 0.295295E+01 -.979810E+00 -.627744E+67 0.242239E+01
 -.174573E+01 -.134352E+01 0.320939E+01 -.968117E+00 -.627744E+67 0.239427E+01
 -.158592E+01 -.198451E+01 0.337939E+01 -.980000E+00 -.627744E+67 0.244519E+01
 -.176531E+01 -.153081E+01 0.320000E+01 -.980000E+00 -.627744E+67 0.245000E+01
 -.220432E+01 -.110387E+01 0.307193E+01 -.972969E+00 -.627744E+67 0.244364E+01
 -.184787E+01 -.154287E+01 0.309714E+01 -.980000E+00 -.627744E+67 0.242280E+01
 -.177332E+01 -.195847E+01 0.311454E+01 -.977164E+00 -.627744E+67 0.243014E+01
 -.164859E+01 -.167306E+01 0.313819E+01 -.974655E+00 -.627744E+67 0.239340E+01
 -.193268E+01 -.156256E+01 0.313740E+01 -.977805E+00 -.627744E+67 0.242179E+01
 -.228247E+01 -.121681E+01 0.312897E+01 -.951142E+00 -.627744E+67 0.240178E+01
 -.165610E+01 -.156913E+01 0.316138E+01 -.976566E+00 -.627744E+67 0.236640E+01
 -.173962E+01 -.172106E+01 0.301186E+01 -.973743E+00 -.627744E+67 0.244449E+01
 -.871425E+00 -.117507E+01 0.290000E+01 -.970453E+00 -.627744E+67 0.242542E+01
 -.662821E+00 -.169999E+01 0.309730E+01 -.980000E+00 -.627744E+67 0.244109E+01
 -.173586E+01 -.188272E+01 0.307930E+01 -.979947E+00 -.627744E+67 0.242415E+01
 -.764582E+00 -.154056E+01 0.314724E+01 -.977003E+00 -.627744E+67 0.242069E+01
 -.208188E+01 -.165090E+01 0.318297E+01 -.980000E+00 -.627744E+67 0.242508E+01
 -.163772E+01 -.161587E+01 0.315614E+01 -.959538E+00 -.627744E+67 0.245000E+01
 -.127670E+01 -.147680E+01 0.322963E+01 -.936569E+00 -.627744E+67 0.241012E+01
 -.137736E+01 -.172244E+01 0.319591E+01 -.980000E+00 -.627744E+67 0.237046E+01
 -.180000E+01 -.154358E+01 0.313682E+01 -.791969E+00 -.627744E+67 0.222711E+01
 -.149955E+01 -.166112E+01 0.305494E+01 -.848804E+00 -.627744E+67 0.243345E+01
 -.204521E+01 -.150636E+01 0.323084E+01 -.968238E+00 -.627744E+67 0.242477E+01
 -.257166E+01 -.146809E+01 0.313360E+01 -.980000E+00 -.627744E+67 0.238840E+01
 -.170558E+01 -.157806E+01 0.303920E+01 -.977694E+00 -.627744E+67 0.243111E+01
 -.171104E+01 -.166973E+01 0.344288E+01 -.878050E+00 -.627744E+67 0.245000E+01
 -.190522E+01 -.160551E+01 0.330645E+01 -.885662E+00 -.627744E+67 0.244800E+01
 -.158487E+01 -.165206E+01 0.320276E+01 -.978258E+00 -.627744E+67 0.226922E+01
 -.149559E+01 -.198290E+01 0.290000E+01 -.980000E+00 -.627744E+67 0.245000E+01
 -.158997E+01 -.172990E+01 0.326092E+01 -.743645E+00 -.627744E+67 0.239496E+01
 -.154701E+01 -.164713E+01 0.305714E+01 -.944409E+00 -.627744E+67 0.227060E+01
 -.173873E+01 -.219952E+01 0.309971E+01 -.980000E+00 -.627744E+67 0.238185E+01
 -.140788E+01 -.146586E+01 0.315545E+01 -.980000E+00 -.627744E+67 0.242730E+01
 -.175625E+01 -.162754E+01 0.313984E+01 -.978568E+00 -.627744E+67 0.240599E+01
 -.173548E+01 -.157623E+01 0.314185E+01 -.980000E+00 -.627744E+67 0.241791E+01
 -.172473E+01 -.147623E+01 0.308122E+01 -.975467E+00 -.627744E+67 0.235106E+01
 -.169429E+01 -.206406E+01 0.313572E+01 -.980000E+00 -.627744E+67 0.245000E+01
 -.161714E+01 -.139338E+01 0.316473E+01 -.980000E+00 -.627744E+67 0.242216E+01
 -.107139E+01 -.109040E+01 0.319010E+01 -.974371E+00 -.627744E+67 0.244182E+01
 -.120876E+01 -.222149E+01 0.320000E+01 -.717036E+00 -.627744E+67 0.237703E+01
 -.157558E+01 -.165194E+01 0.318239E+01 -.977649E+00 -.627744E+67 0.227351E+01
 -.258634E+01 -.209360E+01 0.304927E+01 -.975909E+00 -.627744E+67 0.148629E+01
 -.103421E+01 -.149395E+01 0.331855E+01 -.916099E+00 -.627744E+67 0.236888E+01
 -.193574E+01 -.157607E+01 0.324744E+01 -.980000E+00 -.627744E+67 0.241988E+01
 -.178650E+01 -.215315E+01 0.312359E+01 -.977922E+00 -.627744E+67 0.241528E+01
 -.175998E+01 -.155430E+01 0.313818E+01 -.970164E+00 -.627744E+67 0.242198E+01
 -.256534E+01 -.158464E+01 0.304692E+01 -.976001E+00 -.627744E+67 0.240342E+01
 -.173799E+01 -.165414E+01 0.297148E+01 -.948078E+00 -.627744E+67 0.245000E+01
 -.257531E+01 -.151395E+01 0.311488E+01 -.978412E+00 -.627744E+67 0.244103E+01
 -.165827E+01 -.227440E+01 0.308853E+01 -.980000E+00 -.627744E+67 0.238987E+01
 -.174616E+01 -.164240E+01 0.292886E+01 -.980000E+00 -.627744E+67 0.240375E+01
 -.178199E+01 -.157065E+01 0.317811E+01 -.980000E+00 -.627744E+67 0.241966E+01
 -.139873E+01 -.189487E+01 0.348637E+01 -.968275E+00 -.627744E+67 0.245000E+01
 -.179371E+01 -.148542E+01 0.339779E+01 -.946275E+00 -.627744E+67 0.241873E+01
 -.290032E+01 -.119547E+01 0.318539E+01 -.975001E+00 -.627744E+67 0.239893E+01
 -.189978E+01 -.163191E+01 0.310227E+01 -.974491E+00 -.627744E+67 0.242684E+01
 -.135760E+01 -.232892E+01 0.320041E+01 -.979937E+00 -.627744E+67 0.244330E+01
 -.173370E+01 -.174724E+01 0.309874E+01 -.976815E+00 -.627744E+67 0.245000E+01
 -.196634E+01 -.161641E+01 0.290000E+01 -.980000E+00 -.627744E+67 0.240309E+01
 -.279180E+01 -.100556E+01 0.318396E+01 -.966486E+00 -.627744E+67 0.239001E+01
 -.180240E+01 -.194897E+01 0.317900E+01 -.978469E+00 -.627744E+67 0.245000E+01
 -.173275E+01 -.162031E+01 0.318106E+01 -.976917E+00 -.627744E+67 0.243987E+01
 -.203182E+01 -.187507E+01 0.320000E+01 -.911135E+00 -.627744E+67 0.242455E+01
 -.207792E+01 -.161942E+01 0.312091E+01 -.917850E+00 -.627744E+67 0.243242E+01
 -.174049E+01 -.171281E+01 0.314737E+01 -.977696E+00 -.627744E+67 0.238197E+01
 -.100511E+01 -.166783E+01 0.312813E+01 -.979700E+00 -.627744E+67 0.240530E+01
 -.302172E+01 -.144725E+01 0.321180E+01 -.973986E+00 -.627744E+67 0.243732E+01
 -.815738E+00 -.160749E+01 0.316545E+01 -.959338E+00 -.627744E+67 0.221149E+01
 -.738862E+00 -.108628E+01 0.319791E+01 -.980000E+00 -.627744E+67 0.241255E+01
 -.182061E+01 -.167862E+01 0.322543E+01 -.955789E+00 -.627744E+67 0.236357E+01
 -.310414E+01 -.100000E+01 0.303870E+01 -.892326E+00 -.627744E+67 0.208680E+01
 -.178571E+01 -.163791E+01 0.308372E+01 -.980000E+00 -.627744E+67 0.238394E+01
 -.227545E+01 -.175034E+01 0.312880E+01 -.964219E+00 -.627744E+67 0.241058E+01
 -.154685E+01 -.165236E+01 0.315677E+01 -.961760E+00 -.627744E+67 0.237234E+01
 -.198815E+01 -.170402E+01 0.291610E+01 -.978865E+00 -.627744E+67 0.241832E+01
 -.174946E+01 -.155286E+01 0.332834E+01 -.980000E+00 -.627744E+67 0.238436E+01
 -.998186E+00 -.163261E+01 0.314508E+01 -.980000E+00 -.627744E+67 0.245000E+01
 -.179300E+01 -.161332E+01 0.310602E+01 -.977541E+00 -.627744E+67 0.228258E+01
 -.192855E+01 -.186484E+01 0.320000E+01 -.969834E+00 -.627744E+67 0.231922E+01
 -.125949E+01 -.161751E+01 0.307821E+01 -.872983E+00 -.627744E+67 0.245000E+01
 -.162922E+01 -.182688E+01 0.310653E+01 -.980000E+00 -.627744E+67 0.229856E+01
 -.177050E+01 -.178136E+01 0.326711E+01 -.970361E+00 -.627744E+67 0.240015E+01
 -.187142E+01 -.168569E+01 0.322929E+01 -.971161E+00 -.627744E+67 0.245000E+01
 -.179368E+01 -.161586E+01 0.314036E+01 -.980000E+00 -.627744E+67 0.238758E+01
 -.173759E+01 -.155817E+01 0.314592E+01 -.977125E+00 -.627744E+67 0.239601E+01
 -.148920E+01 -.145933E+01 0.308165E+01 -.967974E+00 -.627744E+67 0.223083E+01
 -.174766E+01 -.137138E+01 0.317843E+01 -.974729E+00 -.627744E+67 0.237466E+01
 -.164760E+01 -.154168E+01 0.323853E+01 -.968330E+00 -.627744E+67 0.243721E+01
 -.543005E+00 -.165327E+01 0.311448E+01 -.971217E+00 -.627744E+67 0.245000E+01
 -.121659E+01 -.209767E+01 0.329809E+01 -.941869E+00 -.627744E+67 0.210007E+01
 -.152043E+01 -.163013E+01 0.313653E+01 -.980000E+00 -.627744E+67 0.215051E+01
 -.210634E+01 -.167584E+01 0.302496E+01 -.977973E+00 -.627744E+67 0.138662E+01
 -.247335E+01 -.166868E+01 0.327611E+01 -.980000E+00 -.627744E+67 0.240562E+01
 -.186120E+01 -.120223E+01 0.312255E+01 -.977355E+00 -.627744E+67 0.240138E+01
 -.184331E+01 -.172006E+01 0.313281E+01 -.967973E+00 -.627744E+67 0.240739E+01
 -.299125E+01 -.141316E+01 0.313204E+01 -.980000E+00 -.627744E+67 0.239330E+01
 -.108790E+01 -.162623E+01 0.307775E+01 -.980000E+00 -.627744E+67 0.237972E+01
 -.177525E+01 -.164152E+01 0.320055E+01 -.955425E+00 -.627744E+67 0.242451E+01
 -.240182E+01 -.139215E+01 0.315849E+01 -.978441E+00 -.627744E+67 0.243796E+01
 -.210729E+01 -.157440E+01 0.324803E+01 -.949550E+00 -.627744E+67 0.239961E+01
 -.176488E+01 -.159904E+01 0.312079E+01 -.972455E+00 -.627744E+67 0.239329E+01
 -.174731E+01 -.184998E+01 0.307852E+01 -.971634E+00 -.627744E+67 0.242838E+01
 -.141594E+01 -.195107E+01 0.318637E+01 -.964055E+00 -.627744E+67 0.242189E+01
 -.174352E+01 -.152529E+01 0.326733E+01 -.962205E+00 -.627744E+67 0.242103E+01
 -.168098E+01 -.153586E+01 0.318924E+01 -.979987E+00 -.627744E+67 0.237397E+01
 -.163950E+01 -.173742E+01 0.313409E+01 -.970511E+00 -.627744E+67 0.242233E+01
 -.186349E+01 -.209394E+01 0.324478E+01 -.980000E+00 -.627744E+67 0.241722E+01
 -.178156E+01 -.177218E+01 0.314932E+01 -.976262E+00 -.627744E+67 0.239734E+01
 -.196606E+01 -.173560E+01 0.320000E+01 -.978081E+00 -.627744E+67 0.241781E+01
 -.211233E+01 -.170556E+01 0.321343E+01 -.980000E+00 -.627744E+67 0.237594E+01
 -.173878E+01 -.185460E+01 0.305962E+01 -.980000E+00 -.627744E+67 0.219290E+01
 -.175698E+01 -.157237E+01 0.329475E+01 -.976443E+00 -.627744E+67 0.242341E+01
 -.270479E+01 -.211337E+01 0.317735E+01 -.950805E+00 -.627744E+67 0.239407E+01
 -.291384E+01 -.164663E+01 0.318307E+01 -.929025E+00 -.627744E+67 0.239041E+01
 -.175076E+01 -.147888E+01 0.319055E+01 -.972011E+00 -.627744E+67 0.238728E+01
 -.208628E+01 -.173539E+01 0.312106E+01 -.979621E+00 -.627744E+67 0.239094E+01
 -.287486E+01 -.195996E+01 0.319447E+01 -.976680E+00 -.627744E+67 0.245000E+01
 -.762991E+00 -.161928E+01 0.312684E+01 -.971771E+00 -.627744E+67 0.222673E+01
 -.202111E+01 -.100000E+01 0.308890E+01 -.947942E+00 -.627744E+67 0.244101E+01
 -.208374E+01 -.147690E+01 0.314303E+01 -.955887E+00 -.627744E+67 0.237154E+01
 -.293298E+01 -.170000E+01 0.293686E+01 -.980000E+00 -.627744E+67 0.245000E+01
 -.187643E+01 -.153798E+01 0.311377E+01 -.803165E+00 -.627744E+67 0.234504E+01
 -.181824E+01 -.182307E+01 0.316319E+01 -.980000E+00 -.627744E+67 0.242115E+01
 -.984083E+00 -.176324E+01 0.315621E+01 -.957830E+00 -.627744E+67 0.239433E+01
 -.184363E+01 -.173244E+01 0.302293E+01 -.980000E+00 -.627744E+67 0.240950E+01
 -.179854E+01 -.155627E+01 0.302834E+01 -.930099E+00 -.627744E+67 0.238300E+01
 -.106212E+01 -.171261E+01 0.296896E+01 -.840485E+00 -.627744E+67 0.213801E+01
 -.181854E+01 -.161696E+01 0.304717E+01 -.977329E+00 -.627744E+67 0.245000E+01
 -.214774E+01 -.141412E+01 0.338521E+01 -.969743E+00 -.627744E+67 0.235738E+01
 -.141563E+01 -.151474E+01 0.297221E+01 -.980000E+00 -.627744E+67 0.240856E+01
 -.180995E+01 -.177164E+01 0.306303E+01 -.945132E+00 -.627744E+67 0.236551E+01
 -.177639E+01 -.121042E+01 0.314589E+01 -.967454E+00 -.627744E+67 0.240428E+01
 -.225978E+01 -.179714E+01 0.328041E+01 -.970159E+00 -.627744E+67 0.238762E+01
 -.176858E+01 -.162890E+01 0.314044E+01 -.974678E+00 -.627744E+67 0.240217E+01
 -.174849E+01 -.161464E+01 0.314658E+01 -.978564E+00 -.627744E+67 0.243109E+01
 -.170287E+01 -.166455E+01 0.313695E+01 -.965058E+00 -.627744E+67 0.236722E+01
 -.180920E+01 -.142833E+01 0.312503E+01 -.975681E+00 -.627744E+67 0.237857E+01
 -.175411E+01 -.168637E+01 0.322518E+01 -.964175E+00 -.627744E+67 0.242530E+01
 -.214301E+01 -.191879E+01 0.290000E+01 -.975293E+00 -.627744E+67 0.212758E+01
 -.198420E+01 -.175695E+01 0.300251E+01 -.980000E+00 -.627744E+67 0.203483E+01
 -.181234E+01 -.161069E+01 0.310417E+01 -.967256E+00 -.627744E+67 0.235097E+01
 -.126400E+01 -.128830E+01 0.305342E+01 -.980000E+00 -.627744E+67 0.154048E+01
 -.240771E+01 -.175973E+01 0.307682E+01 -.897942E+00 -.627744E+67 0.243893E+01
 -.175816E+01 -.164281E+01 0.313700E+01 -.976471E+00 -.627744E+67 0.238859E+01
 -.172099E+01 -.122673E+01 0.314631E+01 -.965748E+00 -.627744E+67 0.244396E+01
 -.313221E+01 -.169758E+01 0.313480E+01 -.962303E+00 -.627744E+67 0.241251E+01
 -.342164E+00 -.165285E+01 0.313556E+01 -.974583E+00 -.627744E+67 0.233587E+01
 -.179305E+01 -.162450E+01 0.333849E+01 -.980000E+00 -.627744E+67 0.238188E+01
 -.201185E+01 -.147092E+01 0.315172E+01 -.979493E+00 -.627744E+67 0.242394E+01
 -.175143E+01 -.110242E+01 0.315568E+01 -.970071E+00 -.627744E+67 0.241553E+01
 -.172661E+01 -.161434E+01 0.330433E+01 -.972025E+00 -.627744E+67 0.239475E+01
 -.165046E+01 -.156058E+01 0.303011E+01 -.976318E+00 -.627744E+67 0.227538E+01
 -.198576E+01 -.205984E+01 0.290000E+01 -.965543E+00 -.627744E+67 0.241048E+01
 -.169146E+01 -.167148E+01 0.296733E+01 -.980000E+00 -.627744E+67 0.243566E+01
 -.720662E+00 -.185961E+01 0.318980E+01 -.980000E+00 -.627744E+67 0.237214E+01
 -.161565E+01 -.164766E+01 0.316257E+01 -.979728E+00 -.627744E+67 0.241343E+01
 -.213236E+01 -.169320E+01 0.322937E+01 -.977388E+00 -.627744E+67 0.241600E+01
 -.179629E+01 -.160281E+01 0.319128E+01 -.977835E+00 -.627744E+67 0.236013E+01
 -.164944E+01 -.176148E+01 0.335613E+01 -.978644E+00 -.627744E+67 0.242699E+01
 -.717802E+00 -.196436E+01 0.315505E+01 -.962550E+00 -.627744E+67 0.237171E+01
 -.156990E+01 -.149767E+01 0.302993E+01 -.977961E+00 -.627744E+67 0.226782E+01
 -.175987E+01 -.161019E+01 0.304282E+01 -.975358E+00 -.627744E+67 0.241399E+01
 -.193435E+01 -.168414E+01 0.294601E+01 -.980000E+00 -.627744E+67 0.237237E+01
 -.193469E+01 -.166798E+01 0.319688E+01 -.980000E+00 -.627744E+67 0.240269E+01
 -.176028E+01 -.158889E+01 0.314553E+01 -.974711E+00 -.627744E+67 0.243137E+01
 -.237922E+01 -.149323E+01 0.305963E+01 -.979063E+00 -.627744E+67 0.239012E+01
 -.127486E+01 -.220294E+01 0.317217E+01 -.980000E+00 -.627744E+67 0.239234E+01
 -.235416E+01 -.163299E+01 0.313975E+01 -.980000E+00 -.627744E+67 0.245000E+01
 -.292424E+01 -.170000E+01 0.304556E+01 -.940304E+00 -.627744E+67 0.242734E+01
 -.186294E+01 -.135908E+01 0.307101E+01 -.980000E+00 -.627744E+67 0.238304E+01
 -.133298E+01 -.211586E+01 0.299404E+01 -.851845E+00 -.627744E+67 0.205333E+01
 -.162769E+01 -.151223E+01 0.305060E+01 -.768262E+00 -.627744E+67 0.234632E+01
 -.144914E+01 -.179912E+01 0.319843E+01 -.967904E+00 -.627744E+67 0.242939E+01
 -.203401E+01 -.172357E+01 0.313958E+01 -.980000E+00 -.627744E+67 0.242017E+01
 -.159976E+01 -.174978E+01 0.331090E+01 -.979169E+00 -.627744E+67 0.240367E+01
 -.181504E+01 -.172916E+01 0.290000E+01 -.944480E+00 -.627744E+67 0.245000E+01
 -.266212E+01 -.173445E+01 0.300745E+01 -.917407E+00 -.627744E+67 0.204960E+01
 -.156691E+01 -.170595E+01 0.313739E+01 -.978388E+00 -.627744E+67 0.227465E+01
 -.184709E+01 -.110294E+01 0.316779E+01 -.980000E+00 -.627744E+67 0.244986E+01
 -.197919E+01 -.157223E+01 0.313654E+01 -.862050E+00 -.627744E+67 0.239202E+01
 -.174158E+01 -.153033E+01 0.309312E+01 -.927156E+00 -.627744E+67 0.242603E+01
 -.171098E+01 -.121135E+01 0.298929E+01 -.968610E+00 -.627744E+67 0.233222E+01
 -.197208E+01 -.177405E+01 0.325781E+01 -.971749E+00 -.627744E+67 0.243227E+01
 -.173135E+01 -.163880E+01 0.313968E+01 -.976708E+00 -.627744E+67 0.241723E+01
 -.175897E+01 -.170616E+01 0.313952E+01 -.980000E+00 -.627744E+67 0.242239E+01
 -.193835E+01 -.182068E+01 0.318626E+01 -.976965E+00 -.627744E+67 0.245000E+01
 -.180591E+01 -.185932E+01 0.307091E+01 -.980000E+00 -.627744E+67 0.240244E+01
 -.179057E+01 -.163680E+01 0.312988E+01 -.969188E+00 -.627744E+67 0.243048E+01
 -.269927E+01 -.171119E+01 0.320000E+01 -.977802E+00 -.627744E+67 0.209340E+01
 -.169837E+01 -.152900E+01 0.290000E+01 -.773529E+00 -.627744E+67 0.239327E+01
 -.199354E+01 -.165055E+01 0.317591E+01 -.974543E+00 -.627744E+67 0.245000E+01
 -.134696E+01 -.108603E+01 0.299068E+01 -.976735E+00 -.627744E+67 0.245000E+01
 -.120043E+01 -.155945E+01 0.295756E+01 -.898598E+00 -.627744E+67 0.242515E+01
 -.166940E+01 -.201029E+01 0.315220E+01 -.976825E+00 -.627744E+67 0.238780E+01
 -.168181E+01 -.130993E+01 0.313094E+01 -.969971E+00 -.627744E+67 0.245000E+01
 -.153221E+01 -.177088E+01 0.314602E+01 -.978752E+00 -.627744E+67 0.243662E+01
 -.124388E+01 -.163882E+01 0.317248E+01 -.976911E+00 -.627744E+67 0.236659E+01
 -.174864E+01 -.161588E+01 0.336400E+01 -.960278E+00 -.627744E+67 0.237750E+01
 -.130069E+01 -.159673E+01 0.310895E+01 -.979542E+00 -.627744E+67 0.241391E+01
 -.142936E+01 -.180242E+01 0.297451E+01 -.980000E+00 -.627744E+67 0.239810E+01
 -.168413E+01 -.165907E+01 0.300433E+01 -.980000E+00 -.627744E+67 0.241135E+01
 -.164127E+01 -.135431E+01 0.311378E+01 -.980000E+00 -.627744E+67 0.224928E+01
 -.233325E+01 -.234692E+01 0.320000E+01 -.979567E+00 -.627744E+67 0.242122E+01
 -.169079E+01 -.171361E+01 0.294022E+01 -.953266E+00 -.627744E+67 0.243487E+01
 -.969951E+00 -.187121E+01 0.315418E+01 -.978325E+00 -.627744E+67 0.241171E+01
 -.180796E+01 -.155276E+01 0.311755E+01 -.980000E+00 -.627744E+67 0.239767E+01
 -.195882E+01 -.153242E+01 0.318035E+01 -.978043E+00 -.627744E+67 0.242195E+01
 -.175096E+01 -.150834E+01 0.317215E+01 -.979071E+00 -.627744E+67 0.240350E+01
 -.161445E+01 -.173505E+01 0.345483E+01 -.980000E+00 -.627744E+67 0.242330E+01
 -.116804E+01 -.172637E+01 0.304315E+01 -.961745E+00 -.627744E+67 0.242491E+01
 -.167610E+01 -.148522E+01 0.311322E+01 -.977686E+00 -.627744E+67 0.238578E+01
 -.174743E+01 -.168523E+01 0.290169E+01 -.972500E+00 -.627744E+67 0.239755E+01
 -.833588E+00 -.132224E+01 0.303463E+01 -.815576E+00 -.627744E+67 0.240086E+01
 -.749015E+00 -.168413E+01 0.315716E+01 -.908790E+00 -.627744E+67 0.242141E+01
 -.176518E+01 -.168439E+01 0.310126E+01 -.980000E+00 -.627744E+67 0.244155E+01
 -.122448E+01 -.131106E+01 0.311910E+01 -.978065E+00 -.627744E+67 0.240372E+01
 -.610985E+00 -.179593E+01 0.315314E+01 -.976600E+00 -.627744E+67 0.236516E+01
 -.310401E+01 -.162064E+01 0.315534E+01 -.968623E+00 -.627744E+67 0.225548E+01
 -.183677E+01 -.233051E+01 0.314021E+01 -.980000E+00 -.627744E+67 0.244302E+01
 -.151150E+01 -.145621E+01 0.315703E+01 -.957039E+00 -.627744E+67 0.242868E+01
 -.701852E+00 -.159950E+01 0.306210E+01 -.858823E+00 -.627744E+67 0.201079E+01
 -.148935E+01 -.162490E+01 0.309889E+01 -.980000E+00 -.627744E+67 0.243850E+01
 -.148846E+01 -.138954E+01 0.322347E+01 -.962507E+00 -.627744E+67 0.243396E+01
 -.243372E+01 -.164512E+01 0.313426E+01 -.965271E+00 -.627744E+67 0.240162E+01
 -.153982E+01 -.159421E+01 0.325651E+01 -.977283E+00 -.627744E+67 0.244952E+01
 -.173230E+01 -.180253E+01 0.320000E+01 -.980000E+00 -.627744E+67 0.237908E+01
 -.302189E+01 -.173069E+01 0.321385E+01 -.980000E+00 -.627744E+67 0.245000E+01
 -.148087E+01 -.165274E+01 0.318055E+01 -.975264E+00 -.627744E+67 0.233335E+01
 -.154839E+01 -.180294E+01 0.295310E+01 -.965801E+00 -.627744E+67 0.245000E+01
 -.234309E+01 -.163412E+01 0.316813E+01 -.823835E+00 -.627744E+67 0.245000E+01
 -.152184E+01 -.138126E+01 0.311793E+01 -.980000E+00 -.627744E+67 0.245000E+01
 -.165876E+01 -.158567E+01 0.317118E+01 -.980000E+00 -.627744E+67 0.233374E+01
 -.165720E+01 -.147269E+01 0.306493E+01 -.977009E+00 -.627744E+67 0.245000E+01
 -.169966E+01 -.164723E+01 0.313904E+01 -.978436E+00 -.627744E+67 0.243004E+01
 -.175573E+01 -.163854E+01 0.313347E+01 -.977527E+00 -.627744E+67 0.240852E+01
 -.177037E+01 -.171504E+01 0.315487E+01 -.980000E+00 -.627744E+67 0.226967E+01
 -.174417E+01 -.194853E+01 0.310189E+01 -.973253E+00 -.627744E+67 0.243883E+01
 -.180800E+01 -.159720E+01 0.305457E+01 -.980000E+00 -.627744E+67 0.241779E+01
 -.245409E+01 -.139606E+01 0.329197E+01 -.973468E+00 -.627744E+67 0.245000E+01
 -.146439E+01 -.197358E+01 0.320000E+01 -.852413E+00 -.627744E+67 0.245000E+01
 -.198724E+01 -.167770E+01 0.321252E+01 -.979390E+00 -.627744E+67 0.229078E+01
 -.164801E+01 -.178603E+01 0.298978E+01 -.976401E+00 -.627744E+67 0.188249E+01
 -.823416E+00 -.139822E+01 0.315048E+01 -.917411E+00 -.627744E+67 0.241341E+01
 -.169960E+01 -.156694E+01 0.313431E+01 -.976706E+00 -.627744E+67 0.239561E+01
 -.169398E+01 -.175673E+01 0.312659E+01 -.975648E+00 -.627744E+67 0.240580E+01
 -.444676E+00 -.150394E+01 0.314599E+01 -.980000E+00 -.627744E+67 0.245000E+01
 -.284388E+01 -.160094E+01 0.309358E+01 -.979332E+00 -.627744E+67 0.244195E+01
 -.171119E+01 -.165208E+01 0.306400E+01 -.917932E+00 -.627744E+67 0.245000E+01
 -.160096E+01 -.168795E+01 0.310960E+01 -.977940E+00 -.627744E+67 0.243731E+01
 -.141586E+01 -.206301E+01 0.292786E+01 -.967500E+00 -.627744E+67 0.238664E+01
 -.166265E+01 -.165537E+01 0.308391E+01 -.968894E+00 -.627744E+67 0.242516E+01
 -.171905E+01 -.167401E+01 0.315491E+01 -.973128E+00 -.627744E+67 0.228281E+01
 -.233787E+01 -.205175E+01 0.341468E+01 -.975275E+00 -.627744E+67 0.245000E+01
 -.172983E+01 -.156504E+01 0.324022E+01 -.962023E+00 -.627744E+67 0.244892E+01
 -.256995E+01 -.159547E+01 0.315210E+01 -.976930E+00 -.627744E+67 0.242614E+01
 -.177742E+01 -.157740E+01 0.309668E+01 -.976335E+00 -.627744E+67 0.239848E+01
 -.175837E+01 -.160154E+01 0.317687E+01 -.979441E+00 -.627744E+67 0.244442E+01
 -.173228E+01 -.151155E+01 0.311160E+01 -.975927E+00 -.627744E+67 0.245000E+01
 -.165355E+01 -.147669E+01 0.315483E+01 -.974952E+00 -.627744E+67 0.243141E+01
 -.206482E+01 -.135900E+01 0.314477E+01 -.972896E+00 -.627744E+67 0.241958E+01
 -.178860E+01 -.183813E+01 0.310119E+01 -.978547E+00 -.627744E+67 0.244298E+01
 -.172799E+01 -.173174E+01 0.320169E+01 -.969994E+00 -.627744E+67 0.244308E+01
 -.102796E+01 -.135270E+01 0.323119E+01 -.950650E+00 -.627744E+67 0.243596E+01
 -.200000E+00 -.166798E+01 0.310215E+01 -.927066E+00 -.627744E+67 0.243567E+01
 -.173610E+01 -.173678E+01 0.313255E+01 -.971167E+00 -.627744E+67 0.242062E+01
 -.797343E+00 -.168280E+01 0.315379E+01 -.976320E+00 -.627744E+67 0.240957E+01
 -.189866E+01 -.118706E+01 0.312395E+01 -.977497E+00 -.627744E+67 0.245000E+01
 -.150401E+01 -.161543E+01 0.315769E+01 -.960207E+00 -.627744E+67 0.237938E+01
 -.877081E+00 -.175621E+01 0.329208E+01 -.915740E+00 -.627744E+67 0.244318E+01
 -.162222E+01 -.184224E+01 0.319212E+01 -.962657E+00 -.627744E+67 0.243594E+01
 -.230185E+01 -.103583E+01 0.316080E+01 -.870243E+00 -.627744E+67 0.224049E+01
 -.175496E+01 -.170004E+01 0.300685E+01 -.759404E+00 -.627744E+67 0.245000E+01
 -.170007E+01 -.108501E+01 0.323889E+01 -.974406E+00 -.627744E+67 0.242108E+01
 -.171948E+01 -.156055E+01 0.315532E+01 -.976743E+00 -.627744E+67 0.240058E+01
 -.152817E+01 -.149332E+01 0.298151E+01 -.975907E+00 -.627744E+67 0.241632E+01
 -.167936E+01 -.155262E+01 0.335984E+01 -.912741E+00 -.627744E+67 0.240225E+01
 -.142189E+01 -.168159E+01 0.317545E+01 -.836520E+00 -.627744E+67 0.209050E+01
 -.185041E+01 -.162144E+01 0.310984E+01 -.975817E+00 -.627744E+67 0.245000E+01
 -.163052E+01 -.222110E+01 0.296097E+01 -.962368E+00 -.627744E+67 0.235380E+01
 -.107050E+01 -.164053E+01 0.316394E+01 -.980000E+00 -.627744E+67 0.237308E+01
 -.161887E+01 -.168346E+01 0.302078E+01 -.924495E+00 -.627744E+67 0.231358E+01
 -.166650E+01 -.192394E+01 0.325296E+01 -.958945E+00 -.627744E+67 0.236653E+01
 -.151481E+01 -.157255E+01 0.302430E+01 -.972660E+00 -.627744E+67 0.241085E+01
 -.167940E+01 -.163408E+01 0.313906E+01 -.978822E+00 -.627744E+67 0.241922E+01
 -.172992E+01 -.157768E+01 0.313881E+01 -.976128E+00 -.627744E+67 0.242237E+01
 -.158449E+01 -.154499E+01 0.311448E+01 -.957212E+00 -.627744E+67 0.231144E+01
 -.168986E+01 -.172000E+01 0.313336E+01 -.980000E+00 -.627744E+67 0.243635E+01
 -.176810E+01 -.161161E+01 0.305110E+01 -.957292E+00 -.627744E+67 0.241357E+01
 -.127519E+01 -.131091E+01 0.299197E+01 -.968398E+00 -.627744E+67 0.207745E+01
 -.133189E+01 -.227924E+01 0.335697E+01 -.957063E+00 -.627744E+67 0.237082E+01
 -.139561E+01 -.164118E+01 0.322134E+01 -.969374E+00 -.627744E+67 0.245000E+01
 -.193112E+01 -.219495E+01 0.300970E+01 -.979764E+00 -.627744E+67 0.213556E+01
 -.116020E+01 -.167793E+01 0.322622E+01 -.980000E+00 -.627744E+67 0.241858E+01
 -.178852E+01 -.137709E+01 0.312833E+01 -.976470E+00 -.627744E+67 0.239905E+01
 -.172076E+01 -.207223E+01 0.312976E+01 -.980000E+00 -.627744E+67 0.237009E+01
 -.200000E+00 -.147332E+01 0.313154E+01 -.973194E+00 -.627744E+67 0.243040E+01
 -.287121E+01 -.159947E+01 0.307052E+01 -.977736E+00 -.627744E+67 0.235355E+01
 -.172592E+01 -.167255E+01 0.294079E+01 -.897819E+00 -.627744E+67 0.234170E+01
 -.204850E+01 -.159817E+01 0.314286E+01 -.977309E+00 -.627744E+67 0.245000E+01
 -.154185E+01 -.152668E+01 0.322786E+01 -.964626E+00 -.627744E+67 0.241069E+01
 -.174652E+01 -.163393E+01 0.321842E+01 -.973796E+00 -.627744E+67 0.240395E+01
 -.177165E+01 -.184158E+01 0.314178E+01 -.975466E+00 -.627744E+67 0.245000E+01
 -.165737E+01 -.196714E+01 0.337794E+01 -.968845E+00 -.627744E+67 0.239107E+01
 -.176319E+01 -.149916E+01 0.327988E+01 -.980000E+00 -.627744E+67 0.243774E+01
 -.280936E+01 -.135509E+01 0.314548E+01 -.980000E+00 -.627744E+67 0.241785E+01
 -.165976E+01 -.174594E+01 0.311706E+01 -.973979E+00 -.627744E+67 0.243086E+01
 -.158463E+01 -.171285E+01 0.312944E+01 -.977618E+00 -.627744E+67 0.245000E+01
 -.178455E+01 -.189793E+01 0.310510E+01 -.974608E+00 -.627744E+67 0.233264E+01
 -.183824E+01 -.171604E+01 0.290000E+01 -.974963E+00 -.627744E+67 0.243653E+01
 -.187861E+01 -.132423E+01 0.318750E+01 -.976010E+00 -.627744E+67 0.236093E+01
 -.175642E+01 -.181201E+01 0.306606E+01 -.979170E+00 -.627744E+67 0.235127E+01
 -.172108E+01 -.164718E+01 0.338065E+01 -.976278E+00 -.627744E+67 0.245000E+01
 -.250159E+01 -.180356E+01 0.327049E+01 -.980000E+00 -.627744E+67 0.242221E+01
 -.180000E+01 -.169054E+01 0.313277E+01 -.973831E+00 -.627744E+67 0.243773E+01
 -.172666E+01 -.164686E+01 0.318122E+01 -.974352E+00 -.627744E+67 0.240167E+01
 -.161196E+01 -.173496E+01 0.307178E+01 -.978241E+00 -.627744E+67 0.241854E+01
 -.288418E+01 -.117644E+01 0.320541E+01 -.979708E+00 -.627744E+67 0.236201E+01
 -.368873E+00 -.163359E+01 0.313390E+01 -.968717E+00 -.627744E+67 0.245000E+01
 -.189961E+01 -.115952E+01 0.317323E+01 -.916138E+00 -.627744E+67 0.242626E+01
 -.184140E+01 -.157034E+01 0.314025E+01 -.980000E+00 -.627744E+67 0.240117E+01
 -.310360E+01 -.100000E+01 0.300338E+01 -.980000E+00 -.627744E+67 0.245000E+01
 -.174173E+01 -.167874E+01 0.306837E+01 -.622733E+00 -.627744E+67 0.239495E+01
 -.197829E+01 -.178501E+01 0.309569E+01 -.980000E+00 -.627744E+67 0.240697E+01
 -.112610E+01 -.159400E+01 0.315971E+01 -.980000E+00 -.627744E+67 0.241589E+01
 -.163174E+01 -.156466E+01 0.292130E+01 -.977964E+00 -.627744E+67 0.240119E+01
 -.177228E+01 -.146364E+01 0.314149E+01 -.907852E+00 -.627744E+67 0.245000E+01
 -.424320E+00 -.164821E+01 0.308661E+01 -.831016E+00 -.627744E+67 0.201318E+01
 -.197320E+01 -.167706E+01 0.307886E+01 -.976790E+00 -.627744E+67 0.227050E+01
 -.194987E+01 -.188344E+01 0.316468E+01 -.980000E+00 -.627744E+67 0.229625E+01
 -.693988E+00 -.154935E+01 0.299200E+01 -.810496E+00 -.627744E+67 0.242688E+01
 -.180358E+01 -.195909E+01 0.303913E+01 -.927315E+00 -.627744E+67 0.229496E+01
 -.168548E+01 -.164053E+01 0.317766E+01 -.957467E+00 -.627744E+67 0.244312E+01
 -.191486E+01 -.170655E+01 0.321275E+01 -.967483E+00 -.627744E+67 0.239594E+01
 -.171442E+01 -.162754E+01 0.313966E+01 -.975034E+00 -.627744E+67 0.240663E+01
 -.171088E+01 -.162903E+01 0.314460E+01 -.979993E+00 -.627744E+67 0.243363E+01
 -.155493E+01 -.153735E+01 0.309257E+01 -.958969E+00 -.627744E+67 0.245000E+01
 -.166314E+01 -.141958E+01 0.316504E+01 -.975824E+00 -.627744E+67 0.240690E+01
 -.172446E+01 -.166089E+01 0.310417E+01 -.960803E+00 -.627744E+67 0.241536E+01
 -.112497E+01 -.151164E+01 0.290000E+01 -.973421E+00 -.627744E+67 0.212805E+01
 -.144346E+01 -.231024E+01 0.310582E+01 -.980000E+00 -.627744E+67 0.224958E+01
 -.149272E+01 -.160886E+01 0.311463E+01 -.966679E+00 -.627744E+67 0.235531E+01
 -.172659E+01 -.198413E+01 0.318906E+01 -.980000E+00 -.627744E+67 0.245000E+01
 -.275349E+01 -.169569E+01 0.302190E+01 -.900553E+00 -.627744E+67 0.243487E+01
 -.180840E+01 -.171043E+01 0.312822E+01 -.976288E+00 -.627744E+67 0.240314E+01
 -.173208E+01 -.161367E+01 0.314109E+01 -.970506E+00 -.627744E+67 0.237151E+01
 -.180000E+01 -.152403E+01 0.313371E+01 -.970347E+00 -.627744E+67 0.240085E+01
 -.127121E+01 -.160576E+01 0.315552E+01 -.974985E+00 -.627744E+67 0.228962E+01
 -.180667E+01 -.165952E+01 0.290000E+01 -.954635E+00 -.627744E+67 0.230177E+01
 -.209033E+01 -.151461E+01 0.314824E+01 -.978014E+00 -.627744E+67 0.242658E+01
 -.187583E+01 -.114241E+01 0.319009E+01 -.980000E+00 -.627744E+67 0.242323E+01
 -.177547E+01 -.162023E+01 0.316885E+01 -.980000E+00 -.627744E+67 0.238903E+01
 -.171219E+01 -.157283E+01 0.310469E+01 -.980000E+00 -.627744E+67 0.221342E+01
 -.124949E+01 -.186139E+01 0.307794E+01 -.967879E+00 -.627744E+67 0.240425E+01
 -.170412E+01 -.154580E+01 0.313276E+01 -.949225E+00 -.627744E+67 0.242236E+01
 -.181240E+01 -.173218E+01 0.317514E+01 -.975406E+00 -.627744E+67 0.237501E+01
 -.162179E+01 -.166895E+01 0.314981E+01 -.976114E+00 -.627744E+67 0.244272E+01
 -.158464E+01 -.166219E+01 0.311373E+01 -.976915E+00 -.627744E+67 0.239984E+01
 -.174903E+01 -.210610E+01 0.315019E+01 -.976323E+00 -.627744E+67 0.234532E+01
 -.180907E+01 -.180044E+01 0.318926E+01 -.980000E+00 -.627744E+67 0.243887E+01
 -.150996E+01 -.178940E+01 0.306988E+01 -.971022E+00 -.627744E+67 0.239198E+01
 -.166938E+01 -.159162E+01 0.304189E+01 -.976276E+00 -.627744E+67 0.225023E+01
 -.172067E+01 -.159361E+01 0.333790E+01 -.980000E+00 -.627744E+67 0.241450E+01
 -.261935E+01 -.207731E+01 0.308746E+01 -.825558E+00 -.627744E+67 0.240651E+01
 -.307564E+01 -.168836E+01 0.319194E+01 -.980000E+00 -.627744E+67 0.239823E+01
 -.174142E+01 -.155809E+01 0.319502E+01 -.979359E+00 -.627744E+67 0.242315E+01
 -.248069E+01 -.162319E+01 0.307653E+01 -.978004E+00 -.627744E+67 0.240220E+01
 -.128418E+01 -.165795E+01 0.319112E+01 -.978070E+00 -.627744E+67 0.236753E+01
 -.805345E+00 -.164015E+01 0.314054E+01 -.968200E+00 -.627744E+67 0.235838E+01
 -.250835E+01 -.142688E+01 0.307026E+01 -.968411E+00 -.627744E+67 0.241476E+01
 -.184425E+01 -.138491E+01 0.310060E+01 -.957702E+00 -.627744E+67 0.238389E+01
 -.150360E+01 -.170000E+01 0.303569E+01 -.787110E+00 -.627744E+67 0.221754E+01
 -.156013E+01 -.157380E+01 0.311515E+01 -.862733E+00 -.627744E+67 0.232535E+01
 -.196692E+01 -.211764E+01 0.307031E+01 -.971060E+00 -.627744E+67 0.244061E+01
 -.206813E+01 -.167380E+01 0.315414E+01 -.973489E+00 -.627744E+67 0.240200E+01
 -.175436E+01 -.179932E+01 0.308223E+01 -.979901E+00 -.627744E+67 0.243465E+01
 -.179813E+01 -.177723E+01 0.298059E+01 -.941891E+00 -.627744E+67 0.238251E+01
 -.202432E+01 -.165406E+01 0.301029E+01 -.963775E+00 -.627744E+67 0.245000E+01
 -.170968E+01 -.170917E+01 0.310032E+01 -.977500E+00 -.627744E+67 0.231932E+01
 -.190019E+01 -.118344E+01 0.328641E+01 -.963523E+00 -.627744E+67 0.241082E+01
 -.229399E+01 -.157131E+01 0.302189E+01 -.917369E+00 -.627744E+67 0.245000E+01
 -.181250E+01 -.194359E+01 0.315704E+01 -.953227E+00 -.627744E+67 0.228545E+01
 -.179197E+01 -.132826E+01 0.310482E+01 -.958811E+00 -.627744E+67 0.241669E+01
 -.207560E+01 -.172159E+01 0.334986E+01 -.968957E+00 -.627744E+67 0.245000E+01
 -.175587E+01 -.162241E+01 0.314021E+01 -.974748E+00 -.627744E+67 0.241539E+01
 -.172192E+01 -.169403E+01 0.314000E+01 -.980000E+00 -.627744E+67 0.242942E+01
 -.170376E+01 -.181395E+01 0.309108E+01 -.970360E+00 -.627744E+67 0.225422E+01
 -.170618E+01 -.140555E+01 0.315117E+01 -.977601E+00 -.627744E+67 0.239050E+01
 -.169168E+01 -.167644E+01 0.316815E+01 -.967391E+00 -.627744E+67 0.241881E+01
 -.192761E+01 -.173830E+01 0.320000E+01 -.977075E+00 -.627744E+67 0.245000E+01
 -.162895E+01 -.216725E+01 0.290000E+01 -.863051E+00 -.627744E+67 0.229455E+01
 -.229982E+01 -.167900E+01 0.315332E+01 -.980000E+00 -.627744E+67 0.235186E+01
 -.155422E+01 -.162524E+01 0.331596E+01 -.977722E+00 -.627744E+67 0.217734E+01
 -.263941E+01 -.164505E+01 0.303922E+01 -.921155E+00 -.627744E+67 0.243442E+01
 -.167163E+01 -.189791E+01 0.314532E+01 -.976553E+00 -.627744E+67 0.242129E+01
 -.174116E+01 -.124578E+01 0.315001E+01 -.967810E+00 -.627744E+67 0.242087E+01
 -.311704E+01 -.172242E+01 0.313770E+01 -.969775E+00 -.627744E+67 0.241903E+01
 -.107841E+01 -.163683E+01 0.321347E+01 -.977487E+00 -.627744E+67 0.242964E+01
 -.178020E+01 -.162188E+01 0.320000E+01 -.980000E+00 -.627744E+67 0.245000E+01
 -.142027E+01 -.160612E+01 0.311538E+01 -.978463E+00 -.627744E+67 0.242040E+01
 -.201432E+01 -.176532E+01 0.310346E+01 -.970624E+00 -.627744E+67 0.239995E+01
 -.172713E+01 -.163632E+01 0.304137E+01 -.967774E+00 -.627744E+67 0.243073E+01
 -.167219E+01 -.142682E+01 0.310929E+01 -.972900E+00 -.627744E+67 0.219769E+01
 -.112540E+01 -.185953E+01 0.302377E+01 -.972917E+00 -.627744E+67 0.245000E+01
 -.169949E+01 -.169835E+01 0.304911E+01 -.927104E+00 -.627744E+67 0.240757E+01
 -.942313E+00 -.192006E+01 0.317385E+01 -.972981E+00 -.627744E+67 0.235195E+01
 -.172232E+01 -.156864E+01 0.311669E+01 -.980000E+00 -.627744E+67 0.240326E+01
 -.176154E+01 -.152850E+01 0.320985E+01 -.978768E+00 -.627744E+67 0.239808E+01
 -.172644E+01 -.140610E+01 0.317254E+01 -.978312E+00 -.627744E+67 0.242992E+01
 -.176122E+01 -.162140E+01 0.340082E+01 -.976367E+00 -.627744E+67 0.242270E+01
 -.138913E+01 -.209892E+01 0.299175E+01 -.975166E+00 -.627744E+67 0.243657E+01
 -.167361E+01 -.148925E+01 0.307090E+01 -.977961E+00 -.627744E+67 0.228388E+01
 -.173013E+01 -.165719E+01 0.324410E+01 -.967301E+00 -.627744E+67 0.240356E+01
 -.138804E+01 -.156696E+01 0.291001E+01 -.773616E+00 -.627744E+67 0.240239E+01
 -.199169E+01 -.169595E+01 0.316804E+01 -.939113E+00 -.627744E+67 0.239292E+01
 -.176168E+01 -.152637E+01 0.312594E+01 -.975671E+00 -.627744E+67 0.243769E+01
 -.173268E+01 -.152446E+01 0.315963E+01 -.977946E+00 -.627744E+67 0.237773E+01
 -.647860E+00 -.211825E+01 0.318468E+01 -.976300E+00 -.627744E+67 0.238980E+01
 -.240535E+01 -.161817E+01 0.314973E+01 -.960770E+00 -.627744E+67 0.236730E+01
 -.183807E+01 -.197720E+01 0.315906E+01 -.980000E+00 -.627744E+67 0.241366E+01
 -.168448E+01 -.148203E+01 0.313343E+01 -.944114E+00 -.627744E+67 0.241939E+01
 -.334747E+00 -.204089E+01 0.309091E+01 -.871220E+00 -.627744E+67 0.229448E+01
 -.163441E+01 -.153364E+01 0.314238E+01 -.980000E+00 -.627744E+67 0.243875E+01
 -.191392E+01 -.141764E+01 0.318143E+01 -.980000E+00 -.627744E+67 0.244768E+01
 -.231483E+01 -.173381E+01 0.313111E+01 -.978526E+00 -.627744E+67 0.239292E+01
 -.182892E+01 -.175823E+01 0.321779E+01 -.978048E+00 -.627744E+67 0.244397E+01
 -.172270E+01 -.185837E+01 0.309737E+01 -.980000E+00 -.627744E+67 0.244457E+01
 -.300189E+01 -.165684E+01 0.301131E+01 -.980000E+00 -.627744E+67 0.201969E+01
 -.148300E+01 -.164912E+01 0.310523E+01 -.976895E+00 -.627744E+67 0.243858E+01
 -.167614E+01 -.100000E+01 0.301029E+01 -.968690E+00 -.627744E+67 0.245000E+01
 -.270328E+01 -.159902E+01 0.318614E+01 -.980000E+00 -.627744E+67 0.241354E+01
 -.158209E+01 -.132825E+01 0.323449E+01 -.980000E+00 -.627744E+67 0.245000E+01
 -.174310E+01 -.139415E+01 0.305578E+01 -.974080E+00 -.627744E+67 0.239420E+01
 -.195284E+01 -.158107E+01 0.321567E+01 -.978816E+00 -.627744E+67 0.239100E+01
 -.175467E+01 -.164639E+01 0.313965E+01 -.979129E+00 -.627744E+67 0.242463E+01
 -.176166E+01 -.169826E+01 0.313596E+01 -.978228E+00 -.627744E+67 0.241604E+01
 -.186210E+01 -.200481E+01 0.318128E+01 -.980000E+00 -.627744E+67 0.237224E+01
 -.174404E+01 -.185289E+01 0.313702E+01 -.979594E+00 -.627744E+67 0.242128E+01
 -.168438E+01 -.162875E+01 0.320783E+01 -.977071E+00 -.627744E+67 0.241498E+01
 -.244428E+01 -.155168E+01 0.333472E+01 -.976979E+00 -.627744E+67 0.207595E+01
 -.171305E+01 -.146725E+01 0.320000E+01 -.817947E+00 -.627744E+67 0.226249E+01
 -.227167E+01 -.167857E+01 0.317003E+01 -.962589E+00 -.627744E+67 0.244518E+01
 -.144166E+01 -.147631E+01 0.321814E+01 -.976509E+00 -.627744E+67 0.245000E+01
 -.103941E+01 -.158583E+01 0.305791E+01 -.980000E+00 -.627744E+67 0.242992E+01
 -.164824E+01 -.173866E+01 0.315306E+01 -.976861E+00 -.627744E+67 0.238858E+01
 -.172851E+01 -.119230E+01 0.313743E+01 -.977504E+00 -.627744E+67 0.241348E+01
 -.208070E+01 -.172616E+01 0.314154E+01 -.972973E+00 -.627744E+67 0.243406E+01
 -.176133E+01 -.164523E+01 0.319265E+01 -.978827E+00 -.627744E+67 0.242863E+01
 -.173280E+01 -.160720E+01 0.342271E+01 -.966435E+00 -.627744E+67 0.232957E+01
 -.155937E+01 -.161168E+01 0.310567E+01 -.979689E+00 -.627744E+67 0.242153E+01
 -.148755E+01 -.209756E+01 0.301537E+01 -.980000E+00 -.627744E+67 0.239721E+01
 -.167936E+01 -.165018E+01 0.318744E+01 -.966912E+00 -.627744E+67 0.243014E+01
 -.166577E+01 -.159294E+01 0.308244E+01 -.978153E+00 -.627744E+67 0.235793E+01
 -.186321E+01 -.176574E+01 0.319360E+01 -.975176E+00 -.627744E+67 0.241845E+01
 -.176445E+01 -.172796E+01 0.309707E+01 -.974830E+00 -.627744E+67 0.245000E+01
 -.102563E+01 -.174957E+01 0.313144E+01 -.976276E+00 -.627744E+67 0.239292E+01
 -.178812E+01 -.155468E+01 0.311911E+01 -.976817E+00 -.627744E+67 0.239741E+01
 -.190600E+01 -.152670E+01 0.321211E+01 -.977594E+00 -.627744E+67 0.244374E+01
 -.176236E+01 -.144799E+01 0.314921E+01 -.976449E+00 -.627744E+67 0.245000E+01
 -.171938E+01 -.149238E+01 0.310082E+01 -.976125E+00 -.627744E+67 0.240581E+01
 -.178476E+01 -.183180E+01 0.312442E+01 -.978367E+00 -.627744E+67 0.243646E+01
 -.171150E+01 -.170275E+01 0.314741E+01 -.980000E+00 -.627744E+67 0.240716E+01
 -.174351E+01 -.170989E+01 0.302099E+01 -.973378E+00 -.627744E+67 0.241077E+01
 -.913437E+00 -.139843E+01 0.290000E+01 -.978573E+00 -.627744E+67 0.244259E+01
 -.526280E+00 -.172536E+01 0.314177E+01 -.926211E+00 -.627744E+67 0.245000E+01
 -.174861E+01 -.159918E+01 0.308530E+01 -.972678E+00 -.627744E+67 0.241769E+01
 -.109517E+01 -.146302E+01 0.307741E+01 -.977860E+00 -.627744E+67 0.237020E+01
 -.158332E+01 -.205293E+01 0.316257E+01 -.977427E+00 -.627744E+67 0.245000E+01
 -.274253E+01 -.160318E+01 0.315391E+01 -.962249E+00 -.627744E+67 0.244222E+01
 -.128467E+01 -.195320E+01 0.323431E+01 -.936729E+00 -.627744E+67 0.244070E+01
 -.159207E+01 -.167661E+01 0.318243E+01 -.972781E+00 -.627744E+67 0.243074E+01
 -.856782E+00 -.174605E+01 0.305984E+01 -.940019E+00 -.627744E+67 0.245000E+01
 -.168634E+01 -.171019E+01 0.300136E+01 -.872515E+00 -.627744E+67 0.245000E+01
 -.177342E+01 -.141508E+01 0.322945E+01 -.974234E+00 -.627744E+67 0.241593E+01
 -.200244E+01 -.151235E+01 0.313085E+01 -.980000E+00 -.627744E+67 0.240196E+01
 -.182543E+01 -.156829E+01 0.332662E+01 -.976422E+00 -.627744E+67 0.241740E+01
 -.172772E+01 -.156790E+01 0.323289E+01 -.904777E+00 -.627744E+67 0.245000E+01
 -.276309E+01 -.173936E+01 0.316549E+01 -.957794E+00 -.627744E+67 0.190826E+01
 -.149464E+01 -.162188E+01 0.311325E+01 -.976005E+00 -.627744E+67 0.245000E+01
 -.167099E+01 -.170000E+01 0.296597E+01 -.980000E+00 -.627744E+67 0.231302E+01
 -.198254E+01 -.163575E+01 0.319607E+01 -.821326E+00 -.627744E+67 0.239160E+01
 -.159847E+01 -.121612E+01 0.297462E+01 -.905531E+00 -.627744E+67 0.229677E+01
 -.163263E+01 -.156566E+01 0.311437E+01 -.980000E+00 -.627744E+67 0.232168E+01
 -.151348E+01 -.153629E+01 0.308710E+01 -.980000E+00 -.627744E+67 0.242358E+01
 -.173812E+01 -.166360E+01 0.313923E+01 -.977328E+00 -.627744E+67 0.242412E+01
 -.177210E+01 -.160041E+01 0.313727E+01 -.976267E+00 -.627744E+67 0.241388E+01
 -.177099E+01 -.171799E+01 0.318897E+01 -.957263E+00 -.627744E+67 0.245000E+01
 -.173777E+01 -.194318E+01 0.312237E+01 -.980000E+00 -.627744E+67 0.244912E+01
 -.177161E+01 -.160082E+01 0.307048E+01 -.978512E+00 -.627744E+67 0.241522E+01
 -.257959E+01 -.144587E+01 0.303472E+01 -.973517E+00 -.627744E+67 0.197202E+01
 -.137243E+01 -.106732E+01 0.311099E+01 -.980000E+00 -.627744E+67 0.226830E+01
 -.177373E+01 -.163173E+01 0.315897E+01 -.959517E+00 -.627744E+67 0.245000E+01
 -.196470E+01 -.205190E+01 0.309166E+01 -.976860E+00 -.627744E+67 0.229676E+01
 -.623440E+00 -.153680E+01 0.316541E+01 -.903913E+00 -.627744E+67 0.241501E+01
 -.179344E+01 -.151698E+01 0.315200E+01 -.976416E+00 -.627744E+67 0.238703E+01
 -.171989E+01 -.121140E+01 0.312895E+01 -.980000E+00 -.627744E+67 0.238517E+01
 -.499856E+00 -.171412E+01 0.314137E+01 -.977651E+00 -.627744E+67 0.242170E+01
 -.230300E+01 -.164878E+01 0.313670E+01 -.976992E+00 -.627744E+67 0.241691E+01
 -.169756E+01 -.163078E+01 0.318033E+01 -.976300E+00 -.627744E+67 0.226645E+01
 -.189795E+01 -.159291E+01 0.312605E+01 -.976426E+00 -.627744E+67 0.243060E+01
 -.145055E+01 -.191828E+01 0.316060E+01 -.970490E+00 -.627744E+67 0.241626E+01
 -.166560E+01 -.163368E+01 0.326947E+01 -.980000E+00 -.627744E+67 0.239184E+01
 -.170721E+01 -.177161E+01 0.313188E+01 -.980000E+00 -.627744E+67 0.245000E+01
 -.242535E+01 -.163978E+01 0.332268E+01 -.978491E+00 -.627744E+67 0.239175E+01
 -.177707E+01 -.169914E+01 0.316591E+01 -.980000E+00 -.627744E+67 0.241467E+01
 -.243370E+01 -.159355E+01 0.316010E+01 -.979136E+00 -.627744E+67 0.244286E+01
 -.177684E+01 -.164180E+01 0.313203E+01 -.976519E+00 -.627744E+67 0.243832E+01
 -.165950E+01 -.174920E+01 0.320816E+01 -.977479E+00 -.627744E+67 0.245000E+01
 -.179112E+01 -.176950E+01 0.312477E+01 -.974787E+00 -.627744E+67 0.235911E+01
 -.172016E+01 -.160805E+01 0.293139E+01 -.980000E+00 -.627744E+67 0.245000E+01
 -.206118E+01 -.137042E+01 0.323836E+01 -.980000E+00 -.627744E+67 0.240993E+01
 -.166898E+01 -.183150E+01 0.310935E+01 -.978116E+00 -.627744E+67 0.245000E+01
 -.173903E+01 -.162507E+01 0.290000E+01 -.978057E+00 -.627744E+67 0.244514E+01
 -.155178E+01 -.178730E+01 0.320000E+01 -.980000E+00 -.627744E+67 0.245000E+01
 -.817375E+00 -.169017E+01 0.311967E+01 -.980000E+00 -.627744E+67 0.238788E+01
 -.172272E+01 -.170687E+01 0.309823E+01 -.970644E+00 -.627744E+67 0.240741E+01
 -.169396E+01 -.160160E+01 0.301088E+01 -.977060E+00 -.627744E+67 0.237856E+01
 -.263046E+01 -.135293E+01 0.320446E+01 -.978848E+00 -.627744E+67 0.241311E+01
 -.192099E+01 -.161152E+01 0.315275E+01 -.980000E+00 -.627744E+67 0.245000E+01
 -.139255E+01 -.137509E+01 0.327901E+01 -.945038E+00 -.627744E+67 0.245000E+01
 -.174836E+01 -.177329E+01 0.314053E+01 -.980000E+00 -.627744E+67 0.242360E+01
 -.245678E+01 -.117941E+01 0.303134E+01 -.920358E+00 -.627744E+67 0.209557E+01
 -.172711E+01 -.178274E+01 0.290645E+01 -.890475E+00 -.627744E+67 0.234790E+01
 -.160417E+01 -.161957E+01 0.325672E+01 -.977337E+00 -.627744E+67 0.239603E+01
 -.128356E+01 -.159074E+01 0.314990E+01 -.975640E+00 -.627744E+67 0.241860E+01
 -.180050E+01 -.152458E+01 0.320810E+01 -.976348E+00 -.627744E+67 0.242611E+01
 -.177274E+01 -.156344E+01 0.325460E+01 -.912863E+00 -.627744E+67 0.243036E+01
 -.124129E+01 -.174893E+01 0.318402E+01 -.910590E+00 -.627744E+67 0.236480E+01
 -.166486E+01 -.168023E+01 0.307122E+01 -.977128E+00 -.627744E+67 0.242019E+01
 -.173106E+01 -.214039E+01 0.314206E+01 -.961647E+00 -.627744E+67 0.229407E+01
 -.536717E+00 -.156475E+01 0.314952E+01 -.924257E+00 -.627744E+67 0.245000E+01
 -.167552E+01 -.172536E+01 0.300122E+01 -.947841E+00 -.627744E+67 0.222266E+01
 -.173922E+01 -.171802E+01 0.311635E+01 -.961848E+00 -.627744E+67 0.234534E+01
 -.161510E+01 -.165695E+01 0.323040E+01 -.971434E+00 -.627744E+67 0.245000E+01
 -.171447E+01 -.162704E+01 0.313994E+01 -.975079E+00 -.627744E+67 0.241014E+01
 -.168832E+01 -.156960E+01 0.314131E+01 -.977670E+00 -.627744E+67 0.241746E+01
 -.166228E+01 -.142818E+01 0.318645E+01 -.955941E+00 -.627744E+67 0.236237E+01
 -.169334E+01 -.168610E+01 0.312059E+01 -.978754E+00 -.627744E+67 0.241784E+01
 -.180637E+01 -.167284E+01 0.300638E+01 -.965238E+00 -.627744E+67 0.241820E+01
 -.106924E+01 -.154435E+01 0.290000E+01 -.973075E+00 -.627744E+67 0.245000E+01
 -.115029E+01 -.176732E+01 0.290000E+01 -.740000E+00 -.627744E+67 0.235827E+01
 -.135596E+01 -.160787E+01 0.318578E+01 -.977954E+00 -.627744E+67 0.239665E+01
 -.186908E+01 -.193441E+01 0.301810E+01 -.980000E+00 -.627744E+67 0.234194E+01
 -.162209E+01 -.159282E+01 0.315067E+01 -.890573E+00 -.627744E+67 0.241837E+01
 -.183581E+01 -.154050E+01 0.312785E+01 -.976314E+00 -.627744E+67 0.239636E+01
 -.173697E+01 -.190248E+01 0.313815E+01 -.969474E+00 -.627744E+67 0.238529E+01
 -.601694E+00 -.158281E+01 0.313956E+01 -.975414E+00 -.627744E+67 0.240691E+01
 -.191153E+01 -.164631E+01 0.311115E+01 -.977404E+00 -.627744E+67 0.241248E+01
 -.174205E+01 -.164649E+01 0.296905E+01 -.980000E+00 -.627744E+67 0.243714E+01
 -.191091E+01 -.154411E+01 0.315500E+01 -.978602E+00 -.627744E+67 0.244712E+01
 -.162080E+01 -.136698E+01 0.319451E+01 -.972496E+00 -.627744E+67 0.240793E+01
 -.173086E+01 -.162390E+01 0.323088E+01 -.965926E+00 -.627744E+67 0.239627E+01
 -.174477E+01 -.178090E+01 0.316037E+01 -.976759E+00 -.627744E+67 0.222840E+01
 -.205149E+01 -.159310E+01 0.315714E+01 -.976359E+00 -.627744E+67 0.242783E+01
 -.168789E+01 -.151693E+01 0.320022E+01 -.938229E+00 -.627744E+67 0.241741E+01
 -.281890E+01 -.153889E+01 0.316545E+01 -.975742E+00 -.627744E+67 0.237213E+01
 -.167329E+01 -.173174E+01 0.314954E+01 -.976916E+00 -.627744E+67 0.243115E+01
 -.164973E+01 -.169089E+01 0.313185E+01 -.979100E+00 -.627744E+67 0.241609E+01
 -.173614E+01 -.193800E+01 0.313170E+01 -.976425E+00 -.627744E+67 0.232994E+01
 -.177209E+01 -.174659E+01 0.301520E+01 -.977781E+00 -.627744E+67 0.241225E+01
 -.186528E+01 -.170187E+01 0.324286E+01 -.976197E+00 -.627744E+67 0.238927E+01
 -.167754E+01 -.168848E+01 0.304805E+01 -.976432E+00 -.627744E+67 0.224511E+01
 -.173629E+01 -.163683E+01 0.320000E+01 -.977162E+00 -.627744E+67 0.245000E+01
 -.218854E+01 -.195618E+01 0.316107E+01 -.850291E+00 -.627744E+67 0.240022E+01
 -.115072E+01 -.166716E+01 0.316630E+01 -.933713E+00 -.627744E+67 0.235690E+01
 -.172209E+01 -.158780E+01 0.317296E+01 -.978513E+00 -.627744E+67 0.242186E+01
 -.222697E+01 -.162753E+01 0.303576E+01 -.976284E+00 -.627744E+67 0.242285E+01
 -.207460E+01 -.107415E+01 0.322674E+01 -.976960E+00 -.627744E+67 0.240815E+01
 -.913800E+00 -.163438E+01 0.313787E+01 -.968315E+00 -.627744E+67 0.240845E+01
 -.196208E+01 -.144091E+01 0.328805E+01 -.975287E+00 -.627744E+67 0.241762E+01
 -.186593E+01 -.171384E+01 0.310915E+01 -.964747E+00 -.627744E+67 0.239879E+01
 -.315659E+01 -.128137E+01 0.300421E+01 -.848248E+00 -.627744E+67 0.206928E+01
 -.171824E+01 -.160520E+01 0.311374E+01 -.980000E+00 -.627744E+67 0.232815E+01
 -.162113E+01 -.179516E+01 0.322523E+01 -.980000E+00 -.627744E+67 0.238611E+01
 -.933922E+00 -.168104E+01 0.316364E+01 -.978247E+00 -.627744E+67 0.239689E+01
 -.171229E+01 -.168715E+01 0.310253E+01 -.978366E+00 -.627744E+67 0.244703E+01
 -.175117E+01 -.175037E+01 0.310894E+01 -.980000E+00 -.627744E+67 0.241572E+01
 -.990563E+00 -.168486E+01 0.296402E+01 -.899306E+00 -.627744E+67 0.245000E+01
 -.189413E+01 -.167079E+01 0.305813E+01 -.977748E+00 -.627744E+67 0.237719E+01
 -.192022E+01 -.171212E+01 0.328305E+01 -.971739E+00 -.627744E+67 0.239537E+01
 -.119505E+01 -.158231E+01 0.309823E+01 -.976097E+00 -.627744E+67 0.237571E+01
 -.170203E+01 -.211016E+01 0.309254E+01 -.969994E+00 -.627744E+67 0.245000E+01
 -.181600E+01 -.175891E+01 0.312470E+01 -.957928E+00 -.627744E+67 0.241649E+01
 -.197916E+01 -.177543E+01 0.331137E+01 -.968713E+00 -.627744E+67 0.238862E+01
 -.172742E+01 -.161375E+01 0.314045E+01 -.975354E+00 -.627744E+67 0.241314E+01
 -.168178E+01 -.165660E+01 0.314086E+01 -.979630E+00 -.627744E+67 0.242588E+01
 -.183755E+01 -.132841E+01 0.316695E+01 -.980000E+00 -.627744E+67 0.239130E+01
 -.170741E+01 -.140859E+01 0.314546E+01 -.976320E+00 -.627744E+67 0.239122E+01
 -.170112E+01 -.171095E+01 0.309728E+01 -.953154E+00 -.627744E+67 0.241798E+01
 -.535850E+00 -.167430E+01 0.307157E+01 -.975222E+00 -.627744E+67 0.221420E+01
 -.135169E+01 -.216543E+01 0.304969E+01 -.688378E+00 -.627744E+67 0.237833E+01
 -.179453E+01 -.162337E+01 0.315687E+01 -.980000E+00 -.627744E+67 0.240424E+01
 -.166289E+01 -.181718E+01 0.312844E+01 -.975650E+00 -.627744E+67 0.240699E+01
 -.262941E+01 -.162869E+01 0.300821E+01 -.964092E+00 -.627744E+67 0.243635E+01
 -.174304E+01 -.165803E+01 0.311556E+01 -.976941E+00 -.627744E+67 0.242636E+01
 -.173654E+01 -.207185E+01 0.315101E+01 -.963894E+00 -.627744E+67 0.239399E+01
 -.143514E+01 -.153620E+01 0.313703E+01 -.974471E+00 -.627744E+67 0.242334E+01
 -.156323E+01 -.163796E+01 0.317989E+01 -.977429E+00 -.627744E+67 0.242185E+01
 -.180653E+01 -.161407E+01 0.314733E+01 -.972315E+00 -.627744E+67 0.245000E+01
 -.154774E+01 -.159406E+01 0.315407E+01 -.980000E+00 -.627744E+67 0.243312E+01
 -.175359E+01 -.120525E+01 0.308978E+01 -.980000E+00 -.627744E+67 0.240962E+01
 -.175100E+01 -.164702E+01 0.293088E+01 -.973691E+00 -.627744E+67 0.241354E+01
 -.171396E+01 -.172287E+01 0.307182E+01 -.975039E+00 -.627744E+67 0.230253E+01
 -.132631E+01 -.175919E+01 0.302303E+01 -.973618E+00 -.627744E+67 0.245000E+01
 -.163685E+01 -.154672E+01 0.313813E+01 -.918417E+00 -.627744E+67 0.245000E+01
 -.223055E+01 -.162828E+01 0.317564E+01 -.973351E+00 -.627744E+67 0.234694E+01
 -.169237E+01 -.171240E+01 0.314087E+01 -.980000E+00 -.627744E+67 0.241297E+01
 -.167684E+01 -.147987E+01 0.310923E+01 -.977651E+00 -.627744E+67 0.238784E+01
 -.174757E+01 -.182180E+01 0.315629E+01 -.977924E+00 -.627744E+67 0.245000E+01
 -.180539E+01 -.167737E+01 0.321236E+01 -.976532E+00 -.627744E+67 0.242823E+01
 -.150926E+01 -.214101E+01 0.294286E+01 -.974126E+00 -.627744E+67 0.242173E+01
 -.169046E+01 -.156252E+01 0.307047E+01 -.978372E+00 -.627744E+67 0.233922E+01
 -.173143E+01 -.165190E+01 0.333627E+01 -.973289E+00 -.627744E+67 0.243012E+01
 -.183606E+01 -.164696E+01 0.308496E+01 -.762534E+00 -.627744E+67 0.239394E+01
 -.179355E+01 -.167458E+01 0.317006E+01 -.974050E+00 -.627744E+67 0.245000E+01
 -.173875E+01 -.151025E+01 0.317737E+01 -.977379E+00 -.627744E+67 0.242840E+01
 -.180070E+01 -.156521E+01 0.309140E+01 -.978260E+00 -.627744E+67 0.240502E+01
 -.134706E+01 -.137176E+01 0.315181E+01 -.976063E+00 -.627744E+67 0.242630E+01
 -.179996E+01 -.164265E+01 0.314589E+01 -.956793E+00 -.627744E+67 0.238777E+01
 -.229461E+01 -.214091E+01 0.307292E+01 -.980000E+00 -.627744E+67 0.242964E+01
 -.179115E+01 -.154051E+01 0.311375E+01 -.953484E+00 -.627744E+67 0.237809E+01
 -.217193E+01 -.189209E+01 0.303322E+01 -.926329E+00 -.627744E+67 0.213694E+01
 -.171408E+01 -.149186E+01 0.324087E+01 -.916310E+00 -.627744E+67 0.240186E+01
 -.191273E+01 -.179222E+01 0.311792E+01 -.972961E+00 -.627744E+67 0.241579E+01
 -.195212E+01 -.173433E+01 0.316357E+01 -.980000E+00 -.627744E+67 0.236943E+01
 -.179556E+01 -.190608E+01 0.308681E+01 -.978181E+00 -.627744E+67 0.242645E+01
 -.174551E+01 -.181995E+01 0.301299E+01 -.888543E+00 -.627744E+67 0.241672E+01
 -.843305E+00 -.165706E+01 0.290000E+01 -.971291E+00 -.627744E+67 0.209553E+01
 -.179425E+01 -.162846E+01 0.307132E+01 -.975974E+00 -.627744E+67 0.238368E+01
 -.188557E+01 -.117420E+01 0.320115E+01 -.980000E+00 -.627744E+67 0.245000E+01
 -.249702E+01 -.159869E+01 0.301788E+01 -.953054E+00 -.627744E+67 0.240442E+01
 -.161557E+01 -.155426E+01 0.315943E+01 -.980000E+00 -.627744E+67 0.214429E+01
 -.162421E+01 -.167105E+01 0.313952E+01 -.975880E+00 -.627744E+67 0.243257E+01
 -.180488E+01 -.157545E+01 0.311207E+01 -.976092E+00 -.627744E+67 0.240354E+01
 -.174287E+01 -.162902E+01 0.313922E+01 -.977753E+00 -.627744E+67 0.242572E+01
 -.179629E+01 -.169761E+01 0.313724E+01 -.980000E+00 -.627744E+67 0.242885E+01
 -.184792E+01 -.193404E+01 0.311731E+01 -.942773E+00 -.627744E+67 0.245000E+01
 -.173387E+01 -.157613E+01 0.315664E+01 -.976959E+00 -.627744E+67 0.240964E+01
 -.163219E+01 -.158818E+01 0.323405E+01 -.955015E+00 -.627744E+67 0.241735E+01
 -.213585E+01 -.164785E+01 0.316859E+01 -.973865E+00 -.627744E+67 0.232337E+01
 -.171534E+01 -.237542E+01 0.299011E+01 -.928378E+00 -.627744E+67 0.222725E+01
 -.214308E+01 -.166616E+01 0.313424E+01 -.969846E+00 -.627744E+67 0.245000E+01
 -.154623E+01 -.151614E+01 0.323147E+01 -.973408E+00 -.627744E+67 0.245000E+01
 -.283467E+01 -.159112E+01 0.303370E+01 -.961293E+00 -.627744E+67 0.243235E+01
 -.165939E+01 -.172697E+01 0.316446E+01 -.976750E+00 -.627744E+67 0.240144E+01
 -.173066E+01 -.137185E+01 0.314810E+01 -.966911E+00 -.627744E+67 0.239976E+01
 -.256537E+01 -.152282E+01 0.313834E+01 -.975871E+00 -.627744E+67 0.243465E+01
 -.147990E+01 -.163682E+01 0.321535E+01 -.978027E+00 -.627744E+67 0.242691E+01
 -.179628E+01 -.161787E+01 0.331513E+01 -.970232E+00 -.627744E+67 0.237945E+01
 -.135135E+01 -.161076E+01 0.312931E+01 -.978959E+00 -.627744E+67 0.241999E+01
 -.167456E+01 -.155173E+01 0.299076E+01 -.973774E+00 -.627744E+67 0.241253E+01
 -.172390E+01 -.164745E+01 0.314042E+01 -.980000E+00 -.627744E+67 0.242834E+01
 -.162735E+01 -.153284E+01 0.303803E+01 -.980000E+00 -.627744E+67 0.245000E+01
 -.133465E+01 -.185666E+01 0.316161E+01 -.973890E+00 -.627744E+67 0.238956E+01
 -.173166E+01 -.164494E+01 0.309420E+01 -.931265E+00 -.627744E+67 0.241871E+01
 -.831838E+00 -.181509E+01 0.316317E+01 -.975223E+00 -.627744E+67 0.236130E+01
 -.175358E+01 -.158086E+01 0.311340E+01 -.975823E+00 -.627744E+67 0.240839E+01
 -.189367E+01 -.143957E+01 0.314778E+01 -.976693E+00 -.627744E+67 0.239421E+01
 -.177002E+01 -.143307E+01 0.314814E+01 -.977950E+00 -.627744E+67 0.228897E+01
 -.182836E+01 -.160234E+01 0.332308E+01 -.978313E+00 -.627744E+67 0.245000E+01
 -.190429E+01 -.209579E+01 0.301294E+01 -.977859E+00 -.627744E+67 0.245000E+01
 -.169847E+01 -.175050E+01 0.308880E+01 -.979607E+00 -.627744E+67 0.245000E+01
 -.174056E+01 -.169028E+01 0.305091E+01 -.971199E+00 -.627744E+67 0.241689E+01
 -.138286E+01 -.138230E+01 0.299217E+01 -.865342E+00 -.627744E+67 0.243634E+01
 -.227616E+01 -.164754E+01 0.316236E+01 -.980000E+00 -.627744E+67 0.237963E+01
 -.177827E+01 -.168799E+01 0.313212E+01 -.974107E+00 -.627744E+67 0.243129E+01
 -.130830E+01 -.158623E+01 0.317116E+01 -.978965E+00 -.627744E+67 0.238761E+01
 -.165707E+01 -.200663E+01 0.310539E+01 -.977376E+00 -.627744E+67 0.245000E+01
 -.247030E+01 -.164675E+01 0.314334E+01 -.969314E+00 -.627744E+67 0.241030E+01
 -.160046E+01 -.231518E+01 0.308149E+01 -.935837E+00 -.627744E+67 0.243468E+01
 -.162800E+01 -.151457E+01 0.316064E+01 -.980000E+00 -.627744E+67 0.240218E+01
 -.951137E+00 -.177272E+01 0.319952E+01 -.980000E+00 -.627744E+67 0.235899E+01
 -.160693E+01 -.150016E+01 0.295322E+01 -.865582E+00 -.627744E+67 0.244177E+01
 -.192274E+01 -.156210E+01 0.316098E+01 -.972395E+00 -.627744E+67 0.245000E+01
 -.238420E+01 -.166748E+01 0.312610E+01 -.975949E+00 -.627744E+67 0.241864E+01
 -.181224E+01 -.184639E+01 0.324433E+01 -.976647E+00 -.627744E+67 0.242152E+01
 -.174921E+01 -.170844E+01 0.313887E+01 -.872375E+00 -.627744E+67 0.245000E+01
 -.187865E+01 -.164502E+01 0.320000E+01 -.916037E+00 -.627744E+67 0.187773E+01
 -.158472E+01 -.163540E+01 0.307116E+01 -.974811E+00 -.627744E+67 0.242953E+01
 -.169379E+01 -.160797E+01 0.307007E+01 -.966290E+00 -.627744E+67 0.227373E+01
 -.210637E+01 -.161435E+01 0.303376E+01 -.912491E+00 -.627744E+67 0.244635E+01
 -.153604E+01 -.126497E+01 0.310036E+01 -.890047E+00 -.627744E+67 0.199577E+01
 -.155740E+01 -.158204E+01 0.314791E+01 -.980000E+00 -.627744E+67 0.234084E+01
 -.158281E+01 -.158411E+01 0.307611E+01 -.978240E+00 -.627744E+67 0.245000E+01
 -.173749E+01 -.165989E+01 0.313873E+01 -.977592E+00 -.627744E+67 0.242512E+01
 -.178837E+01 -.168830E+01 0.313901E+01 -.978547E+00 -.627744E+67 0.241589E+01
 -.174224E+01 -.222165E+01 0.315934E+01 -.964608E+00 -.627744E+67 0.239161E+01
 -.170847E+01 -.178706E+01 0.311559E+01 -.979108E+00 -.627744E+67 0.243374E+01
 -.173436E+01 -.153999E+01 0.325386E+01 -.977311E+00 -.627744E+67 0.241579E+01
 -.271557E+01 -.157738E+01 0.315137E+01 -.973152E+00 -.627744E+67 0.234351E+01
 -.177999E+01 -.167542E+01 0.293058E+01 -.980000E+00 -.627744E+67 0.233989E+01
 -.183219E+01 -.166349E+01 0.315923E+01 -.965658E+00 -.627744E+67 0.239832E+01
 -.149357E+01 -.149424E+01 0.304082E+01 -.977580E+00 -.627744E+67 0.235289E+01
 -.123467E+01 -.158210E+01 0.316800E+01 -.912890E+00 -.627744E+67 0.240969E+01
 -.161958E+01 -.163871E+01 0.315560E+01 -.976483E+00 -.627744E+67 0.237874E+01
 -.172682E+01 -.100000E+01 0.314329E+01 -.978031E+00 -.627744E+67 0.237967E+01
 -.212382E+01 -.155963E+01 0.314059E+01 -.973113E+00 -.627744E+67 0.241482E+01
 -.195965E+01 -.164696E+01 0.313728E+01 -.978663E+00 -.627744E+67 0.242453E+01
 -.170897E+01 -.163178E+01 0.324845E+01 -.980000E+00 -.627744E+67 0.234413E+01
 -.139725E+01 -.160711E+01 0.311021E+01 -.976446E+00 -.627744E+67 0.243720E+01
 -.156068E+01 -.208603E+01 0.305145E+01 -.973534E+00 -.627744E+67 0.240050E+01
 -.170684E+01 -.163207E+01 0.329693E+01 -.968115E+00 -.627744E+67 0.242148E+01
 -.160451E+01 -.142118E+01 0.310327E+01 -.974702E+00 -.627744E+67 0.226748E+01
 -.259946E+01 -.176094E+01 0.328808E+01 -.975883E+00 -.627744E+67 0.236583E+01
 -.181011E+01 -.170807E+01 0.315507E+01 -.980000E+00 -.627744E+67 0.242104E+01
 -.330966E+00 -.169860E+01 0.316553E+01 -.978344E+00 -.627744E+67 0.240212E+01
 -.175073E+01 -.157508E+01 0.311634E+01 -.973253E+00 -.627744E+67 0.242861E+01
 -.170587E+01 -.163135E+01 0.320628E+01 -.977391E+00 -.627744E+67 0.242049E+01
 -.174610E+01 -.139101E+01 0.313969E+01 -.975132E+00 -.627744E+67 0.242549E+01
 -.177237E+01 -.160420E+01 0.318221E+01 -.980000E+00 -.627744E+67 0.243321E+01
 -.218678E+01 -.139579E+01 0.331294E+01 -.980000E+00 -.627744E+67 0.238488E+01
 -.166834E+01 -.168784E+01 0.314717E+01 -.979893E+00 -.627744E+67 0.220159E+01
 -.174017E+01 -.171174E+01 0.311300E+01 -.972276E+00 -.627744E+67 0.241224E+01
 -.125875E+01 -.169008E+01 0.299206E+01 -.980000E+00 -.627744E+67 0.243552E+01
 -.241471E+01 -.163026E+01 0.312857E+01 -.956878E+00 -.627744E+67 0.237985E+01
 -.173343E+01 -.177662E+01 0.311508E+01 -.974451E+00 -.627744E+67 0.242946E+01
 -.140810E+01 -.160315E+01 0.309727E+01 -.976422E+00 -.627744E+67 0.239998E+01
 -.216063E+01 -.188283E+01 0.319051E+01 -.980000E+00 -.627744E+67 0.239456E+01
 -.107290E+01 -.163591E+01 0.314098E+01 -.980000E+00 -.627744E+67 0.241398E+01
 -.143240E+01 -.186134E+01 0.317838E+01 -.970676E+00 -.627744E+67 0.241640E+01
 -.176181E+01 -.165359E+01 0.316922E+01 -.948464E+00 -.627744E+67 0.243631E+01
 -.125304E+01 -.153267E+01 0.308947E+01 -.787829E+00 -.627744E+67 0.245000E+01
 -.153681E+01 -.164511E+01 0.290000E+01 -.888677E+00 -.627744E+67 0.237348E+01
 -.166977E+01 -.149729E+01 0.318296E+01 -.980000E+00 -.627744E+67 0.241652E+01
 -.171074E+01 -.160365E+01 0.310443E+01 -.978148E+00 -.627744E+67 0.245000E+01
 -.174477E+01 -.143410E+01 0.322187E+01 -.976464E+00 -.627744E+67 0.243011E+01
 -.175549E+01 -.157692E+01 0.328767E+01 -.980000E+00 -.627744E+67 0.239113E+01
 -.256583E+01 -.172363E+01 0.319728E+01 -.916109E+00 -.627744E+67 0.230096E+01
 -.152681E+01 -.167133E+01 0.308198E+01 -.976513E+00 -.627744E+67 0.242794E+01
 -.163084E+01 -.197179E+01 0.305449E+01 -.966926E+00 -.627744E+67 0.238926E+01
 -.110506E+01 -.158486E+01 0.309167E+01 -.815048E+00 -.627744E+67 0.245000E+01
 -.160080E+01 -.105937E+01 0.300399E+01 -.924036E+00 -.627744E+67 0.223815E+01
 -.171833E+01 -.153286E+01 0.314296E+01 -.964846E+00 -.627744E+67 0.228885E+01
 -.171429E+01 -.172499E+01 0.317710E+01 -.974188E+00 -.627744E+67 0.241038E+01
 -.172961E+01 -.163923E+01 0.313893E+01 -.975148E+00 -.627744E+67 0.242353E+01
 -.172097E+01 -.160419E+01 0.314102E+01 -.979139E+00 -.627744E+67 0.241574E+01
 -.166465E+01 -.235370E+01 0.319912E+01 -.980000E+00 -.627744E+67 0.237469E+01
 -.170058E+01 -.180788E+01 0.310935E+01 -.978507E+00 -.627744E+67 0.241872E+01
 -.180508E+01 -.168248E+01 0.308400E+01 -.980000E+00 -.627744E+67 0.241539E+01
 -.111557E+01 -.154351E+01 0.304802E+01 -.974749E+00 -.627744E+67 0.232600E+01
 -.129760E+01 -.131706E+01 0.294309E+01 -.828848E+00 -.627744E+67 0.240971E+01
 -.148791E+01 -.164869E+01 0.318208E+01 -.972882E+00 -.627744E+67 0.239031E+01
 -.199626E+01 -.152211E+01 0.296155E+01 -.978672E+00 -.627744E+67 0.241487E+01
 -.791837E+00 -.155111E+01 0.308815E+01 -.908089E+00 -.627744E+67 0.239632E+01
 -.175231E+01 -.157062E+01 0.313378E+01 -.976568E+00 -.627744E+67 0.239336E+01
 -.172719E+01 -.160232E+01 0.313748E+01 -.978848E+00 -.627744E+67 0.236315E+01
 -.966091E+00 -.159941E+01 0.314103E+01 -.967725E+00 -.627744E+67 0.240710E+01
 -.203048E+01 -.164453E+01 0.309013E+01 -.978220E+00 -.627744E+67 0.242047E+01
 -.168390E+01 -.163659E+01 0.299767E+01 -.974464E+00 -.627744E+67 0.244567E+01
 -.181404E+01 -.157413E+01 0.311407E+01 -.975000E+00 -.627744E+67 0.245000E+01
 -.153841E+01 -.179400E+01 0.319687E+01 -.980000E+00 -.627744E+67 0.239421E+01
 -.169069E+01 -.162649E+01 0.317765E+01 -.964091E+00 -.627744E+67 0.239753E+01
 -.180927E+01 -.158808E+01 0.320045E+01 -.977285E+00 -.627744E+67 0.227015E+01
 -.274380E+01 -.157663E+01 0.335261E+01 -.977896E+00 -.627744E+67 0.245000E+01
 -.173521E+01 -.164736E+01 0.319983E+01 -.924845E+00 -.627744E+67 0.243364E+01
 -.141733E+01 -.159316E+01 0.315407E+01 -.977475E+00 -.627744E+67 0.242025E+01
 -.172684E+01 -.175887E+01 0.313670E+01 -.977206E+00 -.627744E+67 0.242900E+01
 -.156802E+01 -.176106E+01 0.323391E+01 -.978062E+00 -.627744E+67 0.244042E+01
 -.172453E+01 -.170363E+01 0.313677E+01 -.976366E+00 -.627744E+67 0.245000E+01
 -.170774E+01 -.165282E+01 0.301348E+01 -.976407E+00 -.627744E+67 0.239635E+01
 -.169010E+01 -.103424E+01 0.341167E+01 -.974273E+00 -.627744E+67 0.236309E+01
 -.166049E+01 -.161724E+01 0.308187E+01 -.979266E+00 -.627744E+67 0.206807E+01
 -.174009E+01 -.160163E+01 0.319379E+01 -.974068E+00 -.627744E+67 0.241629E+01
 -.157000E+01 -.193121E+01 0.307956E+01 -.792568E+00 -.627744E+67 0.240455E+01
 -.179972E+01 -.167120E+01 0.311560E+01 -.971970E+00 -.627744E+67 0.243547E+01
 -.172321E+01 -.167935E+01 0.313619E+01 -.977168E+00 -.627744E+67 0.241725E+01
 -.161777E+01 -.160958E+01 0.305985E+01 -.975554E+00 -.627744E+67 0.241888E+01
 -.187162E+01 -.132197E+01 0.325494E+01 -.974713E+00 -.627744E+67 0.241621E+01
 -.454332E+00 -.163677E+01 0.313927E+01 -.965273E+00 -.627744E+67 0.239718E+01
 -.165539E+01 -.123484E+01 0.322055E+01 -.980000E+00 -.627744E+67 0.243158E+01
 -.184872E+01 -.175619E+01 0.314001E+01 -.945999E+00 -.627744E+67 0.244339E+01
 -.265098E+01 -.145206E+01 0.290582E+01 -.674700E+00 -.627744E+67 0.228390E+01
 -.169680E+01 -.174923E+01 0.316770E+01 -.980000E+00 -.627744E+67 0.234231E+01
 -.173051E+01 -.169087E+01 0.320322E+01 -.971832E+00 -.627744E+67 0.241027E+01
 -.123552E+01 -.159254E+01 0.317690E+01 -.979210E+00 -.627744E+67 0.235309E+01
 -.167880E+01 -.150661E+01 0.315798E+01 -.976810E+00 -.627744E+67 0.244412E+01
 -.175453E+01 -.170820E+01 0.333296E+01 -.873196E+00 -.627744E+67 0.239665E+01
 -.125932E+01 -.176894E+01 0.298174E+01 -.931221E+00 -.627744E+67 0.245000E+01
 -.179848E+01 -.170638E+01 0.315479E+01 -.978340E+00 -.627744E+67 0.239594E+01
 -.193543E+01 -.158353E+01 0.315801E+01 -.980000E+00 -.627744E+67 0.245000E+01
 -.930058E+00 -.159445E+01 0.314788E+01 -.865500E+00 -.627744E+67 0.241578E+01
 -.170640E+01 -.175937E+01 0.296720E+01 -.980000E+00 -.627744E+67 0.245000E+01
 -.183483E+01 -.164300E+01 0.312908E+01 -.959887E+00 -.627744E+67 0.245000E+01
 -.189332E+01 -.171921E+01 0.327963E+01 -.972237E+00 -.627744E+67 0.240947E+01
 -.172478E+01 -.162174E+01 0.313972E+01 -.975352E+00 -.627744E+67 0.240886E+01
 -.169064E+01 -.158072E+01 0.314102E+01 -.979903E+00 -.627744E+67 0.242316E+01
 -.162823E+01 -.165370E+01 0.317832E+01 -.936277E+00 -.627744E+67 0.245000E+01
 -.173705E+01 -.151300E+01 0.314742E+01 -.975519E+00 -.627744E+67 0.240488E+01
 -.170006E+01 -.175307E+01 0.300934E+01 -.954372E+00 -.627744E+67 0.241621E+01
 -.200000E+00 -.156874E+01 0.294596E+01 -.975098E+00 -.627744E+67 0.221328E+01
 -.157543E+01 -.163552E+01 0.309311E+01 -.891388E+00 -.627744E+67 0.234874E+01
 -.161141E+01 -.163298E+01 0.317883E+01 -.980000E+00 -.627744E+67 0.242472E+01
 -.197072E+01 -.194527E+01 0.309322E+01 -.975004E+00 -.627744E+67 0.245000E+01
 -.239184E+01 -.153890E+01 0.302876E+01 -.974557E+00 -.627744E+67 0.244245E+01
 -.185314E+01 -.169603E+01 0.312386E+01 -.976663E+00 -.627744E+67 0.242359E+01
 -.172770E+01 -.210370E+01 0.313466E+01 -.978513E+00 -.627744E+67 0.238447E+01
 -.111586E+01 -.163169E+01 0.313935E+01 -.975599E+00 -.627744E+67 0.242345E+01
 -.163459E+01 -.163819E+01 0.322902E+01 -.977129E+00 -.627744E+67 0.241681E+01
 -.180159E+01 -.163955E+01 0.313543E+01 -.974728E+00 -.627744E+67 0.245000E+01
 -.205841E+01 -.159098E+01 0.314138E+01 -.977512E+00 -.627744E+67 0.241891E+01
 -.176193E+01 -.140006E+01 0.312568E+01 -.974862E+00 -.627744E+67 0.239736E+01
 -.169917E+01 -.163048E+01 0.302841E+01 -.965602E+00 -.627744E+67 0.241559E+01
 -.176054E+01 -.174159E+01 0.307411E+01 -.979717E+00 -.627744E+67 0.240474E+01
 -.124793E+01 -.174957E+01 0.337971E+01 -.976156E+00 -.627744E+67 0.239445E+01
 -.166468E+01 -.153977E+01 0.314295E+01 -.925721E+00 -.627744E+67 0.245000E+01
 -.271480E+01 -.163506E+01 0.314285E+01 -.974132E+00 -.627744E+67 0.240152E+01
 -.170964E+01 -.168975E+01 0.313161E+01 -.980000E+00 -.627744E+67 0.242127E+01
 -.178154E+01 -.176443E+01 0.314462E+01 -.977775E+00 -.627744E+67 0.242407E+01
 -.170905E+01 -.190947E+01 0.313561E+01 -.977553E+00 -.627744E+67 0.239437E+01
 -.167034E+01 -.168307E+01 0.316917E+01 -.977181E+00 -.627744E+67 0.238757E+01
 -.132468E+01 -.164764E+01 0.311167E+01 -.976669E+00 -.627744E+67 0.245000E+01
 -.168809E+01 -.161380E+01 0.302863E+01 -.979300E+00 -.627744E+67 0.224762E+01
 -.173083E+01 -.161166E+01 0.318190E+01 -.975124E+00 -.627744E+67 0.243018E+01
 -.186936E+01 -.203597E+01 0.315107E+01 -.806004E+00 -.627744E+67 0.238011E+01
 -.120294E+01 -.168731E+01 0.311788E+01 -.980000E+00 -.627744E+67 0.245000E+01
 -.172589E+01 -.157926E+01 0.315454E+01 -.979003E+00 -.627744E+67 0.240711E+01
 -.181456E+01 -.164922E+01 0.305452E+01 -.975971E+00 -.627744E+67 0.243272E+01
 -.156900E+01 -.158337E+01 0.319967E+01 -.975979E+00 -.627744E+67 0.245000E+01
 -.861127E+00 -.164569E+01 0.314205E+01 -.964044E+00 -.627744E+67 0.240099E+01
 -.212470E+01 -.189849E+01 0.311986E+01 -.963027E+00 -.627744E+67 0.243244E+01
 -.188208E+01 -.166344E+01 0.312339E+01 -.961364E+00 -.627744E+67 0.241312E+01
 -.340000E+01 -.145327E+01 0.308603E+01 -.914700E+00 -.627744E+67 0.226330E+01
 -.178970E+01 -.165692E+01 0.319026E+01 -.845684E+00 -.627744E+67 0.242397E+01
 -.188560E+01 -.180106E+01 0.315015E+01 -.970464E+00 -.627744E+67 0.242801E+01
 -.126429E+01 -.164533E+01 0.319371E+01 -.977193E+00 -.627744E+67 0.234453E+01
 -.181195E+01 -.190424E+01 0.311965E+01 -.977179E+00 -.627744E+67 0.241584E+01
 -.177062E+01 -.176524E+01 0.305547E+01 -.907492E+00 -.627744E+67 0.244942E+01
 -.109471E+01 -.157325E+01 0.298353E+01 -.980000E+00 -.627744E+67 0.208138E+01
 -.200076E+01 -.164860E+01 0.319329E+01 -.979598E+00 -.627744E+67 0.238429E+01
 -.191521E+01 -.130879E+01 0.319994E+01 -.968123E+00 -.627744E+67 0.233611E+01
 -.181157E+01 -.161614E+01 0.308956E+01 -.980000E+00 -.627744E+67 0.243361E+01
 -.175177E+01 -.221911E+01 0.310600E+01 -.867659E+00 -.627744E+67 0.214638E+01
 -.186311E+01 -.168287E+01 0.304956E+01 -.976244E+00 -.627744E+67 0.221645E+01
 -.183609E+01 -.162070E+01 0.322337E+01 -.970500E+00 -.627744E+67 0.245000E+01
 -.172294E+01 -.162915E+01 0.314033E+01 -.978702E+00 -.627744E+67 0.240250E+01
 -.172381E+01 -.164491E+01 0.313894E+01 -.979330E+00 -.627744E+67 0.242492E+01
 -.183893E+01 -.109942E+01 0.311839E+01 -.964797E+00 -.627744E+67 0.239136E+01
 -.172053E+01 -.158049E+01 0.313941E+01 -.973258E+00 -.627744E+67 0.240726E+01
 -.165034E+01 -.160421E+01 0.315402E+01 -.946303E+00 -.627744E+67 0.241737E+01
 -.180000E+01 -.166152E+01 0.290000E+01 -.974658E+00 -.627744E+67 0.221936E+01
 -.196985E+01 -.190256E+01 0.321915E+01 -.980000E+00 -.627744E+67 0.239136E+01
 -.188947E+01 -.162631E+01 0.313896E+01 -.969402E+00 -.627744E+67 0.245000E+01
 -.141991E+01 -.184473E+01 0.329626E+01 -.972876E+00 -.627744E+67 0.234734E+01
 -.244927E+01 -.163435E+01 0.301100E+01 -.980000E+00 -.627744E+67 0.244327E+01
 -.178417E+01 -.178015E+01 0.313666E+01 -.976605E+00 -.627744E+67 0.239693E+01
 -.173335E+01 -.140370E+01 0.313749E+01 -.976999E+00 -.627744E+67 0.244637E+01
 -.216940E+01 -.161438E+01 0.313820E+01 -.980000E+00 -.627744E+67 0.243443E+01
 -.146523E+01 -.163559E+01 0.328406E+01 -.976154E+00 -.627744E+67 0.241778E+01
 -.183606E+01 -.163635E+01 0.325088E+01 -.979230E+00 -.627744E+67 0.241885E+01
 -.191655E+01 -.157762E+01 0.315370E+01 -.980000E+00 -.627744E+67 0.241738E+01
 -.178084E+01 -.160518E+01 0.308669E+01 -.978937E+00 -.627744E+67 0.242417E+01
 -.171164E+01 -.164202E+01 0.304301E+01 -.977474E+00 -.627744E+67 0.243147E+01
 -.168331E+01 -.168475E+01 0.299071E+01 -.980000E+00 -.627744E+67 0.245000E+01
 -.100270E+01 -.190297E+01 0.320743E+01 -.974571E+00 -.627744E+67 0.237262E+01
 -.175699E+01 -.162129E+01 0.311004E+01 -.966143E+00 -.627744E+67 0.242097E+01
 -.229014E+01 -.173740E+01 0.313180E+01 -.973046E+00 -.627744E+67 0.237498E+01
 -.171049E+01 -.162568E+01 0.313670E+01 -.974051E+00 -.627744E+67 0.241296E+01
 -.192109E+01 -.160604E+01 0.309853E+01 -.978686E+00 -.627744E+67 0.241711E+01
 -.173256E+01 -.171354E+01 0.313951E+01 -.976816E+00 -.627744E+67 0.238576E+01
 -.185740E+01 -.155671E+01 0.329626E+01 -.979721E+00 -.627744E+67 0.245000E+01
 -.159259E+01 -.231504E+01 0.290000E+01 -.980000E+00 -.627744E+67 0.238422E+01
 -.172371E+01 -.166653E+01 0.313304E+01 -.978929E+00 -.627744E+67 0.245000E+01
 -.173167E+01 -.165590E+01 0.312645E+01 -.975224E+00 -.627744E+67 0.245000E+01
 -.193090E+01 -.150581E+01 0.300375E+01 -.980000E+00 -.627744E+67 0.240843E+01
 -.122907E+01 -.164690E+01 0.321586E+01 -.963071E+00 -.627744E+67 0.239087E+01
 -.172895E+01 -.166826E+01 0.315408E+01 -.976081E+00 -.627744E+67 0.240615E+01
 -.190030E+01 -.163246E+01 0.314470E+01 -.976734E+00 -.627744E+67 0.242842E+01
 -.156525E+01 -.209264E+01 0.316798E+01 -.980000E+00 -.627744E+67 0.239769E+01
 -.246113E+01 -.165014E+01 0.314589E+01 -.957897E+00 -.627744E+67 0.240935E+01
 -.182142E+01 -.220076E+01 0.314249E+01 -.942193E+00 -.627744E+67 0.245000E+01
 -.166267E+01 -.154258E+01 0.319483E+01 -.966970E+00 -.627744E+67 0.241086E+01
 -.180000E+01 -.156666E+01 0.324462E+01 -.980000E+00 -.627744E+67 0.244393E+01
 -.154405E+01 -.150814E+01 0.292176E+01 -.838041E+00 -.627744E+67 0.245000E+01
 -.180682E+01 -.153948E+01 0.314868E+01 -.973087E+00 -.627744E+67 0.243623E+01
 -.176783E+01 -.166267E+01 0.317978E+01 -.975848E+00 -.627744E+67 0.245000E+01
 -.189153E+01 -.200261E+01 0.318292E+01 -.978162E+00 -.627744E+67 0.240713E+01
 -.174422E+01 -.174518E+01 0.294255E+01 -.980000E+00 -.627744E+67 0.245000E+01
 -.137055E+01 -.166398E+01 0.309227E+01 -.936430E+00 -.627744E+67 0.205906E+01
 -.197378E+01 -.163109E+01 0.319609E+01 -.976995E+00 -.627744E+67 0.239132E+01
 -.155484E+01 -.161745E+01 0.309619E+01 -.966212E+00 -.627744E+67 0.226671E+01
 -.231533E+01 -.160893E+01 0.308522E+01 -.741162E+00 -.627744E+67 0.243508E+01
 -.168272E+01 -.176505E+01 0.312114E+01 -.949272E+00 -.627744E+67 0.220900E+01
 -.157819E+01 -.154016E+01 0.304886E+01 -.980000E+00 -.627744E+67 0.234209E+01
 -.173771E+01 -.154617E+01 0.306914E+01 -.975679E+00 -.627744E+67 0.241863E+01
 -.173023E+01 -.165852E+01 0.313893E+01 -.977420E+00 -.627744E+67 0.240836E+01
 -.177133E+01 -.168357E+01 0.313828E+01 -.978546E+00 -.627744E+67 0.242108E+01
 -.191615E+01 -.179942E+01 0.314151E+01 -.980000E+00 -.627744E+67 0.242202E+01
 -.171447E+01 -.172098E+01 0.313283E+01 -.975552E+00 -.627744E+67 0.242393E+01
 -.177769E+01 -.151430E+01 0.318469E+01 -.979627E+00 -.627744E+67 0.241520E+01
 -.307873E+01 -.171720E+01 0.301969E+01 -.974866E+00 -.627744E+67 0.244499E+01
 -.203996E+01 -.175527E+01 0.327875E+01 -.876910E+00 -.627744E+67 0.244414E+01
 -.204669E+01 -.165614E+01 0.312045E+01 -.964672E+00 -.627744E+67 0.241788E+01
 -.168083E+01 -.170298E+01 0.321677E+01 -.978327E+00 -.627744E+67 0.235740E+01
 -.193248E+01 -.170125E+01 0.306370E+01 -.855619E+00 -.627744E+67 0.242268E+01
 -.167523E+01 -.162053E+01 0.314929E+01 -.976458E+00 -.627744E+67 0.237968E+01
 -.173572E+01 -.107261E+01 0.314107E+01 -.976120E+00 -.627744E+67 0.236434E+01
 -.216721E+01 -.159155E+01 0.313835E+01 -.965902E+00 -.627744E+67 0.242140E+01
 -.198900E+01 -.163811E+01 0.318134E+01 -.977282E+00 -.627744E+67 0.242646E+01
 -.181255E+01 -.163026E+01 0.319194E+01 -.980000E+00 -.627744E+67 0.241540E+01
 -.164405E+01 -.159589E+01 0.314255E+01 -.977697E+00 -.627744E+67 0.245000E+01
 -.168176E+01 -.192125E+01 0.308675E+01 -.980000E+00 -.627744E+67 0.243238E+01
 -.172909E+01 -.164428E+01 0.320592E+01 -.980000E+00 -.627744E+67 0.244033E+01
 -.164265E+01 -.147764E+01 0.310554E+01 -.975436E+00 -.627744E+67 0.236328E+01
 -.833363E+00 -.172140E+01 0.296248E+01 -.976814E+00 -.627744E+67 0.240471E+01
 -.178352E+01 -.169167E+01 0.313870E+01 -.980000E+00 -.627744E+67 0.242875E+01
 -.165794E+01 -.170356E+01 0.319498E+01 -.975600E+00 -.627744E+67 0.238569E+01
 -.172679E+01 -.158346E+01 0.314403E+01 -.972605E+00 -.627744E+67 0.240859E+01
 -.187977E+01 -.150805E+01 0.317372E+01 -.979713E+00 -.627744E+67 0.244296E+01
 -.175142E+01 -.146037E+01 0.314274E+01 -.976132E+00 -.627744E+67 0.239067E+01
 -.184053E+01 -.155624E+01 0.324941E+01 -.980000E+00 -.627744E+67 0.239879E+01
 -.191029E+01 -.240000E+01 0.320000E+01 -.973592E+00 -.627744E+67 0.240109E+01
 -.164830E+01 -.169868E+01 0.319040E+01 -.977644E+00 -.627744E+67 0.220492E+01
 -.173237E+01 -.170413E+01 0.314289E+01 -.972255E+00 -.627744E+67 0.239737E+01
 -.151056E+01 -.124988E+01 0.298240E+01 -.829341E+00 -.627744E+67 0.245000E+01
 -.173321E+01 -.161758E+01 0.320482E+01 -.958353E+00 -.627744E+67 0.241899E+01
 -.172556E+01 -.174839E+01 0.311504E+01 -.974266E+00 -.627744E+67 0.241908E+01
 -.153227E+01 -.161799E+01 0.308844E+01 -.976514E+00 -.627744E+67 0.240692E+01
 -.196438E+01 -.212357E+01 0.317602E+01 -.977842E+00 -.627744E+67 0.236487E+01
 -.216986E+01 -.164222E+01 0.314254E+01 -.965594E+00 -.627744E+67 0.240012E+01
 -.148612E+01 -.155874E+01 0.319408E+01 -.939631E+00 -.627744E+67 0.243879E+01
 -.154062E+01 -.166550E+01 0.319050E+01 -.958405E+00 -.627744E+67 0.242220E+01
 -.400684E+00 -.170627E+01 0.330686E+01 -.885254E+00 -.627744E+67 0.245000E+01
 -.160737E+01 -.150114E+01 0.302841E+01 -.967593E+00 -.627744E+67 0.230837E+01
 -.170136E+01 -.145977E+01 0.320067E+01 -.980000E+00 -.627744E+67 0.244112E+01
 -.218095E+01 -.166622E+01 0.313142E+01 -.975518E+00 -.627744E+67 0.237951E+01
 -.171216E+01 -.144403E+01 0.320880E+01 -.976901E+00 -.627744E+67 0.240585E+01
 -.173473E+01 -.154976E+01 0.291000E+01 -.885671E+00 -.627744E+67 0.243509E+01
 -.198828E+01 -.178313E+01 0.320069E+01 -.886166E+00 -.627744E+67 0.239216E+01
 -.170889E+01 -.170378E+01 0.311120E+01 -.974811E+00 -.627744E+67 0.242920E+01
 -.151305E+01 -.186729E+01 0.310933E+01 -.980000E+00 -.627744E+67 0.229241E+01
 -.228728E+01 -.157924E+01 0.307651E+01 -.777224E+00 -.627744E+67 0.245000E+01
 -.165578E+01 -.119096E+01 0.306515E+01 -.980000E+00 -.627744E+67 0.245000E+01
 -.148268E+01 -.155251E+01 0.311603E+01 -.970986E+00 -.627744E+67 0.245000E+01
 -.165836E+01 -.156548E+01 0.305587E+01 -.978700E+00 -.627744E+67 0.243186E+01
 -.173816E+01 -.166343E+01 0.313836E+01 -.975862E+00 -.627744E+67 0.242908E+01
 -.175642E+01 -.159172E+01 0.314042E+01 -.976386E+00 -.627744E+67 0.241950E+01
 -.180276E+01 -.207428E+01 0.317396E+01 -.956926E+00 -.627744E+67 0.245000E+01
 -.172080E+01 -.165079E+01 0.314151E+01 -.978015E+00 -.627744E+67 0.242450E+01
 -.174095E+01 -.153841E+01 0.313164E+01 -.980000E+00 -.627744E+67 0.241641E+01
 -.286789E+01 -.158303E+01 0.315913E+01 -.976108E+00 -.627744E+67 0.233003E+01
 -.155729E+01 -.152382E+01 0.324897E+01 -.810958E+00 -.627744E+67 0.243315E+01
 -.154800E+01 -.165418E+01 0.313579E+01 -.977228E+00 -.627744E+67 0.239113E+01
 -.192196E+01 -.160373E+01 0.302370E+01 -.980000E+00 -.627744E+67 0.244977E+01
 -.926961E+00 -.166604E+01 0.315560E+01 -.855589E+00 -.627744E+67 0.241015E+01
 -.160027E+01 -.152020E+01 0.313970E+01 -.976472E+00 -.627744E+67 0.239259E+01
 -.172843E+01 -.159508E+01 0.313749E+01 -.979479E+00 -.627744E+67 0.231391E+01
 -.123555E+01 -.156024E+01 0.313855E+01 -.957368E+00 -.627744E+67 0.240536E+01
 -.185628E+01 -.164994E+01 0.305293E+01 -.979296E+00 -.627744E+67 0.242214E+01
 -.163858E+01 -.161842E+01 0.313584E+01 -.975075E+00 -.627744E+67 0.244354E+01
 -.165236E+01 -.155562E+01 0.310941E+01 -.978330E+00 -.627744E+67 0.239354E+01
 -.157926E+01 -.204567E+01 0.312513E+01 -.976566E+00 -.627744E+67 0.242527E+01
 -.171231E+01 -.162758E+01 0.318376E+01 -.967202E+00 -.627744E+67 0.241238E+01
 -.173132E+01 -.157250E+01 0.320391E+01 -.973371E+00 -.627744E+67 0.236771E+01
 -.192906E+01 -.151772E+01 0.320909E+01 -.977222E+00 -.627744E+67 0.243811E+01
 -.174063E+01 -.159775E+01 0.317053E+01 -.936402E+00 -.627744E+67 0.243511E+01
 -.133280E+01 -.169536E+01 0.319637E+01 -.977837E+00 -.627744E+67 0.239814E+01
 -.172207E+01 -.164407E+01 0.314108E+01 -.977086E+00 -.627744E+67 0.240701E+01
 -.177715E+01 -.156694E+01 0.321111E+01 -.977315E+00 -.627744E+67 0.243656E+01
 -.172589E+01 -.132214E+01 0.313837E+01 -.976488E+00 -.627744E+67 0.241273E+01
 -.174301E+01 -.165854E+01 0.311502E+01 -.978511E+00 -.627744E+67 0.242984E+01
 -.189066E+01 -.188181E+01 0.336049E+01 -.976964E+00 -.627744E+67 0.245000E+01
 -.164439E+01 -.165693E+01 0.302465E+01 -.978697E+00 -.627744E+67 0.208557E+01
 -.174170E+01 -.165254E+01 0.316087E+01 -.971440E+00 -.627744E+67 0.241539E+01
 -.149064E+01 -.163777E+01 0.320617E+01 -.836921E+00 -.627744E+67 0.239279E+01
 -.216337E+01 -.163695E+01 0.309942E+01 -.980000E+00 -.627744E+67 0.245000E+01
 -.172511E+01 -.169530E+01 0.311636E+01 -.980000E+00 -.627744E+67 0.242724E+01
 -.143821E+01 -.163019E+01 0.308363E+01 -.975535E+00 -.627744E+67 0.240484E+01
 -.200489E+01 -.164024E+01 0.323195E+01 -.978039E+00 -.627744E+67 0.245000E+01
 -.151963E+01 -.163286E+01 0.313991E+01 -.977122E+00 -.627744E+67 0.238676E+01
 -.154130E+01 -.134089E+01 0.320169E+01 -.966594E+00 -.627744E+67 0.242952E+01
 -.186824E+01 -.173749E+01 0.312198E+01 -.966920E+00 -.627744E+67 0.244375E+01
 -.219559E+00 -.156815E+01 0.324401E+01 -.937540E+00 -.627744E+67 0.238928E+01
 -.170859E+01 -.153178E+01 0.313183E+01 -.980000E+00 -.627744E+67 0.228318E+01
 -.165071E+01 -.142881E+01 0.323971E+01 -.972285E+00 -.627744E+67 0.242555E+01
 -.193409E+01 -.166071E+01 0.310744E+01 -.976531E+00 -.627744E+67 0.241952E+01
 -.170742E+01 -.105143E+01 0.323309E+01 -.976710E+00 -.627744E+67 0.245000E+01
 -.175891E+01 -.145546E+01 0.321000E+01 -.933733E+00 -.627744E+67 0.241107E+01
 -.204278E+01 -.182240E+01 0.319117E+01 -.978088E+00 -.627744E+67 0.245000E+01
 -.151226E+01 -.172345E+01 0.306748E+01 -.974178E+00 -.627744E+67 0.244278E+01
 -.170172E+01 -.191326E+01 0.316484E+01 -.962598E+00 -.627744E+67 0.245000E+01
 -.884106E+00 -.157953E+01 0.303801E+01 -.980000E+00 -.627744E+67 0.243829E+01
 -.171683E+01 -.125013E+01 0.302031E+01 -.927133E+00 -.627744E+67 0.223219E+01
 -.177129E+01 -.159094E+01 0.316993E+01 -.972187E+00 -.627744E+67 0.233098E+01
 -.183851E+01 -.158534E+01 0.322652E+01 -.969821E+00 -.627744E+67 0.244420E+01
 -.173257E+01 -.161950E+01 0.314141E+01 -.974852E+00 -.627744E+67 0.243858E+01
 -.170392E+01 -.158663E+01 0.313984E+01 -.976226E+00 -.627744E+67 0.241811E+01
 -.162364E+01 -.138498E+01 0.319052E+01 -.946345E+00 -.627744E+67 0.241113E+01
 -.173126E+01 -.157965E+01 0.314669E+01 -.978597E+00 -.627744E+67 0.242379E+01
 -.168915E+01 -.174309E+01 0.307814E+01 -.966879E+00 -.627744E+67 0.241694E+01
 -.130465E+01 -.148623E+01 0.315595E+01 -.972920E+00 -.627744E+67 0.220930E+01
 -.130813E+01 -.151205E+01 0.299098E+01 -.870617E+00 -.627744E+67 0.232958E+01
 -.130656E+01 -.164880E+01 0.321461E+01 -.980000E+00 -.627744E+67 0.245000E+01
 -.160873E+01 -.173625E+01 0.308711E+01 -.977038E+00 -.627744E+67 0.245000E+01
 -.176346E+01 -.154741E+01 0.320457E+01 -.972483E+00 -.627744E+67 0.243655E+01
 -.177713E+01 -.154558E+01 0.312940E+01 -.976644E+00 -.627744E+67 0.242450E+01
 -.172440E+01 -.208944E+01 0.313651E+01 -.980000E+00 -.627744E+67 0.240058E+01
 -.954782E+00 -.161571E+01 0.313922E+01 -.980000E+00 -.627744E+67 0.242816E+01
 -.164590E+01 -.165595E+01 0.323212E+01 -.979399E+00 -.627744E+67 0.241530E+01
 -.178110E+01 -.164118E+01 0.317884E+01 -.972115E+00 -.627744E+67 0.243584E+01
 -.176342E+01 -.156922E+01 0.311481E+01 -.977947E+00 -.627744E+67 0.237255E+01
 -.159309E+01 -.188575E+01 0.316554E+01 -.976539E+00 -.627744E+67 0.237845E+01
 -.169696E+01 -.163419E+01 0.308904E+01 -.961145E+00 -.627744E+67 0.239157E+01
 -.176392E+01 -.167668E+01 0.307295E+01 -.974573E+00 -.627744E+67 0.236963E+01
 -.249354E+01 -.176628E+01 0.331001E+01 -.977208E+00 -.627744E+67 0.243220E+01
 -.169207E+01 -.153192E+01 0.314883E+01 -.933394E+00 -.627744E+67 0.243019E+01
 -.115525E+01 -.163532E+01 0.309855E+01 -.977606E+00 -.627744E+67 0.241950E+01
 -.172724E+01 -.169100E+01 0.313756E+01 -.980000E+00 -.627744E+67 0.241430E+01
 -.163189E+01 -.171593E+01 0.312064E+01 -.978131E+00 -.627744E+67 0.243575E+01
 -.171784E+01 -.202214E+01 0.313734E+01 -.977406E+00 -.627744E+67 0.241424E+01
 -.167151E+01 -.170321E+01 0.304461E+01 -.978164E+00 -.627744E+67 0.245000E+01
 -.148556E+01 -.134060E+01 0.308895E+01 -.980000E+00 -.627744E+67 0.236750E+01
 -.167041E+01 -.160076E+01 0.292712E+01 -.979406E+00 -.627744E+67 0.245000E+01
 -.174143E+01 -.160600E+01 0.314423E+01 -.975575E+00 -.627744E+67 0.243019E+01
 -.180594E+01 -.201345E+01 0.325028E+01 -.980000E+00 -.627744E+67 0.235694E+01
 -.160219E+01 -.167964E+01 0.304408E+01 -.959121E+00 -.627744E+67 0.243154E+01
 -.173313E+01 -.159191E+01 0.314996E+01 -.974567E+00 -.627744E+67 0.242393E+01
 -.193249E+01 -.164443E+01 0.307176E+01 -.975931E+00 -.627744E+67 0.242215E+01
 -.152740E+01 -.124946E+01 0.322301E+01 -.979050E+00 -.627744E+67 0.241019E+01
 -.130893E+01 -.163886E+01 0.314009E+01 -.963924E+00 -.627744E+67 0.239999E+01
 -.167570E+01 -.162714E+01 0.317034E+01 -.980000E+00 -.627744E+67 0.244252E+01
 -.207429E+01 -.164971E+01 0.310786E+01 -.961736E+00 -.627744E+67 0.243310E+01
 -.181956E+01 -.146005E+01 0.318744E+01 -.980000E+00 -.627744E+67 0.244757E+01
 -.168012E+01 -.171833E+01 0.303251E+01 -.940313E+00 -.627744E+67 0.231073E+01
 -.182596E+01 -.180381E+01 0.312932E+01 -.977769E+00 -.627744E+67 0.242061E+01
 -.146861E+01 -.165127E+01 0.314480E+01 -.976928E+00 -.627744E+67 0.245000E+01
 -.177370E+01 -.175143E+01 0.315458E+01 -.977122E+00 -.627744E+67 0.238258E+01
 -.178146E+01 -.182006E+01 0.332251E+01 -.980000E+00 -.627744E+67 0.244745E+01
 -.198208E+01 -.175743E+01 0.313090E+01 -.980000E+00 -.627744E+67 0.232843E+01
 -.186352E+01 -.173516E+01 0.312690E+01 -.975494E+00 -.627744E+67 0.242282E+01
 -.200547E+01 -.135642E+01 0.318771E+01 -.955210E+00 -.627744E+67 0.230197E+01
 -.151386E+01 -.164044E+01 0.314497E+01 -.777266E+00 -.627744E+67 0.241725E+01
 -.172163E+01 -.195013E+01 0.302919E+01 -.897321E+00 -.627744E+67 0.226507E+01
 -.196470E+01 -.160966E+01 0.313574E+01 -.977937E+00 -.627744E+67 0.234136E+01
 -.194285E+01 -.162235E+01 0.323642E+01 -.964160E+00 -.627744E+67 0.244132E+01
 -.172649E+01 -.162464E+01 0.314105E+01 -.976227E+00 -.627744E+67 0.240563E+01
 -.170515E+01 -.162221E+01 0.313864E+01 -.977454E+00 -.627744E+67 0.241707E+01
 -.152296E+01 -.147247E+01 0.317503E+01 -.948366E+00 -.627744E+67 0.241825E+01
 -.173922E+01 -.158298E+01 0.314265E+01 -.977954E+00 -.627744E+67 0.241431E+01
 -.166533E+01 -.185310E+01 0.307306E+01 -.954176E+00 -.627744E+67 0.241581E+01
 -.424529E+00 -.157798E+01 0.310109E+01 -.971967E+00 -.627744E+67 0.214537E+01
 -.126882E+01 -.164839E+01 0.300125E+01 -.980000E+00 -.627744E+67 0.231450E+01
 -.148525E+01 -.164625E+01 0.325876E+01 -.964774E+00 -.627744E+67 0.238051E+01
 -.150769E+01 -.181784E+01 0.321791E+01 -.973457E+00 -.627744E+67 0.236763E+01
 -.244241E+01 -.153316E+01 0.314768E+01 -.980000E+00 -.627744E+67 0.245000E+01
 -.189680E+01 -.175777E+01 0.314000E+01 -.976726E+00 -.627744E+67 0.241577E+01
 -.172514E+01 -.240000E+01 0.314065E+01 -.974254E+00 -.627744E+67 0.245000E+01
 -.179393E+01 -.161982E+01 0.313963E+01 -.959567E+00 -.627744E+67 0.243842E+01
 -.160908E+01 -.164868E+01 0.323363E+01 -.977375E+00 -.627744E+67 0.241635E+01
 -.187905E+01 -.165917E+01 0.319861E+01 -.976288E+00 -.627744E+67 0.242884E+01
 -.185261E+01 -.158909E+01 0.313997E+01 -.976937E+00 -.627744E+67 0.240697E+01
 -.178365E+01 -.156841E+01 0.309845E+01 -.979045E+00 -.627744E+67 0.237559E+01
 -.173478E+01 -.164043E+01 0.306424E+01 -.974110E+00 -.627744E+67 0.238284E+01
 -.164801E+01 -.164024E+01 0.301719E+01 -.978080E+00 -.627744E+67 0.235849E+01
 -.145196E+01 -.191923E+01 0.310903E+01 -.975692E+00 -.627744E+67 0.239647E+01
 -.171112E+01 -.161544E+01 0.312698E+01 -.967485E+00 -.627744E+67 0.242749E+01
 -.225015E+01 -.172070E+01 0.312769E+01 -.975120E+00 -.627744E+67 0.238469E+01
 -.173307E+01 -.167864E+01 0.314012E+01 -.975720E+00 -.627744E+67 0.241313E+01
 -.173580E+01 -.172913E+01 0.309892E+01 -.978139E+00 -.627744E+67 0.241980E+01
 -.172859E+01 -.190632E+01 0.313931E+01 -.977483E+00 -.627744E+67 0.240316E+01
 -.168482E+01 -.159462E+01 0.314645E+01 -.978100E+00 -.627744E+67 0.238059E+01
 -.177682E+01 -.108208E+01 0.291893E+01 -.976404E+00 -.627744E+67 0.232886E+01
 -.164993E+01 -.161946E+01 0.296061E+01 -.976930E+00 -.627744E+67 0.214342E+01
 -.172802E+01 -.160517E+01 0.312621E+01 -.980000E+00 -.627744E+67 0.243086E+01
 -.201095E+01 -.183557E+01 0.308421E+01 -.856017E+00 -.627744E+67 0.238211E+01
 -.131709E+01 -.169729E+01 0.320644E+01 -.949704E+00 -.627744E+67 0.240494E+01
 -.173007E+01 -.160486E+01 0.315490E+01 -.973447E+00 -.627744E+67 0.241103E+01
 -.190383E+01 -.162214E+01 0.313295E+01 -.976510E+00 -.627744E+67 0.242601E+01
 -.172775E+01 -.191122E+01 0.317741E+01 -.977785E+00 -.627744E+67 0.241347E+01
 -.213673E+01 -.164554E+01 0.314054E+01 -.962509E+00 -.627744E+67 0.240007E+01
 -.179485E+01 -.187108E+01 0.312030E+01 -.963071E+00 -.627744E+67 0.242468E+01
 -.168154E+01 -.157463E+01 0.322023E+01 -.965130E+00 -.627744E+67 0.241113E+01
 -.301380E+01 -.152292E+01 0.315533E+01 -.943956E+00 -.627744E+67 0.245000E+01
 -.165819E+01 -.168785E+01 0.296640E+01 -.885740E+00 -.627744E+67 0.242739E+01
 -.198764E+01 -.197230E+01 0.317944E+01 -.980000E+00 -.627744E+67 0.242118E+01
 -.139703E+01 -.164079E+01 0.320329E+01 -.976690E+00 -.627744E+67 0.240412E+01
 -.181696E+01 -.223032E+01 0.308047E+01 -.977132E+00 -.627744E+67 0.237130E+01
 -.177114E+01 -.184036E+01 0.323598E+01 -.890955E+00 -.627744E+67 0.245000E+01
 -.189446E+01 -.156732E+01 0.308242E+01 -.946944E+00 -.627744E+67 0.230033E+01
 -.194948E+01 -.156676E+01 0.316772E+01 -.976807E+00 -.627744E+67 0.241359E+01
 -.172142E+01 -.136362E+01 0.313507E+01 -.980000E+00 -.627744E+67 0.235058E+01
 -.221015E+01 -.165940E+01 0.314497E+01 -.875774E+00 -.627744E+67 0.243345E+01
 -.171786E+01 -.183507E+01 0.306486E+01 -.910075E+00 -.627744E+67 0.240291E+01
 -.190335E+01 -.160974E+01 0.303845E+01 -.977731E+00 -.627744E+67 0.238983E+01
 -.197778E+01 -.166454E+01 0.309893E+01 -.979093E+00 -.627744E+67 0.241559E+01
 -.172452E+01 -.165838E+01 0.313774E+01 -.977931E+00 -.627744E+67 0.239611E+01
 -.173469E+01 -.168870E+01 0.313964E+01 -.980000E+00 -.627744E+67 0.242223E+01
 -.153177E+01 -.192567E+01 0.313848E+01 -.964314E+00 -.627744E+67 0.245000E+01
 -.172161E+01 -.166912E+01 0.313755E+01 -.975969E+00 -.627744E+67 0.240963E+01
 -.168471E+01 -.154163E+01 0.314280E+01 -.960189E+00 -.627744E+67 0.241443E+01
 -.825835E+00 -.163462E+01 0.295920E+01 -.977196E+00 -.627744E+67 0.230488E+01
 -.176635E+01 -.174161E+01 0.306269E+01 -.867135E+00 -.627744E+67 0.239296E+01
 -.198807E+01 -.164854E+01 0.309055E+01 -.961720E+00 -.627744E+67 0.242712E+01
 -.187967E+01 -.177362E+01 0.326999E+01 -.973194E+00 -.627744E+67 0.237241E+01
 -.182751E+01 -.167980E+01 0.310543E+01 -.931988E+00 -.627744E+67 0.240883E+01
 -.169874E+01 -.171074E+01 0.314740E+01 -.976616E+00 -.627744E+67 0.238787E+01
 -.173481E+01 -.170000E+01 0.314262E+01 -.977675E+00 -.627744E+67 0.235400E+01
 -.244516E+01 -.163501E+01 0.314001E+01 -.962852E+00 -.627744E+67 0.243630E+01
 -.187131E+01 -.162838E+01 0.314251E+01 -.976667E+00 -.627744E+67 0.242759E+01
 -.172291E+01 -.165266E+01 0.317841E+01 -.973878E+00 -.627744E+67 0.240734E+01
 -.176773E+01 -.160275E+01 0.314355E+01 -.976227E+00 -.627744E+67 0.242980E+01
 -.182532E+01 -.145361E+01 0.308365E+01 -.979523E+00 -.627744E+67 0.243567E+01
 -.171454E+01 -.164195E+01 0.316361E+01 -.980000E+00 -.627744E+67 0.243011E+01
 -.158268E+01 -.154760E+01 0.309443E+01 -.979841E+00 -.627744E+67 0.240155E+01
 -.995307E+00 -.142576E+01 0.299896E+01 -.975715E+00 -.627744E+67 0.241716E+01
 -.172824E+01 -.168393E+01 0.312813E+01 -.980000E+00 -.627744E+67 0.241285E+01
 -.287437E+01 -.173416E+01 0.319089E+01 -.974410E+00 -.627744E+67 0.236575E+01
 -.172764E+01 -.158707E+01 0.314315E+01 -.973484E+00 -.627744E+67 0.241033E+01
 -.183752E+01 -.156479E+01 0.323183E+01 -.978737E+00 -.627744E+67 0.242845E+01
 -.173929E+01 -.147630E+01 0.314144E+01 -.976233E+00 -.627744E+67 0.239212E+01
 -.185142E+01 -.150804E+01 0.326047E+01 -.977402E+00 -.627744E+67 0.241146E+01
 -.196754E+01 -.178208E+01 0.321893E+01 -.974221E+00 -.627744E+67 0.245000E+01
 -.169621E+01 -.170084E+01 0.317624E+01 -.975170E+00 -.627744E+67 0.206891E+01
 -.173796E+01 -.161678E+01 0.312982E+01 -.970557E+00 -.627744E+67 0.241514E+01
 -.139725E+01 -.149554E+01 0.294866E+01 -.915929E+00 -.627744E+67 0.245000E+01
 -.158523E+01 -.161446E+01 0.327639E+01 -.980000E+00 -.627744E+67 0.245000E+01
 -.172356E+01 -.163023E+01 0.313846E+01 -.977893E+00 -.627744E+67 0.241239E+01
 -.138502E+01 -.160425E+01 0.311989E+01 -.975793E+00 -.627744E+67 0.241717E+01
 -.204515E+01 -.219046E+01 0.314397E+01 -.977406E+00 -.627744E+67 0.244541E+01
 -.223835E+01 -.164333E+01 0.314350E+01 -.960417E+00 -.627744E+67 0.241167E+01
 -.171283E+01 -.181498E+01 0.316660E+01 -.980000E+00 -.627744E+67 0.242534E+01
 -.150896E+01 -.166588E+01 0.326040E+01 -.959787E+00 -.627744E+67 0.242466E+01
 -.141380E+01 -.169033E+01 0.317231E+01 -.953589E+00 -.627744E+67 0.241798E+01
 -.156358E+01 -.165283E+01 0.309132E+01 -.963476E+00 -.627744E+67 0.245000E+01
 -.163336E+01 -.158148E+01 0.322099E+01 -.976287E+00 -.627744E+67 0.241627E+01
 -.166580E+01 -.164396E+01 0.317991E+01 -.976282E+00 -.627744E+67 0.244259E+01
 -.182067E+01 -.215566E+01 0.318324E+01 -.978038E+00 -.627744E+67 0.242480E+01
 -.173368E+01 -.153808E+01 0.300325E+01 -.881463E+00 -.627744E+67 0.241403E+01
 -.181998E+01 -.146012E+01 0.309538E+01 -.946000E+00 -.627744E+67 0.230175E+01
 -.173512E+01 -.163441E+01 0.312787E+01 -.977817E+00 -.627744E+67 0.243035E+01
 -.164363E+01 -.175540E+01 0.309953E+01 -.956362E+00 -.627744E+67 0.245000E+01
 -.231128E+01 -.162687E+01 0.309669E+01 -.980000E+00 -.627744E+67 0.243989E+01
 -.170018E+01 -.159631E+01 0.309180E+01 -.980000E+00 -.627744E+67 0.243011E+01
 -.133861E+01 -.162967E+01 0.297686E+01 -.976227E+00 -.627744E+67 0.241009E+01
 -.183077E+01 -.161742E+01 0.308025E+01 -.980000E+00 -.627744E+67 0.241212E+01
 -.173165E+01 -.165652E+01 0.313850E+01 -.976364E+00 -.627744E+67 0.243847E+01
 -.175624E+01 -.168310E+01 0.314038E+01 -.974817E+00 -.627744E+67 0.242314E+01
 -.171580E+01 -.221025E+01 0.315009E+01 -.977962E+00 -.627744E+67 0.243437E+01
 -.170717E+01 -.173194E+01 0.313793E+01 -.976839E+00 -.627744E+67 0.242968E+01
 -.175187E+01 -.152355E+01 0.318905E+01 -.980000E+00 -.627744E+67 0.241503E+01
 -.145344E+01 -.154589E+01 0.298466E+01 -.975688E+00 -.627744E+67 0.239675E+01
 -.213647E+01 -.171498E+01 0.316200E+01 -.843385E+00 -.627744E+67 0.245000E+01
 -.214050E+01 -.165572E+01 0.304085E+01 -.975463E+00 -.627744E+67 0.245000E+01
 -.211503E+01 -.161256E+01 0.316632E+01 -.974764E+00 -.627744E+67 0.242435E+01
 -.115498E+01 -.172477E+01 0.321922E+01 -.909283E+00 -.627744E+67 0.238982E+01
 -.161419E+01 -.157146E+01 0.313483E+01 -.976393E+00 -.627744E+67 0.240404E+01
 -.173251E+01 -.100000E+01 0.314129E+01 -.980000E+00 -.627744E+67 0.236358E+01
 -.220398E+01 -.163720E+01 0.313952E+01 -.980000E+00 -.627744E+67 0.243324E+01
 -.176420E+01 -.164090E+01 0.308225E+01 -.977310E+00 -.627744E+67 0.242292E+01
 -.166245E+01 -.164230E+01 0.311398E+01 -.974116E+00 -.627744E+67 0.240985E+01
 -.168966E+01 -.164695E+01 0.314551E+01 -.975766E+00 -.627744E+67 0.244771E+01
 -.160289E+01 -.176970E+01 0.308711E+01 -.978945E+00 -.627744E+67 0.242343E+01
 -.171522E+01 -.163463E+01 0.315946E+01 -.964915E+00 -.627744E+67 0.242631E+01
 -.157086E+01 -.165030E+01 0.317631E+01 -.978715E+00 -.627744E+67 0.238910E+01
 -.211771E+01 -.155735E+01 0.321110E+01 -.976440E+00 -.627744E+67 0.243505E+01
 -.174370E+01 -.173913E+01 0.313298E+01 -.961151E+00 -.627744E+67 0.240272E+01
 -.195457E+01 -.164318E+01 0.322602E+01 -.976022E+00 -.627744E+67 0.239444E+01
 -.171917E+01 -.152509E+01 0.314351E+01 -.974906E+00 -.627744E+67 0.240821E+01
 -.173848E+01 -.146713E+01 0.324998E+01 -.979095E+00 -.627744E+67 0.242527E+01
 -.172870E+01 -.135321E+01 0.314071E+01 -.976227E+00 -.627744E+67 0.237890E+01
 -.188871E+01 -.163234E+01 0.331101E+01 -.978158E+00 -.627744E+67 0.245000E+01
 -.157186E+01 -.228420E+01 0.333568E+01 -.978837E+00 -.627744E+67 0.235303E+01
 -.174710E+01 -.172792E+01 0.330049E+01 -.978113E+00 -.627744E+67 0.213667E+01
 -.174257E+01 -.165469E+01 0.314313E+01 -.968971E+00 -.627744E+67 0.240377E+01
 -.132039E+01 -.140170E+01 0.303627E+01 -.977493E+00 -.627744E+67 0.236628E+01
 -.212069E+01 -.156675E+01 0.313353E+01 -.952191E+00 -.627744E+67 0.238169E+01
 -.171971E+01 -.165996E+01 0.312639E+01 -.980000E+00 -.627744E+67 0.242071E+01
 -.130782E+01 -.161843E+01 0.305180E+01 -.975022E+00 -.627744E+67 0.241246E+01
 -.197263E+01 -.215276E+01 0.313402E+01 -.977107E+00 -.627744E+67 0.243849E+01
 -.190975E+01 -.163958E+01 0.314347E+01 -.979098E+00 -.627744E+67 0.241705E+01
 -.160992E+01 -.147721E+01 0.318346E+01 -.970590E+00 -.627744E+67 0.242431E+01
 -.144248E+01 -.169903E+01 0.316333E+01 -.957640E+00 -.627744E+67 0.243486E+01
 -.731918E+00 -.167817E+01 0.320303E+01 -.980000E+00 -.627744E+67 0.242434E+01
 -.159491E+01 -.153450E+01 0.313298E+01 -.980000E+00 -.627744E+67 0.236662E+01
 -.164589E+01 -.132963E+01 0.319603E+01 -.975145E+00 -.627744E+67 0.241772E+01
 -.191261E+01 -.164201E+01 0.312174E+01 -.975324E+00 -.627744E+67 0.245000E+01
 -.181186E+01 -.145566E+01 0.330016E+01 -.978730E+00 -.627744E+67 0.245000E+01
 -.171964E+01 -.146104E+01 0.302559E+01 -.980000E+00 -.627744E+67 0.241534E+01
 -.169783E+01 -.150095E+01 0.313147E+01 -.963030E+00 -.627744E+67 0.244757E+01
 -.155542E+01 -.169479E+01 0.310949E+01 -.978536E+00 -.627744E+67 0.242755E+01
 -.172094E+01 -.196234E+01 0.315265E+01 -.960167E+00 -.627744E+67 0.229072E+01
 -.164998E+01 -.159300E+01 0.302947E+01 -.824866E+00 -.627744E+67 0.244274E+01
 -.164229E+01 -.151554E+01 0.312238E+01 -.925599E+00 -.627744E+67 0.234527E+01
 -.106297E+01 -.157126E+01 0.326188E+01 -.972007E+00 -.627744E+67 0.235596E+01
 -.163717E+01 -.160250E+01 0.329243E+01 -.961372E+00 -.627744E+67 0.245000E+01
 -.173663E+01 -.160944E+01 0.314034E+01 -.975481E+00 -.627744E+67 0.242565E+01
 -.175222E+01 -.161303E+01 0.313986E+01 -.980000E+00 -.627744E+67 0.242416E+01
 -.190811E+01 -.156091E+01 0.316450E+01 -.980000E+00 -.627744E+67 0.242022E+01
 -.172423E+01 -.161838E+01 0.314188E+01 -.978037E+00 -.627744E+67 0.242869E+01
 -.177003E+01 -.166111E+01 0.314105E+01 -.959584E+00 -.627744E+67 0.241874E+01
 -.243582E+01 -.158569E+01 0.303552E+01 -.973108E+00 -.627744E+67 0.231179E+01
 -.205984E+01 -.165630E+01 0.317661E+01 -.838923E+00 -.627744E+67 0.234543E+01
 -.144339E+01 -.163626E+01 0.313889E+01 -.980000E+00 -.627744E+67 0.240179E+01
 -.181341E+01 -.160607E+01 0.304651E+01 -.979247E+00 -.627744E+67 0.244854E+01
 -.145210E+01 -.160885E+01 0.326846E+01 -.980000E+00 -.627744E+67 0.245000E+01
 -.186170E+01 -.155984E+01 0.313212E+01 -.976499E+00 -.627744E+67 0.242211E+01
 -.172402E+01 -.102381E+01 0.313756E+01 -.975681E+00 -.627744E+67 0.238812E+01
 -.923809E+00 -.162882E+01 0.313934E+01 -.949769E+00 -.627744E+67 0.242533E+01
 -.166168E+01 -.165541E+01 0.313060E+01 -.978204E+00 -.627744E+67 0.241989E+01
 -.179630E+01 -.162831E+01 0.311515E+01 -.974618E+00 -.627744E+67 0.244415E+01
 -.163949E+01 -.165008E+01 0.314271E+01 -.976294E+00 -.627744E+67 0.242211E+01
 -.149728E+01 -.182279E+01 0.313668E+01 -.978865E+00 -.627744E+67 0.237668E+01
 -.173503E+01 -.163123E+01 0.308822E+01 -.961018E+00 -.627744E+67 0.240930E+01
 -.180461E+01 -.170372E+01 0.318412E+01 -.975484E+00 -.627744E+67 0.238161E+01
 -.281985E+01 -.187956E+01 0.333959E+01 -.976387E+00 -.627744E+67 0.243897E+01
 -.171938E+01 -.163658E+01 0.313367E+01 -.972764E+00 -.627744E+67 0.241096E+01
 -.884732E+00 -.162199E+01 0.319223E+01 -.977756E+00 -.627744E+67 0.244050E+01
 -.172938E+01 -.161238E+01 0.313756E+01 -.977340E+00 -.627744E+67 0.241081E+01
 -.166946E+01 -.180859E+01 0.301988E+01 -.976872E+00 -.627744E+67 0.244503E+01
 -.172162E+01 -.147978E+01 0.313941E+01 -.976946E+00 -.627744E+67 0.239557E+01
 -.156803E+01 -.172650E+01 0.307738E+01 -.977038E+00 -.627744E+67 0.241588E+01
 -.143395E+01 -.158420E+01 0.303568E+01 -.980000E+00 -.627744E+67 0.239995E+01
 -.161149E+01 -.167633E+01 0.320185E+01 -.980000E+00 -.627744E+67 0.245000E+01
 -.174373E+01 -.163498E+01 0.315160E+01 -.979129E+00 -.627744E+67 0.242734E+01
 -.185102E+01 -.153826E+01 0.312414E+01 -.934719E+00 -.627744E+67 0.231450E+01
 -.197498E+01 -.165605E+01 0.302978E+01 -.980000E+00 -.627744E+67 0.239816E+01
 -.173880E+01 -.165745E+01 0.312569E+01 -.975141E+00 -.627744E+67 0.241267E+01
 -.186010E+01 -.162731E+01 0.307563E+01 -.974875E+00 -.627744E+67 0.241575E+01
 -.186996E+01 -.154997E+01 0.314444E+01 -.980000E+00 -.627744E+67 0.243182E+01
 -.155663E+01 -.163946E+01 0.314204E+01 -.964799E+00 -.627744E+67 0.239960E+01
 -.172224E+01 -.135928E+01 0.312696E+01 -.976060E+00 -.627744E+67 0.242695E+01
 -.191053E+01 -.159839E+01 0.308528E+01 -.955500E+00 -.627744E+67 0.242679E+01
 -.796704E+00 -.156074E+01 0.320188E+01 -.955770E+00 -.627744E+67 0.244864E+01
 -.168897E+01 -.163452E+01 0.298517E+01 -.870020E+00 -.627744E+67 0.238397E+01
 -.195199E+01 -.145469E+01 0.318463E+01 -.978090E+00 -.627744E+67 0.243036E+01
 -.183345E+01 -.166114E+01 0.311402E+01 -.979202E+00 -.627744E+67 0.243146E+01
 -.176831E+01 -.134130E+01 0.315264E+01 -.978813E+00 -.627744E+67 0.242178E+01
 -.175846E+01 -.155507E+01 0.332559E+01 -.885236E+00 -.627744E+67 0.245000E+01
 -.161677E+01 -.160427E+01 0.318679E+01 -.978556E+00 -.627744E+67 0.245000E+01
 -.158511E+01 -.166119E+01 0.312413E+01 -.979025E+00 -.627744E+67 0.242846E+01
 -.191976E+01 -.176203E+01 0.319411E+01 -.980000E+00 -.627744E+67 0.227737E+01
 -.115261E+01 -.156513E+01 0.311999E+01 -.936961E+00 -.627744E+67 0.244094E+01
 -.171394E+01 -.184071E+01 0.314666E+01 -.915649E+00 -.627744E+67 0.238480E+01
 -.227780E+01 -.153019E+01 0.313918E+01 -.971322E+00 -.627744E+67 0.237525E+01
 -.175868E+01 -.163724E+01 0.325428E+01 -.965961E+00 -.627744E+67 0.241683E+01
 -.173766E+01 -.159939E+01 0.314513E+01 -.979789E+00 -.627744E+67 0.240984E+01
 -.173001E+01 -.160351E+01 0.314007E+01 -.976415E+00 -.627744E+67 0.242464E+01
 -.194111E+01 -.134035E+01 0.317735E+01 -.956509E+00 -.627744E+67 0.245000E+01
 -.175552E+01 -.158318E+01 0.315715E+01 -.980000E+00 -.627744E+67 0.242531E+01
 -.178456E+01 -.174823E+01 0.311683E+01 -.956292E+00 -.627744E+67 0.242811E+01
 -.304744E+01 -.154847E+01 0.300066E+01 -.976803E+00 -.627744E+67 0.213764E+01
 -.145068E+01 -.166274E+01 0.314862E+01 -.939884E+00 -.627744E+67 0.235507E+01
 -.114540E+01 -.163315E+01 0.326089E+01 -.971919E+00 -.627744E+67 0.236746E+01
 -.156004E+01 -.177084E+01 0.304668E+01 -.980000E+00 -.627744E+67 0.244933E+01
 -.214094E+01 -.154224E+01 0.320626E+01 -.921033E+00 -.627744E+67 0.239376E+01
 -.186324E+01 -.169575E+01 0.316147E+01 -.976755E+00 -.627744E+67 0.244178E+01
 -.171794E+01 -.172381E+01 0.314490E+01 -.975400E+00 -.627744E+67 0.243329E+01
 -.605652E+00 -.162061E+01 0.314079E+01 -.939292E+00 -.627744E+67 0.242703E+01
 -.180948E+01 -.163876E+01 0.326406E+01 -.980000E+00 -.627744E+67 0.243095E+01
 -.185535E+01 -.162642E+01 0.317444E+01 -.975553E+00 -.627744E+67 0.244523E+01
 -.172230E+01 -.162809E+01 0.314482E+01 -.980000E+00 -.627744E+67 0.241102E+01
 -.189838E+01 -.177229E+01 0.312108E+01 -.979886E+00 -.627744E+67 0.241186E+01
 -.172769E+01 -.163133E+01 0.314310E+01 -.980000E+00 -.627744E+67 0.241954E+01
 -.191315E+01 -.158226E+01 0.302700E+01 -.974872E+00 -.627744E+67 0.243469E+01
 -.238583E+01 -.164024E+01 0.303959E+01 -.977112E+00 -.627744E+67 0.242159E+01
 -.171969E+01 -.155231E+01 0.314365E+01 -.980000E+00 -.627744E+67 0.242132E+01
 -.113129E+01 -.175692E+01 0.310990E+01 -.977577E+00 -.627744E+67 0.240488E+01
 -.174189E+01 -.168743E+01 0.315312E+01 -.980000E+00 -.627744E+67 0.242921E+01
 -.165028E+01 -.195244E+01 0.313171E+01 -.977758E+00 -.627744E+67 0.245000E+01
 -.173358E+01 -.199686E+01 0.314418E+01 -.977957E+00 -.627744E+67 0.240744E+01
 -.165462E+01 -.168736E+01 0.300409E+01 -.979821E+00 -.627744E+67 0.240850E+01
 -.215001E+01 -.121132E+01 0.299494E+01 -.977501E+00 -.627744E+67 0.245000E+01
 -.156564E+01 -.160522E+01 0.299826E+01 -.978494E+00 -.627744E+67 0.203442E+01
 -.174467E+01 -.161899E+01 0.315847E+01 -.980000E+00 -.627744E+67 0.244645E+01
 -.199252E+01 -.188001E+01 0.317489E+01 -.884371E+00 -.627744E+67 0.243708E+01
 -.163053E+01 -.171351E+01 0.312252E+01 -.962586E+00 -.627744E+67 0.245000E+01
 -.175652E+01 -.164779E+01 0.317003E+01 -.973057E+00 -.627744E+67 0.242381E+01
 -.216272E+01 -.163184E+01 0.310421E+01 -.980000E+00 -.627744E+67 0.242142E+01
 -.170806E+01 -.124710E+01 0.317889E+01 -.978062E+00 -.627744E+67 0.243516E+01
 -.164971E+01 -.163429E+01 0.315392E+01 -.958105E+00 -.627744E+67 0.239641E+01
 -.178091E+01 -.162716E+01 0.310088E+01 -.980000E+00 -.627744E+67 0.245000E+01
 -.216797E+01 -.153613E+01 0.312906E+01 -.950287E+00 -.627744E+67 0.243030E+01
 -.231938E+01 -.151339E+01 0.323249E+01 -.980000E+00 -.627744E+67 0.245000E+01
 -.171162E+01 -.170979E+01 0.297859E+01 -.832134E+00 -.627744E+67 0.240463E+01
 -.205362E+01 -.183367E+01 0.319281E+01 -.980000E+00 -.627744E+67 0.243781E+01
 -.163772E+01 -.166551E+01 0.315217E+01 -.979292E+00 -.627744E+67 0.242395E+01
 -.171911E+01 -.204130E+01 0.303836E+01 -.978347E+00 -.627744E+67 0.242304E+01
 -.178880E+01 -.185085E+01 0.333337E+01 -.931917E+00 -.627744E+67 0.241783E+01
 -.173811E+01 -.168107E+01 0.312529E+01 -.980000E+00 -.627744E+67 0.236765E+01
 -.200054E+01 -.159944E+01 0.316267E+01 -.978946E+00 -.627744E+67 0.243083E+01
 -.205036E+01 -.130025E+01 0.316608E+01 -.968799E+00 -.627744E+67 0.238508E+01
 -.199669E+01 -.163772E+01 0.315542E+01 -.980000E+00 -.627744E+67 0.243117E+01
 -.179666E+01 -.194843E+01 0.315043E+01 -.967836E+00 -.627744E+67 0.241303E+01
 -.248240E+01 -.158579E+01 0.295820E+01 -.979087E+00 -.627744E+67 0.238334E+01
 -.190134E+01 -.164253E+01 0.308579E+01 -.973524E+00 -.627744E+67 0.243031E+01
 -.173779E+01 -.161698E+01 0.314340E+01 -.980000E+00 -.627744E+67 0.240619E+01
 -.172614E+01 -.165256E+01 0.314336E+01 -.977160E+00 -.627744E+67 0.242861E+01
 -.164123E+01 -.176689E+01 0.316534E+01 -.952035E+00 -.627744E+67 0.243157E+01
 -.173379E+01 -.166994E+01 0.314390E+01 -.975307E+00 -.627744E+67 0.242385E+01
 -.171424E+01 -.157005E+01 0.313965E+01 -.977881E+00 -.627744E+67 0.242465E+01
 -.144744E+01 -.156047E+01 0.301626E+01 -.976826E+00 -.627744E+67 0.243785E+01
 -.136918E+01 -.170893E+01 0.305965E+01 -.980000E+00 -.627744E+67 0.244256E+01
 -.251179E+01 -.166035E+01 0.326411E+01 -.965712E+00 -.627744E+67 0.238323E+01
 -.151262E+01 -.187187E+01 0.310508E+01 -.977202E+00 -.627744E+67 0.239272E+01
 -.233861E+01 -.159488E+01 0.309319E+01 -.939837E+00 -.627744E+67 0.240337E+01
 -.167328E+01 -.170537E+01 0.316817E+01 -.976835E+00 -.627744E+67 0.243655E+01
 -.173358E+01 -.217911E+01 0.315910E+01 -.978172E+00 -.627744E+67 0.245000E+01
 -.159602E+01 -.161739E+01 0.315247E+01 -.948668E+00 -.627744E+67 0.243918E+01
 -.181172E+01 -.162559E+01 0.317967E+01 -.977052E+00 -.627744E+67 0.243403E+01
 -.175589E+01 -.163226E+01 0.320163E+01 -.975663E+00 -.627744E+67 0.243143E+01
 -.179135E+01 -.161152E+01 0.314726E+01 -.977866E+00 -.627744E+67 0.240860E+01
 -.192721E+01 -.166538E+01 0.313424E+01 -.979980E+00 -.627744E+67 0.244199E+01
 -.174542E+01 -.163227E+01 0.319337E+01 -.962917E+00 -.627744E+67 0.243431E+01
 -.165264E+01 -.152708E+01 0.302247E+01 -.974758E+00 -.627744E+67 0.237502E+01
 -.157656E+01 -.155933E+01 0.296458E+01 -.979816E+00 -.627744E+67 0.240877E+01
 -.175520E+01 -.161403E+01 0.314774E+01 -.965423E+00 -.627744E+67 0.242081E+01
 -.181101E+01 -.184510E+01 0.311700E+01 -.976737E+00 -.627744E+67 0.240569E+01
 -.174746E+01 -.166718E+01 0.315185E+01 -.975155E+00 -.627744E+67 0.242488E+01
 -.183258E+01 -.155917E+01 0.329434E+01 -.980000E+00 -.627744E+67 0.243083E+01
 -.174693E+01 -.150601E+01 0.315241E+01 -.978723E+00 -.627744E+67 0.243902E+01
 -.187053E+01 -.156287E+01 0.306894E+01 -.980000E+00 -.627744E+67 0.244070E+01
 -.192151E+01 -.163596E+01 0.307708E+01 -.977907E+00 -.627744E+67 0.239375E+01
 -.169874E+01 -.165142E+01 0.305985E+01 -.979224E+00 -.627744E+67 0.210669E+01
 -.174297E+01 -.162971E+01 0.315323E+01 -.975670E+00 -.627744E+67 0.243298E+01
 -.188541E+01 -.190399E+01 0.296539E+01 -.903232E+00 -.627744E+67 0.245000E+01
 -.145080E+01 -.170958E+01 0.326042E+01 -.973415E+00 -.627744E+67 0.238534E+01
 -.176299E+01 -.161261E+01 0.317672E+01 -.977254E+00 -.627744E+67 0.243715E+01
 -.129123E+01 -.161938E+01 0.312780E+01 -.970565E+00 -.627744E+67 0.242747E+01
 -.162846E+01 -.159440E+01 0.321322E+01 -.978994E+00 -.627744E+67 0.244691E+01
 -.198613E+01 -.164043E+01 0.315873E+01 -.974349E+00 -.627744E+67 0.240424E+01
 -.179728E+01 -.184505E+01 0.309087E+01 -.976697E+00 -.627744E+67 0.240406E+01
 -.176567E+01 -.167669E+01 0.319764E+01 -.956454E+00 -.627744E+67 0.243320E+01
 -.292044E+01 -.157441E+01 0.315534E+01 -.966551E+00 -.627744E+67 0.242719E+01
 -.168058E+01 -.168932E+01 0.311138E+01 -.980000E+00 -.627744E+67 0.240173E+01
 -.176485E+01 -.182882E+01 0.317621E+01 -.977870E+00 -.627744E+67 0.244247E+01
 -.158776E+01 -.166572E+01 0.319960E+01 -.977705E+00 -.627744E+67 0.244736E+01
 -.178817E+01 -.176140E+01 0.302123E+01 -.978809E+00 -.627744E+67 0.244996E+01
 -.178727E+01 -.178638E+01 0.318236E+01 -.970785E+00 -.627744E+67 0.240344E+01
 -.184059E+01 -.170816E+01 0.307631E+01 -.977619E+00 -.627744E+67 0.237093E+01
 -.196098E+01 -.164807E+01 0.318020E+01 -.978357E+00 -.627744E+67 0.243199E+01
 -.188084E+01 -.148026E+01 0.310635E+01 -.964589E+00 -.627744E+67 0.245000E+01
 -.184515E+01 -.169034E+01 0.310348E+01 -.862811E+00 -.627744E+67 0.242803E+01
 -.159134E+01 -.155187E+01 0.306047E+01 -.980000E+00 -.627744E+67 0.238876E+01
 -.197942E+01 -.163957E+01 0.296068E+01 -.980000E+00 -.627744E+67 0.238125E+01
 -.189739E+01 -.162236E+01 0.305229E+01 -.980000E+00 -.627744E+67 0.245000E+01
 -.174259E+01 -.163877E+01 0.314164E+01 -.977565E+00 -.627744E+67 0.242740E+01
 -.174711E+01 -.167058E+01 0.314488E+01 -.980000E+00 -.627744E+67 0.242252E+01
 -.152380E+01 -.202235E+01 0.315287E+01 -.980000E+00 -.627744E+67 0.242093E+01
 -.171548E+01 -.170585E+01 0.314081E+01 -.978142E+00 -.627744E+67 0.242546E+01
 -.169668E+01 -.148794E+01 0.316048E+01 -.980000E+00 -.627744E+67 0.241385E+01
 -.220628E+00 -.154984E+01 0.309289E+01 -.972653E+00 -.627744E+67 0.245000E+01
 -.201447E+01 -.168790E+01 0.305908E+01 -.772271E+00 -.627744E+67 0.245000E+01
 -.289442E+01 -.167500E+01 0.315580E+01 -.978183E+00 -.627744E+67 0.245000E+01
 -.191763E+01 -.192755E+01 0.319832E+01 -.975804E+00 -.627744E+67 0.237282E+01
 -.163721E+01 -.166161E+01 0.311085E+01 -.980000E+00 -.627744E+67 0.245000E+01
 -.157703E+01 -.159665E+01 0.311717E+01 -.977819E+00 -.627744E+67 0.237047E+01
 -.174065E+01 -.175313E+01 0.316739E+01 -.980000E+00 -.627744E+67 0.239213E+01
 -.272139E+01 -.161995E+01 0.315401E+01 -.971711E+00 -.627744E+67 0.243312E+01
 -.171587E+01 -.161891E+01 0.309046E+01 -.975710E+00 -.627744E+67 0.242831E+01
 -.168663E+01 -.164511E+01 0.312859E+01 -.974483E+00 -.627744E+67 0.241539E+01
 -.172669E+01 -.163699E+01 0.315130E+01 -.979371E+00 -.627744E+67 0.243105E+01
 -.142089E+01 -.158960E+01 0.314624E+01 -.979839E+00 -.627744E+67 0.245000E+01
 -.174368E+01 -.163327E+01 0.315641E+01 -.966739E+00 -.627744E+67 0.243167E+01
 -.153358E+01 -.164808E+01 0.313854E+01 -.980000E+00 -.627744E+67 0.237456E+01
 -.114356E+01 -.183640E+01 0.295929E+01 -.975143E+00 -.627744E+67 0.243342E+01
 -.173219E+01 -.169228E+01 0.315297E+01 -.980000E+00 -.627744E+67 0.240935E+01
 -.229942E+01 -.179310E+01 0.315540E+01 -.976288E+00 -.627744E+67 0.241651E+01
 -.173055E+01 -.161655E+01 0.314058E+01 -.976974E+00 -.627744E+67 0.240791E+01
 -.183294E+01 -.136712E+01 0.339758E+01 -.977886E+00 -.627744E+67 0.242591E+01
 -.173975E+01 -.147012E+01 0.314040E+01 -.977358E+00 -.627744E+67 0.238602E+01
 -.182251E+01 -.152582E+01 0.325790E+01 -.978417E+00 -.627744E+67 0.245000E+01
 -.130611E+01 -.204972E+01 0.316473E+01 -.978542E+00 -.627744E+67 0.242189E+01
 -.178853E+01 -.171168E+01 0.321459E+01 -.980000E+00 -.627744E+67 0.230389E+01
 -.174242E+01 -.164384E+01 0.314539E+01 -.979099E+00 -.627744E+67 0.241038E+01
 -.134666E+01 -.155134E+01 0.295724E+01 -.969430E+00 -.627744E+67 0.239467E+01
 -.189991E+01 -.157312E+01 0.310413E+01 -.980000E+00 -.627744E+67 0.238631E+01
 -.170953E+01 -.161991E+01 0.316693E+01 -.980000E+00 -.627744E+67 0.241720E+01
 -.102199E+01 -.161882E+01 0.307971E+01 -.973059E+00 -.627744E+67 0.242125E+01
 -.189687E+01 -.196069E+01 0.316825E+01 -.980000E+00 -.627744E+67 0.243564E+01
 -.200885E+01 -.164220E+01 0.315553E+01 -.980000E+00 -.627744E+67 0.240466E+01
 -.166846E+01 -.155775E+01 0.321028E+01 -.980000E+00 -.627744E+67 0.240984E+01
 -.140446E+01 -.174241E+01 0.317855E+01 -.962893E+00 -.627744E+67 0.243323E+01
 -.194654E+01 -.170251E+01 0.320674E+01 -.980000E+00 -.627744E+67 0.242902E+01
 -.174260E+01 -.163962E+01 0.321878E+01 -.907230E+00 -.627744E+67 0.242444E+01
 -.153662E+01 -.174151E+01 0.319616E+01 -.978882E+00 -.627744E+67 0.242182E+01
 -.191687E+01 -.162109E+01 0.316425E+01 -.977467E+00 -.627744E+67 0.245000E+01
 -.184159E+01 -.144884E+01 0.321635E+01 -.979265E+00 -.627744E+67 0.243299E+01
 -.174034E+01 -.163422E+01 0.301789E+01 -.980000E+00 -.627744E+67 0.244535E+01
 -.181493E+01 -.161769E+01 0.305729E+01 -.979916E+00 -.627744E+67 0.244180E+01
 -.166676E+01 -.167175E+01 0.312558E+01 -.978220E+00 -.627744E+67 0.243204E+01
 -.169056E+01 -.180069E+01 0.310368E+01 -.980000E+00 -.627744E+67 0.240129E+01
 -.152835E+01 -.169845E+01 0.307861E+01 -.823665E+00 -.627744E+67 0.245000E+01
 -.154068E+01 -.143611E+01 0.298369E+01 -.963020E+00 -.627744E+67 0.234856E+01
 -.855844E+00 -.158000E+01 0.316970E+01 -.973525E+00 -.627744E+67 0.240677E+01
 -.170387E+01 -.161251E+01 0.330201E+01 -.965739E+00 -.627744E+67 0.241642E+01
 -.174180E+01 -.165274E+01 0.314668E+01 -.976068E+00 -.627744E+67 0.244426E+01
 -.175197E+01 -.160219E+01 0.315062E+01 -.977226E+00 -.627744E+67 0.242327E+01
 -.176599E+01 -.159243E+01 0.318889E+01 -.955007E+00 -.627744E+67 0.244664E+01
 -.170987E+01 -.157103E+01 0.314704E+01 -.980000E+00 -.627744E+67 0.242719E+01
 -.180064E+01 -.169143E+01 0.314236E+01 -.946684E+00 -.627744E+67 0.241781E+01
 -.167180E+01 -.155110E+01 0.295646E+01 -.978160E+00 -.627744E+67 0.224958E+01
 -.240219E+01 -.163250E+01 0.312453E+01 -.980000E+00 -.627744E+67 0.242255E+01
 -.216592E+01 -.163819E+01 0.310016E+01 -.979150E+00 -.627744E+67 0.239774E+01
 -.167141E+01 -.167562E+01 0.317407E+01 -.976404E+00 -.627744E+67 0.239865E+01
 -.126256E+01 -.167512E+01 0.317609E+01 -.940361E+00 -.627744E+67 0.241159E+01
 -.189107E+01 -.162173E+01 0.314585E+01 -.979866E+00 -.627744E+67 0.234504E+01
 -.172006E+01 -.130215E+01 0.315074E+01 -.974183E+00 -.627744E+67 0.235375E+01
 -.208493E+01 -.162311E+01 0.313866E+01 -.980000E+00 -.627744E+67 0.243053E+01
 -.175085E+01 -.162924E+01 0.312212E+01 -.979211E+00 -.627744E+67 0.243071E+01
 -.176983E+01 -.164443E+01 0.309752E+01 -.978040E+00 -.627744E+67 0.242442E+01
 -.167155E+01 -.165257E+01 0.315038E+01 -.980000E+00 -.627744E+67 0.241842E+01
 -.104673E+01 -.174748E+01 0.305433E+01 -.979691E+00 -.627744E+67 0.236185E+01
 -.173041E+01 -.163341E+01 0.310688E+01 -.980000E+00 -.627744E+67 0.241268E+01
 -.172098E+01 -.170639E+01 0.322934E+01 -.974436E+00 -.627744E+67 0.244110E+01
 -.189085E+01 -.195833E+01 0.325929E+01 -.971722E+00 -.627744E+67 0.243221E+01
 -.170982E+01 -.161477E+01 0.313193E+01 -.966186E+00 -.627744E+67 0.240541E+01
 -.170337E+01 -.153661E+01 0.320183E+01 -.975945E+00 -.627744E+67 0.239513E+01
 -.172792E+01 -.157273E+01 0.313050E+01 -.978988E+00 -.627744E+67 0.240021E+01
 -.176300E+01 -.156658E+01 0.309758E+01 -.979121E+00 -.627744E+67 0.244776E+01
 -.173091E+01 -.166021E+01 0.313300E+01 -.976879E+00 -.627744E+67 0.240250E+01
 -.175854E+01 -.163628E+01 0.329445E+01 -.978667E+00 -.627744E+67 0.242554E+01
 -.198895E+01 -.201927E+01 0.319499E+01 -.979506E+00 -.627744E+67 0.245000E+01
 -.173749E+01 -.172329E+01 0.328538E+01 -.978843E+00 -.627744E+67 0.245000E+01
 -.174539E+01 -.164920E+01 0.314652E+01 -.980000E+00 -.627744E+67 0.241746E+01
 -.139884E+01 -.153107E+01 0.295198E+01 -.980000E+00 -.627744E+67 0.241235E+01
 -.196282E+01 -.151163E+01 0.305889E+01 -.969430E+00 -.627744E+67 0.245000E+01
 -.171141E+01 -.164682E+01 0.313512E+01 -.974228E+00 -.627744E+67 0.240095E+01
 -.254589E+01 -.163621E+01 0.304231E+01 -.980000E+00 -.627744E+67 0.241732E+01
 -.185446E+01 -.174169E+01 0.319341E+01 -.979018E+00 -.627744E+67 0.243147E+01
 -.164029E+01 -.163642E+01 0.314784E+01 -.962993E+00 -.627744E+67 0.242804E+01
 -.164555E+01 -.134821E+01 0.324695E+01 -.978286E+00 -.627744E+67 0.243671E+01
 -.181047E+01 -.158174E+01 0.313008E+01 -.966797E+00 -.627744E+67 0.243184E+01
 -.896499E+00 -.169590E+01 0.324201E+01 -.970413E+00 -.627744E+67 0.245000E+01
 -.175378E+01 -.165728E+01 0.323716E+01 -.918161E+00 -.627744E+67 0.241317E+01
 -.197917E+01 -.145910E+01 0.316112E+01 -.980000E+00 -.627744E+67 0.241539E+01
 -.210806E+01 -.162892E+01 0.312666E+01 -.977775E+00 -.627744E+67 0.244360E+01
 -.176272E+01 -.153559E+01 0.333908E+01 -.979671E+00 -.627744E+67 0.241745E+01
 -.172028E+01 -.152523E+01 0.326328E+01 -.903302E+00 -.627744E+67 0.245000E+01
 -.165589E+01 -.166401E+01 0.315468E+01 -.980000E+00 -.627744E+67 0.245000E+01
 -.148562E+01 -.165678E+01 0.311198E+01 -.978400E+00 -.627744E+67 0.241718E+01
 -.158593E+01 -.189356E+01 0.313662E+01 -.970023E+00 -.627744E+67 0.237393E+01
 -.141746E+01 -.161814E+01 0.314597E+01 -.980000E+00 -.627744E+67 0.243206E+01
 -.164536E+01 -.183201E+01 0.305515E+01 -.893496E+00 -.627744E+67 0.234745E+01
 -.100617E+01 -.153323E+01 0.322481E+01 -.967667E+00 -.627744E+67 0.241642E+01
 -.171579E+01 -.162646E+01 0.333442E+01 -.980000E+00 -.627744E+67 0.243422E+01
 -.173151E+01 -.164480E+01 0.314756E+01 -.979437E+00 -.627744E+67 0.242872E+01
 -.174593E+01 -.162906E+01 0.313889E+01 -.978348E+00 -.627744E+67 0.242233E+01
 -.195014E+01 -.131034E+01 0.321745E+01 -.965674E+00 -.627744E+67 0.242378E+01
 -.176820E+01 -.161121E+01 0.315009E+01 -.976783E+00 -.627744E+67 0.242097E+01
 -.186199E+01 -.177936E+01 0.313063E+01 -.971722E+00 -.627744E+67 0.242203E+01
 -.282890E+01 -.158326E+01 0.290000E+01 -.980000E+00 -.627744E+67 0.214241E+01
 -.223241E+01 -.168579E+01 0.320170E+01 -.857909E+00 -.627744E+67 0.238289E+01
 -.599470E+00 -.163526E+01 0.321913E+01 -.973426E+00 -.627744E+67 0.239837E+01
 -.154276E+01 -.146199E+01 0.309157E+01 -.978856E+00 -.627744E+67 0.243879E+01
 -.212717E+01 -.148212E+01 0.319258E+01 -.969826E+00 -.627744E+67 0.239836E+01
 -.204234E+01 -.168202E+01 0.315699E+01 -.980000E+00 -.627744E+67 0.244991E+01
 -.171854E+01 -.164907E+01 0.313217E+01 -.975309E+00 -.627744E+67 0.245000E+01
 -.115063E+01 -.165099E+01 0.312907E+01 -.955006E+00 -.627744E+67 0.243106E+01
 -.185988E+01 -.164466E+01 0.318397E+01 -.980000E+00 -.627744E+67 0.242076E+01
 -.180880E+01 -.164417E+01 0.313396E+01 -.978212E+00 -.627744E+67 0.243756E+01
 -.170324E+01 -.165339E+01 0.314535E+01 -.979459E+00 -.627744E+67 0.239788E+01
 -.147655E+01 -.183637E+01 0.303908E+01 -.979660E+00 -.627744E+67 0.235646E+01
 -.172392E+01 -.163567E+01 0.310496E+01 -.974199E+00 -.627744E+67 0.241069E+01
 -.185951E+01 -.172044E+01 0.310075E+01 -.980000E+00 -.627744E+67 0.240058E+01
 -.237474E+01 -.144094E+01 0.337754E+01 -.974182E+00 -.627744E+67 0.242751E+01
 -.169586E+01 -.158806E+01 0.312398E+01 -.965050E+00 -.627744E+67 0.240589E+01
 -.134231E+01 -.150231E+01 0.316261E+01 -.980000E+00 -.627744E+67 0.235718E+01
 -.172816E+01 -.160817E+01 0.314581E+01 -.980000E+00 -.627744E+67 0.241022E+01
 -.168782E+01 -.182022E+01 0.290000E+01 -.980000E+00 -.627744E+67 0.243827E+01
 -.173585E+01 -.181133E+01 0.314266E+01 -.978983E+00 -.627744E+67 0.241580E+01
 -.170463E+01 -.169942E+01 0.314345E+01 -.980000E+00 -.627744E+67 0.240528E+01
 -.235788E+01 -.198816E+01 0.316034E+01 -.978769E+00 -.627744E+67 0.240174E+01
 -.159683E+01 -.161518E+01 0.326386E+01 -.980000E+00 -.627744E+67 0.220786E+01
 -.174778E+01 -.165349E+01 0.314743E+01 -.978867E+00 -.627744E+67 0.242314E+01
 -.171364E+01 -.153433E+01 0.316622E+01 -.835691E+00 -.627744E+67 0.243862E+01
 -.163582E+01 -.163043E+01 0.315640E+01 -.964286E+00 -.627744E+67 0.236811E+01
 -.172691E+01 -.165633E+01 0.312287E+01 -.971551E+00 -.627744E+67 0.240317E+01
 -.204477E+01 -.165374E+01 0.308600E+01 -.969720E+00 -.627744E+67 0.241557E+01
 -.181166E+01 -.154147E+01 0.319486E+01 -.979737E+00 -.627744E+67 0.244038E+01
 -.158177E+01 -.165018E+01 0.313952E+01 -.949740E+00 -.627744E+67 0.238593E+01
 -.172116E+01 -.151620E+01 0.313524E+01 -.978897E+00 -.627744E+67 0.243245E+01
 -.206123E+01 -.155908E+01 0.309973E+01 -.963617E+00 -.627744E+67 0.241484E+01
 -.164697E+01 -.164656E+01 0.314398E+01 -.973864E+00 -.627744E+67 0.241029E+01
 -.169599E+01 -.166353E+01 0.308124E+01 -.980000E+00 -.627744E+67 0.240109E+01
 -.209117E+01 -.174029E+01 0.316225E+01 -.978946E+00 -.627744E+67 0.243630E+01
 -.216410E+01 -.167861E+01 0.314198E+01 -.978006E+00 -.627744E+67 0.240774E+01
 -.174601E+01 -.168496E+01 0.303908E+01 -.977678E+00 -.627744E+67 0.240683E+01
 -.174873E+01 -.158068E+01 0.327118E+01 -.908509E+00 -.627744E+67 0.242449E+01
 -.159077E+01 -.169340E+01 0.321956E+01 -.979177E+00 -.627744E+67 0.238644E+01
 -.181737E+01 -.161416E+01 0.314607E+01 -.978042E+00 -.627744E+67 0.242506E+01
 -.159330E+01 -.178237E+01 0.316064E+01 -.968876E+00 -.627744E+67 0.243806E+01
 -.180287E+01 -.148179E+01 0.313821E+01 -.813162E+00 -.627744E+67 0.244140E+01
 -.180366E+01 -.184927E+01 0.313792E+01 -.949293E+00 -.627744E+67 0.239203E+01
 -.167626E+01 -.157269E+01 0.322421E+01 -.977764E+00 -.627744E+67 0.236507E+01
 -.185287E+01 -.165624E+01 0.307853E+01 -.966793E+00 -.627744E+67 0.245000E+01
 -.173241E+01 -.163501E+01 0.314133E+01 -.979396E+00 -.627744E+67 0.238268E+01
 -.174031E+01 -.165269E+01 0.313619E+01 -.979498E+00 -.627744E+67 0.241942E+01
 -.200249E+01 -.130497E+01 0.313477E+01 -.967990E+00 -.627744E+67 0.242095E+01
 -.179016E+01 -.166331E+01 0.314989E+01 -.975546E+00 -.627744E+67 0.241385E+01
 -.167477E+01 -.173545E+01 0.314609E+01 -.980000E+00 -.627744E+67 0.241937E+01
 -.179652E+01 -.156258E+01 0.318255E+01 -.970971E+00 -.627744E+67 0.234156E+01
 -.204787E+01 -.176241E+01 0.319717E+01 -.762784E+00 -.627744E+67 0.237161E+01
 -.399335E+00 -.164375E+01 0.320088E+01 -.975401E+00 -.627744E+67 0.245000E+01
 -.187114E+01 -.137758E+01 0.306776E+01 -.980000E+00 -.627744E+67 0.242581E+01
 -.248383E+01 -.142965E+01 0.315266E+01 -.980000E+00 -.627744E+67 0.244416E+01
 -.148456E+01 -.168577E+01 0.313745E+01 -.974630E+00 -.627744E+67 0.245000E+01
 -.171819E+01 -.192683E+01 0.311910E+01 -.980000E+00 -.627744E+67 0.238333E+01
 -.156621E+01 -.165570E+01 0.315101E+01 -.968291E+00 -.627744E+67 0.241968E+01
 -.177743E+01 -.165132E+01 0.318575E+01 -.974688E+00 -.627744E+67 0.241231E+01
 -.175832E+01 -.164786E+01 0.316910E+01 -.976097E+00 -.627744E+67 0.242672E+01
 -.175562E+01 -.165067E+01 0.314161E+01 -.979908E+00 -.627744E+67 0.241407E+01
 -.189255E+01 -.170677E+01 0.307372E+01 -.980000E+00 -.627744E+67 0.239365E+01
 -.172588E+01 -.164806E+01 0.315176E+01 -.977828E+00 -.627744E+67 0.241626E+01
 -.188280E+01 -.147446E+01 0.305304E+01 -.974889E+00 -.627744E+67 0.235074E+01
 -.174929E+01 -.174360E+01 0.310014E+01 -.980000E+00 -.627744E+67 0.240515E+01
 -.176295E+01 -.162018E+01 0.314671E+01 -.975830E+00 -.627744E+67 0.241959E+01
 -.151677E+01 -.174609E+01 0.311412E+01 -.973923E+00 -.627744E+67 0.238788E+01
 -.175170E+01 -.169683E+01 0.315530E+01 -.976017E+00 -.627744E+67 0.242148E+01
 -.167141E+01 -.147869E+01 0.320000E+01 -.978861E+00 -.627744E+67 0.241925E+01
 -.173667E+01 -.165502E+01 0.314889E+01 -.979779E+00 -.627744E+67 0.241280E+01
 -.175926E+01 -.170055E+01 0.306650E+01 -.978719E+00 -.627744E+67 0.243381E+01
 -.217287E+01 -.143689E+01 0.309006E+01 -.978698E+00 -.627744E+67 0.239821E+01
 -.156235E+01 -.165552E+01 0.296386E+01 -.979359E+00 -.627744E+67 0.212708E+01
 -.174579E+01 -.164742E+01 0.314764E+01 -.978192E+00 -.627744E+67 0.241647E+01
 -.184355E+01 -.167705E+01 0.326572E+01 -.861159E+00 -.627744E+67 0.241226E+01
 -.162740E+01 -.173982E+01 0.325229E+01 -.980000E+00 -.627744E+67 0.243187E+01
 -.174703E+01 -.164438E+01 0.314298E+01 -.971036E+00 -.627744E+67 0.242618E+01
 -.985463E+00 -.164554E+01 0.310757E+01 -.969099E+00 -.627744E+67 0.241851E+01
 -.175006E+01 -.153251E+01 0.313407E+01 -.980000E+00 -.627744E+67 0.243111E+01
 -.184235E+01 -.165614E+01 0.314989E+01 -.980000E+00 -.627744E+67 0.238844E+01
 -.179597E+01 -.181514E+01 0.305275E+01 -.979783E+00 -.627744E+67 0.241433E+01
 -.193529E+01 -.172316E+01 0.310937E+01 -.960312E+00 -.627744E+67 0.241675E+01
 -.225017E+01 -.160734E+01 0.306699E+01 -.980000E+00 -.627744E+67 0.238912E+01
 -.166327E+01 -.170333E+01 0.302385E+01 -.910759E+00 -.627744E+67 0.240321E+01
 -.198733E+01 -.172180E+01 0.318617E+01 -.980000E+00 -.627744E+67 0.243945E+01
 -.127693E+01 -.165762E+01 0.315793E+01 -.978824E+00 -.627744E+67 0.241372E+01
 -.178405E+01 -.183012E+01 0.292182E+01 -.978031E+00 -.627744E+67 0.240893E+01
 -.177857E+01 -.166345E+01 0.316710E+01 -.980000E+00 -.627744E+67 0.243078E+01
 -.176995E+01 -.168529E+01 0.316156E+01 -.979979E+00 -.627744E+67 0.232479E+01
 -.191322E+01 -.160867E+01 0.315914E+01 -.979339E+00 -.627744E+67 0.242741E+01
 -.172669E+01 -.153545E+01 0.310329E+01 -.980000E+00 -.627744E+67 0.243408E+01
 -.193670E+01 -.158255E+01 0.306493E+01 -.847269E+00 -.627744E+67 0.244839E+01
 -.171683E+01 -.150849E+01 0.308302E+01 -.980000E+00 -.627744E+67 0.244266E+01
 -.233174E+01 -.171604E+01 0.302188E+01 -.980000E+00 -.627744E+67 0.238292E+01
 -.186522E+01 -.163423E+01 0.306332E+01 -.976493E+00 -.627744E+67 0.243532E+01
 -.174587E+01 -.164690E+01 0.313760E+01 -.976659E+00 -.627744E+67 0.241705E+01
 -.174391E+01 -.164038E+01 0.314937E+01 -.979538E+00 -.627744E+67 0.241769E+01
 -.157497E+01 -.200497E+01 0.312945E+01 -.973641E+00 -.627744E+67 0.244855E+01
 -.172784E+01 -.165362E+01 0.314741E+01 -.977854E+00 -.627744E+67 0.241967E+01
 -.172939E+01 -.161912E+01 0.315746E+01 -.965037E+00 -.627744E+67 0.241621E+01
 -.806865E+00 -.163930E+01 0.303574E+01 -.971771E+00 -.627744E+67 0.243493E+01
 -.156528E+01 -.163652E+01 0.300802E+01 -.980000E+00 -.627744E+67 0.242936E+01
 -.199934E+01 -.165505E+01 0.313986E+01 -.978395E+00 -.627744E+67 0.240336E+01
 -.199695E+01 -.180143E+01 0.315150E+01 -.977025E+00 -.627744E+67 0.238621E+01
 -.256995E+01 -.167274E+01 0.317428E+01 -.966860E+00 -.627744E+67 0.243767E+01
 -.167729E+01 -.165891E+01 0.313479E+01 -.975667E+00 -.627744E+67 0.234555E+01
 -.174759E+01 -.192015E+01 0.315665E+01 -.973418E+00 -.627744E+67 0.244440E+01
 -.234698E+01 -.165754E+01 0.315051E+01 -.978364E+00 -.627744E+67 0.242729E+01
 -.171870E+01 -.161731E+01 0.317266E+01 -.978553E+00 -.627744E+67 0.244196E+01
 -.171912E+01 -.164213E+01 0.320279E+01 -.976495E+00 -.627744E+67 0.242109E+01
 -.178962E+01 -.164768E+01 0.314546E+01 -.980000E+00 -.627744E+67 0.243172E+01
 -.183992E+01 -.158595E+01 0.317017E+01 -.979649E+00 -.627744E+67 0.243501E+01
 -.175486E+01 -.163970E+01 0.318025E+01 -.980000E+00 -.627744E+67 0.242316E+01
 -.167780E+01 -.145002E+01 0.309142E+01 -.976441E+00 -.627744E+67 0.238064E+01
 -.124762E+01 -.190036E+01 0.291362E+01 -.977151E+00 -.627744E+67 0.239637E+01
 -.179603E+01 -.165204E+01 0.316471E+01 -.980000E+00 -.627744E+67 0.242755E+01
 -.216171E+01 -.188461E+01 0.315531E+01 -.976469E+00 -.627744E+67 0.244526E+01
 -.173972E+01 -.161978E+01 0.314607E+01 -.973762E+00 -.627744E+67 0.241505E+01
 -.179446E+01 -.160880E+01 0.339000E+01 -.978785E+00 -.627744E+67 0.242831E+01
 -.174666E+01 -.152230E+01 0.315051E+01 -.980000E+00 -.627744E+67 0.241077E+01
 -.181150E+01 -.164534E+01 0.316932E+01 -.979638E+00 -.627744E+67 0.243653E+01
 -.118313E+01 -.155739E+01 0.307037E+01 -.979145E+00 -.627744E+67 0.242858E+01
 -.175734E+01 -.168841E+01 0.290000E+01 -.980000E+00 -.627744E+67 0.219805E+01
 -.174417E+01 -.164590E+01 0.314740E+01 -.980000E+00 -.627744E+67 0.241310E+01
 -.156909E+01 -.180721E+01 0.302107E+01 -.961318E+00 -.627744E+67 0.240051E+01
 -.196525E+01 -.165350E+01 0.328709E+01 -.959032E+00 -.627744E+67 0.245000E+01
 -.172761E+01 -.162387E+01 0.315637E+01 -.974878E+00 -.627744E+67 0.242526E+01
 -.127953E+01 -.164112E+01 0.309226E+01 -.980000E+00 -.627744E+67 0.242100E+01
 -.170776E+01 -.164952E+01 0.314675E+01 -.979699E+00 -.627744E+67 0.240988E+01
 -.199420E+01 -.164463E+01 0.315492E+01 -.953743E+00 -.627744E+67 0.242546E+01
 -.183897E+01 -.166207E+01 0.306313E+01 -.980000E+00 -.627744E+67 0.240447E+01
 -.156106E+01 -.168328E+01 0.314970E+01 -.953836E+00 -.627744E+67 0.244487E+01
 -.127470E+01 -.161613E+01 0.318417E+01 -.973614E+00 -.627744E+67 0.242501E+01
 -.169269E+01 -.166951E+01 0.306414E+01 -.980000E+00 -.627744E+67 0.242487E+01
 -.163260E+01 -.149012E+01 0.318092E+01 -.979258E+00 -.627744E+67 0.242396E+01
 -.108699E+01 -.163556E+01 0.319358E+01 -.978047E+00 -.627744E+67 0.243241E+01
 -.181176E+01 -.176506E+01 0.322182E+01 -.978657E+00 -.627744E+67 0.241712E+01
 -.176779E+01 -.172514E+01 0.307385E+01 -.934212E+00 -.627744E+67 0.243100E+01
 -.187575E+01 -.166428E+01 0.308802E+01 -.980000E+00 -.627744E+67 0.237261E+01
 -.163530E+01 -.162939E+01 0.314392E+01 -.980000E+00 -.627744E+67 0.242233E+01
 -.181542E+01 -.174677E+01 0.309525E+01 -.972571E+00 -.627744E+67 0.241411E+01
 -.162979E+01 -.168677E+01 0.310742E+01 -.980000E+00 -.627744E+67 0.245000E+01
 -.151449E+01 -.144173E+01 0.309832E+01 -.898213E+00 -.627744E+67 0.232146E+01
 -.270020E+01 -.162513E+01 0.295144E+01 -.964584E+00 -.627744E+67 0.241476E+01
 -.174619E+01 -.163223E+01 0.330330E+01 -.980000E+00 -.627744E+67 0.241915E+01
 -.173851E+01 -.165564E+01 0.314765E+01 -.979487E+00 -.627744E+67 0.244453E+01
 -.174856E+01 -.163514E+01 0.315574E+01 -.979923E+00 -.627744E+67 0.241604E+01
 -.146483E+01 -.154991E+01 0.320335E+01 -.972604E+00 -.627744E+67 0.243253E+01
 -.172047E+01 -.161279E+01 0.314610E+01 -.979189E+00 -.627744E+67 0.242429E+01
 -.183999E+01 -.157653E+01 0.312963E+01 -.951710E+00 -.627744E+67 0.241619E+01
 -.186954E+01 -.160812E+01 0.298888E+01 -.974000E+00 -.627744E+67 0.220182E+01
 -.128886E+01 -.153688E+01 0.290000E+01 -.884424E+00 -.627744E+67 0.245000E+01
 -.275806E+01 -.165964E+01 0.309881E+01 -.975255E+00 -.627744E+67 0.242709E+01
 -.175181E+01 -.196776E+01 0.321166E+01 -.976869E+00 -.627744E+67 0.237415E+01
 -.153411E+01 -.178860E+01 0.316746E+01 -.961559E+00 -.627744E+67 0.242720E+01
 -.189830E+01 -.162057E+01 0.314167E+01 -.976747E+00 -.627744E+67 0.230619E+01
 -.176312E+01 -.154570E+01 0.318114E+01 -.972861E+00 -.627744E+67 0.245000E+01
 -.179327E+01 -.162713E+01 0.314360E+01 -.980000E+00 -.627744E+67 0.242798E+01
 -.181237E+01 -.162615E+01 0.313908E+01 -.980000E+00 -.627744E+67 0.244052E+01
 -.174933E+01 -.164716E+01 0.313680E+01 -.976037E+00 -.627744E+67 0.241643E+01
 -.176189E+01 -.164953E+01 0.314450E+01 -.979799E+00 -.627744E+67 0.242503E+01
 -.167880E+01 -.156631E+01 0.322349E+01 -.979501E+00 -.627744E+67 0.245000E+01
 -.173295E+01 -.163638E+01 0.314952E+01 -.978052E+00 -.627744E+67 0.242285E+01
 -.153786E+01 -.166462E+01 0.312512E+01 -.980000E+00 -.627744E+67 0.239084E+01
 -.105378E+01 -.167984E+01 0.307501E+01 -.978367E+00 -.627744E+67 0.242331E+01
 -.178458E+01 -.165110E+01 0.316045E+01 -.969855E+00 -.627744E+67 0.241862E+01
 -.178420E+01 -.160553E+01 0.318989E+01 -.978400E+00 -.627744E+67 0.245000E+01
 -.173299E+01 -.155916E+01 0.313230E+01 -.980000E+00 -.627744E+67 0.240832E+01
 -.184116E+01 -.172586E+01 0.333647E+01 -.980000E+00 -.627744E+67 0.242896E+01
 -.175240E+01 -.163068E+01 0.314921E+01 -.979644E+00 -.627744E+67 0.241235E+01
 -.180218E+01 -.157787E+01 0.325229E+01 -.980000E+00 -.627744E+67 0.241447E+01
 -.905419E+00 -.198495E+01 0.314810E+01 -.979678E+00 -.627744E+67 0.244983E+01
 -.182699E+01 -.169989E+01 0.320000E+01 -.979636E+00 -.627744E+67 0.245000E+01
 -.174505E+01 -.164796E+01 0.314655E+01 -.978464E+00 -.627744E+67 0.241676E+01
 -.157643E+01 -.161977E+01 0.290000E+01 -.980000E+00 -.627744E+67 0.243903E+01
 -.196350E+01 -.161035E+01 0.303190E+01 -.952778E+00 -.627744E+67 0.240485E+01
 -.172332E+01 -.161873E+01 0.315633E+01 -.980000E+00 -.627744E+67 0.240833E+01
 -.209040E+01 -.164444E+01 0.310821E+01 -.969371E+00 -.627744E+67 0.242024E+01
 -.171370E+01 -.174257E+01 0.315683E+01 -.979767E+00 -.627744E+67 0.240265E+01
 -.170591E+01 -.163565E+01 0.313877E+01 -.938240E+00 -.627744E+67 0.241538E+01
 -.178677E+01 -.144934E+01 0.322197E+01 -.978599E+00 -.627744E+67 0.242451E+01
 -.159398E+01 -.159006E+01 0.318233E+01 -.950533E+00 -.627744E+67 0.243110E+01
 -.873363E+00 -.162611E+01 0.322142E+01 -.976408E+00 -.627744E+67 0.243701E+01
 -.172596E+01 -.164872E+01 0.316532E+01 -.947398E+00 -.627744E+67 0.241979E+01
 -.154828E+01 -.157118E+01 0.318151E+01 -.980000E+00 -.627744E+67 0.241139E+01
 -.210547E+01 -.166621E+01 0.319792E+01 -.975838E+00 -.627744E+67 0.245000E+01
 -.182960E+01 -.156036E+01 0.339308E+01 -.979616E+00 -.627744E+67 0.243184E+01
 -.175924E+01 -.169098E+01 0.314266E+01 -.980000E+00 -.627744E+67 0.242340E+01
 -.192312E+01 -.164316E+01 0.304153E+01 -.979737E+00 -.627744E+67 0.245000E+01
 -.158841E+01 -.165963E+01 0.311881E+01 -.979164E+00 -.627744E+67 0.242023E+01
 -.173729E+01 -.188286E+01 0.310123E+01 -.973784E+00 -.627744E+67 0.238777E+01
 -.146016E+01 -.176266E+01 0.316545E+01 -.903020E+00 -.627744E+67 0.243204E+01
 -.160886E+01 -.159827E+01 0.301687E+01 -.932242E+00 -.627744E+67 0.227410E+01
 -.204906E+01 -.155500E+01 0.303672E+01 -.961693E+00 -.627744E+67 0.240665E+01
 -.178018E+01 -.163397E+01 0.332699E+01 -.966789E+00 -.627744E+67 0.240529E+01
 -.172943E+01 -.165417E+01 0.314956E+01 -.979513E+00 -.627744E+67 0.243148E+01
 -.174481E+01 -.163977E+01 0.315102E+01 -.979852E+00 -.627744E+67 0.241717E+01
 -.181369E+01 -.132271E+01 0.318222E+01 -.959917E+00 -.627744E+67 0.241540E+01
 -.174347E+01 -.158468E+01 0.314700E+01 -.979381E+00 -.627744E+67 0.242112E+01
 -.180582E+01 -.169209E+01 0.311722E+01 -.976790E+00 -.627744E+67 0.241783E+01
 -.250651E+01 -.159617E+01 0.303571E+01 -.977770E+00 -.627744E+67 0.218214E+01
 -.176440E+01 -.168170E+01 0.315793E+01 -.903514E+00 -.627744E+67 0.240416E+01
 -.149084E+01 -.165159E+01 0.319471E+01 -.971718E+00 -.627744E+67 0.245000E+01
 -.144667E+01 -.170772E+01 0.318406E+01 -.978212E+00 -.627744E+67 0.244646E+01
 -.114515E+01 -.165351E+01 0.315262E+01 -.967285E+00 -.627744E+67 0.241253E+01
 -.186893E+01 -.164383E+01 0.314767E+01 -.978726E+00 -.627744E+67 0.245000E+01
 -.173252E+01 -.143011E+01 0.314602E+01 -.977051E+00 -.627744E+67 0.240079E+01
 -.134495E+01 -.163236E+01 0.314034E+01 -.978043E+00 -.627744E+67 0.241574E+01
 -.186563E+01 -.164397E+01 0.315492E+01 -.976053E+00 -.627744E+67 0.242596E+01
 -.177323E+01 -.165190E+01 0.309555E+01 -.976223E+00 -.627744E+67 0.241356E+01
 -.173431E+01 -.165155E+01 0.314309E+01 -.979808E+00 -.627744E+67 0.240577E+01
 -.179596E+01 -.167552E+01 0.324691E+01 -.979781E+00 -.627744E+67 0.240868E+01
 -.171255E+01 -.163695E+01 0.311675E+01 -.979700E+00 -.627744E+67 0.241429E+01
 -.170116E+01 -.172533E+01 0.314610E+01 -.976892E+00 -.627744E+67 0.243502E+01
 -.185393E+01 -.153544E+01 0.324142E+01 -.980000E+00 -.627744E+67 0.243172E+01
 -.172299E+01 -.161977E+01 0.314567E+01 -.968906E+00 -.627744E+67 0.241102E+01
 -.144350E+01 -.144277E+01 0.320758E+01 -.980000E+00 -.627744E+67 0.242280E+01
 -.174404E+01 -.161860E+01 0.312382E+01 -.973739E+00 -.627744E+67 0.241578E+01
 -.167850E+01 -.172607E+01 0.315203E+01 -.978907E+00 -.627744E+67 0.241714E+01
 -.174700E+01 -.174159E+01 0.314613E+01 -.979705E+00 -.627744E+67 0.241605E+01
 -.171801E+01 -.159265E+01 0.312543E+01 -.979392E+00 -.627744E+67 0.240188E+01
 -.197091E+01 -.213335E+01 0.319259E+01 -.979626E+00 -.627744E+67 0.242263E+01
 -.184806E+01 -.170410E+01 0.341426E+01 -.979493E+00 -.627744E+67 0.230227E+01
 -.174637E+01 -.165234E+01 0.314585E+01 -.978830E+00 -.627744E+67 0.242018E+01
 -.166168E+01 -.162838E+01 0.320000E+01 -.931897E+00 -.627744E+67 0.245000E+01
 -.164644E+01 -.164242E+01 0.303280E+01 -.980000E+00 -.627744E+67 0.241812E+01
 -.174279E+01 -.166555E+01 0.312071E+01 -.973816E+00 -.627744E+67 0.240843E+01
 -.235138E+01 -.160099E+01 0.313495E+01 -.971963E+00 -.627744E+67 0.241632E+01
 -.172867E+01 -.177392E+01 0.315021E+01 -.980000E+00 -.627744E+67 0.240459E+01
 -.148535E+01 -.163129E+01 0.312926E+01 -.964804E+00 -.627744E+67 0.240981E+01
 -.166602E+01 -.145187E+01 0.326219E+01 -.978758E+00 -.627744E+67 0.244316E+01
 -.182254E+01 -.158107E+01 0.320218E+01 -.980000E+00 -.627744E+67 0.241435E+01
 -.247336E+01 -.165772E+01 0.310597E+01 -.977417E+00 -.627744E+67 0.239910E+01
 -.174392E+01 -.163308E+01 0.315708E+01 -.951482E+00 -.627744E+67 0.241201E+01
 -.196444E+01 -.174758E+01 0.318391E+01 -.979620E+00 -.627744E+67 0.242240E+01
 -.222205E+01 -.168118E+01 0.315559E+01 -.979815E+00 -.627744E+67 0.242375E+01
 -.178121E+01 -.167459E+01 0.309308E+01 -.979891E+00 -.627744E+67 0.245000E+01
 -.175635E+01 -.159974E+01 0.320537E+01 -.960863E+00 -.627744E+67 0.242095E+01
 -.178568E+01 -.168442E+01 0.310602E+01 -.979854E+00 -.627744E+67 0.230757E+01
 -.170989E+01 -.166562E+01 0.311278E+01 -.976910E+00 -.627744E+67 0.242589E+01
 -.167139E+01 -.179189E+01 0.315199E+01 -.980000E+00 -.627744E+67 0.242837E+01
 -.144997E+01 -.166520E+01 0.311202E+01 -.980000E+00 -.627744E+67 0.241084E+01
 -.176449E+01 -.197744E+01 0.297079E+01 -.954449E+00 -.627744E+67 0.245000E+01
 -.100530E+01 -.154664E+01 0.322870E+01 -.969361E+00 -.627744E+67 0.240561E+01
 -.179741E+01 -.163730E+01 0.302699E+01 -.961917E+00 -.627744E+67 0.242595E+01
 -.174224E+01 -.163969E+01 0.314744E+01 -.979090E+00 -.627744E+67 0.240138E+01
 -.174198E+01 -.164559E+01 0.313948E+01 -.979942E+00 -.627744E+67 0.241880E+01
 -.198213E+01 -.139546E+01 0.312420E+01 -.966802E+00 -.627744E+67 0.240812E+01
 -.179106E+01 -.166775E+01 0.315032E+01 -.978305E+00 -.627744E+67 0.241786E+01
 -.169816E+01 -.174419E+01 0.314916E+01 -.975911E+00 -.627744E+67 0.241928E+01
 -.113649E+01 -.157037E+01 0.308584E+01 -.974968E+00 -.627744E+67 0.231654E+01
 -.212260E+01 -.179550E+01 0.335292E+01 -.924651E+00 -.627744E+67 0.238694E+01
 -.714352E+00 -.164567E+01 0.320238E+01 -.970554E+00 -.627744E+67 0.239979E+01
 -.135278E+01 -.156118E+01 0.310230E+01 -.979343E+00 -.627744E+67 0.245000E+01
 -.137301E+01 -.151021E+01 0.314747E+01 -.980000E+00 -.627744E+67 0.241870E+01
 -.174883E+01 -.166567E+01 0.314765E+01 -.980000E+00 -.627744E+67 0.231731E+01
 -.172502E+01 -.178592E+01 0.310684E+01 -.980000E+00 -.627744E+67 0.244393E+01
 -.126748E+01 -.163115E+01 0.314819E+01 -.978200E+00 -.627744E+67 0.241412E+01
 -.171363E+01 -.165446E+01 0.318308E+01 -.978617E+00 -.627744E+67 0.240905E+01
 -.172680E+01 -.165063E+01 0.315036E+01 -.977940E+00 -.627744E+67 0.241685E+01
 -.174649E+01 -.165057E+01 0.314165E+01 -.980000E+00 -.627744E+67 0.239294E+01
 -.190858E+01 -.173700E+01 0.315674E+01 -.980000E+00 -.627744E+67 0.238855E+01
 -.172028E+01 -.163858E+01 0.315278E+01 -.980000E+00 -.627744E+67 0.241079E+01
 -.184613E+01 -.150792E+01 0.314333E+01 -.977789E+00 -.627744E+67 0.236368E+01
 -.245621E+01 -.161272E+01 0.331737E+01 -.978627E+00 -.627744E+67 0.240585E+01
 -.170945E+01 -.160660E+01 0.313581E+01 -.977809E+00 -.627744E+67 0.241667E+01
 -.148975E+01 -.158730E+01 0.313268E+01 -.977820E+00 -.627744E+67 0.242381E+01
 -.175033E+01 -.169987E+01 0.316497E+01 -.978770E+00 -.627744E+67 0.242182E+01
 -.170227E+01 -.155579E+01 0.304117E+01 -.979120E+00 -.627744E+67 0.242340E+01
 -.174447E+01 -.169978E+01 0.314581E+01 -.979761E+00 -.627744E+67 0.241866E+01
 -.170014E+01 -.165154E+01 0.310759E+01 -.979894E+00 -.627744E+67 0.243854E+01
 -.265295E+01 -.143335E+01 0.314419E+01 -.978656E+00 -.627744E+67 0.239589E+01
 -.180647E+01 -.163292E+01 0.311426E+01 -.979655E+00 -.627744E+67 0.236829E+01
 -.174610E+01 -.165561E+01 0.314661E+01 -.980000E+00 -.627744E+67 0.242074E+01
 -.171200E+01 -.174011E+01 0.312313E+01 -.870679E+00 -.627744E+67 0.238874E+01
 -.166305E+01 -.171370E+01 0.312776E+01 -.956341E+00 -.627744E+67 0.245000E+01
 -.174307E+01 -.164522E+01 0.311946E+01 -.969377E+00 -.627744E+67 0.241995E+01
 -.159132E+01 -.162379E+01 0.308104E+01 -.979102E+00 -.627744E+67 0.241518E+01
 -.171897E+01 -.163785E+01 0.314301E+01 -.979661E+00 -.627744E+67 0.241198E+01
 -.134131E+01 -.165327E+01 0.313883E+01 -.980000E+00 -.627744E+67 0.241370E+01
 -.163162E+01 -.168428E+01 0.327299E+01 -.979445E+00 -.627744E+67 0.242358E+01
 -.188750E+01 -.171432E+01 0.315503E+01 -.944138E+00 -.627744E+67 0.242349E+01
 -.267523E+01 -.167241E+01 0.309900E+01 -.974858E+00 -.627744E+67 0.238362E+01
 -.173644E+01 -.165427E+01 0.308931E+01 -.980000E+00 -.627744E+67 0.239825E+01
 -.194542E+01 -.184310E+01 0.319703E+01 -.980000E+00 -.627744E+67 0.243988E+01
 -.144680E+01 -.167173E+01 0.314257E+01 -.980000E+00 -.627744E+67 0.242174E+01
 -.172726E+01 -.180748E+01 0.302696E+01 -.978674E+00 -.627744E+67 0.239778E+01
 -.174364E+01 -.158495E+01 0.317577E+01 -.971799E+00 -.627744E+67 0.242075E+01
 -.163791E+01 -.170608E+01 0.320747E+01 -.980000E+00 -.627744E+67 0.226018E+01
 -.185019E+01 -.162694E+01 0.315879E+01 -.979301E+00 -.627744E+67 0.243120E+01
 -.162562E+01 -.167236E+01 0.317320E+01 -.976063E+00 -.627744E+67 0.241499E+01
 -.183029E+01 -.160177E+01 0.311491E+01 -.937581E+00 -.627744E+67 0.240879E+01
 -.188014E+01 -.214073E+01 0.301265E+01 -.930486E+00 -.627744E+67 0.228696E+01
 -.822093E+00 -.168397E+01 0.311945E+01 -.980000E+00 -.627744E+67 0.241919E+01
 -.180915E+01 -.162851E+01 0.310303E+01 -.963084E+00 -.627744E+67 0.245000E+01
 -.175414E+01 -.163652E+01 0.313898E+01 -.977372E+00 -.627744E+67 0.241753E+01
 -.174180E+01 -.165069E+01 0.314705E+01 -.979980E+00 -.627744E+67 0.241811E+01
 -.177302E+01 -.189061E+01 0.318084E+01 -.964197E+00 -.627744E+67 0.242618E+01
 -.178910E+01 -.170723E+01 0.315109E+01 -.978415E+00 -.627744E+67 0.241669E+01
 -.166517E+01 -.166263E+01 0.316792E+01 -.954838E+00 -.627744E+67 0.241892E+01
 -.598182E+00 -.163004E+01 0.294383E+01 -.971440E+00 -.627744E+67 0.242503E+01
 -.163520E+01 -.171689E+01 0.323486E+01 -.980000E+00 -.627744E+67 0.240363E+01
 -.231435E+01 -.165579E+01 0.318266E+01 -.972630E+00 -.627744E+67 0.239744E+01
 -.207498E+01 -.150969E+01 0.310068E+01 -.979435E+00 -.627744E+67 0.240789E+01
 -.234016E+01 -.143258E+01 0.318359E+01 -.973941E+00 -.627744E+67 0.244711E+01
 -.165892E+01 -.167359E+01 0.313767E+01 -.978423E+00 -.627744E+67 0.237229E+01
 -.173453E+01 -.178265E+01 0.312810E+01 -.975272E+00 -.627744E+67 0.245000E+01
 -.181134E+01 -.164668E+01 0.314974E+01 -.980000E+00 -.627744E+67 0.242942E+01
 -.170486E+01 -.163911E+01 0.315253E+01 -.980000E+00 -.627744E+67 0.241847E+01
 -.170826E+01 -.164547E+01 0.317788E+01 -.978588E+00 -.627744E+67 0.241967E+01
 -.176502E+01 -.164798E+01 0.314417E+01 -.979834E+00 -.627744E+67 0.239836E+01
 -.194383E+01 -.157774E+01 0.308210E+01 -.979710E+00 -.627744E+67 0.241334E+01
 -.173572E+01 -.164270E+01 0.316772E+01 -.979237E+00 -.627744E+67 0.242261E+01
 -.181413E+01 -.160865E+01 0.310421E+01 -.980000E+00 -.627744E+67 0.235757E+01
 -.166227E+01 -.184162E+01 0.317279E+01 -.979374E+00 -.627744E+67 0.238604E+01
 -.175727E+01 -.166155E+01 0.315443E+01 -.980000E+00 -.627744E+67 0.242437E+01
 -.195854E+01 -.172770E+01 0.310849E+01 -.978471E+00 -.627744E+67 0.244940E+01
 -.174671E+01 -.164584E+01 0.318723E+01 -.980000E+00 -.627744E+67 0.240880E+01
 -.177824E+01 -.148112E+01 0.308782E+01 -.980000E+00 -.627744E+67 0.242595E+01
 -.174975E+01 -.161562E+01 0.314624E+01 -.979695E+00 -.627744E+67 0.241278E+01
 -.181829E+01 -.162698E+01 0.315495E+01 -.980000E+00 -.627744E+67 0.243227E+01
 -.213469E+01 -.116286E+01 0.307753E+01 -.977636E+00 -.627744E+67 0.244571E+01
 -.168702E+01 -.159843E+01 0.299871E+01 -.980000E+00 -.627744E+67 0.245000E+01
 -.174455E+01 -.164423E+01 0.314696E+01 -.979011E+00 -.627744E+67 0.241475E+01
 -.170000E+01 -.171644E+01 0.298411E+01 -.961444E+00 -.627744E+67 0.237417E+01
 -.179408E+01 -.166539E+01 0.327381E+01 -.968152E+00 -.627744E+67 0.242022E+01
 -.173436E+01 -.163249E+01 0.313969E+01 -.980000E+00 -.627744E+67 0.242566E+01
 -.114044E+01 -.162955E+01 0.308402E+01 -.980000E+00 -.627744E+67 0.241478E+01
 -.173726E+01 -.153056E+01 0.314071E+01 -.979663E+00 -.627744E+67 0.241826E+01
 -.174651E+01 -.165764E+01 0.314651E+01 -.921522E+00 -.627744E+67 0.242026E+01
 -.184663E+01 -.172098E+01 0.307628E+01 -.980000E+00 -.627744E+67 0.240305E+01
 -.170521E+01 -.170318E+01 0.313668E+01 -.968573E+00 -.627744E+67 0.243532E+01
 -.144288E+01 -.161904E+01 0.316212E+01 -.972160E+00 -.627744E+67 0.240342E+01
 -.166946E+01 -.168986E+01 0.308939E+01 -.968517E+00 -.627744E+67 0.239648E+01
 -.174352E+01 -.146855E+01 0.320260E+01 -.979837E+00 -.627744E+67 0.243342E+01
 -.116778E+01 -.164090E+01 0.314691E+01 -.976047E+00 -.627744E+67 0.245000E+01
 -.172480E+01 -.183397E+01 0.332696E+01 -.979038E+00 -.627744E+67 0.241649E+01
 -.175333E+01 -.167164E+01 0.313856E+01 -.980000E+00 -.627744E+67 0.243229E+01
 -.161382E+01 -.162830E+01 0.320772E+01 -.979866E+00 -.627744E+67 0.245000E+01
 -.179720E+01 -.160805E+01 0.317381E+01 -.980000E+00 -.627744E+67 0.242936E+01
 -.177650E+01 -.167704E+01 0.309415E+01 -.980000E+00 -.627744E+67 0.240166E+01
 -.192782E+01 -.165325E+01 0.313428E+01 -.980000E+00 -.627744E+67 0.245000E+01
 -.168599E+01 -.154255E+01 0.320566E+01 -.968217E+00 -.627744E+67 0.234369E+01
 -.214761E+01 -.177461E+01 0.302037E+01 -.962288E+00 -.627744E+67 0.234536E+01
 -.178385E+01 -.163623E+01 0.324904E+01 -.980000E+00 -.627744E+67 0.241125E+01
 -.175741E+01 -.165151E+01 0.314309E+01 -.976534E+00 -.627744E+67 0.243015E+01
 -.174830E+01 -.164919E+01 0.315303E+01 -.979535E+00 -.627744E+67 0.241683E+01
 -.160039E+01 -.201438E+01 0.322947E+01 -.980000E+00 -.627744E+67 0.245000E+01
 -.174454E+01 -.160549E+01 0.314510E+01 -.977937E+00 -.627744E+67 0.241853E+01
 -.181273E+01 -.157858E+01 0.312956E+01 -.973394E+00 -.627744E+67 0.241794E+01
 -.188664E+01 -.165692E+01 0.300838E+01 -.980000E+00 -.627744E+67 0.241869E+01
 -.141314E+01 -.160933E+01 0.299948E+01 -.954329E+00 -.627744E+67 0.243029E+01
 -.270278E+01 -.166326E+01 0.315981E+01 -.976232E+00 -.627744E+67 0.245000E+01
 -.250713E+01 -.173691E+01 0.316008E+01 -.977208E+00 -.627744E+67 0.238414E+01
 -.241410E+01 -.140198E+01 0.316985E+01 -.974910E+00 -.627744E+67 0.243396E+01
 -.176161E+01 -.162415E+01 0.314176E+01 -.978132E+00 -.627744E+67 0.244343E+01
 -.174926E+01 -.159492E+01 0.317343E+01 -.972399E+00 -.627744E+67 0.239864E+01
 -.213530E+01 -.166005E+01 0.314021E+01 -.978520E+00 -.627744E+67 0.242695E+01
 -.187859E+01 -.161497E+01 0.316119E+01 -.975704E+00 -.627744E+67 0.244491E+01
 -.177135E+01 -.164510E+01 0.315772E+01 -.980000E+00 -.627744E+67 0.241680E+01
 -.176370E+01 -.164859E+01 0.314730E+01 -.979736E+00 -.627744E+67 0.245000E+01
 -.174826E+01 -.155542E+01 0.316705E+01 -.979461E+00 -.627744E+67 0.243869E+01
 -.174323E+01 -.164643E+01 0.314612E+01 -.979399E+00 -.627744E+67 0.242946E+01
 -.168028E+01 -.169371E+01 0.308078E+01 -.975675E+00 -.627744E+67 0.244209E+01
 -.123617E+01 -.184082E+01 0.293960E+01 -.980000E+00 -.627744E+67 0.241633E+01
 -.178869E+01 -.169517E+01 0.316602E+01 -.977296E+00 -.627744E+67 0.242490E+01
 -.200778E+01 -.167595E+01 0.320729E+01 -.979904E+00 -.627744E+67 0.245000E+01
 -.173354E+01 -.157737E+01 0.318607E+01 -.977331E+00 -.627744E+67 0.240693E+01
 -.180439E+01 -.176616E+01 0.326380E+01 -.979030E+00 -.627744E+67 0.244808E+01
 -.175323E+01 -.156504E+01 0.315093E+01 -.979782E+00 -.627744E+67 0.240904E+01
 -.182275E+01 -.161516E+01 0.319859E+01 -.979796E+00 -.627744E+67 0.242282E+01
 -.100568E+01 -.186286E+01 0.312728E+01 -.977522E+00 -.627744E+67 0.244586E+01
 -.167560E+01 -.168614E+01 0.309239E+01 -.979718E+00 -.627744E+67 0.234170E+01
 -.174483E+01 -.164201E+01 0.314648E+01 -.979882E+00 -.627744E+67 0.241431E+01
 -.170852E+01 -.159817E+01 0.290373E+01 -.980000E+00 -.627744E+67 0.244774E+01
 -.187288E+01 -.162697E+01 0.321848E+01 -.980000E+00 -.627744E+67 0.240022E+01
 -.171978E+01 -.163665E+01 0.316270E+01 -.974403E+00 -.627744E+67 0.240964E+01
 -.144632E+01 -.162550E+01 0.307615E+01 -.975244E+00 -.627744E+67 0.242202E+01
 -.172823E+01 -.156033E+01 0.314667E+01 -.979724E+00 -.627744E+67 0.241644E+01
 -.201083E+01 -.162295E+01 0.314296E+01 -.905890E+00 -.627744E+67 0.242078E+01
 -.185889E+01 -.148415E+01 0.298388E+01 -.979382E+00 -.627744E+67 0.240111E+01
 -.166585E+01 -.157929E+01 0.314666E+01 -.980000E+00 -.627744E+67 0.243402E+01
 -.807958E+00 -.161504E+01 0.318916E+01 -.977544E+00 -.627744E+67 0.243650E+01
 -.170894E+01 -.165064E+01 0.319015E+01 -.978199E+00 -.627744E+67 0.240665E+01
 -.162068E+01 -.140663E+01 0.315877E+01 -.979958E+00 -.627744E+67 0.240375E+01
 -.178125E+01 -.163166E+01 0.317613E+01 -.973121E+00 -.627744E+67 0.243177E+01
 -.182521E+01 -.180820E+01 0.336177E+01 -.979731E+00 -.627744E+67 0.245000E+01
 -.177974E+01 -.168956E+01 0.313765E+01 -.971564E+00 -.627744E+67 0.242863E+01
 -.188468E+01 -.160472E+01 0.311611E+01 -.979831E+00 -.627744E+67 0.227071E+01
 -.174575E+01 -.163503E+01 0.315427E+01 -.979517E+00 -.627744E+67 0.242204E+01
 -.185177E+01 -.164586E+01 0.306251E+01 -.977166E+00 -.627744E+67 0.239581E+01
 -.155529E+01 -.172001E+01 0.313747E+01 -.962904E+00 -.627744E+67 0.239039E+01
 -.153773E+01 -.112361E+01 0.319647E+01 -.980000E+00 -.627744E+67 0.245000E+01
 -.253638E+01 -.151294E+01 0.312654E+01 -.964422E+00 -.627744E+67 0.232371E+01
 -.178699E+01 -.163832E+01 0.331582E+01 -.965609E+00 -.627744E+67 0.239964E+01
 -.173077E+01 -.163329E+01 0.314306E+01 -.976602E+00 -.627744E+67 0.240770E+01
 -.174779E+01 -.163352E+01 0.315259E+01 -.979582E+00 -.627744E+67 0.241577E+01
 -.163885E+01 -.131438E+01 0.321980E+01 -.940833E+00 -.627744E+67 0.239459E+01
 -.170993E+01 -.154809E+01 0.314095E+01 -.979950E+00 -.627744E+67 0.241974E+01
 -.181632E+01 -.156606E+01 0.310920E+01 -.979909E+00 -.627744E+67 0.241369E+01
 -.255695E+01 -.155713E+01 0.303581E+01 -.972205E+00 -.627744E+67 0.231188E+01
 -.139841E+01 -.162829E+01 0.298292E+01 -.908707E+00 -.627744E+67 0.242582E+01
 -.256599E+01 -.166803E+01 0.316143E+01 -.973641E+00 -.627744E+67 0.241390E+01
 -.136231E+01 -.185956E+01 0.319284E+01 -.977057E+00 -.627744E+67 0.239126E+01
 -.201280E+01 -.167398E+01 0.313298E+01 -.980000E+00 -.627744E+67 0.241374E+01
 -.181945E+01 -.159950E+01 0.314689E+01 -.977437E+00 -.627744E+67 0.245000E+01
 -.171437E+01 -.149536E+01 0.316104E+01 -.978615E+00 -.627744E+67 0.243067E+01
 -.198357E+01 -.160951E+01 0.314052E+01 -.980000E+00 -.627744E+67 0.242094E+01
 -.182360E+01 -.161010E+01 0.316529E+01 -.975365E+00 -.627744E+67 0.243948E+01
 -.181206E+01 -.164291E+01 0.313881E+01 -.979268E+00 -.627744E+67 0.241254E+01
 -.174009E+01 -.164942E+01 0.314139E+01 -.979843E+00 -.627744E+67 0.238104E+01
 -.159345E+01 -.154840E+01 0.322291E+01 -.979599E+00 -.627744E+67 0.244548E+01
 -.174450E+01 -.162658E+01 0.312731E+01 -.980000E+00 -.627744E+67 0.241479E+01
 -.164671E+01 -.171139E+01 0.306456E+01 -.976831E+00 -.627744E+67 0.245000E+01
 -.172683E+01 -.174673E+01 0.297452E+01 -.979485E+00 -.627744E+67 0.242387E+01
 -.177947E+01 -.170146E+01 0.313883E+01 -.977557E+00 -.627744E+67 0.242073E+01
 -.188647E+01 -.154581E+01 0.324151E+01 -.979492E+00 -.627744E+67 0.242077E+01
 -.172957E+01 -.159711E+01 0.317721E+01 -.977861E+00 -.627744E+67 0.241948E+01
 -.172051E+01 -.176971E+01 0.323329E+01 -.978758E+00 -.627744E+67 0.241832E+01
 -.175206E+01 -.158606E+01 0.315106E+01 -.979915E+00 -.627744E+67 0.241396E+01
 -.173859E+01 -.163888E+01 0.321675E+01 -.979885E+00 -.627744E+67 0.241891E+01
 -.189549E+01 -.211618E+01 0.318842E+01 -.980000E+00 -.627744E+67 0.241990E+01
 -.188421E+01 -.172071E+01 0.327341E+01 -.979420E+00 -.627744E+67 0.238853E+01
 -.174505E+01 -.164026E+01 0.314609E+01 -.980000E+00 -.627744E+67 0.241397E+01
 -.174819E+01 -.171345E+01 0.320373E+01 -.914890E+00 -.627744E+67 0.245000E+01
 -.182177E+01 -.167313E+01 0.309114E+01 -.971659E+00 -.627744E+67 0.240186E+01
 -.172071E+01 -.163700E+01 0.315492E+01 -.976417E+00 -.627744E+67 0.240098E+01
 -.196462E+01 -.163681E+01 0.315404E+01 -.975352E+00 -.627744E+67 0.241849E+01
 -.171502E+01 -.162248E+01 0.314803E+01 -.979700E+00 -.627744E+67 0.241397E+01
 -.193452E+01 -.161298E+01 0.313821E+01 -.925116E+00 -.627744E+67 0.241434E+01
 -.161525E+01 -.142076E+01 0.315825E+01 -.979301E+00 -.627744E+67 0.241762E+01
 -.181290E+01 -.160359E+01 0.316505E+01 -.963311E+00 -.627744E+67 0.242492E+01
 -.121958E+01 -.168394E+01 0.316656E+01 -.980000E+00 -.627744E+67 0.240297E+01
 -.172307E+01 -.164606E+01 0.316942E+01 -.980000E+00 -.627744E+67 0.241533E+01
 -.158506E+01 -.142875E+01 0.320244E+01 -.980000E+00 -.627744E+67 0.242647E+01
 -.221671E+01 -.162869E+01 0.316954E+01 -.977472E+00 -.627744E+67 0.240352E+01
 -.179177E+01 -.159761E+01 0.323841E+01 -.979161E+00 -.627744E+67 0.242203E+01
 -.176282E+01 -.166578E+01 0.316382E+01 -.980000E+00 -.627744E+67 0.240668E+01
 -.190097E+01 -.170311E+01 0.305916E+01 -.980000E+00 -.627744E+67 0.223355E+01
 -.170514E+01 -.166061E+01 0.313671E+01 -.979563E+00 -.627744E+67 0.240758E+01
 -.170692E+01 -.163542E+01 0.314757E+01 -.976549E+00 -.627744E+67 0.241963E+01
 -.155912E+01 -.167704E+01 0.311743E+01 -.980000E+00 -.627744E+67 0.234607E+01
 -.155754E+01 -.148176E+01 0.308994E+01 -.946945E+00 -.627744E+67 0.232485E+01
 -.199501E+01 -.134990E+01 0.314498E+01 -.980000E+00 -.627744E+67 0.235141E+01
 -.179039E+01 -.163465E+01 0.320753E+01 -.976291E+00 -.627744E+67 0.245000E+01
 -.172699E+01 -.163162E+01 0.314504E+01 -.977392E+00 -.627744E+67 0.241201E+01
 -.174332E+01 -.163182E+01 0.314585E+01 -.979887E+00 -.627744E+67 0.241409E+01
 -.176310E+01 -.106780E+01 0.310966E+01 -.980000E+00 -.627744E+67 0.241536E+01
 -.173577E+01 -.170535E+01 0.314720E+01 -.979437E+00 -.627744E+67 0.241283E+01
 -.176020E+01 -.178112E+01 0.315040E+01 -.980000E+00 -.627744E+67 0.241128E+01
 -.115783E+01 -.153580E+01 0.308965E+01 -.969190E+00 -.627744E+67 0.235507E+01
 -.143351E+01 -.166749E+01 0.328292E+01 -.960873E+00 -.627744E+67 0.239355E+01
 -.124136E+01 -.163344E+01 0.316883E+01 -.973553E+00 -.627744E+67 0.241690E+01
 -.965855E+00 -.187797E+01 0.320713E+01 -.978957E+00 -.627744E+67 0.242112E+01
 -.104388E+01 -.173063E+01 0.315769E+01 -.969136E+00 -.627744E+67 0.241638E+01
 -.178636E+01 -.169793E+01 0.314457E+01 -.977239E+00 -.627744E+67 0.233633E+01
 -.171147E+01 -.164024E+01 0.310523E+01 -.980000E+00 -.627744E+67 0.244516E+01
 -.166157E+01 -.161495E+01 0.314836E+01 -.979381E+00 -.627744E+67 0.240956E+01
 -.174792E+01 -.164035E+01 0.314851E+01 -.978582E+00 -.627744E+67 0.242558E+01
 -.176590E+01 -.164164E+01 0.315868E+01 -.979157E+00 -.627744E+67 0.241218E+01
 -.172477E+01 -.165017E+01 0.313953E+01 -.980000E+00 -.627744E+67 0.238749E+01
 -.159434E+01 -.157090E+01 0.316805E+01 -.979642E+00 -.627744E+67 0.241035E+01
 -.172659E+01 -.161442E+01 0.313671E+01 -.979553E+00 -.627744E+67 0.240708E+01
 -.172952E+01 -.161098E+01 0.316376E+01 -.978890E+00 -.627744E+67 0.235635E+01
 -.215942E+01 -.159550E+01 0.308465E+01 -.980000E+00 -.627744E+67 0.241154E+01
 -.171762E+01 -.162227E+01 0.313568E+01 -.980000E+00 -.627744E+67 0.241098E+01
 -.157226E+01 -.165578E+01 0.309561E+01 -.979081E+00 -.627744E+67 0.240068E+01
 -.173916E+01 -.164763E+01 0.310181E+01 -.979069E+00 -.627744E+67 0.241240E+01
 -.168620E+01 -.167160E+01 0.311223E+01 -.980000E+00 -.627744E+67 0.241920E+01
 -.174678E+01 -.170071E+01 0.314755E+01 -.979703E+00 -.627744E+67 0.241619E+01
 -.171504E+01 -.163819E+01 0.314623E+01 -.980000E+00 -.627744E+67 0.242102E+01
 -.235746E+01 -.216623E+01 0.316280E+01 -.977338E+00 -.627744E+67 0.241205E+01
 -.202260E+01 -.169116E+01 0.319803E+01 -.979482E+00 -.627744E+67 0.244951E+01
 -.174523E+01 -.163889E+01 0.314580E+01 -.979731E+00 -.627744E+67 0.241370E+01
 -.174158E+01 -.170807E+01 0.317450E+01 -.900970E+00 -.627744E+67 0.239317E+01
 -.167501E+01 -.168379E+01 0.302285E+01 -.973825E+00 -.627744E+67 0.245000E+01
 -.174962E+01 -.163206E+01 0.312400E+01 -.980000E+00 -.627744E+67 0.241471E+01
 -.167251E+01 -.164694E+01 0.313577E+01 -.979831E+00 -.627744E+67 0.241460E+01
 -.171816E+01 -.169460E+01 0.314102E+01 -.979838E+00 -.627744E+67 0.240978E+01
 -.154535E+01 -.163705E+01 0.314322E+01 -.980000E+00 -.627744E+67 0.240970E+01
 -.159966E+01 -.145989E+01 0.327764E+01 -.979455E+00 -.627744E+67 0.244205E+01
 -.189930E+01 -.169879E+01 0.315371E+01 -.938991E+00 -.627744E+67 0.241562E+01
 -.241321E+01 -.168948E+01 0.312617E+01 -.971840E+00 -.627744E+67 0.238382E+01
 -.173765E+01 -.166153E+01 0.305231E+01 -.975549E+00 -.627744E+67 0.241800E+01
 -.187754E+01 -.182165E+01 0.322742E+01 -.979938E+00 -.627744E+67 0.244569E+01
 -.219823E+01 -.163656E+01 0.314920E+01 -.980000E+00 -.627744E+67 0.239088E+01
 -.177462E+01 -.164037E+01 0.309632E+01 -.978085E+00 -.627744E+67 0.242551E+01
 -.176520E+01 -.161104E+01 0.317700E+01 -.975528E+00 -.627744E+67 0.241759E+01
 -.149338E+01 -.172284E+01 0.308166E+01 -.979914E+00 -.627744E+67 0.245000E+01
 -.175719E+01 -.166014E+01 0.313813E+01 -.980000E+00 -.627744E+67 0.242455E+01
 -.159489E+01 -.163440E+01 0.321314E+01 -.979712E+00 -.627744E+67 0.243521E+01
 -.164535E+01 -.163102E+01 0.309220E+01 -.969839E+00 -.627744E+67 0.245000E+01
 -.174694E+01 -.189061E+01 0.307380E+01 -.934390E+00 -.627744E+67 0.234505E+01
 -.134884E+01 -.157240E+01 0.313943E+01 -.962314E+00 -.627744E+67 0.242830E+01
 -.173083E+01 -.163740E+01 0.308360E+01 -.980000E+00 -.627744E+67 0.240932E+01
 -.173817E+01 -.164278E+01 0.314026E+01 -.979504E+00 -.627744E+67 0.242284E+01
 -.174183E+01 -.163800E+01 0.314079E+01 -.980000E+00 -.627744E+67 0.241265E+01
 -.185376E+01 -.176780E+01 0.305375E+01 -.947101E+00 -.627744E+67 0.244262E+01
 -.176908E+01 -.182482E+01 0.315058E+01 -.977260E+00 -.627744E+67 0.241181E+01
 -.172084E+01 -.176168E+01 0.317153E+01 -.964287E+00 -.627744E+67 0.241821E+01
 -.500867E+00 -.152005E+01 0.307052E+01 -.980000E+00 -.627744E+67 0.236581E+01
 -.150350E+01 -.169945E+01 0.322827E+01 -.969799E+00 -.627744E+67 0.239060E+01
 -.106709E+01 -.162806E+01 0.318225E+01 -.975919E+00 -.627744E+67 0.244828E+01
 -.230839E+01 -.181383E+01 0.313578E+01 -.978607E+00 -.627744E+67 0.243642E+01
 -.232392E+01 -.166945E+01 0.319994E+01 -.966448E+00 -.627744E+67 0.243964E+01
 -.168665E+01 -.175674E+01 0.313397E+01 -.978697E+00 -.627744E+67 0.230170E+01
 -.172956E+01 -.175943E+01 0.309507E+01 -.973352E+00 -.627744E+67 0.244467E+01
 -.147392E+01 -.163814E+01 0.314901E+01 -.980000E+00 -.627744E+67 0.242380E+01
 -.168458E+01 -.166394E+01 0.313427E+01 -.980000E+00 -.627744E+67 0.241354E+01
 -.171342E+01 -.164036E+01 0.317014E+01 -.980000E+00 -.627744E+67 0.241838E+01
 -.174185E+01 -.164706E+01 0.313918E+01 -.979796E+00 -.627744E+67 0.244738E+01
 -.191198E+01 -.166016E+01 0.309500E+01 -.979606E+00 -.627744E+67 0.241106E+01
 -.171380E+01 -.161988E+01 0.315355E+01 -.979413E+00 -.627744E+67 0.240471E+01
 -.179437E+01 -.153806E+01 0.316835E+01 -.980000E+00 -.627744E+67 0.231272E+01
 -.166365E+01 -.158607E+01 0.319165E+01 -.979723E+00 -.627744E+67 0.239781E+01
 -.172550E+01 -.160096E+01 0.315052E+01 -.978675E+00 -.627744E+67 0.242351E+01
 -.143396E+01 -.170134E+01 0.312168E+01 -.978797E+00 -.627744E+67 0.245000E+01
 -.174725E+01 -.166673E+01 0.308676E+01 -.979958E+00 -.627744E+67 0.240638E+01
 -.173790E+01 -.151969E+01 0.307769E+01 -.978485E+00 -.627744E+67 0.241684E+01
 -.174784E+01 -.162224E+01 0.314452E+01 -.979665E+00 -.627744E+67 0.241135E+01
 -.177340E+01 -.159244E+01 0.312385E+01 -.979909E+00 -.627744E+67 0.241750E+01
 -.112644E+01 -.204238E+01 0.310343E+01 -.978682E+00 -.627744E+67 0.242627E+01
 -.160391E+01 -.160889E+01 0.311674E+01 -.979895E+00 -.627744E+67 0.245000E+01
 -.174507E+01 -.164016E+01 0.314643E+01 -.979818E+00 -.627744E+67 0.241375E+01
 -.160552E+01 -.167684E+01 0.298384E+01 -.912521E+00 -.627744E+67 0.238781E+01
 -.173566E+01 -.167202E+01 0.315460E+01 -.980000E+00 -.627744E+67 0.237309E+01
 -.176724E+01 -.163481E+01 0.312534E+01 -.976761E+00 -.627744E+67 0.242463E+01
 -.150266E+01 -.164507E+01 0.313640E+01 -.980000E+00 -.627744E+67 0.241150E+01
 -.176108E+01 -.173213E+01 0.314033E+01 -.979788E+00 -.627744E+67 0.241176E+01
 -.132042E+01 -.165465E+01 0.314702E+01 -.937574E+00 -.627744E+67 0.241084E+01
 -.184773E+01 -.154203E+01 0.323565E+01 -.979533E+00 -.627744E+67 0.241166E+01
 -.188919E+01 -.169610E+01 0.314881E+01 -.941574E+00 -.627744E+67 0.241104E+01
 -.168968E+01 -.163557E+01 0.314092E+01 -.974855E+00 -.627744E+67 0.242679E+01
 -.169960E+01 -.168761E+01 0.308316E+01 -.977369E+00 -.627744E+67 0.241584E+01
 -.205336E+01 -.185070E+01 0.311976E+01 -.979908E+00 -.627744E+67 0.243047E+01
 -.126077E+01 -.163983E+01 0.314147E+01 -.976891E+00 -.627744E+67 0.244491E+01
 -.172981E+01 -.178369E+01 0.305426E+01 -.979712E+00 -.627744E+67 0.242653E+01
 -.176070E+01 -.160238E+01 0.315898E+01 -.980000E+00 -.627744E+67 0.243001E+01
 -.131829E+01 -.159736E+01 0.317916E+01 -.980000E+00 -.627744E+67 0.225100E+01
 -.177270E+01 -.163895E+01 0.314932E+01 -.979665E+00 -.627744E+67 0.243352E+01
 -.166939E+01 -.163989E+01 0.322462E+01 -.980000E+00 -.627744E+67 0.243138E+01
 -.183369E+01 -.160017E+01 0.309730E+01 -.972925E+00 -.627744E+67 0.236994E+01
 -.171077E+01 -.205300E+01 0.311954E+01 -.978558E+00 -.627744E+67 0.236581E+01
 -.114519E+01 -.175463E+01 0.313278E+01 -.969921E+00 -.627744E+67 0.245000E+01
 -.175917E+01 -.163867E+01 0.323601E+01 -.974294E+00 -.627744E+67 0.238611E+01
 -.174648E+01 -.165049E+01 0.313648E+01 -.978378E+00 -.627744E+67 0.241948E+01
 -.174066E+01 -.164281E+01 0.313683E+01 -.979868E+00 -.627744E+67 0.241152E+01
 -.169550E+01 -.213068E+01 0.316049E+01 -.941576E+00 -.627744E+67 0.242974E+01
 -.175909E+01 -.182205E+01 0.314863E+01 -.976466E+00 -.627744E+67 0.242054E+01
 -.172802E+01 -.152272E+01 0.310852E+01 -.973840E+00 -.627744E+67 0.241806E+01
 -.115499E+01 -.162814E+01 0.310608E+01 -.967192E+00 -.627744E+67 0.223808E+01
 -.165026E+01 -.168406E+01 0.305739E+01 -.962208E+00 -.627744E+67 0.239495E+01
 -.237538E+01 -.163919E+01 0.314772E+01 -.975674E+00 -.627744E+67 0.243382E+01
 -.240012E+01 -.164612E+01 0.307298E+01 -.977133E+00 -.627744E+67 0.240280E+01
 -.227839E+01 -.155966E+01 0.316278E+01 -.975895E+00 -.627744E+67 0.245000E+01
 -.168370E+01 -.165185E+01 0.312817E+01 -.977046E+00 -.627744E+67 0.230413E+01
 -.174209E+01 -.152293E+01 0.314109E+01 -.972774E+00 -.627744E+67 0.243946E+01
 -.207596E+01 -.164338E+01 0.313102E+01 -.979580E+00 -.627744E+67 0.242648E+01
 -.178352E+01 -.165979E+01 0.314249E+01 -.976351E+00 -.627744E+67 0.241899E+01
 -.172146E+01 -.164379E+01 0.315642E+01 -.979407E+00 -.627744E+67 0.241988E+01
 -.177048E+01 -.164845E+01 0.314244E+01 -.979797E+00 -.627744E+67 0.242786E+01
 -.192890E+01 -.167401E+01 0.314003E+01 -.979515E+00 -.627744E+67 0.243334E+01
 -.174948E+01 -.165252E+01 0.315405E+01 -.980000E+00 -.627744E+67 0.242594E+01
 -.166324E+01 -.164687E+01 0.305860E+01 -.976722E+00 -.627744E+67 0.234279E+01
 -.145348E+01 -.165687E+01 0.318530E+01 -.979930E+00 -.627744E+67 0.240068E+01
 -.177354E+01 -.171242E+01 0.315932E+01 -.979530E+00 -.627744E+67 0.242873E+01
 -.215788E+01 -.159477E+01 0.320986E+01 -.978502E+00 -.627744E+67 0.239200E+01
 -.172374E+01 -.163023E+01 0.317716E+01 -.980000E+00 -.627744E+67 0.241490E+01
 -.179783E+01 -.161028E+01 0.317152E+01 -.980000E+00 -.627744E+67 0.241950E+01
 -.175066E+01 -.158200E+01 0.313876E+01 -.979687E+00 -.627744E+67 0.240998E+01
 -.177177E+01 -.161402E+01 0.318606E+01 -.979974E+00 -.627744E+67 0.242793E+01
 -.114082E+01 -.162564E+01 0.310747E+01 -.980000E+00 -.627744E+67 0.243079E+01
 -.172711E+01 -.157392E+01 0.310162E+01 -.980000E+00 -.627744E+67 0.238757E+01
 -.174058E+01 -.163909E+01 0.314218E+01 -.979962E+00 -.627744E+67 0.241312E+01
 -.161577E+01 -.159856E+01 0.300270E+01 -.980000E+00 -.627744E+67 0.238737E+01
 -.183039E+01 -.163809E+01 0.326788E+01 -.973342E+00 -.627744E+67 0.235710E+01
 -.172903E+01 -.163581E+01 0.314238E+01 -.977444E+00 -.627744E+67 0.240753E+01
 -.179858E+01 -.164460E+01 0.314005E+01 -.978341E+00 -.627744E+67 0.241378E+01
 -.175059E+01 -.157539E+01 0.314083E+01 -.979866E+00 -.627744E+67 0.241439E+01
 -.187931E+01 -.164619E+01 0.312994E+01 -.939029E+00 -.627744E+67 0.241296E+01
 -.185600E+01 -.174712E+01 0.303163E+01 -.979347E+00 -.627744E+67 0.239590E+01
 -.167605E+01 -.163204E+01 0.315416E+01 -.967295E+00 -.627744E+67 0.244212E+01
 -.119680E+01 -.159627E+01 0.315239E+01 -.980000E+00 -.627744E+67 0.244710E+01
 -.166654E+01 -.166486E+01 0.315058E+01 -.980000E+00 -.627744E+67 0.240656E+01
 -.204856E+01 -.154841E+01 0.307100E+01 -.979989E+00 -.627744E+67 0.239441E+01
 -.134266E+01 -.163501E+01 0.316469E+01 -.974110E+00 -.627744E+67 0.244835E+01
 -.174205E+01 -.167040E+01 0.306090E+01 -.980000E+00 -.627744E+67 0.242740E+01
 -.176509E+01 -.166311E+01 0.313025E+01 -.977016E+00 -.627744E+67 0.242435E+01
 -.155632E+01 -.162975E+01 0.315257E+01 -.979954E+00 -.627744E+67 0.225306E+01
 -.172399E+01 -.161970E+01 0.316512E+01 -.979713E+00 -.627744E+67 0.241484E+01
 -.176367E+01 -.163991E+01 0.320617E+01 -.977506E+00 -.627744E+67 0.240838E+01
 -.159847E+01 -.161867E+01 0.314600E+01 -.980000E+00 -.627744E+67 0.233708E+01
 -.155992E+01 -.201217E+01 0.306250E+01 -.980000E+00 -.627744E+67 0.240387E+01
 -.197731E+01 -.169062E+01 0.305885E+01 -.980000E+00 -.627744E+67 0.240749E+01
 -.179138E+01 -.163841E+01 0.332215E+01 -.971835E+00 -.627744E+67 0.242191E+01
 -.174654E+01 -.162647E+01 0.314023E+01 -.977930E+00 -.627744E+67 0.241262E+01
 -.174235E+01 -.164301E+01 0.313999E+01 -.979953E+00 -.627744E+67 0.241236E+01
 -.169182E+01 -.171121E+01 0.325941E+01 -.968409E+00 -.627744E+67 0.242739E+01
 -.171802E+01 -.136631E+01 0.313638E+01 -.980000E+00 -.627744E+67 0.242603E+01
 -.176395E+01 -.164913E+01 0.309338E+01 -.973933E+00 -.627744E+67 0.241006E+01
 -.230825E+01 -.164086E+01 0.291237E+01 -.962603E+00 -.627744E+67 0.227944E+01
 -.182622E+01 -.161616E+01 0.301414E+01 -.976948E+00 -.627744E+67 0.240144E+01
 -.224590E+01 -.165556E+01 0.318298E+01 -.977351E+00 -.627744E+67 0.243039E+01
 -.137608E+01 -.174157E+01 0.313662E+01 -.978544E+00 -.627744E+67 0.239363E+01
 -.168783E+01 -.147968E+01 0.317980E+01 -.980000E+00 -.627744E+67 0.238720E+01
 -.178858E+01 -.155287E+01 0.315231E+01 -.978223E+00 -.627744E+67 0.244285E+01
 -.174773E+01 -.149810E+01 0.316980E+01 -.974717E+00 -.627744E+67 0.241604E+01
 -.192220E+01 -.162309E+01 0.314083E+01 -.980000E+00 -.627744E+67 0.241201E+01
 -.178413E+01 -.162984E+01 0.314980E+01 -.974509E+00 -.627744E+67 0.241552E+01
 -.181455E+01 -.163918E+01 0.312531E+01 -.979826E+00 -.627744E+67 0.240949E+01
 -.174043E+01 -.164351E+01 0.314236E+01 -.980000E+00 -.627744E+67 0.238380E+01
 -.169115E+01 -.157417E+01 0.319026E+01 -.979957E+00 -.627744E+67 0.242148E+01
 -.176752E+01 -.165646E+01 0.314548E+01 -.979571E+00 -.627744E+67 0.243241E+01
 -.162978E+01 -.171960E+01 0.305295E+01 -.976753E+00 -.627744E+67 0.245000E+01
 -.187616E+01 -.170984E+01 0.308538E+01 -.980000E+00 -.627744E+67 0.241364E+01
 -.176886E+01 -.162727E+01 0.315035E+01 -.980000E+00 -.627744E+67 0.240718E+01
 -.216512E+01 -.158782E+01 0.327510E+01 -.978937E+00 -.627744E+67 0.240293E+01
 -.171390E+01 -.159475E+01 0.320055E+01 -.979271E+00 -.627744E+67 0.241461E+01
 -.180361E+01 -.170762E+01 0.322209E+01 -.978712E+00 -.627744E+67 0.243547E+01
 -.174601E+01 -.161622E+01 0.314470E+01 -.979839E+00 -.627744E+67 0.241091E+01
 -.176603E+01 -.162287E+01 0.318745E+01 -.980000E+00 -.627744E+67 0.243572E+01
 -.274082E+01 -.142727E+01 0.315751E+01 -.977363E+00 -.627744E+67 0.243399E+01
 -.196439E+01 -.163200E+01 0.316628E+01 -.979424E+00 -.627744E+67 0.242279E+01
 -.173745E+01 -.163720E+01 0.313782E+01 -.980000E+00 -.627744E+67 0.241229E+01
 -.180120E+01 -.161716E+01 0.304657E+01 -.908763E+00 -.627744E+67 0.241077E+01
 -.174591E+01 -.165369E+01 0.309990E+01 -.971979E+00 -.627744E+67 0.245000E+01
 -.170350E+01 -.163332E+01 0.315058E+01 -.978529E+00 -.627744E+67 0.239738E+01
 -.194700E+01 -.164022E+01 0.314314E+01 -.977554E+00 -.627744E+67 0.241414E+01
 -.172767E+01 -.151109E+01 0.314146E+01 -.980000E+00 -.627744E+67 0.241204E+01
 -.204213E+01 -.162864E+01 0.312347E+01 -.980000E+00 -.627744E+67 0.241565E+01
 -.169320E+01 -.161043E+01 0.300291E+01 -.978541E+00 -.627744E+67 0.241707E+01
 -.155921E+01 -.161527E+01 0.314254E+01 -.980000E+00 -.627744E+67 0.243847E+01
 -.938554E+00 -.164825E+01 0.313361E+01 -.970631E+00 -.627744E+67 0.243751E+01
 -.173523E+01 -.167089E+01 0.318691E+01 -.976863E+00 -.627744E+67 0.239941E+01
 -.172940E+01 -.145588E+01 0.319066E+01 -.980000E+00 -.627744E+67 0.237162E+01
 -.235218E+01 -.162890E+01 0.318000E+01 -.978120E+00 -.627744E+67 0.239078E+01
 -.187512E+01 -.155207E+01 0.326965E+01 -.977757E+00 -.627744E+67 0.243073E+01
 -.176365E+01 -.171010E+01 0.312159E+01 -.976761E+00 -.627744E+67 0.241773E+01
 -.203475E+01 -.166132E+01 0.311818E+01 -.980000E+00 -.627744E+67 0.233602E+01
 -.171901E+01 -.162881E+01 0.313827E+01 -.979821E+00 -.627744E+67 0.240167E+01
 -.179483E+01 -.163504E+01 0.305837E+01 -.975328E+00 -.627744E+67 0.240030E+01
 -.162085E+01 -.163847E+01 0.310945E+01 -.973918E+00 -.627744E+67 0.242986E+01
 -.172389E+01 -.136862E+01 0.308875E+01 -.963555E+00 -.627744E+67 0.241582E+01
 -.208931E+01 -.147863E+01 0.310038E+01 -.961376E+00 -.627744E+67 0.236334E+01
 -.174369E+01 -.163645E+01 0.324272E+01 -.978656E+00 -.627744E+67 0.245000E+01
 -.174488E+01 -.161619E+01 0.314388E+01 -.979538E+00 -.627744E+67 0.240730E+01
 -.174314E+01 -.163563E+01 0.314397E+01 -.980000E+00 -.627744E+67 0.241323E+01
 -.175346E+01 -.111077E+01 0.315861E+01 -.980000E+00 -.627744E+67 0.242227E+01
 -.172590E+01 -.157259E+01 0.313175E+01 -.977900E+00 -.627744E+67 0.241118E+01
 -.178486E+01 -.174777E+01 0.317983E+01 -.965049E+00 -.627744E+67 0.241669E+01
 -.244718E+01 -.160122E+01 0.290000E+01 -.973340E+00 -.627744E+67 0.238713E+01
 -.177261E+01 -.163486E+01 0.309134E+01 -.972611E+00 -.627744E+67 0.240704E+01
 -.163225E+01 -.164381E+01 0.320692E+01 -.971347E+00 -.627744E+67 0.242363E+01
 -.931447E+00 -.170441E+01 0.318161E+01 -.976959E+00 -.627744E+67 0.241454E+01
 -.133891E+01 -.159249E+01 0.317869E+01 -.971707E+00 -.627744E+67 0.237270E+01
 -.183682E+01 -.163934E+01 0.314938E+01 -.979564E+00 -.627744E+67 0.245000E+01
 -.173478E+01 -.176645E+01 0.314109E+01 -.979486E+00 -.627744E+67 0.242575E+01
 -.157217E+01 -.161659E+01 0.315028E+01 -.979742E+00 -.627744E+67 0.241190E+01
 -.172633E+01 -.162456E+01 0.314261E+01 -.979559E+00 -.627744E+67 0.241782E+01
 -.179866E+01 -.164000E+01 0.314141E+01 -.980000E+00 -.627744E+67 0.241109E+01
 -.172068E+01 -.163468E+01 0.314083E+01 -.979792E+00 -.627744E+67 0.240555E+01
 -.156301E+01 -.154582E+01 0.318867E+01 -.979666E+00 -.627744E+67 0.241501E+01
 -.173734E+01 -.164987E+01 0.313611E+01 -.980000E+00 -.627744E+67 0.242165E+01
 -.174518E+01 -.160393E+01 0.312758E+01 -.980000E+00 -.627744E+67 0.228387E+01
 -.195777E+01 -.170667E+01 0.309154E+01 -.979866E+00 -.627744E+67 0.242075E+01
 -.175246E+01 -.161296E+01 0.313352E+01 -.979434E+00 -.627744E+67 0.241266E+01
 -.192703E+01 -.165475E+01 0.321626E+01 -.980000E+00 -.627744E+67 0.245000E+01
 -.175547E+01 -.158524E+01 0.311473E+01 -.977910E+00 -.627744E+67 0.240973E+01
 -.169829E+01 -.174475E+01 0.314100E+01 -.978172E+00 -.627744E+67 0.242378E+01
 -.174380E+01 -.165159E+01 0.314529E+01 -.979757E+00 -.627744E+67 0.241267E+01
 -.175003E+01 -.164065E+01 0.311914E+01 -.979957E+00 -.627744E+67 0.243212E+01
 -.222193E+01 -.162767E+01 0.318715E+01 -.975963E+00 -.627744E+67 0.242528E+01
 -.172902E+01 -.171040E+01 0.320528E+01 -.979518E+00 -.627744E+67 0.244938E+01
 -.173873E+01 -.163666E+01 0.313506E+01 -.979942E+00 -.627744E+67 0.241200E+01
 -.173072E+01 -.173909E+01 0.312261E+01 -.943282E+00 -.627744E+67 0.242232E+01
 -.174345E+01 -.168740E+01 0.299667E+01 -.980000E+00 -.627744E+67 0.236825E+01
 -.175311E+01 -.163202E+01 0.313926E+01 -.979967E+00 -.627744E+67 0.240997E+01
 -.181573E+01 -.163670E+01 0.314144E+01 -.980000E+00 -.627744E+67 0.241355E+01
 -.170994E+01 -.158598E+01 0.314290E+01 -.979474E+00 -.627744E+67 0.241063E+01
 -.151895E+01 -.163115E+01 0.312861E+01 -.908927E+00 -.627744E+67 0.241413E+01
 -.161375E+01 -.148074E+01 0.318225E+01 -.980000E+00 -.627744E+67 0.245000E+01
 -.165640E+01 -.163717E+01 0.314723E+01 -.936211E+00 -.627744E+67 0.242163E+01
 -.194521E+01 -.167477E+01 0.312185E+01 -.967841E+00 -.627744E+67 0.241412E+01
 -.178327E+01 -.166628E+01 0.308579E+01 -.980000E+00 -.627744E+67 0.239457E+01
 -.161069E+01 -.169040E+01 0.324585E+01 -.979966E+00 -.627744E+67 0.245000E+01
 -.228692E+01 -.162810E+01 0.318562E+01 -.975817E+00 -.627744E+67 0.236886E+01
 -.179786E+01 -.162051E+01 0.331497E+01 -.978873E+00 -.627744E+67 0.242378E+01
 -.173464E+01 -.168781E+01 0.320070E+01 -.979209E+00 -.627744E+67 0.241327E+01
 -.194443E+01 -.168410E+01 0.310673E+01 -.979981E+00 -.627744E+67 0.245000E+01
 -.173659E+01 -.164990E+01 0.313853E+01 -.979944E+00 -.627744E+67 0.241451E+01
 -.168771E+01 -.163464E+01 0.306731E+01 -.978722E+00 -.627744E+67 0.241333E+01
 -.163905E+01 -.165319E+01 0.310031E+01 -.978093E+00 -.627744E+67 0.245000E+01
 -.184575E+01 -.130746E+01 0.309717E+01 -.936038E+00 -.627744E+67 0.240401E+01
 -.128298E+01 -.141003E+01 0.314198E+01 -.959318E+00 -.627744E+67 0.234514E+01
 -.170853E+01 -.163427E+01 0.309551E+01 -.980000E+00 -.627744E+67 0.238169E+01
 -.174026E+01 -.164394E+01 0.314090E+01 -.978726E+00 -.627744E+67 0.241642E+01
 -.174127E+01 -.163429E+01 0.314175E+01 -.979944E+00 -.627744E+67 0.241290E+01
 -.178858E+01 -.162293E+01 0.309592E+01 -.948636E+00 -.627744E+67 0.242868E+01
 -.176894E+01 -.177909E+01 0.312928E+01 -.977912E+00 -.627744E+67 0.240307E+01
 -.175833E+01 -.168960E+01 0.316291E+01 -.964671E+00 -.627744E+67 0.241692E+01
 -.115432E+01 -.151281E+01 0.317751E+01 -.980000E+00 -.627744E+67 0.234941E+01
 -.151481E+01 -.170756E+01 0.317393E+01 -.964151E+00 -.627744E+67 0.240561E+01
 -.139668E+01 -.164129E+01 0.320912E+01 -.979490E+00 -.627744E+67 0.243009E+01
 -.242788E+01 -.175236E+01 0.313288E+01 -.975902E+00 -.627744E+67 0.242319E+01
 -.185872E+01 -.167623E+01 0.316992E+01 -.966227E+00 -.627744E+67 0.237582E+01
 -.171190E+01 -.170676E+01 0.312855E+01 -.979878E+00 -.627744E+67 0.237630E+01
 -.171594E+01 -.178314E+01 0.311113E+01 -.978628E+00 -.627744E+67 0.244923E+01
 -.143905E+01 -.163941E+01 0.314791E+01 -.980000E+00 -.627744E+67 0.243456E+01
 -.172371E+01 -.163488E+01 0.313722E+01 -.980000E+00 -.627744E+67 0.241984E+01
 -.174096E+01 -.164015E+01 0.315502E+01 -.979728E+00 -.627744E+67 0.241701E+01
 -.178536E+01 -.164940E+01 0.314061E+01 -.979880E+00 -.627744E+67 0.244397E+01
 -.185863E+01 -.155018E+01 0.314878E+01 -.979721E+00 -.627744E+67 0.241001E+01
 -.172125E+01 -.164491E+01 0.315433E+01 -.979773E+00 -.627744E+67 0.240354E+01
 -.173698E+01 -.155944E+01 0.310062E+01 -.976692E+00 -.627744E+67 0.232963E+01
 -.170166E+01 -.163564E+01 0.313981E+01 -.979966E+00 -.627744E+67 0.241117E+01
 -.172967E+01 -.166906E+01 0.313119E+01 -.979876E+00 -.627744E+67 0.241758E+01
 -.144761E+01 -.163846E+01 0.309341E+01 -.977467E+00 -.627744E+67 0.239628E+01
 -.176293E+01 -.168679E+01 0.306630E+01 -.977187E+00 -.627744E+67 0.240938E+01
 -.166535E+01 -.164201E+01 0.313151E+01 -.980000E+00 -.627744E+67 0.241408E+01
 -.174135E+01 -.166203E+01 0.314073E+01 -.979859E+00 -.627744E+67 0.241388E+01
 -.175905E+01 -.160164E+01 0.316986E+01 -.979984E+00 -.627744E+67 0.241811E+01
 -.152917E+01 -.195492E+01 0.316236E+01 -.976251E+00 -.627744E+67 0.241953E+01
 -.157607E+01 -.172330E+01 0.322524E+01 -.980000E+00 -.627744E+67 0.244862E+01
 -.173852E+01 -.163764E+01 0.313568E+01 -.980000E+00 -.627744E+67 0.241233E+01
 -.169113E+01 -.175169E+01 0.319925E+01 -.980000E+00 -.627744E+67 0.242350E+01
 -.174829E+01 -.168412E+01 0.312916E+01 -.968912E+00 -.627744E+67 0.245000E+01
 -.178300E+01 -.163209E+01 0.313198E+01 -.980000E+00 -.627744E+67 0.242160E+01
 -.160952E+01 -.163998E+01 0.313911E+01 -.977076E+00 -.627744E+67 0.241294E+01
 -.173945E+01 -.169218E+01 0.314203E+01 -.979109E+00 -.627744E+67 0.241275E+01
 -.116670E+01 -.164907E+01 0.314872E+01 -.942676E+00 -.627744E+67 0.241108E+01
 -.162993E+01 -.161431E+01 0.323892E+01 -.979139E+00 -.627744E+67 0.237475E+01
 -.179600E+01 -.167606E+01 0.316711E+01 -.933798E+00 -.627744E+67 0.240717E+01
 -.241791E+01 -.165133E+01 0.316045E+01 -.967179E+00 -.627744E+67 0.240580E+01
 -.175452E+01 -.165436E+01 0.301757E+01 -.978176E+00 -.627744E+67 0.241000E+01
 -.187653E+01 -.172722E+01 0.312790E+01 -.980000E+00 -.627744E+67 0.236607E+01
 -.138300E+01 -.164110E+01 0.314691E+01 -.976287E+00 -.627744E+67 0.245000E+01
 -.171976E+01 -.176874E+01 0.322638E+01 -.979828E+00 -.627744E+67 0.243173E+01
 -.171422E+01 -.161299E+01 0.319549E+01 -.980000E+00 -.627744E+67 0.242327E+01
 -.135653E+01 -.168644E+01 0.314476E+01 -.979995E+00 -.627744E+67 0.232507E+01
 -.176577E+01 -.164221E+01 0.316435E+01 -.979830E+00 -.627744E+67 0.242763E+01
 -.162532E+01 -.163720E+01 0.314986E+01 -.979626E+00 -.627744E+67 0.242674E+01
 -.175839E+01 -.165897E+01 0.313426E+01 -.976893E+00 -.627744E+67 0.240353E+01
 -.152781E+01 -.159966E+01 0.302460E+01 -.906820E+00 -.627744E+67 0.238968E+01
 -.959736E+00 -.176256E+01 0.307312E+01 -.978174E+00 -.627744E+67 0.233692E+01
 -.171409E+01 -.163626E+01 0.298659E+01 -.978139E+00 -.627744E+67 0.233739E+01
 -.174106E+01 -.165950E+01 0.313846E+01 -.978795E+00 -.627744E+67 0.241858E+01
 -.174127E+01 -.163398E+01 0.313789E+01 -.979976E+00 -.627744E+67 0.241244E+01
 -.173386E+01 -.202025E+01 0.313918E+01 -.949619E+00 -.627744E+67 0.243301E+01
 -.177353E+01 -.170761E+01 0.314940E+01 -.979331E+00 -.627744E+67 0.240514E+01
 -.174777E+01 -.154598E+01 0.310474E+01 -.980000E+00 -.627744E+67 0.241556E+01
 -.119502E+01 -.160956E+01 0.319737E+01 -.962178E+00 -.627744E+67 0.232953E+01
 -.151315E+01 -.172936E+01 0.313549E+01 -.959442E+00 -.627744E+67 0.241368E+01
 -.139398E+01 -.164185E+01 0.316334E+01 -.977276E+00 -.627744E+67 0.244980E+01
 -.220302E+01 -.178940E+01 0.309662E+01 -.980000E+00 -.627744E+67 0.242348E+01
 -.202333E+01 -.165894E+01 0.314078E+01 -.972639E+00 -.627744E+67 0.245000E+01
 -.168172E+01 -.167493E+01 0.312713E+01 -.976889E+00 -.627744E+67 0.232946E+01
 -.170700E+01 -.157066E+01 0.311700E+01 -.974026E+00 -.627744E+67 0.245000E+01
 -.205998E+01 -.164192E+01 0.312993E+01 -.979888E+00 -.627744E+67 0.243962E+01
 -.175600E+01 -.165166E+01 0.313721E+01 -.976954E+00 -.627744E+67 0.241576E+01
 -.171675E+01 -.164388E+01 0.315996E+01 -.979750E+00 -.627744E+67 0.241938E+01
 -.179782E+01 -.165423E+01 0.314136E+01 -.980000E+00 -.627744E+67 0.242701E+01
 -.191612E+01 -.166092E+01 0.312845E+01 -.980000E+00 -.627744E+67 0.244001E+01
 -.174090E+01 -.163464E+01 0.316180E+01 -.979954E+00 -.627744E+67 0.240845E+01
 -.164417E+01 -.157802E+01 0.308916E+01 -.974461E+00 -.627744E+67 0.244741E+01
 -.150902E+01 -.158372E+01 0.317854E+01 -.980000E+00 -.627744E+67 0.240438E+01
 -.174060E+01 -.167892E+01 0.314317E+01 -.980000E+00 -.627744E+67 0.242278E+01
 -.152017E+01 -.158603E+01 0.315040E+01 -.980000E+00 -.627744E+67 0.237177E+01
 -.170797E+01 -.168227E+01 0.310956E+01 -.980000E+00 -.627744E+67 0.241323E+01
 -.173672E+01 -.151602E+01 0.318243E+01 -.978437E+00 -.627744E+67 0.243009E+01
 -.174403E+01 -.161154E+01 0.314194E+01 -.979839E+00 -.627744E+67 0.241367E+01
 -.175335E+01 -.159169E+01 0.318820E+01 -.980000E+00 -.627744E+67 0.241083E+01
 -.129671E+01 -.200866E+01 0.312717E+01 -.980000E+00 -.627744E+67 0.240846E+01
 -.195266E+01 -.169682E+01 0.317444E+01 -.979323E+00 -.627744E+67 0.242066E+01
 -.174118E+01 -.163834E+01 0.314164E+01 -.979965E+00 -.627744E+67 0.241298E+01
 -.171187E+01 -.165641E+01 0.311009E+01 -.951141E+00 -.627744E+67 0.241798E+01
 -.179207E+01 -.161364E+01 0.327211E+01 -.967710E+00 -.627744E+67 0.238053E+01
 -.174908E+01 -.163898E+01 0.313367E+01 -.979553E+00 -.627744E+67 0.242606E+01
 -.167177E+01 -.164659E+01 0.314078E+01 -.978052E+00 -.627744E+67 0.241288E+01
 -.175519E+01 -.166215E+01 0.314154E+01 -.980000E+00 -.627744E+67 0.241418E+01
 -.207345E+01 -.164616E+01 0.315603E+01 -.979107E+00 -.627744E+67 0.241644E+01
 -.172031E+01 -.172304E+01 0.309013E+01 -.979126E+00 -.627744E+67 0.239431E+01
 -.182141E+01 -.164778E+01 0.316032E+01 -.962394E+00 -.627744E+67 0.243325E+01
 -.212025E+01 -.161110E+01 0.316249E+01 -.980000E+00 -.627744E+67 0.243684E+01
 -.170743E+01 -.165220E+01 0.321132E+01 -.978547E+00 -.627744E+67 0.242901E+01
 -.194871E+01 -.156807E+01 0.318033E+01 -.979785E+00 -.627744E+67 0.243134E+01
 -.884570E+00 -.165076E+01 0.317664E+01 -.975042E+00 -.627744E+67 0.238385E+01
 -.174012E+01 -.170985E+01 0.311630E+01 -.979146E+00 -.627744E+67 0.244974E+01
 -.178917E+01 -.166172E+01 0.313213E+01 -.978555E+00 -.627744E+67 0.244707E+01
 -.172870E+01 -.167690E+01 0.317246E+01 -.979830E+00 -.627744E+67 0.235432E+01
 -.178825E+01 -.163629E+01 0.318423E+01 -.979741E+00 -.627744E+67 0.243774E+01
 -.183840E+01 -.163687E+01 0.322595E+01 -.978452E+00 -.627744E+67 0.242994E+01
 -.185218E+01 -.164173E+01 0.317693E+01 -.977057E+00 -.627744E+67 0.237219E+01
 -.161032E+01 -.197632E+01 0.298010E+01 -.899896E+00 -.627744E+67 0.236391E+01
 -.183183E+01 -.166248E+01 0.305016E+01 -.980000E+00 -.627744E+67 0.238224E+01
 -.177347E+01 -.163864E+01 0.316850E+01 -.980000E+00 -.627744E+67 0.240914E+01
 -.175270E+01 -.164513E+01 0.314042E+01 -.978735E+00 -.627744E+67 0.241864E+01
 -.174792E+01 -.164063E+01 0.316910E+01 -.979830E+00 -.627744E+67 0.243402E+01
 -.176228E+01 -.167431E+01 0.325416E+01 -.967943E+00 -.627744E+67 0.243779E+01
 -.176986E+01 -.161194E+01 0.318529E+01 -.980000E+00 -.627744E+67 0.241997E+01
 -.176924E+01 -.158097E+01 0.308568E+01 -.946541E+00 -.627744E+67 0.243302E+01
 -.177604E+01 -.163654E+01 0.292135E+01 -.980000E+00 -.627744E+67 0.232592E+01
 -.181177E+01 -.159568E+01 0.307854E+01 -.964371E+00 -.627744E+67 0.240482E+01
 -.216658E+01 -.164405E+01 0.315977E+01 -.976456E+00 -.627744E+67 0.245000E+01
 -.953264E+00 -.177674E+01 0.313791E+01 -.977370E+00 -.627744E+67 0.240989E+01
 -.198186E+01 -.158945E+01 0.320467E+01 -.980000E+00 -.627744E+67 0.239795E+01
 -.174325E+01 -.159455E+01 0.317400E+01 -.975528E+00 -.627744E+67 0.239954E+01
 -.172619E+01 -.160671E+01 0.315649E+01 -.971664E+00 -.627744E+67 0.243963E+01
 -.180070E+01 -.164244E+01 0.318153E+01 -.979844E+00 -.627744E+67 0.242325E+01
 -.177308E+01 -.165898E+01 0.314506E+01 -.980000E+00 -.627744E+67 0.243500E+01
 -.179361E+01 -.164712E+01 0.316116E+01 -.980000E+00 -.627744E+67 0.242502E+01
 -.173559E+01 -.165593E+01 0.315901E+01 -.979584E+00 -.627744E+67 0.239689E+01
 -.172635E+01 -.167489E+01 0.313155E+01 -.978915E+00 -.627744E+67 0.245000E+01
 -.177402E+01 -.164582E+01 0.316214E+01 -.979990E+00 -.627744E+67 0.242504E+01
 -.165893E+01 -.167959E+01 0.304642E+01 -.980000E+00 -.627744E+67 0.245000E+01
 -.170273E+01 -.158635E+01 0.317802E+01 -.979885E+00 -.627744E+67 0.241675E+01
 -.177158E+01 -.162247E+01 0.317834E+01 -.979626E+00 -.627744E+67 0.243193E+01
 -.181830E+01 -.159056E+01 0.320226E+01 -.977961E+00 -.627744E+67 0.242241E+01
 -.174670E+01 -.156870E+01 0.321389E+01 -.975863E+00 -.627744E+67 0.242894E+01
 -.184805E+01 -.152876E+01 0.319849E+01 -.980000E+00 -.627744E+67 0.244038E+01
 -.177081E+01 -.161404E+01 0.316888E+01 -.979791E+00 -.627744E+67 0.241296E+01
 -.177675E+01 -.163676E+01 0.318608E+01 -.979931E+00 -.627744E+67 0.244681E+01
 -.182311E+01 -.180905E+01 0.311813E+01 -.976196E+00 -.627744E+67 0.245000E+01
 -.208073E+01 -.162547E+01 0.315390E+01 -.979867E+00 -.627744E+67 0.242133E+01
 -.177500E+01 -.164137E+01 0.315724E+01 -.979918E+00 -.627744E+67 0.242811E+01
 -.177494E+01 -.157595E+01 0.305833E+01 -.931895E+00 -.627744E+67 0.242325E+01
 -.181355E+01 -.163455E+01 0.325010E+01 -.980000E+00 -.627744E+67 0.243574E+01
 -.173414E+01 -.164090E+01 0.315620E+01 -.979611E+00 -.627744E+67 0.242300E+01
 -.196104E+01 -.164367E+01 0.316965E+01 -.979433E+00 -.627744E+67 0.242267E+01
 -.177199E+01 -.163280E+01 0.316640E+01 -.979377E+00 -.627744E+67 0.243034E+01
 -.241046E+01 -.162846E+01 0.316005E+01 -.980000E+00 -.627744E+67 0.242453E+01
 -.180421E+01 -.176839E+01 0.299471E+01 -.979488E+00 -.627744E+67 0.241773E+01
 -.177342E+01 -.162673E+01 0.316541E+01 -.980000E+00 -.627744E+67 0.245000E+01
 -.937643E+00 -.159823E+01 0.316566E+01 -.969167E+00 -.627744E+67 0.244694E+01
 -.174116E+01 -.165151E+01 0.318632E+01 -.980000E+00 -.627744E+67 0.241828E+01
 -.168352E+01 -.160641E+01 0.324058E+01 -.979540E+00 -.627744E+67 0.245000E+01
 -.180319E+01 -.165370E+01 0.318417E+01 -.977408E+00 -.627744E+67 0.239712E+01
 -.178083E+01 -.160977E+01 0.306370E+01 -.978306E+00 -.627744E+67 0.245000E+01
 -.182092E+01 -.166648E+01 0.309764E+01 -.979295E+00 -.627744E+67 0.245000E+01
 -.206661E+01 -.165045E+01 0.316719E+01 -.979251E+00 -.627744E+67 0.238592E+01
 -.177945E+01 -.163833E+01 0.318531E+01 -.979700E+00 -.627744E+67 0.243675E+01
 -.172695E+01 -.163392E+01 0.314597E+01 -.975570E+00 -.627744E+67 0.241829E+01
 -.170908E+01 -.162096E+01 0.315002E+01 -.977358E+00 -.627744E+67 0.240734E+01
 -.187843E+01 -.188862E+01 0.313609E+01 -.942485E+00 -.627744E+67 0.238636E+01
 -.230838E+01 -.151411E+01 0.313971E+01 -.969125E+00 -.627744E+67 0.241370E+01
 -.172590E+01 -.163106E+01 0.325800E+01 -.978092E+00 -.627744E+67 0.245000E+01
 -.178379E+01 -.160878E+01 0.315557E+01 -.978614E+00 -.627744E+67 0.241960E+01
 -.176270E+01 -.163849E+01 0.317566E+01 -.979071E+00 -.627744E+67 0.241944E+01
 -.179139E+01 -.133027E+01 0.321142E+01 -.972860E+00 -.627744E+67 0.244140E+01
 -.176851E+01 -.154827E+01 0.316160E+01 -.977482E+00 -.627744E+67 0.243992E+01
 -.178695E+01 -.168020E+01 0.313712E+01 -.947801E+00 -.627744E+67 0.243208E+01
 -.219350E+01 -.150438E+01 0.290000E+01 -.964672E+00 -.627744E+67 0.226704E+01
 -.177918E+01 -.153061E+01 0.309791E+01 -.977924E+00 -.627744E+67 0.241381E+01
 -.208465E+01 -.164190E+01 0.320986E+01 -.969333E+00 -.627744E+67 0.242929E+01
 -.137941E+01 -.174362E+01 0.317652E+01 -.976125E+00 -.627744E+67 0.239787E+01
 -.179409E+01 -.152188E+01 0.322393E+01 -.974008E+00 -.627744E+67 0.237416E+01
 -.182784E+01 -.165237E+01 0.319873E+01 -.979843E+00 -.627744E+67 0.245000E+01
 -.174723E+01 -.165122E+01 0.320076E+01 -.972667E+00 -.627744E+67 0.242686E+01
 -.155878E+01 -.163423E+01 0.320772E+01 -.979585E+00 -.627744E+67 0.242117E+01
 -.176502E+01 -.164280E+01 0.317007E+01 -.977067E+00 -.627744E+67 0.244681E+01
 -.181171E+01 -.162826E+01 0.316485E+01 -.979325E+00 -.627744E+67 0.242273E+01
 -.170801E+01 -.164572E+01 0.315648E+01 -.979453E+00 -.627744E+67 0.240720E+01
 -.167306E+01 -.165090E+01 0.316600E+01 -.978762E+00 -.627744E+67 0.242802E+01
 -.179657E+01 -.164419E+01 0.316654E+01 -.979299E+00 -.627744E+67 0.244153E+01
 -.173373E+01 -.166985E+01 0.318584E+01 -.976407E+00 -.627744E+67 0.242905E+01
 -.194685E+01 -.166057E+01 0.311891E+01 -.979285E+00 -.627744E+67 0.242680E+01
 -.178484E+01 -.159994E+01 0.318730E+01 -.979412E+00 -.627744E+67 0.243362E+01
 -.197466E+01 -.165642E+01 0.318125E+01 -.978428E+00 -.627744E+67 0.245000E+01
 -.176745E+01 -.161724E+01 0.317640E+01 -.975003E+00 -.627744E+67 0.241583E+01
 -.176373E+01 -.171556E+01 0.317501E+01 -.979061E+00 -.627744E+67 0.243876E+01
 -.177964E+01 -.163874E+01 0.316073E+01 -.978971E+00 -.627744E+67 0.242808E+01
 -.178829E+01 -.167086E+01 0.317064E+01 -.979741E+00 -.627744E+67 0.245000E+01
 -.212527E+01 -.155427E+01 0.318569E+01 -.977583E+00 -.627744E+67 0.241513E+01
 -.187260E+01 -.165306E+01 0.317115E+01 -.979654E+00 -.627744E+67 0.245000E+01
 -.176019E+01 -.164007E+01 0.315088E+01 -.979748E+00 -.627744E+67 0.242776E+01
 -.174039E+01 -.168188E+01 0.315620E+01 -.980000E+00 -.627744E+67 0.242792E+01
 -.179732E+01 -.170596E+01 0.312236E+01 -.967636E+00 -.627744E+67 0.245000E+01
 -.177114E+01 -.163709E+01 0.316192E+01 -.979620E+00 -.627744E+67 0.241555E+01
 -.185009E+01 -.164188E+01 0.317125E+01 -.979548E+00 -.627744E+67 0.242594E+01
 -.178490E+01 -.161026E+01 0.318550E+01 -.978898E+00 -.627744E+67 0.244276E+01
 -.122851E+01 -.162767E+01 0.315192E+01 -.957987E+00 -.627744E+67 0.243421E+01
 -.176420E+01 -.157848E+01 0.316555E+01 -.979297E+00 -.627744E+67 0.241543E+01
 -.173614E+01 -.161406E+01 0.316951E+01 -.969022E+00 -.627744E+67 0.241630E+01
 -.134593E+01 -.165268E+01 0.316321E+01 -.970674E+00 -.627744E+67 0.242899E+01
 -.170477E+01 -.167149E+01 0.314378E+01 -.978556E+00 -.627744E+67 0.240788E+01
 -.166444E+01 -.167738E+01 0.316856E+01 -.979520E+00 -.627744E+67 0.239780E+01
 -.247782E+01 -.162197E+01 0.318120E+01 -.978803E+00 -.627744E+67 0.241532E+01
 -.185374E+01 -.168202E+01 0.328956E+01 -.978690E+00 -.627744E+67 0.242177E+01
 -.175874E+01 -.164499E+01 0.324647E+01 -.980000E+00 -.627744E+67 0.241297E+01
 -.154694E+01 -.160732E+01 0.311998E+01 -.979357E+00 -.627744E+67 0.242310E+01
 -.174727E+01 -.163697E+01 0.315754E+01 -.979682E+00 -.627744E+67 0.243037E+01
 -.170751E+01 -.163134E+01 0.311268E+01 -.975422E+00 -.627744E+67 0.241868E+01
 -.167373E+01 -.165906E+01 0.313572E+01 -.979306E+00 -.627744E+67 0.244088E+01
 -.167100E+01 -.133565E+01 0.312257E+01 -.979213E+00 -.627744E+67 0.244019E+01
 -.171932E+01 -.149973E+01 0.317182E+01 -.967985E+00 -.627744E+67 0.240860E+01
 -.171990E+01 -.163061E+01 0.308152E+01 -.978538E+00 -.627744E+67 0.238562E+01
 -.177934E+01 -.161487E+01 0.316191E+01 -.978778E+00 -.627744E+67 0.241783E+01
 -.175456E+01 -.163013E+01 0.315311E+01 -.979431E+00 -.627744E+67 0.240255E+01
 -.178991E+01 -.138663E+01 0.310913E+01 -.965182E+00 -.627744E+67 0.244472E+01
 -.175389E+01 -.162777E+01 0.314359E+01 -.977249E+00 -.627744E+67 0.243834E+01
 -.178621E+01 -.171046E+01 0.317974E+01 -.980000E+00 -.627744E+67 0.242550E+01
 -.186953E+01 -.147711E+01 0.304975E+01 -.964642E+00 -.627744E+67 0.226637E+01
 -.168779E+01 -.175675E+01 0.317245E+01 -.970292E+00 -.627744E+67 0.242496E+01
 -.159631E+01 -.165091E+01 0.320516E+01 -.975363E+00 -.627744E+67 0.241954E+01
 -.260038E+01 -.175386E+01 0.317025E+01 -.976232E+00 -.627744E+67 0.240571E+01
 -.160464E+01 -.155846E+01 0.319111E+01 -.972956E+00 -.627744E+67 0.245000E+01
 -.188698E+01 -.169198E+01 0.318421E+01 -.980000E+00 -.627744E+67 0.241315E+01
 -.176351E+01 -.167484E+01 0.317131E+01 -.976331E+00 -.627744E+67 0.243107E+01
 -.173851E+01 -.163217E+01 0.318719E+01 -.979348E+00 -.627744E+67 0.242728E+01
 -.174129E+01 -.161895E+01 0.317205E+01 -.977023E+00 -.627744E+67 0.243624E+01
 -.173142E+01 -.163445E+01 0.316528E+01 -.979024E+00 -.627744E+67 0.242022E+01
 -.176990E+01 -.162075E+01 0.314563E+01 -.979421E+00 -.627744E+67 0.242632E+01
 -.175658E+01 -.159658E+01 0.319419E+01 -.980000E+00 -.627744E+67 0.241676E+01
 -.175087E+01 -.164040E+01 0.316462E+01 -.979899E+00 -.627744E+67 0.242826E+01
 -.177042E+01 -.160571E+01 0.328223E+01 -.976995E+00 -.627744E+67 0.237060E+01
 -.174268E+01 -.166443E+01 0.312924E+01 -.979257E+00 -.627744E+67 0.242011E+01
 -.174620E+01 -.161627E+01 0.314775E+01 -.979889E+00 -.627744E+67 0.242907E+01
 -.180271E+01 -.161389E+01 0.315639E+01 -.980000E+00 -.627744E+67 0.242705E+01
 -.177070E+01 -.167594E+01 0.309969E+01 -.980000E+00 -.627744E+67 0.241334E+01
 -.169414E+01 -.178491E+01 0.314990E+01 -.979015E+00 -.627744E+67 0.242812E+01
 -.177502E+01 -.164729E+01 0.315140E+01 -.979261E+00 -.627744E+67 0.243488E+01
 -.176798E+01 -.159971E+01 0.317235E+01 -.979410E+00 -.627744E+67 0.243289E+01
 -.187135E+01 -.179794E+01 0.320095E+01 -.980000E+00 -.627744E+67 0.241297E+01
 -.167167E+01 -.172415E+01 0.318421E+01 -.979405E+00 -.627744E+67 0.241958E+01
 -.173614E+01 -.162720E+01 0.315010E+01 -.979403E+00 -.627744E+67 0.242103E+01
 -.174896E+01 -.171236E+01 0.324075E+01 -.951890E+00 -.627744E+67 0.243402E+01
 -.175448E+01 -.166198E+01 0.303715E+01 -.965871E+00 -.627744E+67 0.242226E+01
 -.177492E+01 -.162882E+01 0.316254E+01 -.979698E+00 -.627744E+67 0.241303E+01
 -.165470E+01 -.163095E+01 0.314553E+01 -.977824E+00 -.627744E+67 0.241284E+01
 -.177314E+01 -.160153E+01 0.317291E+01 -.978702E+00 -.627744E+67 0.242873E+01
 -.132646E+01 -.163885E+01 0.313111E+01 -.921552E+00 -.627744E+67 0.242233E+01
 -.173830E+01 -.150108E+01 0.329666E+01 -.979157E+00 -.627744E+67 0.242514E+01
 -.173359E+01 -.162817E+01 0.316894E+01 -.967102E+00 -.627744E+67 0.243327E+01
 -.208495E+01 -.168566E+01 0.313467E+01 -.978061E+00 -.627744E+67 0.241631E+01
 -.173060E+01 -.169550E+01 0.310399E+01 -.978211E+00 -.627744E+67 0.241887E+01
 -.180898E+01 -.160749E+01 0.318536E+01 -.979852E+00 -.627744E+67 0.240735E+01
 -.205100E+01 -.160427E+01 0.316361E+01 -.971557E+00 -.627744E+67 0.245000E+01
 -.185655E+01 -.173492E+01 0.335677E+01 -.979565E+00 -.627744E+67 0.242111E+01
 -.174398E+01 -.162485E+01 0.325265E+01 -.979015E+00 -.627744E+67 0.241385E+01
 -.146303E+01 -.163849E+01 0.315294E+01 -.979555E+00 -.627744E+67 0.237234E+01
 -.174704E+01 -.164143E+01 0.314365E+01 -.979633E+00 -.627744E+67 0.242317E+01
 -.176332E+01 -.163206E+01 0.315965E+01 -.979334E+00 -.627744E+67 0.242769E+01
 -.172894E+01 -.166459E+01 0.315361E+01 -.978270E+00 -.627744E+67 0.244459E+01
 -.151360E+01 -.108630E+01 0.305774E+01 -.980000E+00 -.627744E+67 0.245000E+01
 -.131834E+01 -.168906E+01 0.309603E+01 -.976553E+00 -.627744E+67 0.236673E+01
 -.178009E+01 -.163262E+01 0.299360E+01 -.979580E+00 -.627744E+67 0.238856E+01
 -.173914E+01 -.163150E+01 0.315796E+01 -.978855E+00 -.627744E+67 0.241591E+01
 -.174677E+01 -.162433E+01 0.314229E+01 -.980000E+00 -.627744E+67 0.242562E+01
 -.175985E+01 -.161614E+01 0.318244E+01 -.961101E+00 -.627744E+67 0.243744E+01
 -.174315E+01 -.168404E+01 0.313459E+01 -.980000E+00 -.627744E+67 0.241624E+01
 -.176793E+01 -.166814E+01 0.319013E+01 -.942564E+00 -.627744E+67 0.242548E+01
 -.159917E+01 -.149376E+01 0.304856E+01 -.978065E+00 -.627744E+67 0.235964E+01
 -.173436E+01 -.174523E+01 0.307693E+01 -.952820E+00 -.627744E+67 0.241875E+01
 -.140939E+01 -.164504E+01 0.317051E+01 -.980000E+00 -.627744E+67 0.245000E+01
 -.254513E+01 -.169466E+01 0.313850E+01 -.978338E+00 -.627744E+67 0.241807E+01
 -.172228E+01 -.159015E+01 0.317315E+01 -.975165E+00 -.627744E+67 0.239028E+01
 -.188629E+01 -.161752E+01 0.317226E+01 -.978180E+00 -.627744E+67 0.238877E+01
 -.178860E+01 -.166761E+01 0.314612E+01 -.980000E+00 -.627744E+67 0.243411E+01
 -.195361E+01 -.163125E+01 0.316802E+01 -.979678E+00 -.627744E+67 0.242998E+01
 -.175429E+01 -.160377E+01 0.315947E+01 -.980000E+00 -.627744E+67 0.242129E+01
 -.169215E+01 -.164098E+01 0.315561E+01 -.980000E+00 -.627744E+67 0.242138E+01
 -.180492E+01 -.160960E+01 0.314033E+01 -.979713E+00 -.627744E+67 0.243503E+01
 -.182172E+01 -.156413E+01 0.314736E+01 -.978724E+00 -.627744E+67 0.242016E+01
 -.175720E+01 -.163577E+01 0.316147E+01 -.979977E+00 -.627744E+67 0.241694E+01
 -.175873E+01 -.161807E+01 0.298223E+01 -.978663E+00 -.627744E+67 0.238443E+01
 -.160281E+01 -.162772E+01 0.319256E+01 -.979269E+00 -.627744E+67 0.242330E+01
 -.174082E+01 -.166529E+01 0.314779E+01 -.979873E+00 -.627744E+67 0.242242E+01
 -.162706E+01 -.158099E+01 0.318900E+01 -.977462E+00 -.627744E+67 0.243377E+01
 -.175628E+01 -.167935E+01 0.312692E+01 -.974205E+00 -.627744E+67 0.241137E+01
 -.181087E+01 -.166182E+01 0.314635E+01 -.979501E+00 -.627744E+67 0.243636E+01
 -.173507E+01 -.162772E+01 0.316297E+01 -.979999E+00 -.627744E+67 0.242578E+01
 -.176039E+01 -.156550E+01 0.317351E+01 -.979261E+00 -.627744E+67 0.242496E+01
 -.156162E+01 -.193927E+01 0.316268E+01 -.978177E+00 -.627744E+67 0.241975E+01
 -.159202E+01 -.173593E+01 0.318442E+01 -.979348E+00 -.627744E+67 0.245000E+01
 -.172806E+01 -.163502E+01 0.316393E+01 -.979420E+00 -.627744E+67 0.241797E+01
 -.176944E+01 -.164000E+01 0.315640E+01 -.980000E+00 -.627744E+67 0.243749E+01
 -.176380E+01 -.159832E+01 0.324385E+01 -.980000E+00 -.627744E+67 0.242138E+01
 -.174576E+01 -.162486E+01 0.316714E+01 -.979848E+00 -.627744E+67 0.241278E+01
 -.179612E+01 -.164127E+01 0.312044E+01 -.977391E+00 -.627744E+67 0.240344E+01
 -.176214E+01 -.160105E+01 0.315265E+01 -.979018E+00 -.627744E+67 0.241923E+01
 -.219505E+01 -.163851E+01 0.312386E+01 -.975587E+00 -.627744E+67 0.240567E+01
 -.178757E+01 -.173825E+01 0.310878E+01 -.979301E+00 -.627744E+67 0.242459E+01
 -.181576E+01 -.163971E+01 0.316632E+01 -.980000E+00 -.627744E+67 0.245000E+01
 -.231515E+01 -.162136E+01 0.314164E+01 -.980000E+00 -.627744E+67 0.243719E+01
 -.170734E+01 -.170765E+01 0.315231E+01 -.980000E+00 -.627744E+67 0.241662E+01
 -.191618E+01 -.160375E+01 0.323637E+01 -.979833E+00 -.627744E+67 0.244055E+01
 -.128851E+01 -.162459E+01 0.316311E+01 -.971197E+00 -.627744E+67 0.239939E+01
 -.183567E+01 -.163508E+01 0.305677E+01 -.977769E+00 -.627744E+67 0.244200E+01
 -.177692E+01 -.164620E+01 0.311573E+01 -.979301E+00 -.627744E+67 0.245000E+01
 -.157839E+01 -.168905E+01 0.317304E+01 -.979876E+00 -.627744E+67 0.233256E+01
 -.177297E+01 -.163224E+01 0.315199E+01 -.979776E+00 -.627744E+67 0.242853E+01
 -.180795E+01 -.163303E+01 0.320106E+01 -.980000E+00 -.627744E+67 0.243494E+01
 -.185141E+01 -.163350E+01 0.315667E+01 -.976820E+00 -.627744E+67 0.240063E+01
 -.167648E+01 -.178630E+01 0.307813E+01 -.908787E+00 -.627744E+67 0.235673E+01
 -.171788E+01 -.178933E+01 0.312178E+01 -.980000E+00 -.627744E+67 0.242000E+01
 -.174075E+01 -.163572E+01 0.314391E+01 -.980000E+00 -.627744E+67 0.239470E+01
 -.174411E+01 -.164099E+01 0.313709E+01 -.978581E+00 -.627744E+67 0.243254E+01
 -.174189E+01 -.163684E+01 0.316071E+01 -.978881E+00 -.627744E+67 0.243932E+01
 -.174194E+01 -.179505E+01 0.322618E+01 -.980000E+00 -.627744E+67 0.242250E+01
 -.173876E+01 -.156302E+01 0.316502E+01 -.978038E+00 -.627744E+67 0.242077E+01
 -.175705E+01 -.161798E+01 0.312014E+01 -.930275E+00 -.627744E+67 0.242672E+01
 -.163091E+01 -.154123E+01 0.318890E+01 -.980000E+00 -.627744E+67 0.224894E+01
 -.178467E+01 -.165650E+01 0.310579E+01 -.955723E+00 -.627744E+67 0.240187E+01
 -.198033E+01 -.163804E+01 0.314707E+01 -.968185E+00 -.627744E+67 0.241420E+01
 -.945128E+00 -.175257E+01 0.312995E+01 -.978907E+00 -.627744E+67 0.243113E+01
 -.189240E+01 -.164084E+01 0.319731E+01 -.974650E+00 -.627744E+67 0.241244E+01
 -.171892E+01 -.158668E+01 0.316545E+01 -.979162E+00 -.627744E+67 0.245000E+01
 -.178782E+01 -.165916E+01 0.317184E+01 -.977345E+00 -.627744E+67 0.243172E+01
 -.195001E+01 -.164185E+01 0.315328E+01 -.979956E+00 -.627744E+67 0.243017E+01
 -.177771E+01 -.166269E+01 0.315374E+01 -.976511E+00 -.627744E+67 0.241859E+01
 -.189183E+01 -.164564E+01 0.316101E+01 -.979159E+00 -.627744E+67 0.243084E+01
 -.174301E+01 -.165254E+01 0.313770E+01 -.979751E+00 -.627744E+67 0.241449E+01
 -.180153E+01 -.160447E+01 0.312850E+01 -.978668E+00 -.627744E+67 0.244274E+01
 -.178987E+01 -.164280E+01 0.316347E+01 -.979914E+00 -.627744E+67 0.241130E+01
 -.166919E+01 -.165650E+01 0.290000E+01 -.980000E+00 -.627744E+67 0.238632E+01
 -.181704E+01 -.164279E+01 0.318144E+01 -.979275E+00 -.627744E+67 0.242580E+01
 -.175835E+01 -.168520E+01 0.316350E+01 -.979865E+00 -.627744E+67 0.242025E+01
 -.171601E+01 -.156422E+01 0.321456E+01 -.977439E+00 -.627744E+67 0.243822E+01
 -.175185E+01 -.158710E+01 0.317039E+01 -.973431E+00 -.627744E+67 0.243004E+01
 -.186760E+01 -.150790E+01 0.321714E+01 -.979769E+00 -.627744E+67 0.244215E+01
 -.172278E+01 -.161911E+01 0.315902E+01 -.979551E+00 -.627744E+67 0.241298E+01
 -.177316E+01 -.161230E+01 0.317733E+01 -.979290E+00 -.627744E+67 0.243847E+01
 -.179922E+01 -.149068E+01 0.315392E+01 -.978005E+00 -.627744E+67 0.243656E+01
 -.169556E+01 -.165595E+01 0.318879E+01 -.979752E+00 -.627744E+67 0.242586E+01
 -.172823E+01 -.164250E+01 0.315911E+01 -.980000E+00 -.627744E+67 0.241929E+01
 -.178685E+01 -.157665E+01 0.309776E+01 -.963735E+00 -.627744E+67 0.243803E+01
 -.180879E+01 -.164984E+01 0.330396E+01 -.965037E+00 -.627744E+67 0.244720E+01
 -.174460E+01 -.163011E+01 0.314751E+01 -.979822E+00 -.627744E+67 0.243334E+01
 -.187329E+01 -.164460E+01 0.312782E+01 -.978674E+00 -.627744E+67 0.239937E+01
 -.176812E+01 -.165374E+01 0.316780E+01 -.979584E+00 -.627744E+67 0.243291E+01
 -.231835E+01 -.163392E+01 0.317381E+01 -.967987E+00 -.627744E+67 0.242927E+01
 -.180725E+01 -.179000E+01 0.307590E+01 -.979491E+00 -.627744E+67 0.242234E+01
 -.179523E+01 -.162677E+01 0.316350E+01 -.972183E+00 -.627744E+67 0.241888E+01
 -.205729E+01 -.160361E+01 0.318071E+01 -.977271E+00 -.627744E+67 0.243473E+01
 -.177604E+01 -.158525E+01 0.314269E+01 -.978261E+00 -.627744E+67 0.240751E+01
 -.184718E+01 -.163822E+01 0.320606E+01 -.979459E+00 -.627744E+67 0.244352E+01
 -.129722E+01 -.165059E+01 0.317338E+01 -.976066E+00 -.627744E+67 0.240953E+01
 -.179447E+01 -.171356E+01 0.304131E+01 -.978200E+00 -.627744E+67 0.245000E+01
 -.180096E+01 -.167768E+01 0.306843E+01 -.980000E+00 -.627744E+67 0.238673E+01
 -.188157E+01 -.165327E+01 0.312992E+01 -.979500E+00 -.627744E+67 0.245000E+01
 -.178707E+01 -.162988E+01 0.319426E+01 -.979713E+00 -.627744E+67 0.243247E+01
 -.174370E+01 -.163330E+01 0.316039E+01 -.978516E+00 -.627744E+67 0.243486E+01
 -.177811E+01 -.163062E+01 0.314897E+01 -.978343E+00 -.627744E+67 0.237396E+01
 -.185965E+01 -.213016E+01 0.307160E+01 -.940706E+00 -.627744E+67 0.231944E+01
 -.206042E+01 -.155827E+01 0.312722E+01 -.969071E+00 -.627744E+67 0.240396E+01
 -.169614E+01 -.163635E+01 0.323357E+01 -.978783E+00 -.627744E+67 0.238684E+01
 -.176664E+01 -.161864E+01 0.313555E+01 -.978443E+00 -.627744E+67 0.242090E+01
 -.175535E+01 -.164491E+01 0.315671E+01 -.979952E+00 -.627744E+67 0.241570E+01
 -.174889E+01 -.167828E+01 0.316777E+01 -.957919E+00 -.627744E+67 0.243547E+01
 -.175679E+01 -.149520E+01 0.318065E+01 -.977105E+00 -.627744E+67 0.243313E+01
 -.175837E+01 -.160537E+01 0.315446E+01 -.974606E+00 -.627744E+67 0.242275E+01
 -.171568E+01 -.161061E+01 0.307710E+01 -.971437E+00 -.627744E+67 0.231168E+01
 -.177495E+01 -.160799E+01 0.312503E+01 -.972262E+00 -.627744E+67 0.240985E+01
 -.203838E+01 -.163140E+01 0.317947E+01 -.971523E+00 -.627744E+67 0.241955E+01
 -.378052E+00 -.171796E+01 0.314535E+01 -.977817E+00 -.627744E+67 0.242291E+01
 -.165682E+01 -.157795E+01 0.321671E+01 -.973779E+00 -.627744E+67 0.245000E+01
 -.174124E+01 -.166649E+01 0.316534E+01 -.980000E+00 -.627744E+67 0.241176E+01
 -.176811E+01 -.163719E+01 0.318951E+01 -.977223E+00 -.627744E+67 0.242980E+01
 -.182251E+01 -.163925E+01 0.315363E+01 -.979573E+00 -.627744E+67 0.242018E+01
 -.176428E+01 -.168325E+01 0.314746E+01 -.976798E+00 -.627744E+67 0.243992E+01
 -.195509E+01 -.164488E+01 0.316646E+01 -.979379E+00 -.627744E+67 0.242935E+01
 -.171975E+01 -.166959E+01 0.314833E+01 -.979684E+00 -.627744E+67 0.240767E+01
 -.171863E+01 -.161815E+01 0.313695E+01 -.979809E+00 -.627744E+67 0.245000E+01
 -.177859E+01 -.164047E+01 0.316394E+01 -.979320E+00 -.627744E+67 0.244921E+01
 -.160733E+01 -.165806E+01 0.317740E+01 -.977946E+00 -.627744E+67 0.239136E+01
 -.189336E+01 -.165490E+01 0.311337E+01 -.979371E+00 -.627744E+67 0.242697E+01
 -.178193E+01 -.166272E+01 0.316677E+01 -.979684E+00 -.627744E+67 0.242505E+01
 -.190878E+01 -.162480E+01 0.321410E+01 -.980000E+00 -.627744E+67 0.243493E+01
 -.173850E+01 -.162089E+01 0.316414E+01 -.980000E+00 -.627744E+67 0.242737E+01
 -.179593E+01 -.152287E+01 0.315901E+01 -.979827E+00 -.627744E+67 0.244370E+01
 -.176336E+01 -.163638E+01 0.316066E+01 -.979206E+00 -.627744E+67 0.240872E+01
 -.178480E+01 -.167917E+01 0.317688E+01 -.980000E+00 -.627744E+67 0.244785E+01
 -.194482E+01 -.126491E+01 0.316526E+01 -.979237E+00 -.627744E+67 0.244109E+01
 -.194448E+01 -.158958E+01 0.317334E+01 -.979453E+00 -.627744E+67 0.244160E+01
 -.177844E+01 -.163193E+01 0.313423E+01 -.978807E+00 -.627744E+67 0.241912E+01
 -.177157E+01 -.162914E+01 0.323875E+01 -.975677E+00 -.627744E+67 0.242741E+01
 -.183717E+01 -.169224E+01 0.305665E+01 -.967329E+00 -.627744E+67 0.245000E+01
 -.178326E+01 -.163931E+01 0.313037E+01 -.979839E+00 -.627744E+67 0.242655E+01
 -.179801E+01 -.164379E+01 0.314944E+01 -.979463E+00 -.627744E+67 0.241986E+01
 -.177728E+01 -.167146E+01 0.317724E+01 -.979724E+00 -.627744E+67 0.244041E+01
 -.143890E+01 -.163274E+01 0.320068E+01 -.960310E+00 -.627744E+67 0.242791E+01
 -.173570E+01 -.142814E+01 0.317008E+01 -.979438E+00 -.627744E+67 0.242497E+01
 -.177263E+01 -.161843E+01 0.316483E+01 -.980000E+00 -.627744E+67 0.242915E+01
 -.163196E+01 -.163129E+01 0.318507E+01 -.972557E+00 -.627744E+67 0.242064E+01
 -.182480E+01 -.153685E+01 0.315126E+01 -.978366E+00 -.627744E+67 0.240619E+01
 -.171306E+01 -.165846E+01 0.314076E+01 -.979138E+00 -.627744E+67 0.242624E+01
 -.178729E+01 -.163917E+01 0.317560E+01 -.979954E+00 -.627744E+67 0.244639E+01
 -.179482E+01 -.177844E+01 0.334131E+01 -.979884E+00 -.627744E+67 0.243595E+01
 -.177519E+01 -.163470E+01 0.318807E+01 -.979456E+00 -.627744E+67 0.241795E+01
 -.196285E+01 -.162247E+01 0.309870E+01 -.979471E+00 -.627744E+67 0.233220E+01
 -.178103E+01 -.164615E+01 0.319039E+01 -.979506E+00 -.627744E+67 0.243076E+01
 -.172736E+01 -.163154E+01 0.313293E+01 -.978376E+00 -.627744E+67 0.242995E+01
 -.170316E+01 -.166188E+01 0.316054E+01 -.979333E+00 -.627744E+67 0.243276E+01
 -.162520E+01 -.189396E+01 0.309434E+01 -.980000E+00 -.627744E+67 0.240698E+01
 -.211517E+01 -.148131E+01 0.315606E+01 -.965382E+00 -.627744E+67 0.240738E+01
 -.173888E+01 -.163114E+01 0.313282E+01 -.979004E+00 -.627744E+67 0.240960E+01
 -.176803E+01 -.162664E+01 0.314602E+01 -.978714E+00 -.627744E+67 0.241744E+01
 -.178266E+01 -.162598E+01 0.315780E+01 -.980000E+00 -.627744E+67 0.240271E+01
 -.178426E+01 -.158648E+01 0.312219E+01 -.942396E+00 -.627744E+67 0.244204E+01
 -.176814E+01 -.154314E+01 0.318426E+01 -.980000E+00 -.627744E+67 0.243609E+01
 -.177316E+01 -.160047E+01 0.318263E+01 -.980000E+00 -.627744E+67 0.243101E+01
 -.183667E+01 -.169284E+01 0.307698E+01 -.971237E+00 -.627744E+67 0.245000E+01
 -.176661E+01 -.157754E+01 0.317654E+01 -.980000E+00 -.627744E+67 0.242775E+01
 -.177533E+01 -.163012E+01 0.321309E+01 -.975106E+00 -.627744E+67 0.245000E+01
 -.978662E+00 -.163985E+01 0.315777E+01 -.974469E+00 -.627744E+67 0.240570E+01
 -.162977E+01 -.150584E+01 0.321996E+01 -.977205E+00 -.627744E+67 0.240942E+01
 -.184473E+01 -.168336E+01 0.319563E+01 -.979196E+00 -.627744E+67 0.243516E+01
 -.178318E+01 -.165055E+01 0.316298E+01 -.977709E+00 -.627744E+67 0.243008E+01
 -.167206E+01 -.163181E+01 0.315799E+01 -.979503E+00 -.627744E+67 0.242641E+01
 -.174896E+01 -.164268E+01 0.314510E+01 -.980000E+00 -.627744E+67 0.244080E+01
 -.159089E+01 -.162826E+01 0.316722E+01 -.980000E+00 -.627744E+67 0.241478E+01
 -.176446E+01 -.163316E+01 0.314904E+01 -.979644E+00 -.627744E+67 0.241944E+01
 -.169360E+01 -.164914E+01 0.315565E+01 -.980000E+00 -.627744E+67 0.244442E+01
 -.176674E+01 -.163857E+01 0.316554E+01 -.979519E+00 -.627744E+67 0.241776E+01
 -.183443E+01 -.163811E+01 0.334823E+01 -.976207E+00 -.627744E+67 0.240194E+01
 -.164960E+01 -.166458E+01 0.312937E+01 -.979327E+00 -.627744E+67 0.242245E+01
 -.177524E+01 -.160482E+01 0.316081E+01 -.979424E+00 -.627744E+67 0.243393E+01
 -.192074E+01 -.165822E+01 0.313811E+01 -.976642E+00 -.627744E+67 0.244521E+01
 -.175034E+01 -.165807E+01 0.312340E+01 -.974691E+00 -.627744E+67 0.242074E+01
 -.166355E+01 -.166032E+01 0.312680E+01 -.979275E+00 -.627744E+67 0.243008E+01
 -.179618E+01 -.163904E+01 0.315698E+01 -.979683E+00 -.627744E+67 0.241159E+01
 -.178541E+01 -.169263E+01 0.318001E+01 -.978938E+00 -.627744E+67 0.242983E+01
 -.197962E+01 -.127152E+01 0.317259E+01 -.978655E+00 -.627744E+67 0.243705E+01
 -.181291E+01 -.162858E+01 0.318537E+01 -.979168E+00 -.627744E+67 0.245000E+01
 -.178335E+01 -.162594E+01 0.313233E+01 -.980000E+00 -.627744E+67 0.241534E+01
 -.175970E+01 -.167816E+01 0.319236E+01 -.980000E+00 -.627744E+67 0.242751E+01
 -.180431E+01 -.163810E+01 0.296975E+01 -.979683E+00 -.627744E+67 0.243658E+01
 -.175573E+01 -.164140E+01 0.312534E+01 -.979185E+00 -.627744E+67 0.240365E+01
 -.172047E+01 -.163569E+01 0.316679E+01 -.980000E+00 -.627744E+67 0.244182E+01
 -.177657E+01 -.162096E+01 0.316908E+01 -.979409E+00 -.627744E+67 0.242468E+01
 -.113124E+01 -.163241E+01 0.314072E+01 -.929540E+00 -.627744E+67 0.241330E+01
 -.170576E+01 -.160651E+01 0.323810E+01 -.979161E+00 -.627744E+67 0.242543E+01
 -.175460E+01 -.162066E+01 0.316809E+01 -.974268E+00 -.627744E+67 0.243825E+01
 -.149574E+01 -.165328E+01 0.316542E+01 -.974571E+00 -.627744E+67 0.242282E+01
 -.174197E+01 -.158517E+01 0.316838E+01 -.979432E+00 -.627744E+67 0.243636E+01
 -.161500E+01 -.166220E+01 0.311274E+01 -.979037E+00 -.627744E+67 0.241620E+01
 -.215702E+01 -.162355E+01 0.317379E+01 -.980000E+00 -.627744E+67 0.245000E+01
 -.182354E+01 -.170113E+01 0.321289E+01 -.979201E+00 -.627744E+67 0.242115E+01
 -.175280E+01 -.163072E+01 0.323403E+01 -.979524E+00 -.627744E+67 0.245000E+01
 -.155890E+01 -.163176E+01 0.310500E+01 -.979942E+00 -.627744E+67 0.230228E+01
 -.175031E+01 -.164776E+01 0.314806E+01 -.979482E+00 -.627744E+67 0.242436E+01
 -.179882E+01 -.163283E+01 0.315936E+01 -.979104E+00 -.627744E+67 0.242638E+01
 -.167421E+01 -.165253E+01 0.314204E+01 -.977704E+00 -.627744E+67 0.243797E+01
 -.153000E+01 -.129807E+01 0.310311E+01 -.926678E+00 -.627744E+67 0.245000E+01
 -.141666E+01 -.159925E+01 0.315696E+01 -.980000E+00 -.627744E+67 0.239412E+01
 -.179272E+01 -.162737E+01 0.309933E+01 -.979573E+00 -.627744E+67 0.243088E+01
 -.176715E+01 -.163690E+01 0.317458E+01 -.979458E+00 -.627744E+67 0.242719E+01
 -.176629E+01 -.161721E+01 0.316984E+01 -.979053E+00 -.627744E+67 0.243030E+01
 -.176360E+01 -.163921E+01 0.313992E+01 -.965716E+00 -.627744E+67 0.243742E+01
 -.177137E+01 -.167388E+01 0.314622E+01 -.978123E+00 -.627744E+67 0.241827E+01
 -.176506E+01 -.160019E+01 0.318233E+01 -.961059E+00 -.627744E+67 0.242563E+01
 -.185453E+01 -.168630E+01 0.318859E+01 -.972891E+00 -.627744E+67 0.230915E+01
 -.176032E+01 -.156956E+01 0.321078E+01 -.972658E+00 -.627744E+67 0.244428E+01
 -.159660E+01 -.166502E+01 0.318000E+01 -.978377E+00 -.627744E+67 0.241834E+01
 -.240606E+01 -.175240E+01 0.317473E+01 -.975457E+00 -.627744E+67 0.241076E+01
 -.189582E+01 -.149493E+01 0.319418E+01 -.974537E+00 -.627744E+67 0.244596E+01
 -.187975E+01 -.166688E+01 0.320030E+01 -.979648E+00 -.627744E+67 0.245000E+01
 -.177887E+01 -.164685E+01 0.314515E+01 -.980000E+00 -.627744E+67 0.243059E+01
 -.170369E+01 -.163853E+01 0.317369E+01 -.979602E+00 -.627744E+67 0.243399E+01
 -.175154E+01 -.159808E+01 0.316488E+01 -.976927E+00 -.627744E+67 0.242302E+01
 -.178223E+01 -.164102E+01 0.315702E+01 -.979195E+00 -.627744E+67 0.241810E+01
 -.180698E+01 -.160557E+01 0.316487E+01 -.979535E+00 -.627744E+67 0.243761E+01
 -.181551E+01 -.162443E+01 0.315683E+01 -.978673E+00 -.627744E+67 0.243287E+01
 -.176903E+01 -.163927E+01 0.316476E+01 -.980000E+00 -.627744E+67 0.240754E+01
 -.169477E+01 -.161884E+01 0.323337E+01 -.978963E+00 -.627744E+67 0.243393E+01
 -.174824E+01 -.165924E+01 0.318529E+01 -.979244E+00 -.627744E+67 0.242519E+01
 -.174274E+01 -.160201E+01 0.315976E+01 -.979729E+00 -.627744E+67 0.243215E+01
 -.162573E+01 -.164991E+01 0.316519E+01 -.976906E+00 -.627744E+67 0.245000E+01
 -.176993E+01 -.158887E+01 0.312772E+01 -.979079E+00 -.627744E+67 0.241595E+01
 -.184950E+01 -.169750E+01 0.317590E+01 -.979133E+00 -.627744E+67 0.242103E+01
 -.174770E+01 -.162895E+01 0.315522E+01 -.979781E+00 -.627744E+67 0.244133E+01
 -.175584E+01 -.154491E+01 0.316879E+01 -.978426E+00 -.627744E+67 0.243320E+01
 -.166719E+01 -.182206E+01 0.316496E+01 -.978325E+00 -.627744E+67 0.243092E+01
 -.166969E+01 -.165970E+01 0.317947E+01 -.979062E+00 -.627744E+67 0.244277E+01
 -.176318E+01 -.163305E+01 0.316046E+01 -.979097E+00 -.627744E+67 0.242789E+01
 -.175898E+01 -.166400E+01 0.311248E+01 -.973317E+00 -.627744E+67 0.244580E+01
 -.173758E+01 -.161554E+01 0.301760E+01 -.980000E+00 -.627744E+67 0.242356E+01
 -.173486E+01 -.162189E+01 0.319433E+01 -.979324E+00 -.627744E+67 0.240034E+01
 -.177060E+01 -.163533E+01 0.316056E+01 -.978456E+00 -.627744E+67 0.241147E+01
 -.176814E+01 -.159664E+01 0.316021E+01 -.979159E+00 -.627744E+67 0.241930E+01
 -.139132E+01 -.163392E+01 0.311272E+01 -.962492E+00 -.627744E+67 0.240271E+01
 -.170142E+01 -.174861E+01 0.322173E+01 -.979122E+00 -.627744E+67 0.242699E+01
 -.177518E+01 -.162464E+01 0.316615E+01 -.976314E+00 -.627744E+67 0.242929E+01
 -.178852E+01 -.161829E+01 0.315178E+01 -.977629E+00 -.627744E+67 0.243535E+01
 -.170449E+01 -.162610E+01 0.316766E+01 -.979028E+00 -.627744E+67 0.244740E+01
 -.164984E+01 -.165190E+01 0.316342E+01 -.979461E+00 -.627744E+67 0.242970E+01
 -.187282E+01 -.162083E+01 0.317428E+01 -.978560E+00 -.627744E+67 0.242661E+01
 -.184310E+01 -.170756E+01 0.308836E+01 -.978806E+00 -.627744E+67 0.242763E+01
 -.175035E+01 -.166559E+01 0.310385E+01 -.979552E+00 -.627744E+67 0.240351E+01
 -.162612E+01 -.166575E+01 0.313158E+01 -.980000E+00 -.627744E+67 0.245000E+01
 -.177636E+01 -.164122E+01 0.314243E+01 -.979801E+00 -.627744E+67 0.242863E+01
 -.178254E+01 -.163299E+01 0.317989E+01 -.979999E+00 -.627744E+67 0.242713E+01
 -.172214E+01 -.162993E+01 0.314755E+01 -.976944E+00 -.627744E+67 0.243485E+01
 -.151820E+01 -.116307E+01 0.301066E+01 -.925114E+00 -.627744E+67 0.233728E+01
 -.143211E+01 -.170418E+01 0.313638E+01 -.967064E+00 -.627744E+67 0.239383E+01
 -.177911E+01 -.162779E+01 0.316626E+01 -.979438E+00 -.627744E+67 0.242229E+01
 -.174334E+01 -.164058E+01 0.315285E+01 -.978129E+00 -.627744E+67 0.243719E+01
 -.172421E+01 -.164511E+01 0.315011E+01 -.979539E+00 -.627744E+67 0.243056E+01
 -.175352E+01 -.167072E+01 0.315428E+01 -.980000E+00 -.627744E+67 0.242953E+01
 -.174116E+01 -.172814E+01 0.313446E+01 -.976519E+00 -.627744E+67 0.241881E+01
 -.176167E+01 -.163258E+01 0.316490E+01 -.980000E+00 -.627744E+67 0.242336E+01
 -.178490E+01 -.158469E+01 0.320412E+01 -.979218E+00 -.627744E+67 0.227775E+01
 -.176426E+01 -.165782E+01 0.317513E+01 -.976688E+00 -.627744E+67 0.243120E+01
 -.165606E+01 -.165141E+01 0.316680E+01 -.972851E+00 -.627744E+67 0.244617E+01
 -.311297E+01 -.178978E+01 0.310981E+01 -.980000E+00 -.627744E+67 0.241144E+01
 -.189253E+01 -.159678E+01 0.314369E+01 -.975764E+00 -.627744E+67 0.245000E+01
 -.178624E+01 -.159711E+01 0.317062E+01 -.979870E+00 -.627744E+67 0.243104E+01
 -.177341E+01 -.162549E+01 0.316031E+01 -.975620E+00 -.627744E+67 0.243069E+01
 -.180833E+01 -.163856E+01 0.318387E+01 -.979423E+00 -.627744E+67 0.243513E+01
 -.176115E+01 -.159766E+01 0.315579E+01 -.977393E+00 -.627744E+67 0.241429E+01
 -.191339E+01 -.164733E+01 0.315032E+01 -.979406E+00 -.627744E+67 0.243444E+01
 -.183539E+01 -.163047E+01 0.317412E+01 -.979414E+00 -.627744E+67 0.242744E+01
 -.187314E+01 -.161064E+01 0.315806E+01 -.978468E+00 -.627744E+67 0.242086E+01
 -.177392E+01 -.163586E+01 0.316227E+01 -.979037E+00 -.627744E+67 0.242743E+01
 -.168074E+01 -.164528E+01 0.305642E+01 -.979535E+00 -.627744E+67 0.242974E+01
 -.183331E+01 -.163049E+01 0.320142E+01 -.979232E+00 -.627744E+67 0.242873E+01
 -.174777E+01 -.166215E+01 0.316262E+01 -.979863E+00 -.627744E+67 0.242016E+01
 -.172298E+01 -.161783E+01 0.319418E+01 -.979524E+00 -.627744E+67 0.243214E+01
 -.177839E+01 -.160148E+01 0.317129E+01 -.980000E+00 -.627744E+67 0.242380E+01
 -.179106E+01 -.161891E+01 0.320663E+01 -.979322E+00 -.627744E+67 0.245000E+01
 -.174299E+01 -.162398E+01 0.315439E+01 -.979086E+00 -.627744E+67 0.244588E+01
 -.177033E+01 -.150249E+01 0.316343E+01 -.978332E+00 -.627744E+67 0.243686E+01
 -.167618E+01 -.186305E+01 0.315202E+01 -.978214E+00 -.627744E+67 0.243205E+01
 -.178024E+01 -.164506E+01 0.316438E+01 -.979283E+00 -.627744E+67 0.244735E+01
 -.174852E+01 -.163833E+01 0.318376E+01 -.978672E+00 -.627744E+67 0.243807E+01
 -.177595E+01 -.159545E+01 0.315440E+01 -.973703E+00 -.627744E+67 0.244807E+01
 -.173944E+01 -.167254E+01 0.331760E+01 -.970853E+00 -.627744E+67 0.242792E+01
 -.176098E+01 -.162696E+01 0.316809E+01 -.979904E+00 -.627744E+67 0.241660E+01
 -.180877E+01 -.163247E+01 0.315610E+01 -.978102E+00 -.627744E+67 0.239207E+01
 -.176573E+01 -.161401E+01 0.316216E+01 -.979098E+00 -.627744E+67 0.242547E+01
 -.220748E+01 -.163700E+01 0.315063E+01 -.976150E+00 -.627744E+67 0.241945E+01
 -.188994E+01 -.159550E+01 0.314255E+01 -.979379E+00 -.627744E+67 0.241911E+01
 -.178518E+01 -.163480E+01 0.316461E+01 -.980000E+00 -.627744E+67 0.242254E+01
 -.199632E+01 -.160064E+01 0.315684E+01 -.980000E+00 -.627744E+67 0.244426E+01
 -.179892E+01 -.163568E+01 0.314367E+01 -.978624E+00 -.627744E+67 0.242642E+01
 -.174798E+01 -.163387E+01 0.319025E+01 -.979365E+00 -.627744E+67 0.243625E+01
 -.164220E+01 -.164721E+01 0.316882E+01 -.978920E+00 -.627744E+67 0.242584E+01
 -.184390E+01 -.164303E+01 0.326625E+01 -.979302E+00 -.627744E+67 0.243517E+01
 -.181376E+01 -.168364E+01 0.305056E+01 -.980000E+00 -.627744E+67 0.239310E+01
 -.176620E+01 -.168458E+01 0.319306E+01 -.979828E+00 -.627744E+67 0.226009E+01
 -.179081E+01 -.163096E+01 0.317944E+01 -.979580E+00 -.627744E+67 0.243216E+01
 -.173491E+01 -.163278E+01 0.316937E+01 -.979131E+00 -.627744E+67 0.243080E+01
 -.181030E+01 -.163812E+01 0.315198E+01 -.977560E+00 -.627744E+67 0.238590E+01
 -.189266E+01 -.186307E+01 0.297952E+01 -.957775E+00 -.627744E+67 0.227634E+01
 -.169841E+01 -.165242E+01 0.310186E+01 -.964822E+00 -.627744E+67 0.237191E+01
 -.173580E+01 -.162983E+01 0.318751E+01 -.979057E+00 -.627744E+67 0.241919E+01
 -.174470E+01 -.162060E+01 0.313810E+01 -.977159E+00 -.627744E+67 0.240177E+01
 -.178090E+01 -.165960E+01 0.313347E+01 -.979913E+00 -.627744E+67 0.240920E+01
 -.174981E+01 -.164946E+01 0.316796E+01 -.968261E+00 -.627744E+67 0.242466E+01
 -.173621E+01 -.154849E+01 0.315790E+01 -.979901E+00 -.627744E+67 0.243457E+01
 -.176021E+01 -.165712E+01 0.315281E+01 -.971436E+00 -.627744E+67 0.242829E+01
 -.168743E+01 -.158565E+01 0.318434E+01 -.980000E+00 -.627744E+67 0.225976E+01
 -.177790E+01 -.171853E+01 0.313984E+01 -.980000E+00 -.627744E+67 0.242018E+01
 -.184528E+01 -.163696E+01 0.318929E+01 -.969950E+00 -.627744E+67 0.245000E+01
 -.151297E+01 -.167414E+01 0.313686E+01 -.972939E+00 -.627744E+67 0.241934E+01
 -.177345E+01 -.167398E+01 0.315699E+01 -.976189E+00 -.627744E+67 0.240308E+01
 -.172876E+01 -.164510E+01 0.318389E+01 -.979801E+00 -.627744E+67 0.242416E+01
 -.176720E+01 -.161766E+01 0.317689E+01 -.973215E+00 -.627744E+67 0.243030E+01
 -.185502E+01 -.163382E+01 0.317694E+01 -.979234E+00 -.627744E+67 0.243522E+01
 -.177883E+01 -.165264E+01 0.315460E+01 -.979980E+00 -.627744E+67 0.243480E+01
 -.181239E+01 -.164336E+01 0.316605E+01 -.979942E+00 -.627744E+67 0.242582E+01
 -.179084E+01 -.165341E+01 0.314605E+01 -.979550E+00 -.627744E+67 0.242052E+01
 -.182757E+01 -.163445E+01 0.316545E+01 -.978985E+00 -.627744E+67 0.244064E+01
 -.177528E+01 -.163217E+01 0.316444E+01 -.978795E+00 -.627744E+67 0.244318E+01
 -.176558E+01 -.165874E+01 0.296823E+01 -.976650E+00 -.627744E+67 0.238448E+01
 -.174640E+01 -.165033E+01 0.310213E+01 -.979314E+00 -.627744E+67 0.242326E+01
 -.175785E+01 -.167090E+01 0.316612E+01 -.980000E+00 -.627744E+67 0.241758E+01
 -.183275E+01 -.159546E+01 0.319582E+01 -.980000E+00 -.627744E+67 0.243541E+01
 -.172505E+01 -.163676E+01 0.320202E+01 -.978297E+00 -.627744E+67 0.241380E+01
 -.170415E+01 -.155720E+01 0.320320E+01 -.979641E+00 -.627744E+67 0.242129E+01
 -.175803E+01 -.164230E+01 0.316675E+01 -.979244E+00 -.627744E+67 0.242163E+01
 -.178483E+01 -.162284E+01 0.319244E+01 -.980000E+00 -.627744E+67 0.245000E+01
 -.171991E+01 -.117939E+01 0.315899E+01 -.979387E+00 -.627744E+67 0.243634E+01
 -.189278E+01 -.160391E+01 0.317936E+01 -.979354E+00 -.627744E+67 0.243276E+01
 -.176774E+01 -.163788E+01 0.316387E+01 -.979477E+00 -.627744E+67 0.242698E+01
 -.177386E+01 -.163838E+01 0.318904E+01 -.980000E+00 -.627744E+67 0.242112E+01
 -.182248E+01 -.170009E+01 0.329657E+01 -.968228E+00 -.627744E+67 0.245000E+01
 -.178843E+01 -.163384E+01 0.311165E+01 -.980000E+00 -.627744E+67 0.242330E+01
 -.179625E+01 -.163386E+01 0.316572E+01 -.979117E+00 -.627744E+67 0.242402E+01
 -.176866E+01 -.163961E+01 0.316785E+01 -.979373E+00 -.627744E+67 0.243506E+01
 -.265164E+01 -.163294E+01 0.317658E+01 -.954324E+00 -.627744E+67 0.243442E+01
 -.178078E+01 -.150194E+01 0.311587E+01 -.979479E+00 -.627744E+67 0.242447E+01
 -.176722E+01 -.161775E+01 0.316419E+01 -.976887E+00 -.627744E+67 0.243037E+01
 -.184623E+01 -.163217E+01 0.315646E+01 -.976192E+00 -.627744E+67 0.243599E+01
