     1   0 -3.140000E+00 -1.630000E+00 3.210000E+00 -9.540000E-01 2.110000E+00  2.212767E+09
     1   1 -1.890285E+00 -2.319405E+00 2.977614E+00 -8.754406E-01 1.538178E+00  2.644615E+03
     1   2 -1.816470E+00 -1.011108E+00 2.990863E+00 -5.498346E-01 1.236113E+00  7.239757E+03
     1   3 -3.204316E+00 -2.053067E+00 2.928863E+00 -5.291267E-01 1.570249E+00  4.763961E+03
     1   4 -3.333667E+00 -2.326711E+00 3.417707E+00 -8.817390E-01 7.061038E-01  2.225815E+09
     1   5 -2.497049E+00 -2.086321E+00 3.302858E+00 -5.746896E-01 2.089892E+00  3.736429E+09
     1   6 -1.485433E+00 -1.434448E+00 3.002756E+00 -9.214356E-01 1.936676E+00  4.996509E+09
     1   7 -2.034483E-01 -2.324990E+00 3.111602E+00 -7.495196E-01 1.426777E+00  6.229698E+09
     1   8 -1.688299E+00 -1.492928E+00 3.431958E+00 -8.142500E-01 4.833353E-01  2.600183E+04
     1   9 -7.136853E-01 -2.056374E+00 3.331969E+00 -8.163294E-01 2.188904E+00  6.135338E+09
     1  10 -8.083464E-01 -2.120669E+00 2.956912E+00 -7.294670E-01 3.857547E-01  5.701306E+09
     1  11 -2.994315E+00 -1.632271E+00 3.070445E+00 -9.019595E-01 2.081097E+00  2.223693E+09
     1  12 -2.486647E+00 -1.022371E+00 3.367313E+00 -5.477483E-01 2.020612E-01  3.962065E+09
     1  13 -9.376223E-01 -1.709002E+00 3.271602E+00 -7.668563E-01 2.273644E+00  5.932377E+09
     1  14 -2.282607E+00 -2.173167E+00 2.962539E+00 -9.286155E-01 9.191112E-01  1.839595E+04
     1  15 -5.585385E-01 -1.261960E+00 3.271943E+00 -6.550538E-01 1.305900E+00  6.193789E+09
     1  16 -4.900037E-01 -1.062537E+00 2.966305E+00 -5.707294E-01 2.127436E+00  5.986104E+09
     1  17 -2.047887E+00 -1.790141E+00 2.975651E+00 -5.344384E-01 1.768862E+00  4.663294E+03
     1  18 -5.272552E-01 -2.100663E+00 3.414834E+00 -9.047883E-01 1.896751E+00  6.291787E+09
     1  19 -3.317899E+00 -2.057619E+00 3.308152E+00 -7.400342E-01 1.622320E+00  1.208449E+04
     1  20 -2.335766E+00 -1.889004E+00 2.921773E+00 -5.252565E-01 1.401827E+00  3.269473E+09
     1  21 -1.732031E+00 -1.453180E+00 3.189218E+00 -5.959775E-01 2.036981E+00  1.500402E+03
     1  22 -3.195311E+00 -2.357962E+00 3.056489E+00 -7.961911E-01 2.985926E-01  1.781440E+09
     1  23 -1.363110E+00 -1.971108E+00 3.444484E+00 -9.432187E-01 7.210396E-01  5.723297E+09
     1  24 -1.317987E+00 -1.662307E+00 2.971531E+00 -8.692122E-01 1.033830E+00  5.169569E+09
     1  25 -2.558390E+00 -2.109868E+00 3.189324E+00 -8.746874E-01 1.331321E+00  3.370272E+09
     1  26 -2.688104E+00 -1.949119E+00 3.066037E+00 -6.009864E-01 1.867059E+00  2.838670E+09
     1  27 -9.256133E-01 -1.759097E+00 3.382780E+00 -8.387313E-01 2.243547E+00  6.039171E+09
     1  28 -2.382651E+00 -1.770101E+00 3.184316E+00 -9.233234E-01 1.254845E-01  3.730911E+09
     1  29 -3.279177E+00 -1.042313E+00 2.927267E+00 -5.519870E-01 1.300340E+00  1.452726E+09
     1  30 -1.808536E+00 -1.987982E+00 3.499653E+00 -5.961669E-01 2.020172E+00  5.272031E+09
     1  31 -1.090580E+00 -2.298646E+00 3.404472E+00 -9.517170E-01 2.163358E+00  5.927598E+09
     1  32 -3.178102E+00 -2.161036E+00 3.324099E+00 -6.834295E-01 1.263608E+00  2.353584E+09
     1  33 -1.292410E+00 -1.200525E+00 3.284200E+00 -7.658745E-01 1.053847E+00  5.640353E+09
     1  34 -5.181652E-01 -2.013677E+00 3.289227E+00 -6.035201E-01 8.055491E-02  6.213835E+09
     1  35 -3.003300E+00 -1.819065E+00 2.930064E+00 -5.522954E-01 1.207142E+00  2.484478E+04
     1  36 -3.092436E+00 -1.573634E+00 3.371239E+00 -8.343487E-01 5.459687E-01  2.648459E+09
     1  37 -2.816304E+00 -1.856983E+00 3.430753E+00 -8.310376E-01 4.974350E-01  3.347620E+09
     1  38 -2.530523E+00 -2.216645E+00 2.997616E+00 -7.719216E-01 5.085595E-01  3.017715E+09
     1  39 -2.775429E+00 -1.693688E+00 3.344643E+00 -6.741271E-01 2.141977E+00  3.256785E+09
     1  40 -2.888424E-01 -1.589313E+00 2.966929E+00 -8.383555E-01 9.226807E-01  6.075029E+09
     1  41 -9.182957E-01 -2.365699E+00 3.382129E+00 -5.066279E-01 1.077009E+00  6.038851E+09
     1  42 -1.510791E+00 -1.137813E+00 3.264289E+00 -5.210036E-01 1.046917E+00  5.370249E+09
     1  43 -3.245423E+00 -2.001337E+00 3.020309E+00 -7.925204E-01 2.417473E+00  1.625295E+09
     1  44 -1.546846E+00 -1.817713E+00 3.081336E+00 -8.663827E-01 8.226004E-01  5.017777E+09
     1  45 -1.803026E+00 -1.303390E+00 3.310000E+00 -7.103376E-01 6.411877E-01  5.023397E+09
     1  46 -7.903776E-01 -2.069762E+00 3.202539E+00 -9.039555E-01 1.588775E+00  5.974978E+09
     1  47 -5.987603E-01 -1.823381E+00 2.975198E+00 -9.174055E-01 2.155860E+00  5.892725E+09
     1  48 -5.579106E-01 -1.210013E+00 3.261015E+00 -9.415325E-01 2.346310E+00  6.188518E+09
     1  49 -2.139828E+00 -1.747014E+00 3.132998E+00 -9.686039E-01 1.354480E+00  4.107308E+09
     2   0 -1.927593E+00 -1.898792E+00 3.370502E+00 -8.412572E-01 2.450000E+00  2.434512E+02
     2   1 -2.351527E+00 -1.918823E+00 3.260663E+00 -6.513853E-01 2.450000E+00  3.946685E+09
     2   2 -2.324835E+00 -1.282834E+00 3.070114E+00 -5.000000E-01 1.944239E+00  3.642221E+09
     2   3 -2.779630E+00 -1.353067E+00 3.131804E+00 -7.322368E-01 1.950255E+00  3.184686E+03
     2   4 -2.807777E+00 -1.626711E+00 3.299377E+00 -6.417390E-01 1.931104E+00  2.481881E+04
     2   5 -1.102172E+00 -1.523082E+00 3.450344E+00 -5.269606E-01 1.503752E+00  5.969342E+09
     2   6 -1.121954E+00 -1.916077E+00 2.998055E+00 -6.814356E-01 8.474958E-01  5.441402E+09
     2   7 -1.803448E+00 -2.400000E+00 3.391920E+00 -5.719412E-01 1.323341E+00  5.118696E+09
     2   8 -1.623844E+00 -2.149991E+00 3.131958E+00 -5.742500E-01 1.708335E+00  4.980061E+09
     2   9 -2.313685E+00 -1.381511E+00 3.121689E+00 -8.117672E-01 1.189025E+00  3.762129E+09
     2  10 -2.106225E-01 -1.420669E+00 3.126902E+00 -6.936816E-01 5.739491E-01  6.248817E+09
     2  11 -1.762359E+00 -1.811703E+00 3.272207E+00 -6.813039E-01 1.771485E+00  5.002212E+09
     2  12 -1.374382E+00 -1.522692E+00 3.473460E+00 -6.088949E-01 6.086819E-01  5.751998E+09
     2  13 -1.052635E+00 -1.080913E+00 2.971602E+00 -5.571767E-01 2.303847E+00  5.522079E+09
     2  14 -1.893562E+00 -1.547871E+00 2.969136E+00 -6.886155E-01 2.144111E+00  4.257984E+09
     2  15 -3.948902E-01 -1.961960E+00 3.500000E+00 -5.000000E-01 2.450000E+00  6.395876E+09
     2  16 -1.030029E+00 -1.554812E+00 3.041468E+00 -7.845126E-01 1.188573E+00  5.604052E+09
     2  17 -1.459944E+00 -1.978874E+00 3.275651E+00 -6.257377E-01 1.792892E+00  5.413549E+09
     2  18 -6.003076E-01 -1.400663E+00 3.447985E+00 -6.647883E-01 2.395495E+00  6.285660E+09
     2  19 -2.496621E+00 -2.228938E+00 3.329782E+00 -5.000342E-01 1.517247E+00  3.790433E+09
     2  20 -2.642720E+00 -1.477516E+00 3.221773E+00 -7.652565E-01 2.422792E+00  9.698838E+02
     2  21 -9.063454E-01 -1.539722E+00 3.374986E+00 -5.000000E-01 2.450000E+00  6.050466E+09
     2  22 -2.545134E+00 -1.657962E+00 3.302270E+00 -5.561911E-01 1.523593E+00  3.946034E+04
     2  23 -2.265980E+00 -1.757558E+00 3.155994E+00 -9.008524E-01 4.812750E-01  4.682118E+04
     2  24 -2.917987E+00 -1.627789E+00 2.940426E+00 -9.531849E-01 1.248623E+00  2.112244E+09
     2  25 -2.853615E+00 -1.409868E+00 3.209894E+00 -7.688932E-01 1.937058E+00  3.536654E+03
     2  26 -1.088104E+00 -2.004820E+00 3.366037E+00 -6.684931E-01 2.399375E+00  5.895640E+09
     2  27 -1.564688E+00 -1.250874E+00 3.082780E+00 -8.542486E-01 2.376911E+00  5.022510E+09
     2  28 -3.257336E+00 -1.666056E+00 3.256762E+00 -6.833234E-01 1.350485E+00  2.068176E+09
     2  29 -1.821503E+00 -1.554382E+00 2.900000E+00 -5.009634E-01 2.102368E+00  4.255243E+09
     2  30 -6.297247E-01 -1.287982E+00 3.199653E+00 -8.182856E-01 1.365841E+00  6.095921E+09
     2  31 -7.758643E-01 -1.648196E+00 3.351897E+00 -7.117170E-01 2.229540E+00  6.116655E+09
     2  32 -3.400000E+00 -1.461036E+00 3.081928E+00 -5.000000E-01 2.450000E+00  3.118438E+03
     2  33 -2.238857E+00 -1.000000E+00 3.083798E+00 -8.395730E-01 1.740697E+00  4.643170E+03
     2  34 -2.118165E+00 -1.415708E+00 3.276630E+00 -7.835031E-01 7.440195E-01  4.380811E+04
     2  35 -3.400000E+00 -1.561241E+00 3.230064E+00 -5.000000E-01 1.470704E+00  1.742498E+09
     2  36 -2.294807E+00 -1.000000E+00 3.313162E+00 -7.315197E-01 1.770969E+00  4.230870E+09
     2  37 -2.742518E+00 -1.910418E+00 3.318770E+00 -6.368929E-01 5.691760E-01  3.262948E+09
     2  38 -1.666544E+00 -2.312892E+00 3.166623E+00 -5.923855E-01 0.000000E+00  1.322972E+04
     2  39 -2.496487E+00 -1.679109E+00 3.303813E+00 -7.889005E-01 2.245963E+00  3.751079E+09
     2  40 -1.565839E+00 -1.229131E+00 3.182495E+00 -8.556161E-01 2.147681E+00  5.174932E+09
     2  41 -2.355082E+00 -1.665699E+00 3.138832E+00 -7.466279E-01 1.457175E+00  1.422115E+04
     2  42 -9.938286E-01 -1.610261E+00 3.404816E+00 -5.420287E-01 2.271917E+00  6.010779E+09
     2  43 -1.710712E+00 -1.301337E+00 3.320309E+00 -6.920129E-01 2.327382E+00  5.172742E+09
     2  44 -3.435718E-01 -2.311018E+00 2.900000E+00 -6.263827E-01 2.047600E+00  5.970816E+09
     2  45 -1.990635E+00 -1.000640E+00 3.126581E+00 -6.308235E-01 1.866188E+00  4.436253E+09
     2  46 -2.247941E+00 -1.764273E+00 3.056168E+00 -6.639555E-01 1.813949E+00  3.738040E+09
     2  47 -2.000000E-01 -1.224006E+00 3.016153E+00 -7.851479E-01 1.378442E+00  6.172965E+09
     2  48 -1.506780E+00 -1.428477E+00 3.199791E+00 -7.015325E-01 2.450000E+00  5.266555E+09
     2  49 -1.679671E+00 -1.155601E+00 3.003836E+00 -9.148078E-01 1.769782E+00  4.723066E+09
     3   0 -7.782566E-01 -2.153602E+00 3.500000E+00 -7.343793E-01 2.147190E+00  6.217024E+09
     3   1 -2.436373E+00 -1.631881E+00 3.500000E+00 -6.224739E-01 1.225000E+00  4.262769E+09
     3   2 -2.376026E+00 -1.982834E+00 3.250697E+00 -7.400000E-01 2.450000E+00  4.080490E+02
     3   3 -1.964823E+00 -1.000000E+00 3.431804E+00 -9.722368E-01 2.450000E+00  5.003204E+09
     3   4 -1.659696E+00 -1.089504E+00 3.212052E+00 -6.411024E-01 2.450000E+00  5.102073E+09
     3   5 -1.544986E+00 -1.902907E+00 3.384722E+00 -7.669606E-01 1.763814E+00  5.454000E+09
     3   6 -1.760761E+00 -1.856983E+00 3.298055E+00 -9.214356E-01 2.071134E+00  5.044228E+09
     3   7 -3.400000E+00 -1.700000E+00 3.500000E+00 -6.869120E-01 2.351875E+00  2.409757E+03
     3   8 -1.665136E+00 -1.516898E+00 3.028775E+00 -5.488194E-01 2.292836E+00  4.762294E+09
     3   9 -3.400000E+00 -1.146909E+00 3.209345E+00 -8.089191E-01 3.588342E-01  3.222771E+05
     3  10 -7.201765E-01 -2.046671E+00 3.101291E+00 -6.683981E-01 1.319091E+00  5.930146E+09
     3  11 -8.159276E-01 -1.908345E+00 3.339799E+00 -8.437850E-01 1.876142E+00  6.077468E+09
     3  12 -1.674904E+00 -1.873346E+00 3.497465E+00 -7.971362E-01 1.833682E+00  5.442005E+09
     3  13 -1.336105E+00 -1.190558E+00 2.900000E+00 -5.997415E-01 2.446877E+00  5.063761E+09
     3  14 -1.874420E+00 -1.523861E+00 3.018297E+00 -7.831075E-01 2.450000E+00  4.389020E+09
     3  15 -1.994890E+00 -2.305330E+00 3.200000E+00 -7.400000E-01 1.225000E+00  1.635092E+04
     3  16 -1.770885E+00 -2.199132E+00 3.229702E+00 -9.800000E-01 7.960609E-01  4.914725E+09
     3  17 -2.322928E+00 -1.827668E+00 3.326946E+00 -8.657377E-01 2.042682E+00  2.925935E+03
     3  18 -2.200257E+00 -1.000000E+00 3.423133E+00 -5.980074E-01 2.450000E+00  4.606810E+09
     3  19 -9.862758E-01 -1.798284E+00 3.380392E+00 -7.036670E-01 2.450000E+00  5.992277E+09
     3  20 -1.915204E+00 -1.602401E+00 3.500000E+00 -9.800000E-01 2.450000E+00  5.133816E+09
     3  21 -1.792144E+00 -1.961149E+00 3.327425E+00 -7.400000E-01 1.616344E+00  5.041273E+09
     3  22 -1.414543E+00 -1.104642E+00 3.500000E+00 -5.000000E-01 2.450000E+00  5.762023E+09
     3  23 -2.979373E+00 -1.559850E+00 2.995609E+00 -8.230096E-01 1.666113E+00  2.104550E+09
     3  24 -3.400000E+00 -1.775409E+00 3.240426E+00 -8.958358E-01 2.450000E+00  1.755219E+09
     3  25 -2.224395E+00 -1.002681E+00 3.398050E+00 -7.037974E-01 2.450000E+00  4.519137E+09
     3  26 -2.643215E+00 -1.921905E+00 3.227297E+00 -7.975614E-01 2.450000E+00  9.927820E+02
     3  27 -2.319472E+00 -1.000000E+00 2.973642E+00 -8.642530E-01 2.450000E+00  3.492372E+09
     3  28 -3.400000E+00 -1.865024E+00 3.466816E+00 -5.000000E-01 2.450000E+00  2.200160E+09
     3  29 -1.733639E+00 -1.716449E+00 3.034803E+00 -7.409634E-01 2.252102E+00  4.652824E+09
     3  30 -1.363616E+00 -1.355414E+00 3.388744E+00 -9.642303E-01 1.439859E+00  5.676945E+09
     3  31 -1.742673E+00 -1.732289E+00 3.332948E+00 -5.998255E-01 2.450000E+00  5.127059E+09
     3  32 -1.800000E+00 -1.000000E+00 3.004947E+00 -7.400000E-01 1.869362E+00  4.546022E+09
     3  33 -2.792108E+00 -1.686628E+00 2.980786E+00 -9.112948E-01 2.450000E+00  2.181117E+03
     3  34 -3.400000E+00 -1.392988E+00 3.327451E+00 -9.761867E-01 1.969019E+00  3.139362E+03
     3  35 -1.800000E+00 -1.583860E+00 3.456258E+00 -6.726870E-01 1.927663E+00  5.894551E+03
     3  36 -2.119099E+00 -1.700000E+00 3.370722E+00 -7.953547E-01 2.189231E+00  4.595584E+09
     3  37 -2.295791E+00 -1.951657E+00 3.229582E+00 -7.574502E-01 7.934811E-01  3.991892E+09
     3  38 -1.143851E+00 -2.062574E+00 3.345742E+00 -5.465594E-01 1.107594E+00  5.826364E+09
     3  39 -2.494291E+00 -1.890211E+00 3.375414E+00 -7.662177E-01 2.351034E+00  9.522369E+02
     3  40 -2.976808E+00 -1.834934E+00 3.482495E+00 -8.717810E-01 2.450000E+00  1.216692E+03
     3  41 -3.400000E+00 -1.225676E+00 2.950071E+00 -9.800000E-01 2.450000E+00  3.290993E+03
     3  42 -1.209103E+00 -1.652121E+00 3.456481E+00 -5.534928E-01 2.450000E+00  5.883989E+09
     3  43 -1.816175E+00 -1.596154E+00 3.500000E+00 -7.810975E-01 2.450000E+00  7.379347E+02
     3  44 -1.323508E+00 -1.825584E+00 3.190381E+00 -8.663827E-01 2.450000E+00  5.467159E+09
     3  45 -2.075819E+00 -1.000000E+00 3.167144E+00 -6.691428E-01 2.450000E+00  4.359882E+09
     3  46 -3.368242E+00 -1.542293E+00 3.145653E+00 -6.709546E-01 2.450000E+00  1.645627E+09
     3  47 -1.800000E+00 -1.564719E+00 3.208732E+00 -8.202696E-01 2.218892E+00  4.452307E+02
     3  48 -2.744549E+00 -2.128477E+00 3.366851E+00 -6.575526E-01 2.068711E+00  3.356883E+09
     3  49 -1.946156E+00 -1.530532E+00 3.303836E+00 -8.408849E-01 2.113160E+00  4.776896E+09
     4   0 -2.180432E+00 -2.207679E+00 3.217224E+00 -6.824425E-01 2.348192E+00  4.186744E+09
     4   1 -1.749793E+00 -2.331881E+00 3.200000E+00 -8.624739E-01 9.110547E-01  4.897524E+09
     4   2 -2.021335E+00 -2.400000E+00 3.500000E+00 -9.800000E-01 1.951240E+00  4.961772E+09
     4   3 -1.454094E+00 -1.700000E+00 3.500000E+00 -7.322368E-01 1.423247E+00  5.696195E+09
     4   4 -8.050584E-01 -1.253473E+00 3.467762E+00 -7.239803E-01 1.276422E+00  6.193680E+09
     4   5 -3.053295E+00 -2.377672E+00 3.221395E+00 -9.800000E-01 2.450000E+00  2.397297E+09
     4   6 -2.071318E+00 -1.257969E+00 3.500000E+00 -9.800000E-01 2.450000E+00  3.072095E+02
     4   7 -1.800000E+00 -1.210276E+00 3.376699E+00 -8.223983E-01 2.450000E+00  5.137715E+09
     4   8 -1.914675E+00 -1.000000E+00 3.328775E+00 -7.888194E-01 1.564151E+00  4.915812E+09
     4   9 -2.662383E+00 -1.097350E+00 3.362026E+00 -8.401931E-01 0.000000E+00  2.124367E+05
     4  10 -1.662915E+00 -2.400000E+00 2.985054E+00 -8.151131E-01 2.450000E+00  4.670504E+09
     4  11 -1.229391E+00 -1.924604E+00 3.284631E+00 -9.800000E-01 2.450000E+00  5.681664E+09
     4  12 -2.280328E+00 -1.173346E+00 3.395581E+00 -9.506735E-01 2.450000E+00  1.904329E+02
     4  13 -2.188795E+00 -1.759479E+00 3.119414E+00 -7.810675E-01 2.450000E+00  2.740374E+02
     4  14 -1.975442E+00 -2.223861E+00 3.318297E+00 -9.800000E-01 1.351899E+00  4.736155E+09
     4  15 -3.400000E+00 -2.235658E+00 2.937696E+00 -9.800000E-01 1.387542E+00  1.202123E+09
     4  16 -2.576025E+00 -2.400000E+00 3.500000E+00 -7.459924E-01 2.021061E+00  3.976074E+09
     4  17 -3.011763E+00 -1.730515E+00 3.436607E+00 -9.800000E-01 2.450000E+00  2.951361E+09
     4  18 -3.396380E+00 -1.700000E+00 3.322569E+00 -7.307268E-01 2.202253E+00  2.762335E+03
     4  19 -2.586276E+00 -1.529454E+00 3.315645E+00 -9.436670E-01 1.225000E+00  3.598406E+09
     4  20 -1.753448E+00 -1.995416E+00 3.200000E+00 -7.400000E-01 1.956005E+00  4.896080E+09
     4  21 -2.571884E+00 -1.805368E+00 3.272485E+00 -9.184070E-01 2.393929E+00  6.792002E+02
     4  22 -2.479840E+00 -1.000000E+00 3.326602E+00 -7.400000E-01 1.225000E+00  3.897248E+09
     4  23 -2.156852E+00 -1.895710E+00 3.295609E+00 -7.840585E-01 2.450000E+00  2.516962E+02
     4  24 -1.882975E+00 -1.985080E+00 3.500000E+00 -7.677942E-01 1.870600E+00  5.170116E+09
     4  25 -1.612104E+00 -1.419893E+00 3.500000E+00 -7.722389E-01 1.225000E+00  5.532786E+09
     4  26 -3.400000E+00 -1.809569E+00 3.117914E+00 -9.800000E-01 2.362878E+00  3.071132E+03
     4  27 -2.633724E+00 -1.700000E+00 3.070249E+00 -8.437019E-01 2.365793E+00  2.970496E+09
     4  28 -1.941339E+00 -1.972377E+00 3.441035E+00 -7.400000E-01 1.225000E+00  4.995305E+09
     4  29 -2.499134E+00 -1.268661E+00 3.154207E+00 -9.800000E-01 1.146943E+00  3.002075E+04
     4  30 -2.963616E+00 -2.055414E+00 3.500000E+00 -7.242303E-01 2.450000E+00  1.165221E+03
     4  31 -2.867057E+00 -1.961290E+00 3.326334E+00 -7.528754E-01 2.340719E+00  3.015598E+09
     4  32 -1.236887E+00 -1.485074E+00 2.964016E+00 -7.819550E-01 2.012975E+00  5.270135E+09
     4  33 -2.141596E+00 -2.386628E+00 3.264481E+00 -9.275379E-01 1.919588E+00  4.347543E+09
     4  34 -2.323734E+00 -1.672878E+00 3.438643E+00 -9.800000E-01 2.450000E+00  1.570119E+02
     4  35 -2.868247E-01 -1.891938E+00 3.500000E+00 -9.126870E-01 2.450000E+00  6.434577E+09
     4  36 -2.333360E+00 -2.400000E+00 3.425306E+00 -9.152965E-01 2.389635E+00  4.298296E+09
     4  37 -1.975734E+00 -1.929354E+00 3.368726E+00 -8.078512E-01 2.018481E+00  4.825328E+09
     4  38 -1.488176E+00 -1.593362E+00 3.338670E+00 -7.865594E-01 2.332594E+00  5.470220E+09
     4  39 -2.018479E+00 -2.090650E+00 3.439903E+00 -7.802730E-01 2.450000E+00  4.872626E+09
     4  40 -3.400000E+00 -2.400000E+00 3.500000E+00 -8.552891E-01 1.870600E+00  5.867478E+03
     4  41 -1.800000E+00 -1.663179E+00 3.058327E+00 -8.555798E-01 1.928960E+00  4.584838E+09
     4  42 -1.827138E+00 -1.833123E+00 3.156481E+00 -7.934928E-01 1.875552E+00  4.707958E+09
     4  43 -1.938809E+00 -2.013816E+00 3.224490E+00 -9.425488E-01 2.377574E+00  4.637568E+09
     4  44 -2.923508E+00 -1.435319E+00 3.458315E+00 -9.800000E-01 1.225000E+00  3.200089E+09
     4  45 -1.980358E+00 -1.700000E+00 3.427638E+00 -8.518941E-01 1.870600E+00  4.920385E+09
     4  46 -3.022420E+00 -1.729673E+00 3.445653E+00 -7.260151E-01 2.083542E+00  4.651367E+03
     4  47 -3.400000E+00 -1.984205E+00 3.412750E+00 -8.629616E-01 2.450000E+00  2.087595E+09
     4  48 -2.989782E+00 -2.400000E+00 3.500000E+00 -8.056697E-01 2.010766E+00  7.644910E+03
     4  49 -2.431805E+00 -2.230532E+00 3.456768E+00 -9.396591E-01 1.842060E+00  4.173414E+09
     5   0 -3.372311E+00 -1.712778E+00 3.214869E+00 -9.224425E-01 2.450000E+00  1.761243E+09
     5   1 -1.203088E+00 -2.070075E+00 2.910530E+00 -9.800000E-01 1.560861E+00  5.217757E+09
     5   2 -1.791254E+00 -1.700000E+00 3.200000E+00 -9.800000E-01 2.080355E+00  4.843969E+09
     5   3 -2.307790E+00 -2.227347E+00 3.200000E+00 -6.628015E-01 2.450000E+00  5.742935E+02
     5   4 -2.405058E+00 -1.953473E+00 3.500000E+00 -9.639803E-01 1.622232E+00  4.311534E+09
     5   5 -3.400000E+00 -2.400000E+00 3.136321E+00 -8.667273E-01 2.004153E+00  3.077633E+03
     5   6 -2.707751E+00 -1.281791E+00 3.355285E+00 -9.096393E-01 1.974509E+00  3.449851E+09
     5   7 -2.834606E+00 -1.789462E+00 3.500000E+00 -8.162713E-01 1.885755E+00  3.458123E+09
     5   8 -2.028391E+00 -1.700000E+00 3.500000E+00 -9.800000E-01 1.081127E+00  4.961650E+09
     5   9 -1.951439E+00 -1.797350E+00 3.500000E+00 -9.800000E-01 1.225000E+00  5.074860E+09
     5  10 -3.262915E+00 -1.700000E+00 3.285054E+00 -9.800000E-01 1.871837E+00  3.208214E+03
     5  11 -2.829391E+00 -1.547782E+00 3.269455E+00 -7.855429E-01 1.578596E+00  2.988903E+09
     5  12 -2.902435E+00 -1.000000E+00 3.304640E+00 -9.800000E-01 1.871837E+00  2.971994E+09
     5  13 -3.072676E+00 -2.294930E+00 3.368397E+00 -9.800000E-01 2.385102E+00  2.665278E+09
     5  14 -2.346078E+00 -2.400000E+00 3.180205E+00 -8.645577E-01 1.970720E-01  3.784654E+09
     5  15 -1.800000E+00 -1.883635E+00 3.237696E+00 -9.425247E-01 2.450000E+00  8.581596E+01
     5  16 -3.194979E+00 -1.700000E+00 3.303864E+00 -7.835687E-01 2.450000E+00  2.326272E+03
     5  17 -2.179485E+00 -1.715525E+00 3.412411E+00 -8.514402E-01 2.054108E+00  4.564352E+09
     5  18 -2.989006E+00 -2.340954E+00 3.259713E+00 -9.707268E-01 2.092389E+00  2.005414E+03
     5  19 -3.400000E+00 -1.605822E+00 3.249012E+00 -9.410134E-01 5.225456E-01  1.776492E+09
     5  20 -3.276372E+00 -1.295416E+00 3.086693E+00 -5.760478E-01 2.450000E+00  2.945756E+03
     5  21 -3.040088E+00 -1.606841E+00 3.251914E+00 -9.800000E-01 2.450000E+00  2.062722E+03
     5  22 -3.377363E+00 -1.470633E+00 3.313830E+00 -9.800000E-01 4.541996E-01  3.651401E+05
     5  23 -1.408499E+00 -2.159573E+00 3.500000E+00 -9.144892E-01 1.871837E+00  5.736195E+09
     5  24 -2.388513E+00 -1.751386E+00 3.200000E+00 -8.668626E-01 2.009086E+00  3.752512E+09
     5  25 -2.400871E+00 -1.952640E+00 3.399944E+00 -8.768481E-01 2.341391E+00  5.126494E+02
     5  26 -1.800000E+00 -1.677103E+00 3.417914E+00 -7.400000E-01 2.411617E+00  5.173540E+09
     5  27 -2.784444E+00 -2.336515E+00 3.170092E+00 -8.669910E-01 2.389861E+00  1.597546E+03
     5  28 -2.880655E+00 -1.593724E+00 3.181344E+00 -9.800000E-01 9.258916E-01  2.690488E+09
     5  29 -2.959298E+00 -1.404819E+00 3.454207E+00 -8.667273E-01 9.483682E-01  3.118268E+09
     5  30 -3.400000E+00 -2.400000E+00 3.384740E+00 -5.838280E-01 1.871837E+00  6.758481E+03
     5  31 -3.400000E+00 -1.904612E+00 3.395114E+00 -9.800000E-01 2.258512E+00  2.053172E+09
     5  32 -2.836887E+00 -2.107076E+00 3.130755E+00 -9.690757E-01 2.450000E+00  1.883357E+03
     5  33 -2.260651E+00 -1.686628E+00 3.500000E+00 -9.800000E-01 2.450000E+00  4.580574E+09
     5  34 -1.307805E+00 -1.937078E+00 3.500000E+00 -9.563504E-01 1.871837E+00  5.834068E+09
     5  35 -1.886825E+00 -2.060993E+00 3.317915E+00 -9.458447E-01 1.225000E+00  4.880176E+09
     5  36 -2.673062E+00 -2.066929E+00 3.421128E+00 -9.800000E-01 1.415114E+00  3.621100E+09
     5  37 -2.774640E+00 -1.814062E+00 3.446502E+00 -7.848061E-01 2.307025E+00  1.223702E+03
     5  38 -2.406042E+00 -1.286945E+00 3.317563E+00 -8.934534E-01 1.107594E+00  3.986023E+09
     5  39 -2.182860E+00 -1.631476E+00 3.458800E+00 -8.315144E-01 2.242128E+00  4.644095E+09
     5  40 -2.106941E+00 -1.700000E+00 3.370111E+00 -9.770258E-01 1.768261E+00  4.615122E+09
     5  41 -2.490398E+00 -1.930783E+00 3.358327E+00 -8.979829E-01 2.302198E+00  3.867605E+09
     5  42 -2.590980E+00 -1.932556E+00 2.900000E+00 -9.800000E-01 1.875102E+00  2.689086E+09
     5  43 -2.267908E+00 -1.897465E+00 3.500000E+00 -9.246342E-01 2.450000E+00  4.561925E+09
     5  44 -3.400000E+00 -1.311575E+00 3.500000E+00 -8.832691E-01 3.381347E-01  9.644799E+05
     5  45 -2.310174E+00 -1.787964E+00 3.500000E+00 -7.807779E-01 2.246055E+00  4.489498E+09
     5  46 -2.053575E+00 -1.902193E+00 3.500000E+00 -9.219511E-01 1.952457E+00  4.917571E+09
     5  47 -3.400000E+00 -1.692218E+00 3.332033E+00 -9.800000E-01 1.959633E+00  1.935136E+09
     5  48 -2.931612E+00 -1.786392E+00 3.396479E+00 -9.800000E-01 2.450000E+00  3.033638E+09
     5  49 -2.827059E+00 -2.400000E+00 3.398366E+00 -9.800000E-01 1.709717E+00  3.246731E+09
     6   0 -2.466869E+00 -1.492259E+00 3.332565E+00 -9.800000E-01 2.338714E+00  3.880204E+09
     6   1 -1.842421E+00 -2.033486E+00 2.900000E+00 -7.400000E-01 2.450000E+00  4.202897E+09
     6   2 -2.039186E+00 -1.494487E+00 2.940837E+00 -8.287042E-01 2.289065E+00  3.204420E+02
     6   3 -2.983037E+00 -2.400000E+00 2.942827E+00 -7.204687E-01 1.890869E+00  2.699597E+03
     6   4 -3.400000E+00 -2.179229E+00 3.200000E+00 -9.800000E-01 2.450000E+00  2.973080E+03
     6   5 -1.800000E+00 -2.177124E+00 3.102158E+00 -8.655011E-01 2.228849E+00  4.652114E+09
     6   6 -1.550410E+00 -1.852724E+00 3.152445E+00 -9.570331E-01 2.450000E+00  5.123571E+09
     6   7 -3.400000E+00 -2.372576E+00 3.213525E+00 -6.923823E-01 2.139543E+00  2.947456E+03
     6   8 -1.867473E+00 -2.080098E+00 3.200000E+00 -7.613623E-01 1.625222E-01  2.244410E+04
     6   9 -1.517363E+00 -1.962150E+00 3.200000E+00 -7.680082E-01 2.450000E+00  1.989650E+02
     6  10 -3.400000E+00 -1.129956E+00 3.500000E+00 -8.230220E-01 2.106815E+00  2.318851E+09
     6  11 -3.400000E+00 -1.257367E+00 3.145195E+00 -8.029721E-01 1.804395E+00  1.605187E+09
     6  12 -1.840716E+00 -1.700000E+00 3.335329E+00 -8.333755E-01 2.071092E+00  4.987452E+09
     6  13 -2.224229E+00 -2.218207E+00 3.295000E+00 -7.400000E-01 2.449514E+00  4.255010E+09
     6  14 -2.224256E+00 -1.700000E+00 2.985371E+00 -8.549206E-01 0.000000E+00  3.640002E+09
     6  15 -2.929293E-01 -1.552058E+00 3.500000E+00 -9.072259E-01 1.873074E+00  6.435472E+09
     6  16 -3.168228E+00 -1.125600E+00 3.022971E+00 -8.240897E-01 1.884714E+00  1.826341E+09
     6  17 -1.037556E+00 -1.999409E+00 3.112469E+00 -8.595341E-01 1.899912E+00  5.672736E+09
     6  18 -1.389006E+00 -2.400000E+00 3.172590E+00 -9.800000E-01 2.450000E+00  5.358784E+09
     6  19 -1.800000E+00 -2.305822E+00 3.235382E+00 -8.644948E-01 1.747546E+00  4.877995E+09
     6  20 -2.368135E+00 -1.000000E+00 3.185568E+00 -8.160478E-01 2.206721E+00  3.833792E+09
     6  21 -2.244865E+00 -1.677956E+00 3.221796E+00 -8.253642E-01 2.050897E+00  2.114696E+03
     6  22 -2.238337E+00 -2.170633E+00 3.186948E+00 -7.400000E-01 1.557085E+00  4.014786E+09
     6  23 -9.915420E-01 -1.994380E+00 3.200000E+00 -9.442309E-01 2.198560E+00  5.812372E+09
     6  24 -3.159923E+00 -1.735334E+00 2.981685E+00 -9.800000E-01 2.450000E+00  2.961551E+03
     6  25 -2.295769E+00 -2.368499E+00 3.161793E+00 -9.800000E-01 2.450000E+00  3.926019E+02
     6  26 -7.411108E-01 -1.836639E+00 3.196709E+00 -6.724486E-01 2.450000E+00  6.007712E+09
     6  27 -1.966975E+00 -2.400000E+00 3.364727E+00 -8.935179E-01 2.450000E+00  1.743355E+02
     6  28 -3.400000E+00 -1.648351E+00 3.019443E+00 -9.800000E-01 9.745250E-01  2.162444E+04
     6  29 -3.028850E+00 -1.971223E+00 3.154530E+00 -9.006991E-01 2.173368E+00  2.314498E+09
     6  30 -1.800000E+00 -1.700000E+00 3.418581E+00 -6.905811E-01 2.038247E+00  5.173600E+09
     6  31 -1.817475E+00 -1.830857E+00 3.450301E+00 -8.122540E-01 2.393417E+00  5.192409E+09
     6  32 -3.400000E+00 -2.400000E+00 3.378649E+00 -9.800000E-01 2.198021E+00  2.713526E+03
     6  33 -2.262825E+00 -1.201066E+00 3.200000E+00 -8.941489E-01 2.089996E+00  4.041099E+09
     6  34 -1.594673E+00 -1.978985E+00 3.200000E+00 -9.262469E-01 1.944280E+00  5.130422E+09
     6  35 -3.308594E+00 -1.665208E+00 3.073487E+00 -9.573830E-01 2.257056E+00  1.615685E+09
     6  36 -2.336670E+00 -1.366929E+00 3.227349E+00 -7.400000E-01 1.692484E+00  3.933999E+09
     6  37 -2.855792E+00 -1.790880E+00 3.328334E+00 -8.693087E-01 2.450000E+00  3.048745E+09
     6  38 -1.874189E+00 -1.986945E+00 3.052120E+00 -9.800000E-01 0.000000E+00  1.621459E+04
     6  39 -1.930492E+00 -1.468308E+00 3.348588E+00 -8.297687E-01 2.331752E+00  4.880055E+09
     6  40 -1.124771E+00 -1.132942E+00 3.141328E+00 -9.779476E-01 2.450000E+00  5.651858E+09
     6  41 -2.962727E+00 -1.531899E+00 3.276871E+00 -9.800000E-01 2.450000E+00  2.725119E+09
     6  42 -2.936164E+00 -1.992264E+00 3.200000E+00 -8.168537E-01 2.175896E+00  1.933959E+03
     6  43 -2.505078E+00 -1.677492E+00 3.332727E+00 -8.518665E-01 2.413600E+00  3.793729E+09
     6  44 -2.359052E+00 -1.391225E+00 3.265217E+00 -8.308416E-01 1.452007E+00  3.964208E+09
     6  45 -2.141583E+00 -1.913894E+00 3.341937E+00 -9.165006E-01 2.450000E+00  4.498660E+09
     6  46 -1.854509E+00 -2.024946E+00 3.314508E+00 -8.476726E-01 2.420112E+00  2.069668E+02
     6  47 -1.800000E+00 -1.597010E+00 3.086456E+00 -8.142215E-01 1.800079E+00  4.637752E+09
     6  48 -1.814869E+00 -1.526682E+00 3.230425E+00 -8.314350E-01 1.868602E+00  4.864058E+09
     6  49 -3.143503E+00 -2.050308E+00 3.143528E+00 -8.741565E-01 2.050353E+00  2.058020E+09
     7   0 -8.668687E-01 -2.192259E+00 3.364529E+00 -8.672634E-01 2.307601E+00  6.061269E+09
     7   1 -2.425226E+00 -2.203506E+00 3.200000E+00 -7.102150E-01 1.225000E+00  3.666919E+09
     7   2 -2.244274E+00 -1.384085E+00 2.900000E+00 -6.971204E-01 2.450000E+00  3.441146E+09
     7   3 -3.336444E+00 -1.829989E+00 3.037803E+00 -7.381940E-01 2.450000E+00  3.118120E+03
     7   4 -2.390721E+00 -2.059863E+00 2.923031E+00 -8.938075E-01 2.009067E+00  1.187322E+03
     7   5 -2.190327E+00 -1.738886E+00 3.116538E+00 -9.536268E-01 2.341554E+00  3.978254E+09
     7   6 -1.243136E+00 -1.680318E+00 3.448343E+00 -9.800000E-01 2.170507E+00  5.845421E+09
     7   7 -2.215809E+00 -1.754340E+00 3.085158E+00 -6.668636E-01 2.450000E+00  4.374849E+02
     7   8 -1.675445E+00 -2.255476E+00 2.926702E+00 -5.608481E-01 0.000000E+00  4.543175E+09
     7   9 -1.372474E+00 -2.090976E+00 2.952673E+00 -5.999304E-01 2.450000E+00  5.059267E+09
     7  10 -1.800000E+00 -1.065005E+00 3.200000E+00 -7.896772E-01 2.450000E+00  2.234277E+02
     7  11 -2.815752E+00 -1.081687E+00 3.037034E+00 -8.620526E-01 2.450000E+00  2.070859E+03
     7  12 -1.051894E+00 -2.309492E+00 3.410226E+00 -8.310737E-01 2.450000E+00  5.963977E+09
     7  13 -1.066687E+00 -1.527994E+00 3.099126E+00 -7.521539E-01 2.450000E+00  5.638940E+09
     7  14 -1.733561E+00 -1.786206E+00 3.144395E+00 -9.118869E-01 1.225000E+00  9.035985E+03
     7  15 -8.507805E-01 -1.584494E+00 3.200000E+00 -9.163259E-01 2.450000E+00  5.935066E+09
     7  16 -2.593521E+00 -1.617781E+00 2.994765E+00 -9.373613E-01 2.014620E+00  1.520948E+03
     7  17 -1.827207E+00 -2.174163E+00 3.173777E+00 -9.800000E-01 2.340139E+00  4.732617E+09
     7  18 -7.897649E-01 -2.122797E+00 3.215869E+00 -8.237897E-01 2.070452E+00  5.987431E+09
     7  19 -2.148718E+00 -2.181820E+00 3.319106E+00 -7.391883E-01 2.450000E+00  4.439534E+09
     7  20 -1.678940E+00 -1.700000E+00 3.373724E+00 -9.800000E-01 2.450000E+00  2.309865E+02
     7  21 -1.399625E+00 -1.995919E+00 3.260710E+00 -7.001579E-01 2.348511E+00  5.466281E+09
     7  22 -1.247246E+00 -2.400000E+00 3.181496E+00 -5.000000E-01 2.450000E+00  5.536052E+09
     7  23 -2.591542E+00 -1.794991E+00 3.013610E+00 -7.532686E-01 2.450000E+00  2.935543E+09
     7  24 -2.179675E+00 -1.780334E+00 2.900000E+00 -8.505066E-01 2.122888E+00  6.904879E+02
     7  25 -2.044764E+00 -2.400000E+00 2.985960E+00 -8.818196E-01 1.947993E+00  8.255133E+02
     7  26 -1.434400E+00 -2.044687E+00 3.069480E+00 -7.168004E-01 2.412050E+00  5.154714E+09
     7  27 -1.042439E+00 -2.040772E+00 3.461374E+00 -9.800000E-01 2.402729E+00  6.017234E+09
     7  28 -2.818349E+00 -1.861059E+00 3.140467E+00 -9.207617E-01 2.042490E+00  2.724797E+09
     7  29 -2.505639E+00 -2.093064E+00 2.929845E+00 -9.800000E-01 2.450000E+00  2.930157E+09
     7  30 -1.664193E+00 -1.339042E+00 3.471587E+00 -8.138206E-01 2.398491E+00  5.439677E+09
     7  31 -1.614747E+00 -1.896658E+00 3.278928E+00 -9.425684E-01 2.390379E+00  5.221345E+09
     7  32 -1.988953E+00 -1.737838E+00 3.304991E+00 -8.432769E-01 2.450000E+00  4.700763E+09
     7  33 -1.941398E+00 -1.229422E+00 2.900000E+00 -8.927442E-01 2.345174E+00  4.058252E+09
     7  34 -2.343502E+00 -1.807044E+00 3.164053E+00 -9.420446E-01 2.450000E+00  3.768599E+09
     7  35 -2.704029E+00 -1.219233E+00 3.185275E+00 -7.529885E-01 2.450000E+00  1.253519E+03
     7  36 -2.628654E+00 -1.517398E+00 3.124214E+00 -7.671882E-01 6.343380E-01  3.104509E+09
     7  37 -2.541855E+00 -1.776514E+00 3.239243E+00 -9.239288E-01 2.149393E+00  3.519279E+09
     7  38 -1.181691E+00 -2.400000E+00 3.056462E+00 -8.323607E-01 1.225000E+00  5.447320E+09
     7  39 -2.107225E+00 -1.527208E+00 3.244298E+00 -8.622459E-01 2.450000E+00  4.393656E+09
     7  40 -6.431608E-01 -1.545192E+00 3.047361E+00 -8.429881E-01 1.919522E+00  5.940757E+09
     7  41 -2.465237E+00 -1.178103E+00 3.053161E+00 -8.683209E-01 2.241146E+00  3.328768E+09
     7  42 -2.377772E+00 -2.001921E+00 3.483222E+00 -7.082223E-01 2.450000E+00  1.457869E+03
     7  43 -1.923413E+00 -1.583557E+00 3.126047E+00 -7.603605E-01 2.450000E+00  4.499620E+09
     7  44 -8.380016E-01 -1.987381E+00 3.383055E+00 -9.338439E-01 2.450000E+00  6.096997E+09
     7  45 -1.451464E+00 -1.213894E+00 3.041937E+00 -9.636905E-01 2.134278E+00  5.122079E+09
     7  46 -1.602047E+00 -1.965042E+00 3.087213E+00 -8.533494E-01 2.450000E+00  4.944200E+09
     7  47 -2.961616E-01 -1.545951E+00 3.006760E+00 -7.161830E-01 2.004659E+00  6.109449E+09
     7  48 -7.983264E-01 -2.226682E+00 3.453194E+00 -8.180633E-01 1.605384E+00  6.172717E+09
     7  49 -2.175368E+00 -1.589849E+00 2.922783E+00 -8.671849E-01 2.450000E+00  6.475297E+02
     8   0 -6.582157E-01 -2.400000E+00 3.213462E+00 -7.864538E-01 2.450000E+00  6.073410E+09
     8   1 -2.685346E+00 -2.024080E+00 3.322899E+00 -9.502150E-01 1.913492E+00  3.389760E+09
     8   2 -2.151288E+00 -1.737737E+00 3.067936E+00 -9.371204E-01 2.267749E+00  2.885727E+02
     8   3 -1.736444E+00 -1.738399E+00 3.252451E+00 -8.272262E-01 2.138305E+00  5.011950E+09
     8   4 -1.419518E+00 -1.728219E+00 3.019319E+00 -8.429424E-01 2.170954E+00  5.104281E+09
     8   5 -3.348444E+00 -2.400000E+00 3.247252E+00 -9.514407E-01 2.227778E+00  1.856010E+09
     8   6 -2.056694E+00 -1.345925E+00 3.500000E+00 -9.197131E-01 2.007174E+00  4.934832E+09
     8   7 -1.097946E+00 -1.301701E+00 2.989686E+00 -7.351785E-01 2.157110E+00  5.478870E+09
     8   8 -1.916894E+00 -1.729817E+00 3.081989E+00 -8.008481E-01 7.722384E-01  1.687519E+04
     8   9 -1.590307E+00 -2.084558E+00 3.201451E+00 -8.399304E-01 1.910074E+00  5.137211E+09
     8  10 -2.993939E-01 -1.763404E+00 2.944917E+00 -8.321216E-01 2.262008E+00  6.045809E+09
     8  11 -1.253697E+00 -1.320145E+00 3.144516E+00 -9.800000E-01 2.026193E+00  5.505109E+09
     8  12 -2.194320E+00 -1.640671E+00 3.316796E+00 -9.800000E-01 2.041627E+00  1.495509E+03
     8  13 -5.614680E-01 -1.020887E+00 2.946289E+00 -9.100339E-01 2.421478E+00  5.923527E+09
     8  14 -1.316328E+00 -1.965976E+00 3.357419E+00 -9.800000E-01 2.450000E+00  5.674903E+09
     8  15 -2.450781E+00 -2.121212E+00 2.986197E+00 -9.771115E-01 2.055197E+00  1.150570E+03
     8  16 -1.834622E+00 -2.181905E+00 3.033220E+00 -9.800000E-01 2.450000E+00  4.468598E+09
     8  17 -3.147703E+00 -1.571565E+00 3.438232E+00 -8.686981E-01 2.450000E+00  2.674780E+09
     8  18 -1.768387E+00 -1.777605E+00 3.329999E+00 -8.629393E-01 1.814640E+00  5.083908E+09
     8  19 -3.313117E+00 -1.829749E+00 3.284794E+00 -6.651295E-01 1.225000E+00  9.020113E+04
     8  20 -1.172477E+00 -2.394920E+00 3.482017E+00 -8.210897E-01 2.324899E+00  5.931430E+09
     8  21 -1.086305E+00 -1.985106E+00 3.301910E+00 -8.709538E-01 2.450000E+00  5.834290E+09
     8  22 -1.931465E+00 -1.700000E+00 3.363733E+00 -5.851876E-01 1.225000E+00  4.893021E+09
     8  23 -3.400000E+00 -1.701428E+00 3.210101E+00 -6.306870E-01 2.031373E+00  3.018104E+03
     8  24 -1.041736E+00 -1.962590E+00 3.200000E+00 -8.635145E-01 2.167882E+00  5.767701E+09
     8  25 -1.790709E+00 -2.009793E+00 3.236352E+00 -8.624697E-01 1.868147E+00  4.897607E+09
     8  26 -2.528183E+00 -1.961543E+00 3.091072E+00 -9.508006E-01 2.450000E+00  3.229164E+09
     8  27 -2.267003E+00 -2.029219E+00 3.437447E+00 -9.057012E-01 2.425875E+00  4.447031E+09
     8  28 -1.969383E+00 -2.071086E+00 3.216401E+00 -9.155897E-01 2.450000E+00  4.570075E+09
     8  29 -1.492547E+00 -1.656388E+00 3.229845E+00 -9.094785E-01 1.390735E+00  5.317361E+09
     8  30 -2.755656E+00 -2.039042E+00 3.338038E+00 -8.154997E-01 2.450000E+00  9.915609E+02
     8  31 -2.267939E+00 -1.939339E+00 3.242852E+00 -9.800000E-01 2.223685E+00  3.364698E+02
     8  32 -8.098005E-01 -1.448342E+00 3.004991E+00 -9.800000E-01 2.242666E+00  1.247011E+03
     8  33 -2.156750E+00 -1.929422E+00 2.970276E+00 -8.995791E-01 2.450000E+00  3.740429E+09
     8  34 -2.927025E+00 -1.656653E+00 3.424699E+00 -9.782039E-01 2.099580E+00  3.108366E+09
     8  35 -1.796996E+00 -1.202381E+00 3.328533E+00 -6.453694E-01 1.936540E+00  5.069503E+09
     8  36 -2.476026E+00 -1.859269E+00 3.269095E+00 -9.800000E-01 1.859338E+00  3.610852E+03
     8  37 -1.605931E+00 -1.955509E+00 3.377521E+00 -8.570496E-01 2.333152E+00  5.974073E+02
     8  38 -1.226456E+00 -1.700000E+00 3.201652E+00 -5.923607E-01 2.450000E+00  5.591745E+09
     8  39 -2.301649E+00 -2.201137E+00 3.296700E+00 -9.338047E-01 2.304230E+00  4.110912E+09
     8  40 -2.243161E+00 -2.245192E+00 3.131921E+00 -7.578567E-01 1.701621E+00  6.553424E+03
     8  41 -1.806843E+00 -1.795389E+00 2.900580E+00 -8.793799E-01 2.450000E+00  1.766253E+02
     8  42 -1.641210E+00 -1.881392E+00 3.465877E+00 -9.300657E-01 2.289016E+00  5.442563E+09
     8  43 -1.173267E+00 -1.507208E+00 3.173402E+00 -7.480257E-01 2.424717E+00  5.619392E+09
     8  44 -1.843444E+00 -1.902117E+00 3.500000E+00 -9.800000E-01 1.225000E+00  5.226301E+09
     8  45 -1.744610E+00 -1.000000E+00 2.954018E+00 -8.469207E-01 2.284869E+00  4.548937E+09
     8  46 -1.703071E+00 -1.796114E+00 3.127160E+00 -8.861136E-01 2.194307E+00  4.858319E+09
     8  47 -1.840451E+00 -1.706441E+00 3.306760E+00 -8.449451E-01 2.450000E+00  4.942538E+09
     8  48 -2.398326E+00 -2.400000E+00 3.453729E+00 -8.328020E-01 2.383941E+00  4.230347E+09
     8  49 -9.673843E-01 -1.544160E+00 3.005067E+00 -9.733215E-01 2.020130E+00  5.622589E+09
     9   0 -1.469068E+00 -1.700000E+00 3.244152E+00 -9.800000E-01 2.383341E+00  5.366060E+09
     9   1 -1.590314E+00 -1.881403E+00 3.022899E+00 -9.800000E-01 2.450000E+00  9.708275E+01
     9   2 -2.050970E+00 -2.237319E+00 3.225984E+00 -9.800000E-01 2.299269E+00  4.441537E+09
     9   3 -1.110507E+00 -1.823390E+00 3.395597E+00 -8.912044E-01 2.161149E+00  5.906882E+09
     9   4 -9.466295E-01 -1.679697E+00 3.058621E+00 -9.255607E-01 2.237755E+00  5.702578E+09
     9   5 -3.400000E+00 -1.700000E+00 3.226874E+00 -8.943272E-01 2.075768E+00  2.947074E+03
     9   6 -2.483662E+00 -1.577041E+00 3.200000E+00 -8.807701E-01 2.450000E+00  3.566662E+09
     9   7 -2.424439E+00 -1.726591E+00 3.249111E+00 -8.581026E-01 2.091335E+00  3.782237E+09
     9   8 -2.005022E+00 -1.423767E+00 3.377897E+00 -9.800000E-01 1.670331E+00  4.811527E+09
     9   9 -1.930378E+00 -1.875621E+00 3.476227E+00 -9.800000E-01 2.147009E+00  5.068185E+09
     9  10 -2.000000E-01 -1.991424E+00 3.244917E+00 -8.526267E-01 2.244848E+00  6.325851E+09
     9  11 -1.339638E+00 -1.470811E+00 3.227327E+00 -7.400000E-01 2.450000E+00  5.506025E+09
     9  12 -2.749710E+00 -1.000000E+00 3.236567E+00 -7.985999E-01 1.799349E+00  3.149796E+09
     9  13 -2.161468E+00 -1.720887E+00 2.900000E+00 -9.800000E-01 2.450000E+00  6.946623E+02
     9  14 -1.538630E+00 -2.042205E+00 3.477916E+00 -9.059077E-01 2.450000E+00  5.575252E+09
     9  15 -2.770844E+00 -1.972026E+00 3.286197E+00 -9.800000E-01 2.450000E+00  1.197575E+03
     9  16 -1.395250E+00 -1.827733E+00 3.156079E+00 -8.428032E-01 2.109682E+00  5.334094E+09
     9  17 -2.763479E+00 -1.673146E+00 3.412504E+00 -7.708093E-01 1.825244E+00  3.426356E+09
     9  18 -3.368387E+00 -2.338047E+00 3.390125E+00 -9.800000E-01 2.237488E+00  2.100107E+09
     9  19 -2.200063E+00 -1.671747E+00 3.274077E+00 -7.106578E-01 1.611996E+00  1.215035E+04
     9  20 -1.296405E+00 -1.984578E+00 3.273245E+00 -8.462106E-01 2.408943E+00  5.597867E+09
     9  21 -2.000647E+00 -1.635946E+00 3.329032E+00 -9.800000E-01 2.188613E+00  5.891906E+02
     9  22 -3.065449E+00 -1.116361E+00 3.349382E+00 -8.251876E-01 1.108244E+00  2.702385E+09
     9  23 -1.800000E+00 -1.896788E+00 3.456492E+00 -7.145652E-01 2.135499E+00  5.224088E+09
     9  24 -2.577523E+00 -2.017039E+00 3.383485E+00 -9.365182E-01 2.410091E+00  3.740979E+09
     9  25 -1.984713E+00 -1.988070E+00 3.365597E+00 -9.800000E-01 2.388401E+00  4.805024E+09
     9  26 -3.400000E+00 -1.849513E+00 3.232395E+00 -9.800000E-01 2.430980E+00  2.905445E+03
     9  27 -2.787287E+00 -2.137676E+00 3.137447E+00 -8.648596E-01 2.450000E+00  2.779261E+09
     9  28 -1.405420E+00 -1.736074E+00 3.050920E+00 -9.800000E-01 1.770513E+00  5.170978E+09
     9  29 -7.872071E-01 -1.456329E+00 3.470585E+00 -8.684270E-01 1.303763E+00  6.200001E+09
     9  30 -3.060616E+00 -2.400000E+00 3.114633E+00 -9.327585E-01 2.231155E+00  2.162541E+09
     9  31 -2.399905E+00 -1.977555E+00 3.204411E+00 -9.137067E-01 2.387432E+00  3.733007E+09
     9  32 -4.978332E-01 -1.211345E+00 2.900000E+00 -8.332551E-01 2.174753E+00  5.902528E+09
     9  33 -2.236901E+00 -2.216550E+00 3.113759E+00 -9.626430E-01 2.264606E+00  3.870149E+09
     9  34 -1.774093E+00 -1.594412E+00 3.447751E+00 -9.800000E-01 2.260726E+00  5.254629E+09
     9  35 -1.867306E+00 -1.525130E+00 3.251863E+00 -8.151300E-01 2.191605E+00  4.817019E+09
     9  36 -1.376595E+00 -2.186128E+00 3.403480E+00 -8.569383E-01 2.450000E+00  5.662620E+09
     9  37 -8.543338E-01 -2.121332E+00 3.417396E+00 -8.306250E-01 2.450000E+00  6.112156E+09
     9  38 -1.642531E+00 -1.879937E+00 3.343239E+00 -5.000000E-01 1.547086E+00  5.275543E+09
     9  39 -2.128269E+00 -2.400000E+00 3.357593E+00 -8.917694E-01 2.399062E+00  4.544069E+09
     9  40 -3.400000E+00 -2.400000E+00 3.431921E+00 -9.718006E-01 2.450000E+00  2.120549E+09
     9  41 -1.182189E+00 -2.400000E+00 3.200580E+00 -9.271123E-01 2.276191E+00  5.628411E+09
     9  42 -1.892151E+00 -1.812674E+00 3.276960E+00 -8.502177E-01 2.450000E+00  1.351486E+02
     9  43 -1.355641E+00 -1.558575E+00 3.473402E+00 -8.844222E-01 2.450000E+00  5.769390E+09
     9  44 -3.400000E+00 -1.786486E+00 3.200000E+00 -8.914553E-01 0.000000E+00  3.653630E+05
     9  45 -2.202249E+00 -1.700000E+00 3.197617E+00 -6.069207E-01 2.450000E+00  1.040888E+03
     9  46 -1.874566E+00 -1.965772E+00 3.368136E+00 -9.138283E-01 2.411120E+00  4.982225E+09
     9  47 -3.210890E+00 -1.902636E+00 3.500000E+00 -9.800000E-01 1.771907E+00  2.658682E+09
     9  48 -3.400000E+00 -1.987896E+00 3.259489E+00 -9.800000E-01 2.450000E+00  1.785640E+09
     9  49 -7.673779E-01 -1.592098E+00 3.161103E+00 -9.800000E-01 2.079539E+00  5.960186E+09
    10   0 -3.069068E+00 -1.501097E+00 3.272708E+00 -8.017007E-01 2.421522E+00  2.065389E+03
    10   1 -6.819884E-01 -1.748880E+00 2.900000E+00 -8.555498E-01 2.046994E+00  5.746696E+09
    10   2 -1.857727E+00 -2.400000E+00 3.226110E+00 -7.919086E-01 2.450000E+00  4.770838E+09
    10   3 -1.429606E+00 -2.062423E+00 3.327434E+00 -9.462037E-01 2.450000E+00  5.515347E+09
    10   4 -2.460092E+00 -1.981512E+00 3.171268E+00 -9.717229E-01 2.049940E+00  3.539683E+09
    10   5 -3.165921E+00 -1.180632E+00 3.219375E+00 -9.120907E-01 2.111499E+00  2.215363E+09
    10   6 -2.452001E+00 -1.753513E+00 3.096390E+00 -9.023926E-01 2.186952E+00  3.404858E+09
    10   7 -2.999828E+00 -2.309025E+00 3.421742E+00 -8.579791E-01 2.450000E+00  1.471550E+03
    10   8 -1.974512E+00 -1.737478E+00 3.477568E+00 -7.400000E-01 2.450000E+00  5.007828E+09
    10   9 -2.021265E+00 -1.802774E+00 3.204806E+00 -7.400000E-01 2.450000E+00  4.463570E+09
    10  10 -1.800000E+00 -1.763969E+00 3.487623E+00 -9.498085E-01 2.450000E+00  3.899152E+02
    10  11 -2.939638E+00 -1.727788E+00 3.282898E+00 -7.523014E-01 2.137323E+00  2.776456E+09
    10  12 -2.024178E+00 -1.700000E+00 3.392899E+00 -8.110000E-01 2.450000E+00  4.793861E+09
    10  13 -3.400000E+00 -2.400000E+00 3.200000E+00 -8.608457E-01 2.431777E+00  2.973337E+03
    10  14 -2.220902E+00 -1.850522E+00 3.177916E+00 -8.567856E-01 1.588210E+00  4.037036E+09
    10  15 -2.223792E+00 -1.787607E+00 3.492328E+00 -8.587361E-01 2.147371E+00  4.627314E+09
    10  16 -2.221607E+00 -1.483891E+00 3.219861E+00 -8.916548E-01 2.219526E+00  4.135484E+09
    10  17 -1.163479E+00 -1.906402E+00 3.112504E+00 -7.957187E-01 1.921144E+00  5.544926E+09
    10  18 -3.400000E+00 -2.239107E+00 3.180333E+00 -8.093879E-01 2.450000E+00  1.632727E+09
    10  19 -2.257554E+00 -1.906876E+00 3.256838E+00 -8.829802E-01 2.450000E+00  4.122638E+09
    10  20 -2.267596E+00 -1.323020E+00 3.090504E+00 -9.800000E-01 2.450000E+00  3.797526E+09
    10  21 -2.562535E+00 -1.456858E+00 3.232646E+00 -8.151320E-01 2.173461E+00  1.213674E+03
    10  22 -2.484901E+00 -1.234219E+00 3.229195E+00 -9.772573E-01 1.238250E+00  3.651323E+09
    10  23 -3.655798E-01 -2.071009E+00 3.359384E+00 -9.545652E-01 2.450000E+00  6.330033E+09
    10  24 -2.588251E+00 -1.778092E+00 3.083485E+00 -8.988446E-01 2.450000E+00  1.283149E+03
    10  25 -2.305288E+00 -2.082648E+00 3.262402E+00 -9.020842E-01 2.450000E+00  4.037802E+09
    10  26 -1.800000E+00 -1.861767E+00 3.362068E+00 -7.400000E-01 2.450000E+00  5.085519E+09
    10  27 -2.885306E+00 -2.400000E+00 3.025042E+00 -9.245997E-01 2.420157E+00  2.336314E+09
    10  28 -3.005420E+00 -1.511869E+00 2.900000E+00 -9.055728E-01 1.080968E+00  1.865603E+09
    10  29 -8.001653E-01 -1.307104E+00 3.170585E+00 -8.974289E-01 1.383688E+00  5.954046E+09
    10  30 -2.782578E+00 -1.700566E+00 2.975075E+00 -9.129355E-01 2.170854E+00  2.118843E+03
    10  31 -2.359486E+00 -1.913792E+00 3.207469E+00 -9.501372E-01 2.450000E+00  3.822705E+09
    10  32 -1.724701E+00 -1.379215E+00 3.192395E+00 -9.169627E-01 2.344116E+00  4.950013E+09
    10  33 -2.188132E+00 -1.579357E+00 3.302133E+00 -9.800000E-01 2.381360E+00  1.357089E+02
    10  34 -8.901100E-01 -1.750375E+00 3.300926E+00 -9.579158E-01 2.448432E+00  5.994845E+09
    10  35 -2.508546E+00 -1.810106E+00 3.066825E+00 -9.800000E-01 2.450000E+00  3.222833E+09
    10  36 -9.698129E-01 -1.906889E+00 3.193877E+00 -9.361586E-01 1.399177E+00  5.825534E+09
    10  37 -1.596621E+00 -2.158058E+00 3.299952E+00 -8.325532E-01 2.286166E+00  4.742823E+02
    10  38 -2.212888E+00 -2.400000E+00 3.182639E+00 -7.400000E-01 3.220862E-01  4.053185E+09
    10  39 -2.013062E+00 -1.974779E+00 3.415863E+00 -8.650684E-01 2.450000E+00  4.843383E+09
    10  40 -1.800000E+00 -1.700000E+00 3.500000E+00 -9.800000E-01 1.878024E+00  5.289515E+09
    10  41 -1.588323E+00 -1.700000E+00 3.228190E+00 -9.094419E-01 2.433668E+00  5.187906E+09
    10  42 -2.002327E+00 -1.849643E+00 3.086476E+00 -8.211811E-01 2.342544E+00  4.273503E+09
    10  43 -2.637505E+00 -1.719245E+00 3.500000E+00 -9.461954E-01 2.428962E+00  3.867095E+09
    10  44 -1.800000E+00 -1.730960E+00 2.949042E+00 -8.256667E-01 5.905200E-01  1.018450E+04
    10  45 -2.063045E+00 -2.400000E+00 3.478090E+00 -6.734596E-01 2.211184E+00  4.861018E+09
    10  46 -1.982778E+00 -2.142096E+00 3.464574E+00 -8.918576E-01 2.450000E+00  4.967369E+09
    10  47 -2.812532E+00 -2.000238E+00 3.200000E+00 -7.718933E-01 1.342351E+00  2.859550E+09
    10  48 -1.800000E+00 -1.831854E+00 3.167448E+00 -7.443421E-01 1.653033E+00  4.770967E+09
    10  49 -2.367378E+00 -1.998714E+00 3.068756E+00 -8.110329E-01 2.450000E+00  7.249025E+02
    11   0 -3.324905E+00 -2.004237E+00 3.314212E+00 -6.587730E-01 2.450000E+00  2.611095E+03
    11   1 -1.823705E+00 -1.710611E+00 3.200000E+00 -9.344603E-01 2.350865E+00  4.792502E+09
    11   2 -1.799986E+00 -1.867201E+00 3.027979E+00 -6.633956E-01 2.108459E+00  4.523664E+09
    11   3 -2.269284E+00 -2.329211E+00 3.078125E+00 -7.062037E-01 2.139071E+00  3.729927E+09
    11   4 -3.379295E+00 -2.242986E+00 3.078031E+00 -9.228518E-01 1.951254E+00  3.117275E+03
    11   5 -2.812175E+00 -1.000000E+00 3.219032E+00 -9.233111E-01 2.242333E+00  2.980750E+09
    11   6 -1.858013E+00 -1.998054E+00 3.396390E+00 -9.800000E-01 2.450000E+00  5.050659E+09
    11   7 -2.696795E+00 -2.279575E+00 3.121742E+00 -6.693365E-01 2.115269E+00  1.992708E+03
    11   8 -1.645269E+00 -2.046037E+00 3.177568E+00 -6.003670E-01 1.225000E+00  5.022003E+09
    11   9 -1.848388E+00 -1.831820E+00 2.954454E+00 -5.852641E-01 2.082161E+00  1.234239E+03
    11  10 -3.290909E+00 -1.063969E+00 3.500000E+00 -8.136838E-01 2.303795E+00  2.217807E+03
    11  11 -3.400000E+00 -1.361563E+00 2.982898E+00 -9.800000E-01 2.450000E+00  3.245165E+03
    11  12 -1.067200E+00 -2.202665E+00 3.439885E+00 -9.633911E-01 1.879261E+00  5.978581E+09
    11  13 -1.800000E+00 -1.771693E+00 3.500000E+00 -7.453744E-01 2.443033E+00  5.288112E+09
    11  14 -2.159911E+00 -1.665390E+00 2.900000E+00 -9.130998E-01 1.452472E+00  3.593129E+09
    11  15 -6.237922E-01 -1.781428E+00 3.192328E+00 -8.642902E-01 2.219100E+00  6.081606E+09
    11  16 -2.961052E+00 -1.709202E+00 3.061580E+00 -9.800000E-01 2.440976E+00  2.391222E+03
    11  17 -1.625462E+00 -2.063279E+00 2.977568E+00 -9.077816E-01 2.440284E+00  9.720810E+01
    11  18 -1.800000E+00 -1.952999E+00 3.063979E+00 -8.929128E-01 1.896976E+00  4.586853E+09
    11  19 -2.001781E+00 -2.152886E+00 3.257316E+00 -9.278141E-01 1.225000E+00  4.585292E+09
    11  20 -2.519756E+00 -1.324215E+00 3.373137E+00 -8.181769E-01 2.385206E+00  3.869706E+09
    11  21 -2.118531E+00 -1.672451E+00 3.191897E+00 -7.001051E-01 2.450000E+00  4.266954E+09
    11  22 -1.905524E+00 -1.929641E+00 3.225115E+00 -9.393990E-01 2.450000E+00  4.696385E+09
    11  23 -2.390198E-01 -2.096637E+00 3.074051E+00 -9.800000E-01 2.268528E+00  6.186379E+09
    11  24 -1.856930E+00 -1.687127E+00 2.961703E+00 -8.678822E-01 2.166972E+00  4.304345E+09
    11  25 -2.208668E+00 -2.122872E+00 3.020581E+00 -9.521716E-01 2.193201E+00  3.735490E+09
    11  26 -4.834862E-01 -1.903524E+00 3.284676E+00 -8.341343E-01 2.437923E+00  6.229459E+09
    11  27 -1.285306E+00 -1.700000E+00 3.325042E+00 -9.590311E-01 2.399786E+00  5.674478E+09
    11  28 -3.400000E+00 -1.648714E+00 3.183286E+00 -8.975336E-01 1.863295E+00  1.650959E+09
    11  29 -2.344776E+00 -1.382228E+00 2.929464E+00 -9.800000E-01 1.928980E+00  1.066917E+03
    11  30 -1.858129E+00 -1.360386E+00 3.275075E+00 -8.051219E-01 2.450000E+00  1.916787E+02
    11  31 -1.493765E+00 -1.849548E+00 3.249656E+00 -9.794638E-01 2.268970E+00  5.339038E+09
    11  32 -2.326573E+00 -2.079215E+00 3.238439E+00 -9.800000E-01 2.396248E+00  2.932523E+02
    11  33 -1.575994E+00 -1.017690E+00 3.453368E+00 -9.300579E-01 2.450000E+00  5.546638E+09
    11  34 -2.490110E+00 -1.922020E+00 3.213149E+00 -9.612219E-01 2.450000E+00  3.567966E+09
    11  35 -2.315272E+00 -2.066270E+00 3.005244E+00 -7.400000E-01 2.158193E+00  1.060664E+03
    11  36 -2.569813E+00 -1.622654E+00 3.014901E+00 -9.800000E-01 2.051181E+00  2.989323E+09
    11  37 -2.346774E+00 -2.129451E+00 3.188681E+00 -9.557790E-01 2.304166E+00  3.805017E+09
    11  38 -2.420235E+00 -1.700000E+00 3.018991E+00 -8.453727E-01 1.225466E+00  1.528920E+04
    11  39 -1.888407E+00 -1.527863E+00 3.190767E+00 -7.722481E-01 2.365835E+00  4.677962E+09
    11  40 -1.008511E+00 -1.297058E+00 3.283368E+00 -8.166508E-01 2.450000E+00  5.899021E+09
    11  41 -2.368175E+00 -1.198650E+00 3.023862E+00 -8.803777E-01 2.450000E+00  8.253014E+02
    11  42 -1.887069E+00 -1.863084E+00 3.144095E+00 -9.409188E-01 2.301430E+00  4.585299E+09
    11  43 -3.400000E+00 -1.942460E+00 3.268439E+00 -7.762696E-01 2.450000E+00  2.845598E+03
    11  44 -3.090909E-01 -1.771238E+00 2.900000E+00 -8.572977E-01 1.287898E+00  5.994554E+09
    11  45 -1.974635E+00 -1.828188E+00 3.232698E+00 -7.888683E-01 2.154208E+00  4.594533E+09
    11  46 -1.685203E+00 -1.894154E+00 3.164635E+00 -8.605417E-01 2.302599E+00  4.945268E+09
    11  47 -2.202589E+00 -1.616662E+00 2.952858E+00 -6.768269E-01 1.546010E+00  3.619982E+09
    11  48 -1.676363E+00 -2.398312E+00 3.403895E+00 -7.306188E-01 2.335736E+00  5.310407E+09
    11  49 -2.804049E+00 -2.182407E+00 3.106814E+00 -7.967181E-01 2.242423E+00  2.677528E+09
    12   0 -1.724905E+00 -2.268607E+00 3.292609E+00 -8.005654E-01 2.421154E+00  5.082914E+09
    12   1 -2.813857E+00 -1.902500E+00 3.302661E+00 -9.800000E-01 2.450000E+00  3.079606E+09
    12   2 -1.945168E+00 -1.343081E+00 3.165989E+00 -8.683619E-01 2.102208E+00  4.548444E+09
    12   3 -2.578652E+00 -1.817484E+00 3.215020E+00 -5.561751E-01 2.348432E+00  3.390354E+09
    12   4 -3.400000E+00 -2.103444E+00 2.927333E+00 -8.898728E-01 1.987689E+00  3.249467E+03
    12   5 -2.181737E+00 -1.700000E+00 3.244296E+00 -8.986875E-01 2.450000E+00  4.248503E+09
    12   6 -1.444083E+00 -1.863495E+00 3.500000E+00 -8.569577E-01 2.246036E+00  5.703685E+09
    12   7 -1.833134E+00 -1.875442E+00 2.900000E+00 -6.399386E-01 2.450000E+00  4.223425E+09
    12   8 -1.895838E+00 -2.053278E+00 2.949049E+00 -8.403670E-01 8.297058E-01  4.197228E+09
    12   9 -1.344628E+00 -1.976518E+00 3.167774E+00 -7.072880E-01 2.305180E+00  5.409827E+09
    12  10 -3.400000E+00 -1.000000E+00 3.326661E+00 -7.042029E-01 2.230814E+00  2.813949E+03
    12  11 -1.800000E+00 -1.000000E+00 3.063181E+00 -7.400000E-01 2.275212E+00  4.651404E+09
    12  12 -1.436335E+00 -1.502665E+00 3.446530E+00 -9.800000E-01 1.926054E+00  5.660521E+09
    12  13 -3.376402E-01 -1.193932E+00 3.500000E+00 -8.977131E-01 2.450000E+00  6.427348E+09
    12  14 -1.761329E+00 -1.686549E+00 3.200000E+00 -9.800000E-01 2.277752E+00  4.891587E+09
    12  15 -7.268362E-01 -1.941957E+00 2.991036E+00 -9.800000E-01 2.450000E+00  5.812277E+09
    12  16 -3.268341E+00 -1.941947E+00 2.979177E+00 -8.321244E-01 2.303507E+00  1.508266E+09
    12  17 -2.300999E+00 -1.976303E+00 3.009088E+00 -9.800000E-01 2.450000E+00  7.461270E+02
    12  18 -5.880830E-01 -2.202316E+00 3.192561E+00 -9.800000E-01 2.090110E+00  6.099818E+09
    12  19 -2.578513E+00 -2.194600E+00 3.292496E+00 -9.038358E-01 1.516460E+00  2.125004E+04
    12  20 -1.468106E+00 -1.808727E+00 3.493707E+00 -9.800000E-01 2.401645E+00  5.672881E+09
    12  21 -1.398048E+00 -2.163688E+00 3.202731E+00 -9.401051E-01 1.912389E+00  5.389503E+09
    12  22 -1.552138E+00 -2.400000E+00 3.277023E+00 -6.993990E-01 1.267240E+00  5.295481E+09
    12  23 -1.615201E+00 -1.854126E+00 2.932052E+00 -7.400000E-01 2.325506E+00  4.661379E+09
    12  24 -1.309311E+00 -1.701161E+00 2.981068E+00 -9.436514E-01 1.894495E+00  4.007086E+02
    12  25 -2.046380E+00 -1.978379E+00 2.900000E+00 -9.800000E-01 2.450000E+00  3.813920E+09
    12  26 -1.152868E+00 -1.955766E+00 3.195600E+00 -9.800000E-01 2.450000E+00  5.656410E+09
    12  27 -1.215289E+00 -2.357553E+00 3.500000E+00 -9.656419E-01 2.445183E+00  5.912512E+09
    12  28 -1.800000E+00 -1.910956E+00 3.483286E+00 -9.266910E-01 2.450000E+00  4.021652E+02
    12  29 -3.271074E+00 -1.545462E+00 2.900000E+00 -8.792358E-01 2.450000E+00  3.211715E+03
    12  30 -9.543233E-01 -1.259924E+00 3.500000E+00 -8.328697E-01 2.308117E+00  6.124689E+09
    12  31 -2.052024E+00 -1.850769E+00 3.285390E+00 -9.595057E-01 2.132060E+00  4.554637E+09
    12  32 -2.516986E+00 -2.400000E+00 3.280454E+00 -8.592278E-01 2.450000E+00  3.646171E+09
    12  33 -1.472742E+00 -1.717690E+00 3.229369E+00 -9.069278E-01 2.341573E+00  2.933808E+02
    12  34 -3.400000E+00 -1.975431E+00 3.253833E+00 -9.663333E-01 2.367394E+00  2.865275E+03
    12  35 -1.943971E+00 -2.129506E+00 2.981419E+00 -5.277010E-01 1.887872E+00  4.170562E+09
    12  36 -2.860440E+00 -1.776370E+00 3.291090E+00 -8.652605E-01 2.450000E+00  2.960038E+09
    12  37 -1.361782E+00 -1.960098E+00 3.112064E+00 -9.800000E-01 2.450000E+00  2.166956E+02
    12  38 -1.747049E+00 -1.776987E+00 3.085162E+00 -6.859190E-01 2.450000E+00  1.626600E+02
    12  39 -2.153838E+00 -1.578318E+00 3.119108E+00 -8.180273E-01 2.373870E+00  2.460623E+02
    12  40 -2.250042E+00 -1.997058E+00 3.299290E+00 -8.498170E-01 2.119351E+00  4.217287E+09
    12  41 -2.663270E+00 -1.411771E+00 2.900000E+00 -9.071896E-01 2.378028E+00  2.035517E+03
    12  42 -1.659018E+00 -1.837229E+00 3.296533E+00 -9.800000E-01 2.380510E+00  5.187600E+09
    12  43 -1.800000E+00 -1.846846E+00 3.034587E+00 -6.768332E-01 2.433787E+00  4.537324E+09
    12  44 -1.909091E+00 -1.815596E+00 3.200000E+00 -9.134554E-01 1.670980E+00  4.647881E+09
    12  45 -2.054807E+00 -1.269210E+00 2.987252E+00 -8.398807E-01 2.450000E+00  4.012124E+09
    12  46 -1.585012E+00 -1.721974E+00 3.070767E+00 -9.294363E-01 2.410553E+00  4.948518E+09
    12  47 -1.379053E+00 -1.258441E+00 3.252858E+00 -9.168269E-01 2.450000E+00  5.504395E+09
    12  48 -1.895182E+00 -2.292017E+00 3.500000E+00 -8.707889E-01 2.450000E+00  5.149791E+09
    12  49 -1.730698E+00 -1.491855E+00 3.210162E+00 -9.137037E-01 2.391862E+00  4.963140E+09
    13   0 -3.430391E-01 -1.984285E+00 3.266828E+00 -9.800000E-01 2.422062E+00  6.282312E+09
    13   1 -1.482210E+00 -2.050708E+00 3.065345E+00 -9.008741E-01 2.238800E+00  5.081755E+09
    13   2 -2.108048E+00 -1.496133E+00 3.295429E+00 -9.800000E-01 2.450000E+00  4.488472E+09
    13   3 -2.467639E+00 -1.911460E+00 3.335642E+00 -7.961751E-01 2.450000E+00  3.926204E+02
    13   4 -2.759209E+00 -1.841199E+00 2.955478E+00 -9.275259E-01 2.440650E+00  2.174303E+03
    13   5 -2.826822E+00 -2.400000E+00 3.243092E+00 -8.799079E-01 1.952813E+00  2.356608E+03
    13   6 -1.592926E+00 -1.163495E+00 3.303600E+00 -9.522294E-01 2.248610E+00  5.317672E+09
    13   7 -1.454005E+00 -1.327574E+00 3.200000E+00 -6.569227E-01 2.257277E+00  5.339974E+09
    13   8 -2.112896E+00 -1.503534E+00 3.055997E+00 -9.800000E-01 1.137085E+00  1.329166E+04
    13   9 -1.261541E+00 -2.043720E+00 3.433670E+00 -9.472880E-01 2.450000E+00  5.809128E+09
    13  10 -1.800000E+00 -1.700000E+00 3.118232E+00 -8.935491E-01 2.450000E+00  4.691189E+09
    13  11 -3.827021E-01 -1.700000E+00 3.363181E+00 -6.104097E-01 2.450000E+00  6.328137E+09
    13  12 -2.151806E+00 -1.000000E+00 3.426894E+00 -8.996665E-01 2.450000E+00  4.696272E+09
    13  13 -6.421649E-01 -1.378218E+00 3.200000E+00 -9.177335E-01 2.439625E+00  6.085681E+09
    13  14 -1.399990E+00 -1.904895E+00 3.454683E+00 -8.845201E-01 1.585713E+00  5.698160E+09
    13  15 -1.685469E+00 -1.974662E+00 3.169715E+00 -8.571250E-01 2.169822E+00  4.951389E+09
    13  16 -1.807571E+00 -2.039201E+00 3.051399E+00 -8.693567E-01 1.776717E+00  4.549397E+09
    13  17 -1.673270E+00 -1.919686E+00 3.307618E+00 -8.023876E-01 2.219424E+00  5.182437E+09
    13  18 -1.418066E+00 -2.400000E+00 3.390758E+00 -8.848928E-01 2.450000E+00  5.602484E+09
    13  19 -3.400000E+00 -1.692001E+00 3.283161E+00 -7.331384E-01 1.916136E+00  1.839250E+09
    13  20 -1.092382E+00 -2.249430E+00 3.205531E+00 -8.562451E-01 2.450000E+00  5.724337E+09
    13  21 -1.297502E+00 -2.171667E+00 3.377755E+00 -9.800000E-01 2.302363E+00  5.714437E+09
    13  22 -2.559329E+00 -1.700000E+00 3.296183E+00 -6.596339E-01 9.441784E-01  3.604729E+09
    13  23 -3.030613E+00 -1.684822E+00 3.232052E+00 -5.493426E-01 2.450000E+00  2.078375E+03
    13  24 -8.116842E-01 -1.807881E+00 3.281068E+00 -9.800000E-01 2.273269E+00  6.032651E+09
    13  25 -1.852388E+00 -1.824468E+00 3.200000E+00 -9.155325E-01 2.253866E+00  4.742506E+09
    13  26 -2.752868E+00 -1.936497E+00 3.165935E+00 -7.400000E-01 2.441863E+00  1.502416E+03
    13  27 -2.345140E+00 -2.400000E+00 3.200000E+00 -9.400679E-01 2.450000E+00  3.829022E+09
    13  28 -3.155556E-01 -2.144654E+00 3.479598E+00 -9.719071E-01 2.131069E+00  6.413672E+09
    13  29 -3.167854E+00 -2.167847E+00 3.200000E+00 -7.966658E-01 1.723684E+00  2.120945E+09
    13  30 -1.249103E+00 -1.747560E+00 3.200000E+00 -9.220710E-01 2.354126E+00  5.564149E+09
    13  31 -2.630882E+00 -1.918060E+00 3.279072E+00 -9.312316E-01 2.450000E+00  3.414284E+09
    13  32 -1.705004E+00 -1.745880E+00 3.291988E+00 -9.800000E-01 2.383750E+00  5.118628E+09
    13  33 -2.039287E+00 -2.400000E+00 3.108511E+00 -9.800000E-01 2.386926E+00  4.239109E+09
    13  34 -2.258206E+00 -1.858099E+00 3.407577E+00 -9.572866E-01 2.450000E+00  4.411337E+09
    13  35 -1.930319E+00 -2.057077E+00 3.104755E+00 -7.677010E-01 1.940961E+00  4.433260E+09
    13  36 -2.452647E+00 -2.055402E+00 3.464012E+00 -7.745855E-01 1.225000E+00  4.149923E+09
    13  37 -5.386240E-01 -1.706053E+00 3.142659E+00 -9.104429E-01 2.349338E+00  6.092608E+09
    13  38 -1.181767E+00 -1.863121E+00 3.184786E+00 -7.722190E-01 1.881736E+00  5.614724E+09
    13  39 -2.166575E+00 -1.929819E+00 3.217941E+00 -9.176728E-01 2.390860E+00  4.219113E+09
    13  40 -3.400000E+00 -2.400000E+00 3.500000E+00 -9.029007E-01 2.195231E+00  2.635157E+03
    13  41 -1.283351E+00 -2.111771E+00 3.200000E+00 -9.474688E-01 2.409624E+00  5.521090E+09
    13  42 -1.677236E+00 -1.828081E+00 3.411405E+00 -8.223233E-01 2.450000E+00  5.326142E+09
    13  43 -3.370093E-01 -1.402809E+00 3.015114E+00 -6.985220E-01 2.431426E+00  6.101137E+09
    13  44 -3.219602E+00 -1.786935E+00 3.433059E+00 -9.279693E-01 2.450000E+00  2.056114E+03
    13  45 -1.974443E+00 -1.520525E+00 3.158560E+00 -9.401205E-01 2.243895E+00  4.472238E+09
    13  46 -1.838778E+00 -2.138700E+00 3.341585E+00 -9.207807E-01 2.450000E+00  4.991996E+09
    13  47 -1.467335E+00 -1.211385E+00 3.481021E+00 -9.800000E-01 1.674967E+00  5.680690E+09
    13  48 -3.400000E+00 -1.809795E+00 3.309196E+00 -9.800000E-01 2.194282E+00  1.886193E+09
    13  49 -1.227017E+00 -1.107086E+00 3.210976E+00 -9.800000E-01 2.450000E+00  5.630924E+09
    14   0 -1.943039E+00 -1.677728E+00 3.251936E+00 -7.818031E-01 2.450000E+00  4.687341E+09
    14   1 -6.221159E-01 -1.906440E+00 2.912736E+00 -9.719370E-01 2.450000E+00  5.806653E+09
    14   2 -2.124135E+00 -2.196133E+00 3.183591E+00 -8.584062E-01 2.202516E+00  4.227378E+09
    14   3 -2.039128E+00 -1.989729E+00 3.323849E+00 -9.800000E-01 2.322963E+00  4.642679E+09
    14   4 -1.159209E+00 -1.821135E+00 3.107361E+00 -9.725687E-01 2.303939E+00  5.544979E+09
    14   5 -3.254021E+00 -2.400000E+00 3.237733E+00 -8.909419E-01 1.894771E+00  3.042000E+03
    14   6 -2.102348E+00 -1.651548E+00 3.158182E+00 -9.800000E-01 2.450000E+00  4.232885E+09
    14   7 -1.602387E+00 -1.558258E+00 3.437445E+00 -8.969227E-01 2.450000E+00  5.461198E+09
    14   8 -2.050131E+00 -1.108394E+00 3.204174E+00 -8.243367E-01 2.022660E+00  1.845857E+03
    14   9 -1.933422E+00 -1.999667E+00 3.370479E+00 -9.457187E-01 2.200802E+00  4.894367E+09
    14  10 -3.187879E-01 -1.992213E+00 3.016369E+00 -9.800000E-01 2.343275E+00  6.100222E+09
    14  11 -1.982702E+00 -1.816484E+00 3.500000E+00 -8.504097E-01 2.325169E+00  5.028349E+09
    14  12 -2.750437E+00 -1.700000E+00 3.130286E+00 -8.566687E-01 1.998325E+00  1.794648E+03
    14  13 -2.242165E+00 -2.078218E+00 2.942137E+00 -9.152142E-01 2.438058E+00  7.804546E+02
    14  14 -1.170716E+00 -2.027363E+00 3.485998E+00 -8.202635E-01 1.439123E+00  5.938389E+09
    14  15 -2.677538E+00 -1.890122E+00 3.459894E+00 -8.644336E-01 2.271197E+00  1.143188E+03
    14  16 -1.113547E+00 -1.727048E+00 3.214013E+00 -9.800000E-01 1.779591E+00  5.719166E+09
    14  17 -1.187783E+00 -1.872034E+00 3.175458E+00 -8.048581E-01 2.450000E+00  5.597735E+09
    14  18 -3.018066E+00 -2.145710E+00 3.300126E+00 -8.944279E-01 1.953950E+00  2.637115E+09
    14  19 -2.192957E+00 -1.935553E+00 3.281256E+00 -6.409758E-01 2.168391E+00  4.291085E+09
    14  20 -2.199317E+00 -1.741410E+00 2.989724E+00 -9.455956E-01 2.416605E+00  3.700678E+09
    14  21 -2.670314E+00 -1.618612E+00 3.455888E+00 -8.214605E-01 2.450000E+00  3.713914E+09
    14  22 -2.386879E+00 -1.220641E+00 3.306825E+00 -8.581516E-01 2.169178E+00  1.487557E+03
    14  23 -3.400000E+00 -1.851199E+00 3.500000E+00 -7.893426E-01 2.370880E+00  2.396613E+03
    14  24 -1.307374E+00 -1.795413E+00 3.236905E+00 -8.981855E-01 2.274930E+00  5.544554E+09
    14  25 -1.628530E+00 -2.121619E+00 3.471970E+00 -8.675649E-01 2.450000E+00  5.462777E+09
    14  26 -3.034547E+00 -1.853835E+00 3.259349E+00 -6.626184E-01 2.450000E+00  2.524582E+09
    14  27 -2.998573E+00 -1.700000E+00 3.136403E+00 -8.744556E-01 2.427183E+00  2.278770E+03
    14  28 -2.000000E-01 -2.094391E+00 3.363051E+00 -9.800000E-01 2.049053E+00  6.394156E+09
    14  29 -1.713328E+00 -2.013762E+00 3.141368E+00 -9.800000E-01 2.305664E+00  4.861771E+09
    14  30 -2.484595E+00 -1.754344E+00 2.969538E+00 -9.800000E-01 2.450000E+00  3.067665E+09
    14  31 -2.069433E+00 -1.977273E+00 3.220921E+00 -9.482801E-01 1.954605E+00  1.518713E+03
    14  32 -1.423094E+00 -1.639333E+00 3.254607E+00 -8.550694E-01 2.410274E+00  5.437762E+09
    14  33 -2.695125E+00 -1.700000E+00 3.283739E+00 -8.875953E-01 2.450000E+00  9.667175E+02
    14  34 -1.279935E+00 -1.605951E+00 3.500000E+00 -9.384786E-01 2.389310E+00  5.864842E+09
    14  35 -1.827283E+00 -1.767612E+00 3.131373E+00 -9.800000E-01 2.404256E+00  4.666537E+09
    14  36 -1.788367E+00 -2.008784E+00 3.309003E+00 -8.955761E-01 1.823252E+00  5.017486E+09
    14  37 -1.352779E+00 -1.837736E+00 3.240226E+00 -9.397358E-01 2.352597E+00  5.496910E+09
    14  38 -1.021861E+00 -1.885355E+00 3.257205E+00 -8.686130E-01 1.921126E+00  5.845986E+09
    14  39 -2.165868E+00 -1.882229E+00 3.217036E+00 -8.991229E-01 2.450000E+00  4.219968E+09
    14  40 -1.800000E+00 -1.700000E+00 3.200000E+00 -9.800000E-01 2.450000E+00  7.506964E+01
    14  41 -6.937768E-01 -2.319968E+00 3.307701E+00 -8.995536E-01 2.450000E+00  6.127648E+09
    14  42 -1.885777E+00 -1.826799E+00 3.231161E+00 -7.022495E-01 2.372342E+00  4.589773E+02
    14  43 -1.937009E+00 -1.143723E+00 3.162094E+00 -9.385220E-01 2.450000E+00  1.244693E+02
    14  44 -3.289012E+00 -1.892644E+00 3.500000E+00 -9.615674E-01 1.972417E+00  3.715168E+03
    14  45 -1.844297E+00 -2.016042E+00 3.412944E+00 -9.222374E-01 2.349081E+00  5.095629E+09
    14  46 -2.032126E+00 -2.299046E+00 3.500000E+00 -9.112751E-01 2.375323E+00  4.946096E+09
    14  47 -2.004054E+00 -1.911385E+00 3.181021E+00 -7.400000E-01 2.009938E+00  1.977669E+03
    14  48 -1.800000E+00 -1.731964E+00 3.071446E+00 -8.845723E-01 2.027269E+00  4.606093E+09
    14  49 -2.092521E+00 -1.807086E+00 2.931425E+00 -8.051378E-01 2.331812E+00  3.790947E+09
    15   0 -3.229996E+00 -1.444787E+00 3.196938E+00 -6.366477E-01 2.425041E+00  2.016937E+09
    15   1 -1.938334E+00 -1.531341E+00 3.093092E+00 -9.800000E-01 2.297409E+00  4.414279E+09
    15   2 -2.044527E+00 -1.710727E+00 2.964838E+00 -9.203539E-01 2.077125E+00  3.893830E+02
    15   3 -1.516725E+00 -1.778809E+00 3.271840E+00 -7.889094E-01 2.450000E+00  3.003767E+02
    15   4 -2.305162E+00 -2.005862E+00 3.063952E+00 -9.154617E-01 1.925785E+00  1.389963E+03
    15   5 -2.038955E+00 -2.116303E+00 3.233053E+00 -9.360150E-01 2.450000E+00  9.582903E+01
    15   6 -2.335879E+00 -1.898999E+00 3.458182E+00 -9.285232E-01 2.337283E+00  5.379221E+02
    15   7 -2.290029E+00 -2.097990E+00 3.365221E+00 -9.800000E-01 2.286760E+00  3.482870E+02
    15   8 -1.743859E+00 -1.412766E+00 3.336765E+00 -8.651770E-01 2.450000E+00  5.143770E+09
    15   9 -1.938330E+00 -1.887052E+00 3.098327E+00 -8.209353E-01 2.450000E+00  4.411505E+09
    15  10 -1.317930E+00 -1.387858E+00 3.251924E+00 -7.400000E-01 2.326265E+00  5.564324E+09
    15  11 -3.400000E+00 -1.116484E+00 3.200000E+00 -9.800000E-01 2.351089E+00  2.957512E+03
    15  12 -2.286393E+00 -1.938795E+00 3.023928E+00 -9.800000E-01 2.423101E+00  6.648996E+02
    15  13 -3.012220E+00 -2.249139E+00 2.900000E+00 -8.735101E-01 2.450000E+00  2.883540E+03
    15  14 -1.206806E+00 -1.541633E+00 3.228663E+00 -9.800000E-01 1.529100E+00  5.648003E+09
    15  15 -2.765070E+00 -1.773488E+00 3.302882E+00 -9.765269E-01 2.450000E+00  1.118821E+03
    15  16 -9.032900E-01 -1.339304E+00 3.165256E+00 -8.649610E-01 2.260774E+00  5.867188E+09
    15  17 -2.081290E+00 -1.790851E+00 2.900000E+00 -9.637789E-01 2.335761E+00  3.748867E+09
    15  18 -3.400000E+00 -1.768442E+00 3.061727E+00 -9.666160E-01 1.837699E+00  1.424504E+09
    15  19 -1.593956E+00 -2.036826E+00 3.288332E+00 -8.402184E-01 1.998169E+00  5.260049E+09
    15  20 -2.709364E+00 -1.188639E+00 3.289724E+00 -9.800000E-01 2.446314E+00  3.319044E+09
    15  21 -3.074162E+00 -1.129040E+00 3.155888E+00 -8.811803E-01 2.041400E+00  2.446746E+03
    15  22 -1.773632E+00 -1.162552E+00 3.176528E+00 -9.800000E-01 2.450000E+00  1.151156E+02
    15  23 -1.800000E+00 -1.859245E+00 3.200000E+00 -9.800000E-01 2.407897E+00  7.971244E+01
    15  24 -1.967185E+00 -1.751770E+00 3.080091E+00 -8.739560E-01 2.145013E+00  3.549656E+02
    15  25 -1.640971E+00 -2.161180E+00 3.439852E+00 -9.800000E-01 2.329737E+00  5.405570E+09
    15  26 -2.681073E+00 -1.800590E+00 3.263505E+00 -8.025331E-01 2.445743E+00  9.843748E+02
    15  27 -3.137014E+00 -2.004002E+00 3.384141E+00 -9.288079E-01 2.450000E+00  1.973292E+03
    15  28 -1.800000E+00 -1.861181E+00 3.127196E+00 -9.131973E-01 2.450000E+00  4.702217E+09
    15  29 -5.355038E-01 -1.569753E+00 2.900000E+00 -8.705551E-01 2.450000E+00  5.862112E+09
    15  30 -3.027142E+00 -1.547409E+00 3.078402E+00 -8.626555E-01 2.359696E+00  2.477370E+03
    15  31 -1.508665E+00 -1.606143E+00 3.139420E+00 -9.800000E-01 1.687733E+00  5.167598E+09
    15  32 -2.530553E+00 -1.956193E+00 3.187956E+00 -9.800000E-01 2.449358E+00  3.430151E+09
    15  33 -2.248813E+00 -1.000000E+00 3.420433E+00 -9.332686E-01 2.319373E+00  4.516654E+09
    15  34 -1.830898E+00 -1.490360E+00 3.200000E+00 -9.631204E-01 2.428872E+00  4.790332E+09
    15  35 -2.387862E+00 -1.513394E+00 3.134634E+00 -7.400000E-01 2.450000E+00  3.630451E+09
    15  36 -2.021302E+00 -1.901735E+00 3.112317E+00 -9.800000E-01 2.428149E+00  1.402839E+02
    15  37 -2.180393E+00 -2.073092E+00 3.209140E+00 -9.800000E-01 2.403580E+00  4.173142E+09
    15  38 -2.348015E+00 -1.579680E+00 3.252807E+00 -9.162630E-01 2.207130E+00  5.666150E+02
    15  39 -2.128250E+00 -1.374137E+00 3.055927E+00 -9.060553E-01 2.332208E+00  2.652262E+02
    15  40 -3.220202E-01 -1.053384E+00 2.922879E+00 -9.412644E-01 2.235660E+00  6.041164E+09
    15  41 -2.293777E+00 -1.908015E+00 3.007701E+00 -9.471723E-01 2.399428E+00  7.129683E+02
    15  42 -1.992886E+00 -1.756251E+00 3.097022E+00 -9.422495E-01 2.363250E+00  1.208683E+02
    15  43 -3.265006E+00 -1.232535E+00 3.299490E+00 -9.800000E-01 2.436244E+00  2.490086E+03
    15  44 -1.689012E+00 -1.865416E+00 3.200000E+00 -9.800000E-01 2.450000E+00  4.997045E+09
    15  45 -1.932794E+00 -1.818849E+00 3.202827E+00 -8.882219E-01 2.450000E+00  4.613725E+09
    15  46 -1.814681E+00 -1.816555E+00 3.200000E+00 -8.712687E-01 2.421097E+00  4.804097E+09
    15  47 -2.386733E+00 -2.302840E+00 2.960872E+00 -9.242880E-01 2.450000E+00  1.115032E+03
    15  48 -6.104117E-01 -2.104985E+00 3.283424E+00 -7.930517E-01 2.437716E+00  6.159290E+09
    15  49 -2.811527E+00 -2.337307E+00 2.900000E+00 -7.944661E-01 2.410284E+00  2.467160E+03
    16   0 -2.918927E+00 -2.045092E+00 3.391241E+00 -8.766477E-01 2.450000E+00  3.042601E+09
    16   1 -2.901196E+00 -1.354577E+00 3.358254E+00 -9.416348E-01 2.390433E+00  3.041454E+09
    16   2 -1.709490E+00 -1.298718E+00 3.031110E+00 -9.800000E-01 2.413571E+00  4.709621E+09
    16   3 -1.444221E+00 -1.511582E+00 3.171200E+00 -7.735653E-01 2.351672E+00  5.303103E+09
    16   4 -3.325623E+00 -2.185563E+00 3.000027E+00 -9.466184E-01 2.187493E+00  1.439708E+09
    16   5 -7.908384E-01 -1.738845E+00 3.194695E+00 -9.800000E-01 2.147921E+00  5.971511E+09
    16   6 -1.987287E+00 -1.198999E+00 3.453146E+00 -9.800000E-01 2.389779E+00  4.979492E+09
    16   7 -2.863776E+00 -2.149590E+00 3.176404E+00 -9.078184E-01 2.221462E+00  2.699815E+09
    16   8 -1.576923E+00 -1.731745E+00 3.167633E+00 -8.672441E-01 1.455987E+00  5.111284E+09
    16   9 -1.567513E+00 -1.737425E+00 3.009894E+00 -7.724798E-01 2.317819E+00  1.118451E+02
    16  10 -2.864660E+00 -1.000000E+00 3.442040E+00 -7.992596E-01 2.450000E+00  3.345341E+09
    16  11 -2.079188E+00 -1.175819E+00 2.900000E+00 -8.515261E-01 2.423401E+00  3.797135E+09
    16  12 -1.844261E+00 -1.238795E+00 3.323928E+00 -8.897063E-01 2.450000E+00  4.989379E+09
    16  13 -3.030096E+00 -1.638714E+00 3.200000E+00 -7.514790E-01 2.440845E+00  2.417435E+09
    16  14 -1.641877E+00 -1.315292E+00 2.947885E+00 -7.997405E-01 1.692069E+00  4.670461E+09
    16  15 -1.703159E+00 -1.744303E+00 3.002882E+00 -9.800000E-01 2.275125E+00  4.645782E+09
    16  16 -2.503290E+00 -1.435507E+00 2.900000E+00 -8.296709E-01 2.450000E+00  1.588314E+03
    16  17 -2.527267E+00 -1.913633E+00 3.128530E+00 -9.800000E-01 2.418951E+00  3.311900E+09
    16  18 -2.612874E+00 -1.931187E+00 3.096354E+00 -9.800000E-01 2.222243E+00  3.062160E+09
    16  19 -3.193956E+00 -1.646690E+00 3.288424E+00 -9.488994E-01 1.663943E+00  6.171291E+03
    16  20 -2.152823E+00 -1.000000E+00 3.500000E+00 -9.123806E-01 2.450000E+00  5.496509E+02
    16  21 -1.474162E+00 -1.829040E+00 3.101015E+00 -9.800000E-01 1.728844E+00  5.150806E+09
    16  22 -1.219263E+00 -1.737402E+00 3.062028E+00 -8.693939E-01 1.922680E+00  5.420056E+09
    16  23 -3.252525E-01 -1.722422E+00 2.923485E+00 -8.693939E-01 2.450000E+00  6.012167E+09
    16  24 -2.446956E+00 -1.637817E+00 2.973833E+00 -9.670195E-01 2.394894E+00  3.160342E+09
    16  25 -2.676198E+00 -1.785812E+00 3.139852E+00 -8.714609E-01 2.327632E+00  3.026128E+09
    16  26 -1.624180E+00 -1.627781E+00 3.215250E+00 -9.800000E-01 2.446428E+00  5.121137E+09
    16  27 -1.537014E+00 -2.396924E+00 3.328761E+00 -9.800000E-01 2.435256E+00  5.386182E+09
    16  28 -3.274747E+00 -1.596989E+00 3.409979E+00 -9.089726E-01 2.162380E+00  2.348887E+09
    16  29 -1.482954E+00 -1.292810E+00 3.200000E+00 -9.800000E-01 1.582023E+00  4.001003E+03
    16  30 -3.211759E+00 -1.165429E+00 3.370565E+00 -7.365549E-01 2.405320E+00  2.435107E+09
    16  31 -2.070150E+00 -1.822054E+00 3.259173E+00 -9.373681E-01 2.423280E+00  4.476132E+09
    16  32 -2.417491E+00 -2.069826E+00 3.169193E+00 -9.068350E-01 2.450000E+00  5.975012E+02
    16  33 -1.535556E+00 -1.700000E+00 3.183788E+00 -9.800000E-01 2.291152E+00  1.766280E+02
    16  34 -2.876479E+00 -1.576482E+00 2.948605E+00 -9.800000E-01 2.450000E+00  2.473105E+03
    16  35 -2.657118E+00 -1.862951E+00 3.014938E+00 -8.444095E-01 2.070326E+00  2.797222E+09
    16  36 -2.014382E+00 -1.701242E+00 2.977756E+00 -8.693939E-01 2.450000E+00  2.655409E+02
    16  37 -1.438563E+00 -1.738397E+00 3.161917E+00 -9.474186E-01 2.450000E+00  5.290077E+09
    16  38 -2.609557E+00 -1.538775E+00 3.209775E+00 -7.942621E-01 2.450000E+00  3.327259E+09
    16  39 -1.791677E+00 -1.137105E+00 2.998763E+00 -9.395221E-01 2.352705E+00  4.530418E+09
    16  40 -1.922020E+00 -1.359610E+00 2.900000E+00 -9.271300E-01 2.450000E+00  2.754282E+02
    16  41 -3.171414E+00 -1.356496E+00 2.900000E+00 -9.765852E-01 2.450000E+00  3.095668E+03
    16  42 -2.011133E+00 -1.657447E+00 3.005192E+00 -9.800000E-01 2.386820E+00  2.232513E+02
    16  43 -1.707290E+00 -1.633099E+00 3.169566E+00 -8.289110E-01 2.446706E+00  4.927238E+09
    16  44 -9.847141E-01 -1.659578E+00 3.130512E+00 -9.512653E-01 2.053792E+00  5.748901E+09
    16  45 -2.113468E+00 -1.421907E+00 3.003119E+00 -8.898246E-01 2.303014E+00  3.206152E+02
    16  46 -1.613010E+00 -1.355026E+00 3.003381E+00 -9.131022E-01 2.450000E+00  9.439658E+01
    16  47 -1.668686E+00 -1.602840E+00 3.112819E+00 -9.797703E-01 2.116574E+00  4.894062E+09
    16  48 -1.322796E+00 -2.244128E+00 3.500000E+00 -9.204691E-01 2.450000E+00  5.818014E+09
    16  49 -2.094122E+00 -1.637307E+00 3.063883E+00 -9.800000E-01 2.450000E+00  4.063939E+09
    17   0 -1.318927E+00 -2.390956E+00 3.407352E+00 -9.800000E-01 2.438178E+00  5.724309E+09
    17   1 -1.516660E+00 -1.520860E+00 3.479866E+00 -9.800000E-01 2.450000E+00  5.612386E+09
    17   2 -1.521131E+00 -1.122437E+00 3.331110E+00 -9.318315E-01 2.450000E+00  5.447825E+09
    17   3 -1.644942E+00 -1.523881E+00 3.251242E+00 -8.348978E-01 2.388704E+00  5.149930E+09
    17   4 -1.725623E+00 -1.943026E+00 3.158873E+00 -9.521881E-01 2.381508E+00  4.873063E+09
    17   5 -2.390838E+00 -1.723355E+00 3.195489E+00 -9.054740E-01 2.094470E+00  3.739665E+09
    17   6 -1.774256E+00 -1.000000E+00 3.153146E+00 -9.511937E-01 2.450000E+00  4.848311E+09
    17   7 -1.830774E+00 -1.999045E+00 3.188657E+00 -9.700398E-01 2.334144E+00  1.004674E+02
    17   8 -2.261499E+00 -1.056043E+00 3.065625E+00 -9.111171E-01 1.438665E+00  3.790432E+09
    17   9 -1.551448E+00 -1.557905E+00 3.151788E+00 -9.643200E-01 2.320276E+00  5.129574E+09
    17  10 -3.088564E+00 -1.385252E+00 3.330357E+00 -9.800000E-01 2.391990E+00  1.952206E+03
    17  11 -1.806568E+00 -1.875819E+00 2.900000E+00 -9.129863E-01 2.450000E+00  1.854802E+02
    17  12 -1.776243E+00 -1.158220E+00 3.422154E+00 -8.665809E-01 2.260081E+00  5.241298E+09
    17  13 -1.430096E+00 -1.143705E+00 3.368938E+00 -9.601993E-01 2.442042E+00  5.597170E+09
    17  14 -2.109599E+00 -1.934028E+00 3.055489E+00 -7.599082E-01 1.694559E+00  4.005533E+09
    17  15 -8.838132E-01 -1.688138E+00 2.978793E+00 -8.987927E-01 2.334608E+00  5.666973E+09
    17  16 -3.400000E+00 -1.943384E+00 3.200000E+00 -9.019928E-01 1.983935E+00  3.052051E+03
    17  17 -2.587762E+00 -2.123768E+00 3.313249E+00 -8.131931E-01 2.450000E+00  3.571970E+09
    17  18 -1.456912E+00 -1.837489E+00 3.339432E+00 -9.385143E-01 2.450000E+00  5.502090E+09
    17  19 -3.184866E+00 -1.296195E+00 3.232847E+00 -9.800000E-01 1.756261E+00  3.770186E+03
    17  20 -1.414129E+00 -1.700000E+00 3.200000E+00 -9.339517E-01 2.436290E+00  5.374388E+09
    17  21 -3.434159E-01 -2.158609E+00 3.177030E+00 -8.938942E-01 2.223874E+00  6.218220E+09
    17  22 -1.706754E+00 -1.707000E+00 3.073593E+00 -8.404495E-01 1.837694E+00  4.764054E+09
    17  23 -8.302296E-01 -1.587573E+00 3.223485E+00 -9.800000E-01 2.366194E+00  5.972296E+09
    17  24 -1.639723E+00 -1.600966E+00 3.273833E+00 -9.800000E-01 2.450000E+00  5.187600E+09
    17  25 -1.994243E+00 -2.144462E+00 2.900000E+00 -9.415191E-01 2.450000E+00  3.948320E+02
    17  26 -1.743613E+00 -1.732558E+00 3.206270E+00 -7.400000E-01 2.450000E+00  4.928017E+09
    17  27 -6.763288E-01 -1.763822E+00 3.230880E+00 -8.757863E-01 2.426064E+00  6.081173E+09
    17  28 -1.693459E+00 -1.736536E+00 3.500000E+00 -9.318405E-01 2.285415E+00  5.425382E+09
    17  29 -2.506391E+00 -1.567614E+00 3.337036E+00 -8.960656E-01 1.116475E+00  3.804177E+09
    17  30 -1.611759E+00 -1.600665E+00 3.463658E+00 -9.264703E-01 2.450000E+00  5.481846E+09
    17  31 -2.657019E+00 -1.989683E+00 3.318903E+00 -9.800000E-01 2.450000E+00  3.442312E+09
    17  32 -1.417427E+00 -1.761025E+00 3.247538E+00 -9.429197E-01 2.373921E+00  5.432125E+09
    17  33 -1.349293E+00 -2.236390E+00 2.996586E+00 -9.118418E-01 2.450000E+00  5.157253E+09
    17  34 -2.518512E+00 -1.901541E+00 3.248605E+00 -9.629698E-01 2.426973E+00  3.584123E+09
    17  35 -2.323462E+00 -2.180064E+00 3.038789E+00 -9.800000E-01 2.091384E+00  3.538972E+09
    17  36 -1.833617E+00 -1.684451E+00 3.137451E+00 -8.651259E-01 2.175875E+00  4.668833E+09
    17  37 -8.710668E-01 -1.538300E+00 3.102676E+00 -9.607018E-01 2.380237E+00  5.822230E+09
    17  38 -2.107382E+00 -2.022283E+00 3.058064E+00 -6.879683E-01 2.135579E+00  1.615838E+03
    17  39 -1.639893E+00 -1.373112E+00 3.065162E+00 -8.757516E-01 2.450000E+00  8.635425E+01
    17  40 -3.206286E+00 -2.059610E+00 3.200000E+00 -9.800000E-01 2.320252E+00  2.046531E+09
    17  41 -1.571414E+00 -1.156199E+00 3.181257E+00 -9.187837E-01 2.414075E+00  5.172353E+09
    17  42 -1.813845E+00 -1.644381E+00 3.166541E+00 -8.271254E-01 2.405300E+00  1.177721E+02
    17  43 -4.535154E-01 -1.938747E+00 3.068052E+00 -9.800000E-01 2.450000E+00  6.074555E+09
    17  44 -2.584714E+00 -1.512153E+00 3.216405E+00 -9.621242E-01 2.095690E+00  3.394085E+09
    17  45 -2.214614E+00 -1.061398E+00 2.900000E+00 -9.124235E-01 2.295816E+00  7.691359E+02
    17  46 -1.582390E+00 -1.098268E+00 2.917193E+00 -9.800000E-01 2.425711E+00  1.629833E+02
    17  47 -1.286254E+00 -1.002393E+00 3.412819E+00 -9.702818E-01 2.394201E+00  5.802901E+09
    17  48 -2.205949E+00 -1.710837E+00 3.200000E+00 -9.800000E-01 2.209551E+00  4.115284E+09
    17  49 -1.418314E+00 -1.050019E+00 3.301696E+00 -8.305729E-01 2.382261E+00  5.537470E+09
    18   0 -1.074907E+00 -2.400000E+00 3.317635E+00 -7.700457E-01 2.446111E+00  5.857291E+09
    18   1 -4.260531E-01 -2.220860E+00 3.179866E+00 -9.600075E-01 2.368933E+00  6.179813E+09
    18   2 -1.755981E+00 -1.822437E+00 3.424928E+00 -9.547002E-01 2.137823E+00  1.446315E+03
    18   3 -1.843321E+00 -1.616887E+00 3.287147E+00 -9.123056E-01 2.450000E+00  1.087780E+02
    18   4 -1.037428E+00 -1.668719E+00 3.271979E+00 -8.911741E-01 2.450000E+00  5.851513E+09
    18   5 -2.878079E+00 -1.909236E+00 3.237114E+00 -9.125574E-01 2.450000E+00  1.661410E+03
    18   6 -1.980334E+00 -1.700000E+00 2.910559E+00 -9.800000E-01 2.383308E+00  3.269586E+02
    18   7 -8.566766E-01 -1.825416E+00 3.204289E+00 -9.800000E-01 2.450000E+00  5.930107E+09
    18   8 -2.032631E+00 -1.000000E+00 3.087004E+00 -9.507686E-01 2.419071E+00  4.286704E+09
    18   9 -1.873294E+00 -1.556449E+00 3.115610E+00 -9.743529E-01 2.331009E+00  4.568542E+09
    18  10 -2.151399E+00 -1.624826E+00 3.110543E+00 -7.400000E-01 2.450000E+00  2.617123E+02
    18  11 -1.547261E+00 -2.400000E+00 3.162756E+00 -9.800000E-01 2.408931E+00  5.136938E+09
    18  12 -1.850692E+00 -1.441116E+00 3.346912E+00 -9.602935E-01 2.400538E+00  5.001637E+09
    18  13 -3.293719E-01 -1.025307E+00 3.266834E+00 -9.542019E-01 2.450000E+00  6.310386E+09
    18  14 -1.735616E+00 -1.992176E+00 3.355489E+00 -9.800000E-01 2.028775E+00  5.164840E+09
    18  15 -2.393940E+00 -1.909513E+00 3.271188E+00 -9.562683E-01 2.450000E+00  3.382632E+02
    18  16 -1.800000E+00 -1.672239E+00 3.300748E+00 -9.800000E-01 2.107197E+00  7.879692E+02
    18  17 -1.285904E+00 -1.703232E+00 3.013249E+00 -6.845274E-01 2.379824E+00  5.272890E+09
    18  18 -2.719201E+00 -1.803095E+00 3.473636E+00 -9.517696E-01 1.975096E+00  5.711068E+03
    18  19 -2.080965E+00 -1.537530E+00 3.151152E+00 -9.305496E-01 1.894163E+00  4.263561E+09
    18  20 -1.283801E+00 -2.342374E+00 3.175876E+00 -9.800000E-01 2.445298E+00  5.488367E+09
    18  21 -1.093662E+00 -1.893131E+00 3.338660E+00 -9.800000E-01 2.450000E+00  5.865638E+09
    18  22 -2.240890E+00 -1.593749E+00 3.223553E+00 -9.554636E-01 2.266004E+00  4.099809E+09
    18  23 -2.430230E+00 -1.794243E+00 3.465582E+00 -9.057817E-01 2.330185E+00  4.202574E+09
    18  24 -1.280731E+00 -1.671833E+00 3.230620E+00 -9.146139E-01 2.331956E+00  5.568932E+09
    18  25 -1.550736E+00 -2.352439E+00 3.200000E+00 -9.800000E-01 2.384776E+00  1.485006E+02
    18  26 -3.234772E+00 -1.825553E+00 3.272144E+00 -8.673648E-01 2.444510E+00  2.140270E+09
    18  27 -2.276329E+00 -1.434176E+00 3.298849E+00 -8.638673E-01 2.450000E+00  4.189269E+09
    18  28 -4.495647E-01 -1.993347E+00 3.200000E+00 -9.800000E-01 2.450000E+00  6.184577E+09
    18  29 -2.441648E+00 -1.952045E+00 3.123677E+00 -9.800000E-01 1.611052E+00  3.477650E+09
    18  30 -5.548426E-01 -1.997124E+00 3.167367E+00 -9.476164E-01 2.399103E+00  6.100352E+09
    18  31 -3.078774E+00 -1.721348E+00 3.306498E+00 -9.504166E-01 2.155064E+00  2.534923E+09
    18  32 -1.545203E+00 -1.468414E+00 3.264795E+00 -9.800000E-01 2.342431E+00  5.305890E+09
    18  33 -1.458132E+00 -1.536390E+00 3.287920E+00 -9.485452E-01 2.355273E+00  5.442582E+09
    18  34 -1.305433E+00 -1.980007E+00 3.500000E+00 -9.789988E-01 2.439636E+00  5.836012E+09
    18  35 -1.424961E+00 -1.812587E+00 3.021758E+00 -7.400000E-01 2.204225E+00  5.098425E+09
    18  36 -1.876025E+00 -1.756898E+00 3.326105E+00 -9.800000E-01 2.201074E+00  5.187168E+02
    18  37 -1.487571E+00 -1.566292E+00 3.116078E+00 -9.800000E-01 2.428562E+00  5.163972E+09
    18  38 -1.293034E+00 -1.949979E+00 3.094496E+00 -8.488419E-01 2.242598E+00  5.372968E+09
    18  39 -1.615070E+00 -1.759950E+00 3.141233E+00 -8.235278E-01 2.401509E+00  5.015716E+09
    18  40 -3.070287E+00 -2.214517E+00 3.475303E+00 -9.371119E-01 2.406621E+00  1.539216E+03
    18  41 -2.844493E-01 -1.582916E+00 3.433878E+00 -8.519655E-01 2.450000E+00  6.405960E+09
    18  42 -1.614209E+00 -1.694495E+00 3.358730E+00 -8.050421E-01 2.450000E+00  3.786152E+02
    18  43 -2.053515E+00 -1.631897E+00 3.225105E+00 -8.907936E-01 2.441776E+00  4.449571E+09
    18  44 -3.400000E+00 -1.679062E+00 3.500000E+00 -9.494193E-01 2.270737E+00  2.477851E+03
    18  45 -2.219102E+00 -1.353998E+00 3.165080E+00 -9.310383E-01 2.447499E+00  2.420886E+02
    18  46 -1.816165E+00 -1.798268E+00 2.900000E+00 -9.172010E-01 2.442241E+00  1.879204E+02
    18  47 -1.659111E+00 -1.702393E+00 3.327011E+00 -8.229190E-01 2.450000E+00  5.235060E+09
    18  48 -3.306415E+00 -1.293985E+00 2.989715E+00 -8.864727E-01 1.997406E+00  3.086097E+03
    18  49 -2.082299E+00 -1.137153E+00 3.001696E+00 -8.108311E-01 2.417404E+00  4.003437E+09
    19   0 -2.206636E+00 -1.700000E+00 3.208963E+00 -7.661398E-01 2.450000E+00  4.132570E+09
    19   1 -1.982951E+00 -2.142022E+00 2.900000E+00 -9.760179E-01 2.336310E+00  3.506033E+02
    19   2 -2.406638E+00 -2.400000E+00 3.124928E+00 -9.661402E-01 2.016907E+00  3.546576E+09
    19   3 -1.985318E+00 -1.765245E+00 3.221384E+00 -9.800000E-01 2.399652E+00  4.558166E+09
    19   4 -2.588676E+00 -1.454695E+00 3.281169E+00 -9.597325E-01 1.883697E+00  3.769465E+03
    19   5 -1.497895E+00 -2.228714E+00 3.238039E+00 -9.693027E-01 2.203140E+00  4.068902E+02
    19   6 -2.161826E+00 -1.966647E+00 3.210559E+00 -9.668005E-01 2.450000E+00  4.213109E+09
    19   7 -1.628669E+00 -1.659141E+00 3.213709E+00 -9.408958E-01 2.205814E+00  5.110957E+09
    19   8 -1.747902E+00 -1.342039E+00 3.319495E+00 -9.651703E-01 2.450000E+00  5.116507E+09
    19   9 -1.880325E+00 -1.881036E+00 3.066484E+00 -7.515104E-01 2.450000E+00  4.455203E+09
    19  10 -6.931531E-01 -1.638168E+00 3.081692E+00 -7.167682E-01 2.404046E+00  5.937190E+09
    19  11 -1.741317E+00 -1.700000E+00 3.108734E+00 -9.040443E-01 2.417530E+00  4.770236E+09
    19  12 -2.257291E+00 -1.607671E+00 3.253269E+00 -9.800000E-01 2.450000E+00  4.126474E+09
    19  13 -1.020867E+00 -1.725307E+00 3.048268E+00 -8.886391E-01 2.443617E+00  5.618045E+09
    19  14 -1.451013E+00 -1.860491E+00 3.410328E+00 -8.107891E-01 2.324760E+00  5.594467E+09
    19  15 -2.775418E+00 -2.076914E+00 3.462388E+00 -9.800000E-01 2.379783E+00  7.664107E+02
    19  16 -3.349495E-01 -1.456861E+00 3.246119E+00 -9.171103E-01 2.233050E+00  6.278918E+09
    19  17 -5.177801E-01 -1.676720E+00 2.924165E+00 -8.807528E-01 2.405081E+00  5.897644E+09
    19  18 -3.400000E+00 -2.178574E+00 3.355170E+00 -9.800000E-01 1.968587E+00  3.165238E+03
    19  19 -1.786017E+00 -1.493816E+00 3.128383E+00 -9.127196E-01 2.450000E+00  7.665739E+01
    19  20 -1.743040E+00 -2.400000E+00 3.356271E+00 -9.492015E-01 2.450000E+00  5.152006E+09
    19  21 -2.693662E+00 -1.433504E+00 3.310557E+00 -9.244456E-01 1.851390E+00  3.370746E+09
    19  22 -2.115371E+00 -1.319055E+00 3.330112E+00 -9.800000E-01 2.450000E+00  4.550908E+09
    19  23 -3.400000E+00 -2.062153E+00 3.197499E+00 -9.083397E-01 2.450000E+00  2.973396E+03
    19  24 -1.884613E+00 -1.824667E+00 3.088137E+00 -8.798572E-01 2.045925E+00  4.488181E+09
    19  25 -1.486022E+00 -1.978164E+00 3.474697E+00 -9.342452E-01 2.357608E+00  5.629870E+09
    19  26 -3.400000E+00 -1.804077E+00 3.285850E+00 -9.800000E-01 2.444497E+00  2.809586E+03
    19  27 -2.757449E+00 -2.134176E+00 3.418101E+00 -9.800000E-01 2.436758E+00  3.439121E+09
    19  28 -2.049565E+00 -1.961639E+00 3.054170E+00 -9.570309E-01 2.325529E+00  4.118997E+09
    19  29 -1.461340E+00 -1.951960E+00 2.900000E+00 -9.371455E-01 2.450000E+00  1.148216E+02
    19  30 -4.516381E-01 -1.320221E+00 3.067300E+00 -8.602240E-01 2.450000E+00  6.088444E+09
    19  31 -2.806399E+00 -1.511480E+00 3.136303E+00 -9.521996E-01 2.218923E+00  2.756835E+09
    19  32 -1.845431E+00 -1.696430E+00 3.198653E+00 -9.316979E-01 2.450000E+00  7.653212E+01
    19  33 -2.531981E+00 -1.035216E+00 3.500000E+00 -9.800000E-01 2.334711E+00  4.135313E+09
    19  34 -1.655200E+00 -1.603422E+00 3.200000E+00 -9.800000E-01 2.450000E+00  5.054350E+09
    19  35 -1.706517E+00 -1.723843E+00 3.051385E+00 -7.601676E-01 2.450000E+00  9.671058E+01
    19  36 -1.908912E+00 -1.814090E+00 3.434651E+00 -8.930194E-01 2.450000E+00  5.037694E+09
    19  37 -2.123583E+00 -1.676810E+00 3.145216E+00 -9.591672E-01 2.450000E+00  4.166607E+09
    19  38 -1.344530E+00 -1.501297E+00 3.213917E+00 -9.665649E-01 2.450000E+00  5.482305E+09
    19  39 -1.862078E+00 -1.772706E+00 3.135587E+00 -9.800000E-01 2.425094E+00  4.615432E+09
    19  40 -1.470287E+00 -1.694672E+00 3.348300E+00 -9.261395E-01 2.450000E+00  5.500720E+09
    19  41 -5.123605E-01 -2.282916E+00 3.133878E+00 -9.501935E-01 2.433484E+00  6.095406E+09
    19  42 -1.735756E+00 -1.739496E+00 3.277539E+00 -9.555822E-01 2.361611E+00  5.052357E+09
    19  43 -3.130188E+00 -1.000000E+00 3.316940E+00 -9.800000E-01 2.447470E+00  2.519633E+09
    19  44 -2.486339E+00 -1.965134E+00 3.200000E+00 -9.411577E-01 2.450000E+00  6.780685E+02
    19  45 -2.057297E+00 -1.878238E+00 3.425450E+00 -9.800000E-01 2.450000E+00  4.789770E+09
    19  46 -1.785216E+00 -2.115661E+00 3.087424E+00 -8.609639E-01 2.450000E+00  4.652182E+09
    19  47 -2.321179E+00 -2.288041E+00 3.131242E+00 -8.848345E-01 2.294793E+00  3.735971E+09
    19  48 -2.945061E+00 -1.164895E+00 2.900000E+00 -9.106412E-01 2.138542E+00  2.015740E+09
    19  49 -2.493358E+00 -1.391515E+00 2.900000E+00 -9.149184E-01 2.450000E+00  1.560064E+03
    20   0 -2.591485E+00 -1.169262E+00 3.125265E+00 -9.800000E-01 2.442916E+00  1.135457E+03
    20   1 -3.208543E+00 -1.702575E+00 3.163668E+00 -9.800000E-01 2.450000E+00  2.695120E+03
    20   2 -2.403193E+00 -1.700000E+00 2.900000E+00 -9.560225E-01 2.450000E+00  1.322751E+03
    20   3 -1.880427E+00 -1.711777E+00 3.164697E+00 -8.693695E-01 2.436416E+00  4.638063E+09
    20   4 -3.400000E+00 -1.630183E+00 3.101515E+00 -9.800000E-01 1.886294E+00  3.168785E+03
    20   5 -3.821780E-01 -1.955437E+00 3.214842E+00 -9.800000E-01 2.321441E+00  6.228944E+09
    20   6 -1.864071E+00 -1.632769E+00 3.500000E+00 -9.702073E-01 2.400253E+00  5.204810E+09
    20   7 -2.616290E+00 -1.596481E+00 3.177800E+00 -9.628719E-01 2.194415E+00  1.046300E+03
    20   8 -2.002227E+00 -1.668072E+00 3.449737E+00 -7.891985E-01 1.594147E+00  4.922884E+09
    20   9 -1.566928E+00 -2.082771E+00 3.076414E+00 -6.315517E-01 2.211022E+00  4.976608E+09
    20  10 -6.323476E-01 -1.116334E+00 3.227588E+00 -9.567682E-01 2.450000E+00  6.125481E+09
    20  11 -1.993162E+00 -1.166103E+00 2.985296E+00 -9.097110E-01 2.450000E+00  4.137712E+09
    20  12 -2.319749E+00 -1.647891E+00 3.187049E+00 -9.004340E-01 2.385456E+00  3.869561E+09
    20  13 -2.620867E+00 -2.384444E+00 2.900000E+00 -7.001385E-01 2.448172E+00  2.622316E+09
    20  14 -1.749359E+00 -1.572439E+00 3.205286E+00 -8.178611E-01 1.338264E+00  4.922333E+09
    20  15 -1.175418E+00 -1.942599E+00 3.162388E+00 -9.473053E-01 2.435408E+00  5.593890E+09
    20  16 -1.459695E+00 -1.675513E+00 3.145560E+00 -9.395386E-01 2.323655E+00  5.240653E+09
    20  17 -1.189566E+00 -2.017194E+00 3.145781E+00 -9.800000E-01 2.450000E+00  5.557539E+09
    20  18 -1.800000E+00 -2.400000E+00 3.068937E+00 -9.440724E-01 2.403192E+00  4.591345E+09
    20  19 -1.520017E+00 -1.706529E+00 3.114791E+00 -9.331940E-01 2.083062E+00  5.111657E+09
    20  20 -2.160371E+00 -1.700000E+00 3.360073E+00 -9.800000E-01 2.442693E+00  4.504425E+09
    20  21 -2.889325E+00 -1.651502E+00 3.235039E+00 -9.231175E-01 2.016000E+00  1.928156E+03
    20  22 -1.841541E+00 -1.102112E+00 3.331010E+00 -9.148628E-01 2.165846E+00  5.017933E+09
    20  23 -2.058353E+00 -1.764762E+00 2.956516E+00 -9.800000E-01 2.369187E+00  3.569993E+02
    20  24 -2.399405E+00 -1.690998E+00 3.093716E+00 -8.699668E-01 2.264472E+00  3.511138E+09
    20  25 -1.555656E+00 -1.685461E+00 3.500000E+00 -9.658135E-01 2.450000E+00  5.588294E+09
    20  26 -2.157086E+00 -1.668783E+00 3.266913E+00 -7.400000E-01 2.449225E+00  3.334474E+02
    20  27 -2.467814E+00 -2.400000E+00 3.380001E+00 -8.031066E-01 2.439756E+00  3.949882E+09
    20  28 -3.009486E+00 -1.739159E+00 3.045656E+00 -9.142836E-01 2.427600E+00  2.138940E+09
    20  29 -5.902578E-01 -1.841600E+00 3.200000E+00 -9.394558E-01 1.890626E+00  6.107409E+09
    20  30 -1.649063E+00 -1.000000E+00 3.254212E+00 -7.826350E-01 2.407977E+00  5.190824E+09
    20  31 -1.206399E+00 -2.006133E+00 3.088219E+00 -9.738285E-01 2.393597E+00  5.465601E+09
    20  32 -2.087878E+00 -1.909870E+00 3.139201E+00 -9.302620E-01 2.386216E+00  4.214689E+09
    20  33 -3.244937E+00 -1.084284E+00 3.200000E+00 -9.527493E-01 2.450000E+00  2.698116E+03
    20  34 -2.637140E+00 -1.477582E+00 2.926829E+00 -9.726211E-01 2.435324E+00  2.671064E+09
    20  35 -2.086993E+00 -1.623789E+00 3.270141E+00 -9.800000E-01 2.326311E+00  4.473000E+09
    20  36 -2.061878E+00 -1.776969E+00 3.283593E+00 -9.379147E-01 2.248453E+00  4.536322E+09
    20  37 -1.715069E+00 -1.935576E+00 3.228714E+00 -9.800000E-01 2.425018E+00  5.002191E+09
    20  38 -1.627735E+00 -1.312812E+00 3.307128E+00 -9.135969E-01 2.200275E+00  5.265567E+09
    20  39 -1.770871E+00 -1.402206E+00 3.134125E+00 -7.744042E-01 2.450000E+00  4.780313E+09
    20  40 -8.950270E-01 -1.228735E+00 3.048300E+00 -9.800000E-01 2.375551E+00  5.755975E+09
    20  41 -2.112361E+00 -2.077827E+00 2.900000E+00 -9.800000E-01 2.447689E+00  3.680225E+09
    20  42 -1.948977E+00 -1.704736E+00 2.977539E+00 -9.800000E-01 2.343297E+00  4.165304E+09
    20  43 -2.156038E+00 -1.453144E+00 3.016940E+00 -9.151213E-01 2.450000E+00  3.977630E+02
    20  44 -1.525464E+00 -1.925233E+00 2.925909E+00 -9.353417E-01 2.222910E+00  4.791557E+09
    20  45 -2.072660E+00 -2.163628E+00 3.362890E+00 -8.976069E-01 2.382843E+00  4.651771E+09
    20  46 -1.579071E+00 -2.019756E+00 3.190210E+00 -8.644325E-01 2.435093E+00  5.137608E+09
    20  47 -2.142395E+00 -1.588041E+00 3.069316E+00 -9.758671E-01 2.276928E+00  3.982943E+09
    20  48 -3.032255E+00 -1.600710E+00 3.163642E+00 -9.462232E-01 2.272259E+00  2.338934E+09
    20  49 -2.336393E+00 -2.091515E+00 3.200000E+00 -9.800000E-01 2.407464E+00  3.850184E+09
    21   0 -2.055414E+00 -1.332839E+00 3.126913E+00 -7.400000E-01 2.443935E+00  4.279679E+09
    21   1 -2.595447E+00 -1.497752E+00 3.207822E+00 -9.692693E-01 2.382129E+00  3.354984E+09
    21   2 -1.888909E+00 -1.109503E+00 3.200000E+00 -9.476517E-01 2.005265E+00  4.727014E+09
    21   3 -1.676403E+00 -1.547897E+00 3.276918E+00 -9.157480E-01 2.450000E+00  5.143201E+09
    21   4 -1.820982E+00 -2.295683E+00 2.919615E+00 -8.419219E-01 2.450000E+00  1.734660E+02
    21   5 -1.982178E+00 -1.643633E+00 3.194516E+00 -9.249455E-01 2.450000E+00  4.519206E+09
    21   6 -1.753195E+00 -1.064435E+00 3.200000E+00 -9.800000E-01 2.438632E+00  4.948404E+09
    21   7 -2.287531E+00 -2.088865E+00 3.189745E+00 -9.800000E-01 2.355124E+00  3.926257E+09
    21   8 -2.086759E+00 -1.847447E+00 3.339610E+00 -7.392374E-01 2.070707E+00  4.591602E+09
    21   9 -1.431132E+00 -1.591370E+00 3.157093E+00 -8.715517E-01 2.276152E+00  5.296732E+09
    21  10 -1.912803E+00 -1.000000E+00 3.341066E+00 -9.800000E-01 2.426530E+00  2.569920E+02
    21  11 -1.851908E+00 -1.238131E+00 2.900000E+00 -9.667499E-01 2.423228E+00  4.225469E+09
    21  12 -1.763106E+00 -1.655856E+00 3.221952E+00 -9.339847E-01 2.356694E+00  4.925879E+09
    21  13 -3.400000E+00 -2.181447E+00 3.200000E+00 -7.898028E-01 2.450000E+00  2.971208E+03
    21  14 -2.073876E+00 -1.699194E+00 2.943555E+00 -8.961218E-01 1.741726E+00  1.645175E+03
    21  15 -9.452331E-01 -1.406769E+00 2.996657E+00 -9.446045E-01 2.450000E+00  5.640220E+09
    21  16 -2.805242E+00 -1.880736E+00 3.093808E+00 -9.800000E-01 2.117968E+00  2.653009E+09
    21  17 -2.155677E+00 -2.239759E+00 3.386569E+00 -8.137935E-01 2.390099E+00  4.549606E+09
    21  18 -1.686506E+00 -1.700000E+00 3.034495E+00 -9.782229E-01 2.450000E+00  9.202617E+01
    21  19 -1.463918E+00 -1.779478E+00 3.241728E+00 -9.730511E-01 2.425188E+00  5.367338E+09
    21  20 -2.322708E+00 -1.061869E+00 3.170497E+00 -9.598262E-01 2.441010E+00  3.883822E+09
    21  21 -2.037192E+00 -1.880164E+00 3.195881E+00 -9.800000E-01 2.450000E+00  4.416604E+09
    21  22 -1.553289E+00 -1.116101E+00 3.112425E+00 -9.277791E-01 2.241513E+00  5.097633E+09
    21  23 -5.888178E-01 -1.505045E+00 2.989437E+00 -9.334900E-01 2.416132E+00  5.922193E+09
    21  24 -2.740221E+00 -1.576939E+00 3.129688E+00 -9.113917E-01 2.389417E+00  1.557552E+03
    21  25 -1.884420E+00 -1.715156E+00 3.200000E+00 -9.800000E-01 2.344286E+00  4.692979E+09
    21  26 -8.828374E-01 -1.557240E+00 3.194041E+00 -7.214960E-01 2.450000E+00  5.905071E+09
    21  27 -8.678137E-01 -1.700000E+00 3.317803E+00 -9.217216E-01 2.450000E+00  6.026462E+09
    21  28 -2.685795E+00 -1.717728E+00 3.345656E+00 -8.953994E-01 2.450000E+00  3.446740E+09
    21  29 -7.175091E-01 -1.663289E+00 3.308948E+00 -9.800000E-01 2.450000E+00  6.119675E+09
    21  30 -3.062432E+00 -1.700000E+00 3.436285E+00 -9.800000E-01 2.450000E+00  1.591000E+03
    21  31 -8.936863E-01 -1.989441E+00 3.209159E+00 -9.800000E-01 2.425493E+00  5.903834E+09
    21  32 -1.981902E+00 -1.996580E+00 3.174094E+00 -9.691574E-01 2.413114E+00  4.472168E+09
    21  33 -1.644937E+00 -1.784284E+00 3.062745E+00 -9.800000E-01 2.380863E+00  4.842026E+09
    21  34 -2.031252E+00 -1.426964E+00 3.226829E+00 -9.796873E-01 2.434250E+00  4.503190E+09
    21  35 -1.763886E+00 -1.751927E+00 3.206542E+00 -7.400000E-01 2.450000E+00  1.788978E+02
    21  36 -2.172326E+00 -1.763132E+00 2.983593E+00 -9.800000E-01 2.450000E+00  3.741657E+09
    21  37 -9.503295E-01 -2.072981E+00 3.137330E+00 -9.630649E-01 2.431584E+00  5.781610E+09
    21  38 -1.911925E+00 -1.876715E+00 3.230273E+00 -7.303126E-01 2.350952E+00  4.695560E+09
    21  39 -1.681688E+00 -1.291766E+00 3.141837E+00 -9.800000E-01 2.418782E+00  4.940040E+09
    21  40 -1.593838E+00 -1.928735E+00 2.900000E+00 -9.427949E-01 2.450000E+00  4.637946E+09
    21  41 -3.286476E+00 -1.377827E+00 3.168386E+00 -8.740107E-01 2.450000E+00  1.854763E+09
    21  42 -2.029687E+00 -1.592021E+00 3.041853E+00 -9.045304E-01 2.450000E+00  4.145274E+09
    21  43 -1.024819E+00 -1.472212E+00 2.933521E+00 -9.258190E-01 2.445304E+00  5.475671E+09
    21  44 -2.133084E+00 -1.906604E+00 3.080300E+00 -9.623495E-01 2.450000E+00  4.012398E+09
    21  45 -1.816828E+00 -1.463628E+00 3.100159E+00 -8.552211E-01 2.450000E+00  4.641999E+09
    21  46 -1.492320E+00 -1.585225E+00 3.181590E+00 -9.275520E-01 2.445338E+00  1.661494E+02
    21  47 -1.663951E+00 -1.066849E+00 3.224062E+00 -8.703664E-01 2.379728E+00  5.116721E+09
    21  48 -3.052791E+00 -1.753741E+00 3.322002E+00 -9.737573E-01 2.247423E+00  2.620347E+09
    21  49 -1.939666E+00 -1.427598E+00 3.440388E+00 -8.173421E-01 2.450000E+00  5.014989E+09
    22   0 -1.371350E+00 -2.032839E+00 3.418026E+00 -9.153240E-01 2.450000E+00  5.685707E+09
    22   1 -9.954467E-01 -1.863644E+00 3.040246E+00 -9.646144E-01 2.415156E+00  5.630872E+09
    22   2 -1.627355E+00 -1.631450E+00 3.326319E+00 -9.437112E-01 2.163552E+00  5.278198E+09
    22   3 -1.645147E+00 -1.421146E+00 3.376067E+00 -9.708219E-01 2.426713E+00  5.332663E+09
    22   4 -3.578951E-01 -2.310174E+00 2.900000E+00 -7.856869E-01 2.073324E+00  5.962789E+09
    22   5 -3.257623E+00 -2.107070E+00 3.189258E+00 -9.194222E-01 2.369105E+00  2.739660E+03
    22   6 -2.073312E+00 -1.000000E+00 3.223191E+00 -9.702814E-01 2.450000E+00  4.468538E+09
    22   7 -9.356659E-01 -1.921825E+00 3.210203E+00 -9.540351E-01 2.450000E+00  5.871518E+09
    22   8 -1.924435E+00 -1.583403E+00 3.072751E+00 -8.112219E-01 2.450000E+00  4.398934E+09
    22   9 -1.900707E+00 -1.302620E+00 3.136380E+00 -9.800000E-01 2.450000E+00  4.575790E+09
    22  10 -2.878574E+00 -1.700000E+00 3.065749E+00 -7.895601E-01 2.450000E+00  2.449178E+09
    22  11 -1.664864E+00 -1.938131E+00 3.055541E+00 -9.800000E-01 2.450000E+00  9.211436E+01
    22  12 -1.808112E+00 -1.397199E+00 3.453666E+00 -9.800000E-01 2.442534E+00  5.225753E+09
    22  13 -1.800000E+00 -1.571026E+00 3.471762E+00 -8.735743E-01 2.447792E+00  4.631162E+02
    22  14 -2.180641E+00 -1.815192E+00 3.018639E+00 -9.800000E-01 2.450000E+00  3.795698E+09
    22  15 -1.434927E+00 -1.338466E+00 3.296657E+00 -9.787676E-01 2.416266E+00  5.490277E+09
    22  16 -1.835196E+00 -1.724857E+00 3.361863E+00 -9.442133E-01 2.249749E+00  5.036685E+09
    22  17 -2.390004E+00 -1.746425E+00 3.086569E+00 -8.244335E-01 2.450000E+00  7.206500E+02
    22  18 -1.654829E+00 -1.063283E+00 3.142540E+00 -9.800000E-01 2.386253E+00  5.004252E+09
    22  19 -1.863257E+00 -1.655199E+00 3.215674E+00 -9.455263E-01 2.450000E+00  7.619061E+01
    22  20 -1.918452E+00 -1.000000E+00 3.031365E+00 -9.764757E-01 2.449102E+00  4.388627E+09
    22  21 -8.977571E-01 -1.807293E+00 3.292672E+00 -9.419698E-01 2.011880E+00  5.980646E+09
    22  22 -1.823063E+00 -1.469394E+00 2.986239E+00 -9.800000E-01 2.450000E+00  4.423184E+09
    22  23 -2.188818E+00 -1.638976E+00 3.289437E+00 -9.097351E-01 2.450000E+00  1.259910E+02
    22  24 -2.625955E+00 -1.647494E+00 3.218493E+00 -9.215967E-01 2.450000E+00  3.305687E+09
    22  25 -1.699916E+00 -1.980244E+00 2.927121E+00 -9.561633E-01 2.404612E+00  1.196391E+02
    22  26 -1.227429E+00 -1.624089E+00 3.186875E+00 -9.614960E-01 2.446793E+00  5.574792E+09
    22  27 -2.110113E+00 -1.812743E+00 3.167912E+00 -9.800000E-01 2.441290E+00  4.231441E+09
    22  28 -1.524049E+00 -1.723216E+00 3.500000E+00 -9.452436E-01 2.400386E+00  5.622122E+09
    22  29 -1.683552E+00 -1.785365E+00 3.195260E+00 -9.388957E-01 2.108923E+00  4.998918E+09
    22  30 -2.919604E+00 -2.247476E+00 3.245729E+00 -8.363523E-01 2.419180E+00  2.728424E+09
    22  31 -8.621634E-01 -1.510649E+00 3.324945E+00 -9.646856E-01 2.450000E+00  6.040414E+09
    22  32 -1.498449E+00 -1.730676E+00 3.256025E+00 -9.800000E-01 2.450000E+00  2.405359E+02
    22  33 -9.448408E-01 -2.396106E+00 3.282404E+00 -9.632708E-01 2.318661E+00  5.930663E+09
    22  34 -1.653579E+00 -1.903891E+00 3.500000E+00 -9.800000E-01 2.447872E+00  5.470930E+09
    22  35 -1.411470E+00 -1.866256E+00 2.928789E+00 -5.987198E-01 2.389392E+00  4.969043E+09
    22  36 -2.121543E+00 -1.889691E+00 2.968069E+00 -9.294172E-01 2.286353E+00  3.806371E+09
    22  37 -5.944359E-01 -1.988491E+00 3.036594E+00 -9.650569E-01 2.450000E+00  5.956749E+09
    22  38 -1.828872E+00 -2.263328E+00 3.111343E+00 -5.573903E-01 2.450000E+00  4.619709E+09
    22  39 -1.575253E+00 -1.771901E+00 3.081783E+00 -8.684174E-01 2.450000E+00  4.979314E+09
    22  40 -2.473210E+00 -2.381293E+00 3.200000E+00 -9.149193E-01 2.398814E+00  3.568001E+09
    22  41 -2.899855E+00 -1.032949E+00 3.165909E+00 -9.290422E-01 2.443194E+00  2.677506E+09
    22  42 -1.779626E+00 -1.654876E+00 3.341853E+00 -9.169380E-01 2.375148E+00  5.089673E+09
    22  43 -1.156365E+00 -1.462910E+00 3.233521E+00 -9.464860E-01 2.448075E+00  5.707402E+09
    22  44 -2.444112E+00 -1.819341E+00 3.304124E+00 -9.800000E-01 2.325388E+00  3.852941E+09
    22  45 -1.929040E+00 -1.145287E+00 2.972459E+00 -9.364970E-01 2.411689E+00  4.234828E+09
    22  46 -1.797887E+00 -1.070713E+00 3.026158E+00 -9.800000E-01 2.450000E+00  4.578749E+09
    22  47 -1.429759E+00 -1.020874E+00 3.332112E+00 -8.196475E-01 2.323918E+00  5.564649E+09
    22  48 -2.340577E+00 -1.162836E+00 3.219976E+00 -9.738211E-01 2.185585E+00  5.159745E+02
    22  49 -1.680683E+00 -1.000000E+00 3.140388E+00 -8.247806E-01 2.415428E+00  4.971041E+09
    23   0 -1.369846E+00 -2.167713E+00 3.500000E+00 -9.800000E-01 2.446889E+00  5.774154E+09
    23   1 -5.015586E-01 -2.138915E+00 2.908028E+00 -9.790561E-01 2.450000E+00  5.884778E+09
    23   2 -2.094786E+00 -2.242650E+00 3.124861E+00 -9.722724E-01 2.440909E+00  4.168401E+09
    23   3 -1.847310E+00 -1.488806E+00 3.271056E+00 -9.606862E-01 2.425353E+00  9.759007E+01
    23   4 -9.875552E-01 -1.618651E+00 3.032366E+00 -9.800000E-01 2.450000E+00  5.634543E+09
    23   5 -2.286988E+00 -2.303461E+00 3.248400E+00 -9.800000E-01 2.336395E+00  4.042449E+09
    23   6 -2.057155E+00 -1.700000E+00 3.398139E+00 -9.710220E-01 2.424473E+00  1.617825E+02
    23   7 -2.000000E-01 -1.793312E+00 3.203638E+00 -9.680286E-01 2.348762E+00  6.300756E+09
    23   8 -1.700497E+00 -1.073455E+00 2.900000E+00 -9.540803E-01 1.492151E+00  4.512098E+09
    23   9 -2.150637E+00 -1.332665E+00 3.029496E+00 -7.400000E-01 2.283929E+00  5.345567E+02
    23  10 -2.151132E+00 -1.913118E+00 3.118044E+00 -7.898275E-01 2.436937E+00  2.402746E+02
    23  11 -1.557079E+00 -2.385527E+00 3.355541E+00 -9.674422E-01 2.436504E+00  5.396945E+09
    23  12 -2.253923E+00 -1.000000E+00 3.342262E+00 -9.285880E-01 2.450000E+00  2.543480E+02
    23  13 -7.146471E-01 -1.315901E+00 3.171762E+00 -9.268903E-01 2.450000E+00  6.016368E+09
    23  14 -1.733159E+00 -1.782528E+00 3.120709E+00 -8.517083E-01 1.225000E+00  4.799767E+09
    23  15 -2.396205E+00 -1.704500E+00 3.500000E+00 -9.800000E-01 2.450000E+00  2.116947E+02
    23  16 -8.585562E-01 -1.511779E+00 3.382136E+00 -9.800000E-01 2.419949E+00  6.089532E+09
    23  17 -1.813865E+00 -1.434255E+00 2.921511E+00 -9.800000E-01 2.413868E+00  1.635324E+02
    23  18 -1.827019E+00 -1.763283E+00 3.234844E+00 -9.643338E-01 2.381605E+00  4.844086E+09
    23  19 -2.224208E+00 -1.594636E+00 3.191891E+00 -9.416039E-01 2.298116E+00  2.428675E+02
    23  20 -1.396315E+00 -1.617094E+00 3.331365E+00 -9.800000E-01 2.450000E+00  5.565804E+09
    23  21 -1.261116E+00 -1.487394E+00 3.387168E+00 -9.462934E-01 1.868552E+00  5.771438E+09
    23  22 -2.025645E+00 -1.902275E+00 3.260793E+00 -9.523821E-01 2.264731E+00  4.555183E+09
    23  23 -3.084831E+00 -2.048959E+00 3.500000E+00 -9.800000E-01 2.401440E+00  1.515462E+03
    23  24 -1.493644E+00 -1.771020E+00 3.207556E+00 -9.551314E-01 2.021120E+00  5.281963E+09
    23  25 -1.590991E+00 -2.132546E+00 2.900000E+00 -9.563608E-01 2.450000E+00  4.639197E+09
    23  26 -2.121695E+00 -1.816115E+00 3.230295E+00 -9.772011E-01 2.447015E+00  1.157009E+02
    23  27 -2.853744E+00 -2.400000E+00 3.315592E+00 -8.175268E-01 2.450000E+00  3.014788E+09
    23  28 -6.975390E-01 -1.830244E+00 3.200000E+00 -9.800000E-01 2.384354E+00  6.040228E+09
    23  29 -2.425786E+00 -1.984247E+00 2.900000E+00 -9.152713E-01 2.391495E+00  3.035363E+09
    23  30 -1.319604E+00 -1.547476E+00 3.080484E+00 -8.100808E-01 2.419763E+00  2.295636E+02
    23  31 -2.462163E+00 -1.701175E+00 3.369634E+00 -9.800000E-01 2.296049E+00  4.144471E+02
    23  32 -1.534574E+00 -1.421389E+00 3.259813E+00 -9.472598E-01 2.419489E+00  5.315146E+09
    23  33 -2.503616E+00 -2.003355E+00 3.375147E+00 -9.800000E-01 2.450000E+00  3.483182E+02
    23  34 -1.786029E+00 -2.145815E+00 3.270965E+00 -9.769810E-01 2.450000E+00  4.959738E+09
    23  35 -1.438335E+00 -1.812550E+00 2.979338E+00 -8.387198E-01 2.421995E+00  5.013484E+09
    23  36 -1.671449E+00 -1.863344E+00 3.268069E+00 -9.431816E-01 2.359490E+00  5.127434E+09
    23  37 -2.194436E+00 -1.729253E+00 3.131391E+00 -9.800000E-01 2.436493E+00  4.000808E+09
    23  38 -1.725579E+00 -2.367499E+00 3.055788E+00 -7.973903E-01 2.309812E+00  4.692060E+09
    23  39 -1.522980E+00 -1.543007E+00 3.016364E+00 -8.740817E-01 2.432513E+00  4.959136E+09
    23  40 -1.497751E+00 -2.022668E+00 3.472273E+00 -9.585327E-01 2.450000E+00  5.613948E+09
    23  41 -1.299855E+00 -1.732949E+00 2.900000E+00 -9.800000E-01 2.441122E+00  5.083128E+09
    23  42 -1.613091E+00 -1.767528E+00 3.397226E+00 -8.767532E-01 2.393909E+00  5.389901E+09
    23  43 -1.491214E+00 -1.444027E+00 3.403501E+00 -9.587900E-01 2.450000E+00  5.552901E+09
    23  44 -1.888170E+00 -1.858353E+00 3.245010E+00 -9.409616E-01 2.241276E+00  4.760262E+09
    23  45 -2.237859E+00 -1.845287E+00 3.272459E+00 -9.800000E-01 2.409975E+00  4.192379E+09
    23  46 -1.813949E+00 -1.355698E+00 2.900000E+00 -8.577348E-01 2.443153E+00  1.711870E+02
    23  47 -2.188434E+00 -1.720874E+00 3.198792E+00 -7.803056E-01 2.372848E+00  4.146319E+09
    23  48 -1.169848E+00 -1.000000E+00 3.104689E+00 -9.795477E-01 2.421178E+00  5.573892E+09
    23  49 -1.990180E+00 -1.700000E+00 2.900000E+00 -9.800000E-01 2.420545E+00  3.932048E+09
    24   0 -2.128973E+00 -1.688708E+00 3.200000E+00 -8.999008E-01 2.448406E+00  4.262384E+09
    24   1 -1.953496E+00 -2.090179E+00 2.900000E+00 -9.800000E-01 2.427123E+00  3.992675E+09
    24   2 -2.214767E+00 -1.844390E+00 2.907060E+00 -9.757189E-01 2.450000E+00  3.492651E+09
    24   3 -2.002956E+00 -1.811806E+00 3.138000E+00 -9.673710E-01 2.450000E+00  1.149157E+02
    24   4 -2.587555E+00 -1.882794E+00 3.068492E+00 -7.400000E-01 2.129779E+00  3.056945E+09
    24   5 -1.106594E+00 -1.903609E+00 3.230116E+00 -9.224355E-01 2.450000E+00  5.741203E+09
    24   6 -1.922059E+00 -2.333889E+00 3.477155E+00 -9.717795E-01 2.423720E+00  5.076356E+09
    24   7 -1.800000E+00 -1.852969E+00 3.185661E+00 -9.800000E-01 2.332466E+00  4.802298E+09
    24   8 -2.102773E+00 -1.000000E+00 3.200000E+00 -9.480268E-01 8.731369E-01  3.327437E+04
    24   9 -1.663537E+00 -1.806650E+00 3.152691E+00 -6.231847E-01 2.410187E+00  4.960878E+09
    24  10 -1.318555E+00 -1.213118E+00 3.375397E+00 -8.280444E-01 2.447265E+00  5.716064E+09
    24  11 -1.606320E+00 -2.176574E+00 3.160915E+00 -9.746063E-01 2.445567E+00  5.052278E+09
    24  12 -2.656322E+00 -1.700000E+00 3.078461E+00 -9.542945E-01 2.408306E+00  2.940753E+09
    24  13 -2.314647E+00 -1.834686E+00 2.900000E+00 -7.888778E-01 2.448932E+00  1.069369E+03
    24  14 -1.763107E+00 -1.600197E+00 3.207245E+00 -8.662342E-01 1.107674E+00  1.374877E+04
    24  15 -2.722963E+00 -2.101709E+00 3.200000E+00 -9.463750E-01 2.429406E+00  3.048308E+09
    24  16 -1.738550E+00 -1.403316E+00 3.272283E+00 -9.561167E-01 2.364195E+00  5.054048E+09
    24  17 -1.013533E+00 -1.717883E+00 2.900000E+00 -8.030716E-01 2.413791E+00  5.434118E+09
    24  18 -1.813041E+00 -2.350495E+00 3.114244E+00 -9.800000E-01 2.450000E+00  4.650703E+09
    24  19 -1.627802E+00 -1.721060E+00 3.201304E+00 -9.800000E-01 2.258986E+00  5.091457E+09
    24  20 -1.228898E+00 -2.317094E+00 3.500000E+00 -9.708045E-01 2.446421E+00  5.901133E+09
    24  21 -2.861116E+00 -1.262747E+00 3.335254E+00 -9.800000E-01 2.450000E+00  3.086849E+09
    24  22 -1.855337E+00 -1.375067E+00 3.387125E+00 -9.432584E-01 2.395258E+00  5.061248E+09
    24  23 -2.264300E+00 -1.894750E+00 3.200000E+00 -9.317772E-01 2.379746E+00  2.585180E+02
    24  24 -7.248652E-01 -1.777037E+00 3.134519E+00 -9.572074E-01 2.168907E+00  5.962369E+09
    24  25 -1.608967E+00 -1.460899E+00 3.141720E+00 -9.800000E-01 2.388264E+00  5.036797E+09
    24  26 -2.926704E+00 -1.929332E+00 3.254316E+00 -9.800000E-01 2.450000E+00  2.737346E+09
    24  27 -1.813252E+00 -1.700000E+00 3.345932E+00 -8.237750E-01 2.444892E+00  5.045441E+09
    24  28 -1.330801E+00 -1.900353E+00 2.955176E+00 -9.298072E-01 2.446768E+00  5.123289E+09
    24  29 -1.422346E+00 -2.014150E+00 3.103189E+00 -9.462915E-01 2.450000E+00  5.221497E+09
    24  30 -7.736825E-01 -1.000000E+00 3.196317E+00 -9.732914E-01 2.450000E+00  6.015858E+09
    24  31 -3.174641E+00 -2.185357E+00 3.205408E+00 -9.715757E-01 2.294682E+00  2.118827E+09
    24  32 -2.034308E+00 -1.697602E+00 3.124575E+00 -9.293471E-01 2.450000E+00  1.317513E+02
    24  33 -2.834052E+00 -1.303355E+00 3.240877E+00 -9.691302E-01 2.379337E+00  1.471156E+03
    24  34 -2.635010E+00 -1.445815E+00 3.136947E+00 -9.756705E-01 2.443261E+00  1.229379E+03
    24  35 -2.012865E+00 -1.499041E+00 3.223644E+00 -9.800000E-01 2.450000E+00  8.314612E+01
    24  36 -1.686243E+00 -1.750324E+00 3.292665E+00 -9.800000E-01 2.450000E+00  5.146232E+09
    24  37 -3.323160E+00 -1.562719E+00 3.259820E+00 -9.649256E-01 2.450000E+00  2.708537E+03
    24  38 -1.732586E+00 -1.787523E+00 3.166502E+00 -9.800000E-01 2.450000E+00  7.840404E+01
    24  39 -1.797397E+00 -1.365045E+00 3.202898E+00 -9.800000E-01 2.424797E+00  4.856138E+09
    24  40 -8.958673E-01 -1.326923E+00 3.279861E+00 -9.800000E-01 2.418349E+00  5.982771E+09
    24  41 -4.759237E-01 -2.367679E+00 3.038169E+00 -8.143261E-01 2.450000E+00  6.031461E+09
    24  42 -1.818725E+00 -1.764024E+00 3.097226E+00 -9.572897E-01 2.426059E+00  4.620622E+09
    24  43 -2.241039E+00 -1.463775E+00 3.149194E+00 -9.598974E-01 2.448528E+00  3.958852E+09
    24  44 -2.106831E+00 -1.853087E+00 3.112424E+00 -9.313069E-01 2.450000E+00  4.128177E+09
    24  45 -2.156045E+00 -1.996236E+00 3.470276E+00 -9.063071E-01 2.450000E+00  4.700107E+09
    24  46 -1.796074E+00 -1.832925E+00 3.200000E+00 -8.123247E-01 2.443460E+00  4.833355E+09
    24  47 -2.555506E+00 -2.300894E+00 3.091674E+00 -7.953421E-01 2.365688E+00  3.167581E+09
    24  48 -7.911709E-01 -1.700000E+00 3.206089E+00 -9.800000E-01 2.450000E+00  5.982729E+09
    24  49 -2.442037E+00 -2.200376E+00 3.106898E+00 -8.496317E-01 2.450000E+00  3.438570E+09
    25   0 -2.284731E+00 -1.351522E+00 3.067014E+00 -9.051133E-01 2.450000E+00  3.711836E+09
    25   1 -2.759644E+00 -1.492651E+00 3.200000E+00 -9.734080E-01 2.445288E+00  2.992917E+09
    25   2 -1.683942E+00 -1.460660E+00 3.170679E+00 -9.263943E-01 2.347844E+00  4.971841E+09
    25   3 -2.076356E+00 -1.581556E+00 3.263273E+00 -9.790035E-01 2.416741E+00  9.297492E+01
    25   4 -2.226463E+00 -2.210757E+00 3.048135E+00 -5.628829E-01 2.287463E+00  3.755834E+09
    25   5 -6.860727E-01 -1.677859E+00 3.212486E+00 -9.677463E-01 2.386758E+00  6.060824E+09
    25   6 -1.893293E+00 -1.787664E+00 3.186282E+00 -9.722386E-01 2.450000E+00  4.652190E+09
    25   7 -3.268095E+00 -1.839042E+00 3.180832E+00 -9.630388E-01 2.327198E+00  1.891868E+09
    25   8 -2.300989E+00 -1.370489E+00 3.471317E+00 -8.509875E-01 2.098137E+00  4.506886E+03
    25   9 -1.333599E+00 -2.124376E+00 3.182087E+00 -7.168761E-01 2.450000E+00  5.440393E+09
    25  10 -8.298481E-01 -1.084841E+00 3.280585E+00 -8.149577E-01 2.450000E+00  6.043303E+09
    25  11 -1.824888E+00 -1.476574E+00 2.958581E+00 -9.800000E-01 2.450000E+00  1.510305E+02
    25  12 -2.016517E+00 -2.091384E+00 3.364874E+00 -9.800000E-01 2.431118E+00  1.255615E+02
    25  13 -3.377578E+00 -2.151189E+00 3.200000E+00 -8.403874E-01 2.449628E+00  2.937387E+03
    25  14 -2.005835E+00 -1.592790E+00 2.962128E+00 -9.177516E-01 2.332674E+00  4.031670E+09
    25  15 -1.426794E+00 -2.099092E+00 2.973787E+00 -9.167524E-01 2.444974E+00  5.016111E+09
    25  16 -2.658973E+00 -1.694832E+00 3.131229E+00 -9.758657E-01 2.071230E+00  3.046847E+09
    25  17 -8.971394E-01 -2.188226E+00 2.966334E+00 -9.787230E-01 2.450000E+00  5.632318E+09
    25  18 -1.743976E+00 -1.650495E+00 2.955761E+00 -9.686296E-01 2.387950E+00  4.495102E+09
    25  19 -1.557775E+00 -1.767033E+00 3.229060E+00 -9.196540E-01 2.450000E+00  5.228824E+09
    25  20 -2.343302E+00 -2.187376E+00 3.200000E+00 -9.700138E-01 2.450000E+00  3.834979E+09
    25  21 -3.400000E+00 -1.430768E+00 3.209851E+00 -9.501098E-01 1.873092E+00  3.265915E+03
    25  22 -1.562631E+00 -1.000000E+00 3.089481E+00 -9.800000E-01 2.450000E+00  5.063859E+09
    25  23 -6.642995E-01 -1.562078E+00 2.928939E+00 -9.800000E-01 2.448074E+00  5.799896E+09
    25  24 -1.159884E+00 -1.678987E+00 3.149216E+00 -9.798394E-01 2.391292E+00  5.599077E+09
    25  25 -1.717903E+00 -1.455548E+00 3.250685E+00 -9.510947E-01 2.429374E+00  5.048046E+09
    25  26 -2.781204E+00 -1.655364E+00 3.224779E+00 -9.692363E-01 2.447160E+00  2.991056E+09
    25  27 -9.684195E-01 -2.001692E+00 3.337772E+00 -8.978701E-01 2.444828E+00  5.965720E+09
    25  28 -2.930801E+00 -1.910507E+00 3.231212E+00 -9.543016E-01 2.450000E+00  2.680395E+09
    25  29 -6.893088E-01 -1.592683E+00 3.202825E+00 -9.696940E-01 2.305820E+00  6.051987E+09
    25  30 -2.373682E+00 -1.700000E+00 3.358367E+00 -9.800000E-01 2.413290E+00  4.105059E+09
    25  31 -2.267825E+00 -2.196108E+00 3.104208E+00 -9.800000E-01 2.345217E+00  3.789024E+09
    25  32 -1.990222E+00 -1.947916E+00 3.144395E+00 -9.324003E-01 2.433689E+00  4.403290E+09
    25  33 -1.822917E+00 -1.174858E+00 3.145093E+00 -9.800000E-01 2.355031E+00  4.733669E+09
    25  34 -2.312941E+00 -1.269879E+00 3.305784E+00 -9.800000E-01 2.450000E+00  4.146625E+09
    25  35 -2.452004E+00 -1.270716E+00 3.439467E+00 -8.715758E-01 2.408313E+00  4.140783E+09
    25  36 -1.969710E+00 -1.836043E+00 3.098235E+00 -9.479836E-01 2.348294E+00  1.120870E+02
    25  37 -1.723160E+00 -1.555913E+00 3.239317E+00 -9.769504E-01 2.442487E+00  5.017818E+09
    25  38 -1.829072E+00 -1.169631E+00 3.271720E+00 -8.943543E-01 2.349346E+00  4.935655E+09
    25  39 -1.854012E+00 -1.214373E+00 3.293046E+00 -8.334522E-01 2.450000E+00  2.070341E+02
    25  40 -1.078640E+00 -1.461665E+00 2.987430E+00 -9.543250E-01 2.448204E+00  5.489268E+09
    25  41 -1.793535E+00 -1.687747E+00 3.105479E+00 -8.936121E-01 2.443553E+00  4.679925E+09
    25  42 -1.983897E+00 -1.674174E+00 2.973223E+00 -9.304012E-01 2.448606E+00  2.474052E+02
    25  43 -2.261270E+00 -1.456771E+00 2.937874E+00 -9.505527E-01 2.449789E+00  3.480723E+09
    25  44 -2.856369E+00 -1.807799E+00 3.211229E+00 -9.683880E-01 2.351032E+00  1.658782E+03
    25  45 -2.017014E+00 -1.727803E+00 3.170276E+00 -9.278433E-01 2.396326E+00  4.409351E+09
    25  46 -1.511856E+00 -1.549943E+00 3.470083E+00 -9.049317E-01 2.450000E+00  5.605287E+09
    25  47 -9.555056E-01 -1.603426E+00 3.241778E+00 -8.642917E-01 2.319550E+00  5.891692E+09
    25  48 -2.391171E+00 -1.772617E+00 3.299478E+00 -9.779793E-01 2.334393E+00  3.127273E+02
    25  49 -1.829679E+00 -1.795328E+00 3.275654E+00 -7.998779E-01 2.433912E+00  1.986251E+02
    26   0 -1.842635E+00 -1.698332E+00 3.147756E+00 -8.962328E-01 2.448317E+00  4.672114E+09
    26   1 -2.259952E+00 -1.337788E+00 3.288779E+00 -9.785661E-01 2.450000E+00  4.208189E+09
    26   2 -1.277319E+00 -1.317922E+00 3.392566E+00 -9.301757E-01 2.299632E+00  5.768668E+09
    26   3 -2.052916E+00 -1.502398E+00 3.335073E+00 -9.800000E-01 2.391146E+00  4.654931E+09
    26   4 -1.297412E+00 -2.194199E+00 3.091337E+00 -8.028829E-01 2.450000E+00  5.360947E+09
    26   5 -2.286073E+00 -2.021620E+00 3.196737E+00 -9.800000E-01 2.364882E+00  2.949451E+02
    26   6 -1.881395E+00 -1.176539E+00 2.985159E+00 -9.770156E-01 2.411399E+00  1.719608E+02
    26   7 -2.733215E+00 -1.802255E+00 3.198955E+00 -9.529385E-01 2.382109E+00  3.031485E+09
    26   8 -1.461402E+00 -1.788032E+00 3.279670E+00 -8.209163E-01 2.450000E+00  5.420935E+09
    26   9 -1.492468E+00 -1.576781E+00 3.198193E+00 -9.186155E-01 2.266936E+00  2.785059E+02
    26  10 -1.983074E+00 -1.699319E+00 2.991908E+00 -9.800000E-01 2.442766E+00  4.130182E+09
    26  11 -1.878518E+00 -1.336822E+00 2.928838E+00 -9.738144E-01 2.443381E+00  4.223324E+09
    26  12 -1.247593E+00 -2.397120E+00 3.469383E+00 -9.557027E-01 2.450000E+00  5.855226E+09
    26  13 -2.786613E+00 -1.692504E+00 3.446539E+00 -8.673820E-01 2.450000E+00  3.449857E+09
    26  14 -2.115544E+00 -1.717647E+00 2.900000E+00 -9.800000E-01 2.450000E+00  3.683514E+09
    26  15 -1.106305E+00 -1.522520E+00 3.273787E+00 -9.647184E-01 2.450000E+00  5.796104E+09
    26  16 -1.791983E+00 -1.935131E+00 3.133888E+00 -9.800000E-01 2.023861E+00  4.726667E+02
    26  17 -2.497139E+00 -2.267883E+00 3.212337E+00 -9.800000E-01 2.426386E+00  6.809842E+02
    26  18 -1.622650E+00 -1.147901E+00 2.953444E+00 -9.783272E-01 2.435067E+00  1.422856E+02
    26  19 -1.761465E+00 -1.741940E+00 3.219233E+00 -9.685623E-01 2.313175E+00  4.921135E+09
    26  20 -2.541766E+00 -1.487376E+00 3.178689E+00 -9.800000E-01 2.448209E+00  3.406401E+09
    26  21 -1.800000E+00 -2.130768E+00 3.269046E+00 -9.800000E-01 1.692185E+00  4.934694E+09
    26  22 -1.507820E+00 -1.700000E+00 2.900000E+00 -9.582339E-01 2.360681E+00  4.780799E+09
    26  23 -1.092777E+00 -1.433987E+00 2.900000E+00 -9.488346E-01 2.450000E+00  5.355327E+09
    26  24 -2.686322E+00 -1.628870E+00 3.191027E+00 -9.800000E-01 2.450000E+00  1.224683E+03
    26  25 -1.875376E+00 -1.781785E+00 2.950685E+00 -9.518942E-01 2.450000E+00  4.247664E+09
    26  26 -1.315689E+00 -1.562347E+00 3.183248E+00 -9.740262E-01 2.444523E+00  5.473939E+09
    26  27 -1.616520E+00 -2.365050E+00 3.275542E+00 -9.800000E-01 2.450000E+00  5.208929E+09
    26  28 -2.067263E+00 -1.702182E+00 3.500000E+00 -9.394014E-01 2.422636E+00  3.933329E+02
    26  29 -2.145597E+00 -1.325693E+00 2.958205E+00 -9.538614E-01 2.364945E+00  3.768295E+09
    26  30 -2.727657E+00 -2.307698E+00 3.369880E+00 -9.585125E-01 2.450000E+00  3.397303E+09
    26  31 -8.803060E-01 -2.018554E+00 3.139646E+00 -9.745585E-01 2.337867E+00  5.844441E+09
    26  32 -1.530372E+00 -1.758267E+00 3.194268E+00 -9.430419E-01 2.450000E+00  5.215385E+09
    26  33 -1.125540E+00 -1.233455E+00 3.064743E+00 -9.706400E-01 2.409897E+00  5.550619E+09
    26  34 -1.640113E+00 -1.667491E+00 3.391253E+00 -9.762364E-01 2.446004E+00  3.128062E+02
    26  35 -2.092580E+00 -1.361845E+00 3.215195E+00 -8.532742E-01 2.421314E+00  1.462850E+02
    26  36 -2.080874E+00 -1.770967E+00 3.028591E+00 -9.555796E-01 2.404319E+00  4.013480E+09
    26  37 -2.000000E-01 -1.822202E+00 3.047006E+00 -9.800000E-01 2.450000E+00  6.183877E+09
    26  38 -1.855222E+00 -1.354442E+00 3.201878E+00 -9.800000E-01 2.450000E+00  4.762638E+09
    26  39 -1.766395E+00 -1.767751E+00 3.086297E+00 -8.345449E-01 2.426417E+00  4.688522E+09
    26  40 -2.678640E+00 -1.965023E+00 3.178635E+00 -9.441212E-01 2.450000E+00  1.260624E+03
    26  41 -2.994936E+00 -1.238681E+00 3.202664E+00 -9.800000E-01 2.446142E+00  2.526730E+09
    26  42 -1.895196E+00 -1.566984E+00 3.167478E+00 -9.180131E-01 2.450000E+00  4.623852E+09
    26  43 -1.449390E+00 -1.342229E+00 3.237874E+00 -9.544327E-01 2.450000E+00  5.396441E+09
    26  44 -3.235680E+00 -1.757994E+00 3.292373E+00 -9.800000E-01 2.363840E+00  2.452746E+03
    26  45 -1.878331E+00 -1.289404E+00 2.932197E+00 -9.800000E-01 2.430772E+00  4.234551E+09
    26  46 -1.633267E+00 -1.412747E+00 3.500000E+00 -9.800000E-01 2.442617E+00  5.508885E+09
    26  47 -6.311639E-01 -1.074417E+00 3.339758E+00 -9.800000E-01 2.377603E+00  6.211288E+09
    26  48 -3.400000E+00 -1.819582E+00 3.318837E+00 -9.762253E-01 2.387574E+00  1.905382E+09
    26  49 -1.242334E+00 -1.376377E+00 3.379968E+00 -8.129094E-01 2.430090E+00  5.786195E+09
    27   0 -1.462634E+00 -2.189172E+00 3.236433E+00 -8.998392E-01 2.449411E+00  5.355867E+09
    27   1 -1.551659E+00 -2.037788E+00 2.988779E+00 -9.800000E-01 2.438660E+00  1.032936E+02
    27   2 -1.803044E+00 -1.920747E+00 3.174995E+00 -9.800000E-01 2.342597E+00  4.777841E+09
    27   3 -1.996615E+00 -1.727768E+00 3.244909E+00 -9.736844E-01 2.450000E+00  4.582070E+09
    27   4 -1.490499E+00 -2.171540E+00 3.255977E+00 -9.800000E-01 2.312988E+00  3.168272E+02
    27   5 -2.816168E+00 -2.343384E+00 3.222560E+00 -9.028436E-01 2.421996E+00  1.534632E+03
    27   6 -1.926873E+00 -1.580775E+00 3.285159E+00 -9.765267E-01 2.397637E+00  4.774743E+09
    27   7 -1.133215E+00 -1.746935E+00 3.201752E+00 -9.609432E-01 2.450000E+00  5.686476E+09
    27   8 -1.536685E+00 -1.344709E+00 3.041970E+00 -8.108718E-01 1.304906E+00  4.990051E+09
    27   9 -1.831100E+00 -1.141770E+00 3.032988E+00 -9.800000E-01 2.274114E+00  4.524211E+09
    27  10 -2.878899E+00 -1.349817E+00 2.943841E+00 -7.400000E-01 2.442109E+00  2.474141E+03
    27  11 -1.740539E+00 -1.769018E+00 3.071492E+00 -9.797788E-01 2.444851E+00  4.705141E+09
    27  12 -1.630170E+00 -2.149653E+00 3.301153E+00 -9.800000E-01 2.421129E+00  5.229122E+09
    27  13 -1.312376E+00 -1.351049E+00 3.480228E+00 -9.574024E-01 2.449548E+00  5.824303E+09
    27  14 -2.123576E+00 -1.809432E+00 3.200000E+00 -8.631121E-01 1.747713E+00  4.267062E+09
    27  15 -2.191001E+00 -1.643418E+00 3.415908E+00 -9.800000E-01 2.437971E+00  4.553676E+09
    27  16 -1.016269E+00 -2.143789E+00 3.229546E+00 -9.692123E-01 2.260701E+00  5.820161E+09
    27  17 -3.174470E+00 -1.567883E+00 3.420666E+00 -8.206665E-01 2.428877E+00  1.949889E+03
    27  18 -1.613909E+00 -1.139198E+00 3.209388E+00 -9.800000E-01 2.450000E+00  5.157233E+09
    27  19 -2.061054E+00 -1.658227E+00 3.183800E+00 -9.800000E-01 2.450000E+00  1.110015E+02
    27  20 -2.000091E+00 -1.284517E+00 3.371169E+00 -9.718542E-01 2.446961E+00  1.459532E+02
    27  21 -5.119702E-01 -1.604883E+00 3.281664E+00 -9.591391E-01 2.450000E+00  6.216631E+09
    27  22 -1.597648E+00 -2.182923E+00 3.200000E+00 -9.800000E-01 2.402620E+00  5.124375E+09
    27  23 -2.692777E+00 -1.786976E+00 3.200000E+00 -9.799664E-01 2.427815E+00  1.222267E+03
    27  24 -3.052067E+00 -1.685881E+00 3.096119E+00 -8.595445E-01 2.140228E+00  2.156502E+09
    27  25 -1.799827E+00 -2.319351E+00 2.900000E+00 -9.601959E-01 2.398751E+00  1.843060E+02
    27  26 -1.346793E+00 -1.930597E+00 3.169243E+00 -9.800000E-01 2.443173E+00  5.410125E+09
    27  27 -2.801174E+00 -2.280802E+00 3.269400E+00 -8.144582E-01 2.445017E+00  3.028632E+09
    27  28 -1.257385E+00 -1.512478E+00 3.285891E+00 -9.766476E-01 2.433177E+00  5.663710E+09
    27  29 -2.241409E+00 -1.576126E+00 2.900000E+00 -9.774494E-01 2.450000E+00  3.433951E+09
    27  30 -2.851001E+00 -1.607698E+00 3.229365E+00 -9.442733E-01 2.427479E+00  1.582676E+03
    27  31 -3.209003E-01 -1.416672E+00 3.215589E+00 -9.800000E-01 2.351481E+00  6.265471E+09
    27  32 -1.650631E+00 -1.539869E+00 3.251785E+00 -9.579197E-01 2.442506E+00  5.142220E+09
    27  33 -1.389292E+00 -1.883866E+00 3.249585E+00 -9.675210E-01 2.450000E+00  5.465916E+09
    27  34 -1.681897E+00 -2.069170E+00 3.347794E+00 -9.772401E-01 2.448804E+00  5.227084E+09
    27  35 -1.396149E+00 -1.920210E+00 3.000595E+00 -9.800000E-01 2.450000E+00  5.103997E+09
    27  36 -1.941431E+00 -1.698840E+00 3.203329E+00 -9.773894E-01 2.403365E+00  4.603432E+09
    27  37 -1.800000E+00 -2.177784E+00 2.919675E+00 -9.717643E-01 2.445241E+00  1.803726E+02
    27  38 -1.818678E+00 -2.054442E+00 3.094189E+00 -9.153820E-01 2.403687E+00  4.608750E+09
    27  39 -1.596226E+00 -2.060600E+00 3.007191E+00 -9.677826E-01 2.444590E+00  4.818922E+09
    27  40 -3.392925E+00 -2.156469E+00 3.369204E+00 -9.800000E-01 2.437453E+00  2.011269E+09
    27  41 -1.451785E+00 -1.938681E+00 3.217774E+00 -7.781818E-01 2.450000E+00  5.346889E+09
    27  42 -1.702177E+00 -1.511828E+00 3.373123E+00 -9.440108E-01 2.393691E+00  5.249262E+09
    27  43 -9.517217E-01 -1.405984E+00 3.493683E+00 -9.800000E-01 2.449418E+00  6.116812E+09
    27  44 -1.635680E+00 -1.758467E+00 3.311956E+00 -9.261627E-01 2.443363E+00  1.995474E+02
    27  45 -2.194109E+00 -1.318427E+00 3.197927E+00 -9.450800E-01 2.450000E+00  4.157919E+09
    27  46 -1.803432E+00 -1.318882E+00 3.200000E+00 -8.552647E-01 2.450000E+00  4.845151E+09
    27  47 -2.231164E+00 -1.380025E+00 3.197743E+00 -7.587069E-01 2.365436E+00  4.081048E+09
    27  48 -1.800000E+00 -1.812652E+00 3.142953E+00 -9.800000E-01 2.440435E+00  7.785565E+01
    27  49 -1.085913E+00 -1.656063E+00 3.454782E+00 -9.800000E-01 2.433714E+00  5.983275E+09
    28   0 -2.078278E+00 -2.293010E+00 3.386802E+00 -9.635638E-01 2.450000E+00  4.682829E+09
    28   1 -1.315805E+00 -2.246606E+00 2.900000E+00 -9.767753E-01 2.450000E+00  5.052653E+09
    28   2 -2.519851E+00 -2.340666E+00 2.971894E+00 -9.119728E-01 2.309530E+00  2.985783E+09
    28   3 -2.037192E+00 -1.848397E+00 3.121060E+00 -9.800000E-01 2.389032E+00  4.275796E+09
    28   4 -1.950709E+00 -1.581375E+00 2.955977E+00 -8.677461E-01 2.412469E+00  4.125287E+09
    28   5 -1.970668E+00 -1.643384E+00 3.244721E+00 -9.742163E-01 2.450000E+00  4.629290E+09
    28   6 -1.871831E+00 -2.045212E+00 3.500000E+00 -9.740233E-01 2.450000E+00  5.185219E+09
    28   7 -5.876376E-01 -1.797949E+00 3.196351E+00 -9.800000E-01 2.265263E+00  6.106734E+09
    28   8 -2.083456E+00 -1.235695E+00 3.034356E+00 -9.800000E-01 1.655055E+00  4.052786E+09
    28   9 -1.913648E+00 -1.538735E+00 2.911519E+00 -8.017398E-01 2.450000E+00  4.109411E+09
    28  10 -1.955287E+00 -1.000000E+00 3.243841E+00 -6.736152E-01 2.450000E+00  4.709059E+09
    28  11 -1.566323E+00 -2.173480E+00 3.272881E+00 -9.800000E-01 2.450000E+00  5.273626E+09
    28  12 -2.344832E+00 -1.766633E+00 3.083857E+00 -9.678361E-01 2.444043E+00  6.398885E+02
    28  13 -4.383631E-01 -1.955398E+00 3.180228E+00 -8.987621E-01 2.450000E+00  6.175587E+09
    28  14 -2.043929E+00 -1.751509E+00 3.403104E+00 -8.647702E-01 1.520119E+00  1.843846E+04
    28  15 -3.053575E+00 -2.020755E+00 3.153182E+00 -9.481231E-01 2.449698E+00  2.393435E+03
    28  16 -1.576945E+00 -1.965167E+00 3.273936E+00 -9.706078E-01 2.386450E+00  2.110870E+02
    28  17 -2.125112E+00 -1.383404E+00 3.120666E+00 -9.307955E-01 2.450000E+00  4.132323E+09
    28  18 -1.662640E+00 -1.839198E+00 3.418196E+00 -9.728371E-01 2.425859E+00  3.692958E+02
    28  19 -2.279049E+00 -1.590408E+00 3.186070E+00 -9.218069E-01 2.369408E+00  3.950688E+09
    28  20 -1.234746E+00 -1.302530E+00 3.462754E+00 -9.647888E-01 2.448692E+00  5.878770E+09
    28  21 -1.206513E+00 -1.281879E+00 3.273285E+00 -9.800000E-01 1.627885E+00  5.710190E+09
    28  22 -1.682479E+00 -1.719762E+00 3.455903E+00 -9.687484E-01 2.450000E+00  5.381820E+09
    28  23 -2.416865E+00 -2.023071E+00 3.469242E+00 -9.800000E-01 2.408708E+00  4.229724E+09
    28  24 -1.452067E+00 -1.762915E+00 3.029155E+00 -7.879721E-01 2.140919E+00  5.073227E+09
    28  25 -1.640346E+00 -2.015735E+00 3.029092E+00 -9.745498E-01 2.411020E+00  4.787428E+09
    28  26 -2.012619E+00 -2.059588E+00 3.214821E+00 -9.723889E-01 2.450000E+00  4.491820E+09
    28  27 -1.935957E+00 -1.835908E+00 3.260318E+00 -7.605478E-01 2.446409E+00  4.708976E+09
    28  28 -2.143248E+00 -1.699261E+00 3.139016E+00 -9.617383E-01 2.450000E+00  2.041521E+02
    28  29 -2.002362E+00 -2.276126E+00 3.116388E+00 -9.466668E-01 2.373376E+00  1.258586E+02
    28  30 -1.359881E+00 -1.000000E+00 3.131250E+00 -9.150983E-01 2.444865E+00  5.392094E+09
    28  31 -1.920900E+00 -1.457583E+00 3.277865E+00 -9.765819E-01 2.326797E+00  1.664482E+02
    28  32 -2.143103E+00 -1.622048E+00 3.250268E+00 -9.800000E-01 2.446065E+00  1.115825E+02
    28  33 -1.971154E+00 -2.102359E+00 3.392605E+00 -9.800000E-01 2.377901E+00  4.869817E+09
    28  34 -2.608821E+00 -1.837411E+00 3.233977E+00 -9.792852E-01 2.450000E+00  3.367223E+09
    28  35 -1.528693E+00 -2.109647E+00 3.121193E+00 -8.723030E-01 2.431706E+00  5.102214E+09
    28  36 -1.824630E+00 -1.639010E+00 3.219924E+00 -9.623698E-01 2.366887E+00  9.897741E+01
    28  37 -3.235960E+00 -1.787736E+00 2.900000E+00 -9.657981E-01 2.442932E+00  1.428905E+09
    28  38 -1.729674E+00 -2.400000E+00 3.223735E+00 -9.488304E-01 2.422303E+00  4.967212E+09
    28  39 -1.663865E+00 -1.509619E+00 3.004877E+00 -9.800000E-01 2.450000E+00  9.702819E+01
    28  40 -2.748901E+00 -1.465215E+00 3.240369E+00 -9.457265E-01 2.450000E+00  1.239189E+03
    28  41 -7.273861E-01 -2.279192E+00 2.917774E+00 -8.820638E-01 2.445378E+00  5.724947E+09
    28  42 -1.631842E+00 -1.783080E+00 3.234268E+00 -9.715483E-01 2.354994E+00  5.134242E+09
    28  43 -2.020264E+00 -1.393218E+00 3.411598E+00 -9.251227E-01 2.449975E+00  4.845679E+09
    28  44 -3.933980E-01 -1.750211E+00 3.241091E+00 -9.404505E-01 2.450000E+00  6.244342E+09
    28  45 -2.442508E+00 -1.510359E+00 3.389445E+00 -9.437978E-01 2.423242E+00  4.041775E+09
    28  46 -1.804328E+00 -1.563408E+00 2.900000E+00 -8.953071E-01 2.444721E+00  1.709333E+02
    28  47 -2.837426E+00 -1.987654E+00 3.076844E+00 -7.918684E-01 2.311620E+00  2.007463E+03
    28  48 -3.640404E-01 -1.641311E+00 3.013153E+00 -9.778617E-01 2.450000E+00  6.078911E+09
    28  49 -2.685913E+00 -2.122470E+00 3.396790E+00 -7.543891E-01 2.450000E+00  7.013721E+02
    29   0 -2.173437E+00 -2.003934E+00 3.390202E+00 -8.799141E-01 2.448970E+00  4.528237E+09
    29   1 -1.579472E+00 -1.981234E+00 3.200000E+00 -9.756785E-01 2.442921E+00  5.152379E+09
    29   2 -1.839641E+00 -1.640666E+00 2.987808E+00 -9.273070E-01 2.380896E+00  4.387598E+09
    29   3 -2.107659E+00 -1.670715E+00 3.187246E+00 -9.737447E-01 2.411827E+00  4.278212E+09
    29   4 -2.206749E+00 -1.403276E+00 2.900000E+00 -9.031848E-01 2.450000E+00  7.735332E+02
    29   5 -1.083065E+00 -1.269961E+00 3.249500E+00 -9.800000E-01 2.404928E+00  5.802076E+09
    29   6 -1.774660E+00 -2.140004E+00 3.200000E+00 -9.794134E-01 2.415079E+00  4.861796E+09
    29   7 -1.949420E+00 -1.967158E+00 3.190963E+00 -9.643674E-01 2.367237E+00  4.560469E+09
    29   8 -2.189605E+00 -1.033585E+00 3.217753E+00 -7.614748E-01 2.450000E+00  4.240124E+09
    29   9 -1.652932E+00 -2.158139E+00 3.088403E+00 -7.220526E-01 2.303979E+00  4.865524E+09
    29  10 -1.083113E+00 -1.689092E+00 3.392371E+00 -8.024973E-01 2.446460E+00  5.928811E+09
    29  11 -1.700149E+00 -2.051273E+00 3.371003E+00 -9.773822E-01 2.445269E+00  5.235797E+09
    29  12 -2.000849E+00 -1.839170E+00 3.113961E+00 -9.796270E-01 2.450000E+00  1.313976E+02
    29  13 -1.473111E+00 -2.167419E+00 2.900000E+00 -8.375968E-01 2.449619E+00  1.044502E+02
    29  14 -1.791762E+00 -1.639832E+00 3.441904E+00 -9.800000E-01 2.256382E+00  7.985476E+02
    29  15 -1.584763E+00 -2.219347E+00 3.008800E+00 -9.170150E-01 2.450000E+00  4.837599E+09
    29  16 -2.313891E+00 -1.601628E+00 3.305901E+00 -9.800000E-01 2.450000E+00  1.857649E+02
    29  17 -5.628376E-01 -2.083404E+00 2.900000E+00 -9.800000E-01 2.435888E+00  5.833882E+09
    29  18 -1.805396E+00 -2.240908E+00 3.118196E+00 -9.756073E-01 2.450000E+00  4.671433E+09
    29  19 -1.795598E+00 -1.699781E+00 3.207812E+00 -9.195034E-01 2.350848E+00  4.850642E+09
    29  20 -1.246181E+00 -1.304630E+00 3.342482E+00 -9.782423E-01 2.448143E+00  5.746279E+09
    29  21 -2.589499E+00 -1.316754E+00 3.256813E+00 -9.668706E-01 1.942475E+00  2.360212E+03
    29  22 -2.041764E+00 -1.019762E+00 3.174437E+00 -9.752899E-01 2.398771E+00  1.927874E+02
    29  23 -1.350028E+00 -1.921924E+00 3.373146E+00 -9.674573E-01 2.417592E+00  5.658437E+09
    29  24 -8.968231E-01 -1.747820E+00 3.232835E+00 -9.800000E-01 2.450000E+00  5.927281E+09
    29  25 -1.740112E+00 -1.597994E+00 3.203508E+00 -9.800000E-01 2.444043E+00  4.933501E+09
    29  26 -2.664577E+00 -1.582869E+00 3.255208E+00 -9.741128E-01 2.444499E+00  3.305816E+09
    29  27 -1.170746E+00 -1.966302E+00 3.322640E+00 -9.800000E-01 2.450000E+00  5.779362E+09
    29  28 -2.842263E+00 -1.867614E+00 3.040485E+00 -9.591320E-01 2.440403E+00  2.154209E+03
    29  29 -1.177980E+00 -2.398619E+00 3.330990E+00 -9.350509E-01 2.417635E+00  5.778326E+09
    29  30 -5.736666E-01 -1.700000E+00 3.166031E+00 -7.770845E-01 2.450000E+00  6.091657E+09
    29  31 -3.274381E+00 -1.745755E+00 3.326943E+00 -9.786060E-01 2.323907E+00  2.463408E+03
    29  32 -2.022451E+00 -1.812009E+00 3.200444E+00 -9.152515E-01 2.450000E+00  4.453235E+09
    29  33 -2.587970E+00 -1.402359E+00 3.288043E+00 -9.734175E-01 2.347334E+00  6.645402E+02
    29  34 -2.219867E+00 -1.388966E+00 3.118375E+00 -9.800000E-01 2.447781E+00  3.943654E+09
    29  35 -2.463565E+00 -1.597065E+00 3.342500E+00 -9.800000E-01 2.434932E+00  3.901081E+09
    29  36 -1.700091E+00 -1.641524E+00 3.207336E+00 -9.701705E-01 2.409597E+00  4.998196E+09
    29  37 -1.765347E+00 -1.710175E+00 2.954320E+00 -9.800000E-01 2.448987E+00  1.336737E+02
    29  38 -1.717722E+00 -1.700000E+00 3.302922E+00 -9.800000E-01 2.450000E+00  5.118439E+09
    29  39 -1.887149E+00 -1.199402E+00 3.180922E+00 -8.183150E-01 2.436978E+00  4.687459E+09
    29  40 -1.655306E+00 -1.146675E+00 3.069366E+00 -9.679855E-01 2.441883E+00  1.252750E+02
    29  41 -1.734890E+00 -1.579192E+00 2.900000E+00 -9.800000E-01 2.447812E+00  4.410269E+09
    29  42 -1.755481E+00 -1.789318E+00 3.078057E+00 -8.040443E-01 2.346303E+00  4.691102E+09
    29  43 -2.861812E+00 -1.190713E+00 3.111598E+00 -9.277363E-01 2.450000E+00  2.618686E+09
    29  44 -1.923843E+00 -1.735414E+00 3.135665E+00 -9.706844E-01 2.412876E+00  4.510373E+09
    29  45 -2.023539E+00 -1.525899E+00 3.162974E+00 -9.615988E-01 2.450000E+00  4.392888E+09
    29  46 -1.623877E+00 -1.741497E+00 3.097838E+00 -9.648426E-01 2.442385E+00  4.933678E+09
    29  47 -1.493917E+00 -1.902316E+00 3.209118E+00 -9.800000E-01 2.357865E+00  2.055001E+02
    29  48 -1.298156E+00 -1.603197E+00 3.244180E+00 -9.800000E-01 2.421770E+00  5.568488E+09
    29  49 -2.155965E+00 -1.534628E+00 3.096790E+00 -8.099518E-01 2.418975E+00  4.015183E+09
    30   0 -1.497982E+00 -1.623876E+00 3.317791E+00 -8.665206E-01 2.449323E+00  5.430752E+09
    30   1 -2.124389E+00 -1.421376E+00 3.335789E+00 -9.785371E-01 2.450000E+00  4.537659E+09
    30   2 -1.486624E+00 -1.045330E+00 3.108291E+00 -9.800000E-01 2.450000E+00  5.192126E+09
    30   3 -1.667792E+00 -1.498006E+00 3.337177E+00 -9.780677E-01 2.450000E+00  1.941771E+02
    30   4 -1.715550E+00 -1.943905E+00 3.191553E+00 -9.158753E-01 2.390038E+00  4.941907E+09
    30   5 -7.299231E-01 -1.969961E+00 3.212056E+00 -9.580752E-01 2.411453E+00  6.027456E+09
    30   6 -2.103087E+00 -1.477506E+00 3.149494E+00 -9.779001E-01 2.419365E+00  4.223572E+09
    30   7 -2.799411E+00 -2.046637E+00 3.188398E+00 -9.760993E-01 2.433241E+00  2.863477E+09
    30   8 -2.093270E+00 -1.604525E+00 3.359020E+00 -7.521630E-01 1.773892E+00  4.622698E+09
    30   9 -1.360810E+00 -1.549714E+00 3.248967E+00 -8.169808E-01 2.212486E+00  5.505892E+09
    30  10 -1.177199E+00 -1.620421E+00 3.129520E+00 -9.800000E-01 2.447128E+00  5.558275E+09
    30  11 -1.822971E+00 -1.461679E+00 3.270102E+00 -9.797429E-01 2.450000E+00  8.802386E+01
    30  12 -1.500912E+00 -2.269952E+00 3.413961E+00 -9.800000E-01 2.425462E+00  5.538759E+09
    30  13 -2.531470E+00 -2.327596E+00 3.200000E+00 -8.079640E-01 2.449406E+00  3.447917E+09
    30  14 -1.572692E+00 -1.586410E+00 3.176067E+00 -9.062417E-01 2.450000E+00  5.135761E+09
    30  15 -5.654971E-01 -1.519347E+00 3.303115E+00 -9.449356E-01 2.445254E+00  6.205402E+09
    30  16 -2.486293E+00 -1.293005E+00 3.288747E+00 -9.748824E-01 2.371889E+00  3.767063E+09
    30  17 -2.100974E+00 -2.303490E+00 3.200000E+00 -8.755849E-01 2.444067E+00  1.353684E+02
    30  18 -1.906914E+00 -1.785759E+00 2.900000E+00 -9.800000E-01 2.435171E+00  2.732620E+02
    30  19 -1.432991E+00 -1.779495E+00 3.232379E+00 -9.511905E-01 2.408600E+00  5.392834E+09
    30  20 -1.915541E+00 -1.633617E+00 3.219576E+00 -9.800000E-01 2.446915E+00  4.678487E+09
    30  21 -2.246465E+00 -2.016754E+00 3.237407E+00 -9.740627E-01 2.450000E+00  2.030495E+02
    30  22 -2.096278E+00 -1.000000E+00 2.943079E+00 -9.800000E-01 2.421977E+00  3.879351E+09
    30  23 -9.680722E-01 -1.698737E+00 3.073146E+00 -9.740843E-01 2.450000E+00  5.699254E+09
    30  24 -2.112559E+00 -1.700155E+00 3.227960E+00 -8.521266E-01 2.020098E+00  4.344731E+09
    30  25 -1.894774E+00 -1.811282E+00 3.125596E+00 -9.439937E-01 2.442701E+00  4.540478E+09
    30  26 -3.068123E+00 -1.348437E+00 3.222001E+00 -9.800000E-01 2.445647E+00  2.403624E+09
    30  27 -2.042141E+00 -2.319385E+00 3.308247E+00 -7.945251E-01 2.448021E+00  4.606041E+09
    30  28 -2.550062E+00 -1.750164E+00 2.987890E+00 -9.647444E-01 2.442802E+00  2.969276E+09
    30  29 -1.116102E+00 -1.698619E+00 3.182342E+00 -9.485938E-01 2.450000E+00  5.682223E+09
    30  30 -1.373191E+00 -1.855936E+00 3.346295E+00 -9.197956E-01 2.439867E+00  5.603728E+09
    30  31 -1.674381E+00 -1.872062E+00 3.316814E+00 -9.800000E-01 2.450000E+00  5.195548E+09
    30  32 -1.629062E+00 -1.800463E+00 3.154393E+00 -8.837598E-01 2.445219E+00  5.015033E+09
    30  33 -2.213975E+00 -1.109912E+00 3.196180E+00 -9.745933E-01 2.367009E+00  4.140132E+09
    30  34 -1.743026E+00 -1.162149E+00 3.209283E+00 -9.784291E-01 2.449743E+00  4.967558E+09
    30  35 -2.735262E+00 -1.210521E+00 3.429521E+00 -9.306711E-01 2.450000E+00  6.838880E+02
    30  36 -1.608991E+00 -1.678391E+00 3.201318E+00 -9.800000E-01 2.450000E+00  5.119838E+09
    30  37 -4.886469E-01 -1.630942E+00 3.039310E+00 -9.717740E-01 2.450000E+00  6.032482E+09
    30  38 -1.783425E+00 -1.176645E+00 3.087931E+00 -9.416249E-01 2.429381E+00  4.699429E+09
    30  39 -1.775358E+00 -1.870251E+00 3.283256E+00 -7.377152E-01 2.449554E+00  4.999575E+09
    30  40 -1.004090E+00 -1.846675E+00 3.223041E+00 -9.800000E-01 2.449122E+00  5.827488E+09
    30  41 -2.683704E+00 -1.437463E+00 3.068159E+00 -8.345605E-01 2.450000E+00  1.584468E+03
    30  42 -1.940923E+00 -1.654273E+00 3.159652E+00 -9.359998E-01 2.450000E+00  4.527353E+09
    30  43 -1.693358E+00 -1.462605E+00 2.920249E+00 -9.800000E-01 2.449764E+00  4.526206E+09
    30  44 -3.130299E+00 -1.695178E+00 3.286311E+00 -9.800000E-01 2.419320E+00  2.209253E+03
    30  45 -1.776403E+00 -1.551351E+00 3.008261E+00 -9.800000E-01 2.432910E+00  4.540551E+09
    30  46 -1.670139E+00 -1.756981E+00 3.379322E+00 -9.712777E-01 2.448829E+00  5.292759E+09
    30  47 -6.245499E-01 -1.637136E+00 3.317390E+00 -8.739561E-01 2.410285E+00  6.181217E+09
    30  48 -2.898156E+00 -1.779458E+00 3.287748E+00 -9.785048E-01 2.408416E+00  2.873261E+09
    30  49 -1.268939E+00 -1.483624E+00 3.088124E+00 -9.800000E-01 2.424538E+00  5.406024E+09
    31   0 -1.417417E+00 -1.487928E+00 3.235737E+00 -9.254389E-01 2.450000E+00  5.425205E+09
    31   1 -1.948813E+00 -1.507772E+00 3.078148E+00 -9.800000E-01 2.446387E+00  1.239979E+02
    31   2 -2.076914E+00 -1.574757E+00 3.212586E+00 -9.032601E-01 2.274485E+00  4.386505E+09
    31   3 -1.519724E+00 -1.453331E+00 3.273498E+00 -9.800000E-01 2.391131E+00  2.785078E+02
    31   4 -1.339279E+00 -2.400000E+00 3.359039E+00 -9.430699E-01 2.450000E+00  5.649637E+09
    31   5 -1.745020E+00 -2.400000E+00 3.185958E+00 -9.516235E-01 2.450000E+00  8.709325E+01
    31   6 -2.256314E+00 -1.357302E+00 3.395202E+00 -9.708829E-01 2.450000E+00  4.415367E+09
    31   7 -2.555201E+00 -1.928711E+00 3.203520E+00 -9.800000E-01 2.387908E+00  3.412038E+09
    31   8 -1.653813E+00 -1.993150E+00 3.221779E+00 -8.940211E-01 1.892078E+00  5.079455E+09
    31   9 -1.195567E+00 -1.466077E+00 3.059880E+00 -9.800000E-01 2.450000E+00  5.454440E+09
    31  10 -1.780103E+00 -1.096145E+00 2.949889E+00 -7.573761E-01 2.450000E+00  4.466079E+09
    31  11 -1.921907E+00 -1.024069E+00 3.140296E+00 -9.800000E-01 2.447172E+00  4.579035E+09
    31  12 -1.483850E+00 -2.232826E+00 3.404153E+00 -9.750128E-01 2.426048E+00  5.546459E+09
    31  13 -1.709069E+00 -2.186431E+00 3.335052E+00 -9.800000E-01 2.450000E+00  5.169908E+09
    31  14 -1.614316E+00 -1.626093E+00 3.149045E+00 -9.448597E-01 2.081330E+00  5.032759E+09
    31  15 -2.165497E+00 -1.568840E+00 3.435973E+00 -9.800000E-01 2.448307E+00  4.636769E+09
    31  16 -1.627847E+00 -1.257419E+00 3.184897E+00 -9.718131E-01 2.450000E+00  5.089960E+09
    31  17 -2.555345E+00 -2.132424E+00 3.218904E+00 -8.243415E-01 2.450000E+00  3.440568E+09
    31  18 -1.626306E+00 -1.357761E+00 3.200000E+00 -9.758784E-01 2.450000E+00  5.107987E+09
    31  19 -1.987702E+00 -1.601421E+00 3.227632E+00 -9.800000E-01 2.450000E+00  4.571310E+09
    31  20 -2.500422E+00 -1.888645E+00 3.166674E+00 -9.659539E-01 2.446056E+00  3.449599E+09
    31  21 -1.434700E+00 -2.170461E+00 3.209775E+00 -9.800000E-01 2.140233E+00  5.354038E+09
    31  22 -2.063227E+00 -1.395132E+00 3.243079E+00 -9.763463E-01 2.450000E+00  9.224558E+01
    31  23 -1.225092E+00 -1.591613E+00 2.900000E+00 -9.800000E-01 2.419789E+00  5.186592E+09
    31  24 -2.706276E+00 -1.695828E+00 3.152681E+00 -8.617321E-01 2.202780E+00  2.993002E+09
    31  25 -1.718489E+00 -2.084059E+00 2.902948E+00 -9.260212E-01 2.436556E+00  4.429884E+09
    31  26 -2.755975E+00 -1.411536E+00 3.176822E+00 -9.740014E-01 2.450000E+00  2.957198E+09
    31  27 -2.748294E+00 -2.400000E+00 3.288979E+00 -9.251103E-01 2.448865E+00  1.134770E+03
    31  28 -1.666996E+00 -1.535869E+00 3.091272E+00 -9.760031E-01 2.449929E+00  8.254014E+01
    31  29 -2.302018E+00 -1.104044E+00 2.900000E+00 -9.734115E-01 2.413138E+00  3.354165E+09
    31  30 -2.973191E+00 -1.366560E+00 3.356752E+00 -9.800000E-01 2.450000E+00  1.539396E+03
    31  31 -5.893644E-01 -1.517454E+00 3.234588E+00 -9.780132E-01 2.192582E+00  6.141096E+09
    31  32 -1.610079E+00 -1.664770E+00 3.182942E+00 -9.500721E-01 2.446888E+00  5.090709E+09
    31  33 -1.579271E+00 -1.809912E+00 3.130655E+00 -9.800000E-01 2.443138E+00  5.050079E+09
    31  34 -1.557348E+00 -1.462400E+00 3.414787E+00 -9.780170E-01 2.450000E+00  5.489801E+09
    31  35 -2.096813E+00 -1.059943E+00 3.347948E+00 -9.484924E-01 2.441475E+00  4.642983E+09
    31  36 -1.743438E+00 -1.692402E+00 3.222140E+00 -9.526819E-01 2.379409E+00  4.954963E+09
    31  37 -2.000000E-01 -1.725301E+00 3.258459E+00 -9.799429E-01 2.446909E+00  6.336737E+09
    31  38 -1.814525E+00 -1.807438E+00 3.124363E+00 -9.184607E-01 2.450000E+00  4.674535E+09
    31  39 -1.687396E+00 -2.249422E+00 3.021271E+00 -9.777152E-01 2.450000E+00  4.695583E+09
    31  40 -2.008215E+00 -2.261441E+00 3.306125E+00 -9.646463E-01 2.450000E+00  4.660669E+09
    31  41 -1.457213E+00 -1.727033E+00 3.091205E+00 -9.086766E-01 2.448331E+00  5.162723E+09
    31  42 -1.891811E+00 -1.554676E+00 3.254315E+00 -9.800000E-01 2.353483E+00  4.780512E+09
    31  43 -1.051503E+00 -1.404547E+00 3.220249E+00 -9.322744E-01 2.450000E+00  5.793697E+09
    31  44 -3.284139E+00 -1.755315E+00 3.300006E+00 -9.264477E-01 2.450000E+00  2.099484E+09
    31  45 -2.197394E+00 -1.451636E+00 3.123655E+00 -9.679342E-01 2.450000E+00  2.801673E+02
    31  46 -1.842502E+00 -1.391395E+00 3.500000E+00 -9.461136E-01 2.450000E+00  5.244974E+09
    31  47 -1.032609E+00 -1.575324E+00 3.318818E+00 -9.406614E-01 2.434358E+00  5.903534E+09
    31  48 -2.928886E+00 -1.847199E+00 3.096244E+00 -9.800000E-01 2.449658E+00  2.403345E+09
    31  49 -1.288363E+00 -2.051927E+00 3.287129E+00 -8.010317E-01 2.444821E+00  5.622169E+09
